{"_reddit": "_reddit", "approved_at_utc": null, "subreddit": "statistics", "selftext": "", "author_fullname": "t2_60j6t", "saved": false, "mod_reason_title": null, "gilded": 0, "clicked": false, "title": "Statistical illiteracy may lead to parents panicking about Autism. ", "link_flair_richtext": [], "subreddit_name_prefixed": "r/statistics", "hidden": false, "pwls": 6, "link_flair_css_class": null, "downs": 0, "hide_score": false, "name": "t3_142a19", "quarantine": false, "link_flair_text_color": "dark", "upvote_ratio": 0.91, "author_flair_background_color": null, "subreddit_type": "public", "ups": 47, "total_awards_received": 0, "media_embed": {}, "author_flair_template_id": null, "is_original_content": false, "user_reports": [], "secure_media": null, "is_reddit_media_domain": false, "is_meta": false, "category": null, "secure_media_embed": {}, "link_flair_text": null, "can_mod_post": false, "score": 47, "approved_by": null, "author_premium": false, "thumbnail": "", "edited": false, "author_flair_css_class": null, "author_flair_richtext": [], "gildings": {}, "content_categories": null, "is_self": false, "mod_note": null, "created": 1354329196.0, "link_flair_type": "text", "wls": 6, "removed_by_category": null, "banned_by": null, "author_flair_type": "text", "domain": "simplystatistics.org", "allow_live_comments": false, "selftext_html": null, "likes": null, "suggested_sort": null, "banned_at_utc": null, "view_count": null, "archived": true, "no_follow": false, "is_crosspostable": true, "pinned": false, "over_18": false, "all_awardings": [], "awarders": [], "media_only": false, "can_gild": true, "spoiler": false, "locked": false, "author_flair_text": null, "treatment_tags": [], "visited": false, "removed_by": null, "num_reports": null, "distinguished": null, "subreddit_id": "t5_2qhfi", "mod_reason_by": null, "removal_reason": null, "link_flair_background_color": "", "id": "142a19", "is_robot_indexable": true, "report_reasons": null, "author": "t_rex_tullis", "discussion_type": null, "num_comments": 6, "send_replies": true, "whitelist_status": "all_ads", "contest_mode": false, "mod_reports": [], "author_patreon_flair": false, "author_flair_text_color": null, "permalink": "/r/statistics/comments/142a19/statistical_illiteracy_may_lead_to_parents/", "parent_whitelist_status": "all_ads", "stickied": false, "url": "http://simplystatistics.org/2012/11/30/statistical-illiteracy-may-lead-to-parents-panicking-about-autism/", "subreddit_subscribers": 106209, "created_utc": 1354300396.0, "num_crossposts": 0, "media": null, "is_video": false, "_fetched": false, "comment_limit": 2048, "comment_sort": "best", "_comments_by_id": {}, "_comments": [{"_replies": [], "_submission": "142a19", "_reddit": "_reddit", "total_awards_received": 0, "approved_at_utc": null, "ups": 4, "awarders": [], "mod_reason_by": null, "banned_by": null, "author_flair_type": "text", "removal_reason": null, "link_id": "t3_142a19", "author_flair_template_id": null, "likes": null, "user_reports": [], "saved": false, "id": "c79j7gw", "banned_at_utc": null, "mod_reason_title": null, "gilded": 0, "archived": true, "no_follow": false, "author": "standard_error", "can_mod_post": false, "send_replies": true, "parent_id": "t3_142a19", "score": 4, "author_fullname": "t2_3v3jo", "report_reasons": null, "approved_by": null, "all_awardings": [], "subreddit_id": "t5_2qhfi", "body": "I agree with most of the article, but I think it's a mistake to point to the small sample size as a problem. The real problem is that the sample is not random. You can always draw valid inference from a random sample, no matter the sample size. If it's too small to learn anything from, the confidence intervals will tell you.", "edited": false, "downs": 0, "author_flair_css_class": null, "is_submitter": false, "collapsed": false, "author_flair_richtext": [], "author_patreon_flair": false, "body_html": "<div class=\"md\"><p>I agree with most of the article, but I think it&#39;s a mistake to point to the small sample size as a problem. The real problem is that the sample is not random. You can always draw valid inference from a random sample, no matter the sample size. If it&#39;s too small to learn anything from, the confidence intervals will tell you.</p>\n</div>", "gildings": {}, "collapsed_reason": null, "associated_award": null, "stickied": false, "author_premium": false, "subreddit_type": "public", "can_gild": true, "subreddit": "statistics", "author_flair_text_color": null, "score_hidden": false, "permalink": "/r/statistics/comments/142a19/statistical_illiteracy_may_lead_to_parents/c79j7gw/", "num_reports": null, "locked": false, "name": "t1_c79j7gw", "created": 1354380020.0, "author_flair_text": null, "treatment_tags": [], "created_utc": 1354351220.0, "subreddit_name_prefixed": "r/statistics", "controversiality": 0, "depth": 0, "author_flair_background_color": null, "collapsed_because_crowd_control": null, "mod_reports": [], "mod_note": null, "distinguished": null, "_fetched": true}, {"_replies": [], "_submission": "142a19", "_reddit": "_reddit", "total_awards_received": 0, "approved_at_utc": null, "ups": 2, "awarders": [], "mod_reason_by": null, "banned_by": null, "author_flair_type": "text", "removal_reason": null, "link_id": "t3_142a19", "author_flair_template_id": null, "likes": null, "user_reports": [], "saved": false, "id": "c79cl7s", "banned_at_utc": null, "mod_reason_title": null, "gilded": 0, "archived": true, "no_follow": true, "author": "in_hell_want_water", "can_mod_post": false, "send_replies": true, "parent_id": "t3_142a19", "score": 2, "author_fullname": "t2_9b6nq", "report_reasons": null, "approved_by": null, "all_awardings": [], "subreddit_id": "t5_2qhfi", "body": "Thank you so much for sharing this! I am a stats person, and my research field is special education. I have posted here multiple times about the value of having people who know content and the value of people who know research methodology on a research team. When you don't have both, you end up with this level of work.  ", "edited": false, "downs": 0, "author_flair_css_class": null, "is_submitter": false, "collapsed": false, "author_flair_richtext": [], "author_patreon_flair": false, "body_html": "<div class=\"md\"><p>Thank you so much for sharing this! I am a stats person, and my research field is special education. I have posted here multiple times about the value of having people who know content and the value of people who know research methodology on a research team. When you don&#39;t have both, you end up with this level of work.  </p>\n</div>", "gildings": {}, "collapsed_reason": null, "associated_award": null, "stickied": false, "author_premium": false, "subreddit_type": "public", "can_gild": true, "subreddit": "statistics", "author_flair_text_color": null, "score_hidden": false, "permalink": "/r/statistics/comments/142a19/statistical_illiteracy_may_lead_to_parents/c79cl7s/", "num_reports": null, "locked": false, "name": "t1_c79cl7s", "created": 1354345731.0, "author_flair_text": null, "treatment_tags": [], "created_utc": 1354316931.0, "subreddit_name_prefixed": "r/statistics", "controversiality": 0, "depth": 0, "author_flair_background_color": null, "collapsed_because_crowd_control": null, "mod_reports": [], "mod_note": null, "distinguished": null, "_fetched": true}, {"_replies": [], "_submission": "142a19", "_reddit": "_reddit", "total_awards_received": 0, "approved_at_utc": null, "ups": 2, "awarders": [], "mod_reason_by": null, "banned_by": null, "author_flair_type": "text", "removal_reason": null, "link_id": "t3_142a19", "author_flair_template_id": null, "likes": null, "user_reports": [], "saved": false, "id": "c79kjer", "banned_at_utc": null, "mod_reason_title": null, "gilded": 0, "archived": true, "no_follow": true, "author": "neurorex", "can_mod_post": false, "send_replies": true, "parent_id": "t3_142a19", "score": 2, "author_fullname": "t2_5pc6d", "report_reasons": null, "approved_by": null, "all_awardings": [], "subreddit_id": "t5_2qhfi", "body": "This is a common problem across the board. I'm in I/O, so any news article that wants to talk about unemployment, hiring practices, workforce effectiveness, etc. will always procure a healthy dose of facepalm. The writers usually take the first paragraph of the Discussion section and run with it, and almost never deal with the limitations that comes after.", "edited": false, "downs": 0, "author_flair_css_class": null, "is_submitter": false, "collapsed": false, "author_flair_richtext": [], "author_patreon_flair": false, "body_html": "<div class=\"md\"><p>This is a common problem across the board. I&#39;m in I/O, so any news article that wants to talk about unemployment, hiring practices, workforce effectiveness, etc. will always procure a healthy dose of facepalm. The writers usually take the first paragraph of the Discussion section and run with it, and almost never deal with the limitations that comes after.</p>\n</div>", "gildings": {}, "collapsed_reason": null, "associated_award": null, "stickied": false, "author_premium": false, "subreddit_type": "public", "can_gild": true, "subreddit": "statistics", "author_flair_text_color": null, "score_hidden": false, "permalink": "/r/statistics/comments/142a19/statistical_illiteracy_may_lead_to_parents/c79kjer/", "num_reports": null, "locked": false, "name": "t1_c79kjer", "created": 1354394754.0, "author_flair_text": null, "treatment_tags": [], "created_utc": 1354365954.0, "subreddit_name_prefixed": "r/statistics", "controversiality": 0, "depth": 0, "author_flair_background_color": null, "collapsed_because_crowd_control": null, "mod_reports": [], "mod_note": null, "distinguished": null, "_fetched": true}, {"_replies": ["c7bpe0w"], "_submission": "142a19", "_reddit": "_reddit", "total_awards_received": 0, "approved_at_utc": null, "ups": 2, "awarders": [], "mod_reason_by": null, "banned_by": null, "author_flair_type": "text", "removal_reason": null, "link_id": "t3_142a19", "author_flair_template_id": null, "likes": null, "user_reports": [], "saved": false, "id": "c79l910", "banned_at_utc": null, "mod_reason_title": null, "gilded": 0, "archived": true, "no_follow": true, "author": "misanthrope237", "can_mod_post": false, "send_replies": true, "parent_id": "t3_142a19", "score": 2, "author_fullname": "t2_85zk4", "report_reasons": null, "approved_by": null, "all_awardings": [], "subreddit_id": "t5_2qhfi", "body": "Not that it would change your conclusions in this case, but Bonferroni is too conservative so you've just swapped a liberally-biased procedure with a conservative one. Try the Benjamini-Hochberg False Discovery Rate. It seems to have nice properties in between the two extremes. ", "edited": false, "downs": 0, "author_flair_css_class": null, "is_submitter": false, "collapsed": false, "author_flair_richtext": [], "author_patreon_flair": false, "body_html": "<div class=\"md\"><p>Not that it would change your conclusions in this case, but Bonferroni is too conservative so you&#39;ve just swapped a liberally-biased procedure with a conservative one. Try the Benjamini-Hochberg False Discovery Rate. It seems to have nice properties in between the two extremes. </p>\n</div>", "gildings": {}, "collapsed_reason": null, "associated_award": null, "stickied": false, "author_premium": false, "subreddit_type": "public", "can_gild": true, "subreddit": "statistics", "author_flair_text_color": null, "score_hidden": false, "permalink": "/r/statistics/comments/142a19/statistical_illiteracy_may_lead_to_parents/c79l910/", "num_reports": null, "locked": false, "name": "t1_c79l910", "created": 1354401355.0, "author_flair_text": null, "treatment_tags": [], "created_utc": 1354372555.0, "subreddit_name_prefixed": "r/statistics", "controversiality": 0, "depth": 0, "author_flair_background_color": null, "collapsed_because_crowd_control": null, "mod_reports": [], "mod_note": null, "distinguished": null, "_fetched": true}, {"_replies": [], "_submission": "142a19", "_reddit": "_reddit", "total_awards_received": 0, "approved_at_utc": null, "ups": 1, "awarders": [], "mod_reason_by": null, "banned_by": null, "author_flair_type": "text", "removal_reason": null, "link_id": "t3_142a19", "author_flair_template_id": null, "likes": null, "user_reports": [], "saved": false, "id": "c7bpe0w", "banned_at_utc": null, "mod_reason_title": null, "gilded": 0, "archived": true, "no_follow": true, "author": "greensmurf30", "can_mod_post": false, "send_replies": true, "parent_id": "t1_c79l910", "score": 1, "author_fullname": "t2_5mjni", "report_reasons": null, "approved_by": null, "all_awardings": [], "subreddit_id": "t5_2qhfi", "collapsed": false, "body": "I know that Bonferroni is usually conservative, but it's interesting that we're using this in the case there we have so few tests (9). Does the conservatism in Bonferroni kick in immediately? Does it get considerably worse the more number of tests we have?\n\nFor example, in this case, the corrected p value threshold should be .05/9 = .0056 (ish), which seems like a severe drop. But on the other hand, re running the code in the article with a FDR correction yields\n\n    > adjustedPvaluesPain = p.adjust(pvaluesPain,method=\"fdr\")\n    > adjustedPvaluesPain\n    [1] 0.1600000 0.1866667 0.7500000 0.4342857 0.4000000 0.1866667 0.4000000\n    [8] 0.4000000\n\nwhich means nothing would be significant (unless alpha = .2, which I'm sure isn't good enough).\n\nIn general, I guess it's good practice to use multiple testing corrections more often than not, but I wouldn't wouldn't call 9 tests a troubling situation. Am I wrong?", "edited": false, "author_flair_css_class": null, "is_submitter": false, "downs": 0, "author_flair_richtext": [], "author_patreon_flair": false, "body_html": "<div class=\"md\"><p>I know that Bonferroni is usually conservative, but it&#39;s interesting that we&#39;re using this in the case there we have so few tests (9). Does the conservatism in Bonferroni kick in immediately? Does it get considerably worse the more number of tests we have?</p>\n\n<p>For example, in this case, the corrected p value threshold should be .05/9 = .0056 (ish), which seems like a severe drop. But on the other hand, re running the code in the article with a FDR correction yields</p>\n\n<pre><code>&gt; adjustedPvaluesPain = p.adjust(pvaluesPain,method=&quot;fdr&quot;)\n&gt; adjustedPvaluesPain\n[1] 0.1600000 0.1866667 0.7500000 0.4342857 0.4000000 0.1866667 0.4000000\n[8] 0.4000000\n</code></pre>\n\n<p>which means nothing would be significant (unless alpha = .2, which I&#39;m sure isn&#39;t good enough).</p>\n\n<p>In general, I guess it&#39;s good practice to use multiple testing corrections more often than not, but I wouldn&#39;t wouldn&#39;t call 9 tests a troubling situation. Am I wrong?</p>\n</div>", "gildings": {}, "collapsed_reason": null, "associated_award": null, "stickied": false, "author_premium": false, "subreddit_type": "public", "can_gild": true, "subreddit": "statistics", "author_flair_text_color": null, "score_hidden": false, "permalink": "/r/statistics/comments/142a19/statistical_illiteracy_may_lead_to_parents/c7bpe0w/", "num_reports": null, "locked": false, "name": "t1_c7bpe0w", "created": 1354761774.0, "author_flair_text": null, "treatment_tags": [], "created_utc": 1354732974.0, "subreddit_name_prefixed": "r/statistics", "controversiality": 0, "depth": 1, "author_flair_background_color": null, "collapsed_because_crowd_control": null, "mod_reports": [], "mod_note": null, "distinguished": null, "_fetched": true}]}