{"_reddit": "_reddit", "approved_at_utc": null, "subreddit": "statistics", "selftext": "", "author_fullname": "t2_4ws2y", "saved": false, "mod_reason_title": null, "gilded": 0, "clicked": false, "title": "Harvard's Data Science course.", "link_flair_richtext": [], "subreddit_name_prefixed": "r/statistics", "hidden": false, "pwls": 6, "link_flair_css_class": null, "downs": 0, "hide_score": false, "name": "t3_1e66u1", "quarantine": false, "link_flair_text_color": "dark", "upvote_ratio": 0.92, "author_flair_background_color": null, "subreddit_type": "public", "ups": 57, "total_awards_received": 0, "media_embed": {}, "author_flair_template_id": null, "is_original_content": false, "user_reports": [], "secure_media": null, "is_reddit_media_domain": false, "is_meta": false, "category": null, "secure_media_embed": {}, "link_flair_text": null, "can_mod_post": false, "score": 57, "approved_by": null, "author_premium": false, "thumbnail": "", "edited": false, "author_flair_css_class": null, "author_flair_richtext": [], "gildings": {}, "content_categories": null, "is_self": false, "mod_note": null, "created": 1368367570.0, "link_flair_type": "text", "wls": 6, "removed_by_category": null, "banned_by": null, "author_flair_type": "text", "domain": "harvarddatascience.com", "allow_live_comments": false, "selftext_html": null, "likes": null, "suggested_sort": null, "banned_at_utc": null, "view_count": null, "archived": true, "no_follow": false, "is_crosspostable": true, "pinned": false, "over_18": false, "all_awardings": [], "awarders": [], "media_only": false, "can_gild": true, "spoiler": false, "locked": false, "author_flair_text": null, "treatment_tags": [], "visited": false, "removed_by": null, "num_reports": null, "distinguished": null, "subreddit_id": "t5_2qhfi", "mod_reason_by": null, "removal_reason": null, "link_flair_background_color": "", "id": "1e66u1", "is_robot_indexable": true, "report_reasons": null, "author": "srkiboy83", "discussion_type": null, "num_comments": 9, "send_replies": false, "whitelist_status": "all_ads", "contest_mode": false, "mod_reports": [], "author_patreon_flair": false, "author_flair_text_color": null, "permalink": "/r/statistics/comments/1e66u1/harvards_data_science_course/", "parent_whitelist_status": "all_ads", "stickied": false, "url": "http://harvarddatascience.com/2013/05/05/harvard-stat-221-statistical-computing-and-visualization-all-lectures-online/", "subreddit_subscribers": 106209, "created_utc": 1368338770.0, "num_crossposts": 0, "media": null, "is_video": false, "_fetched": false, "comment_limit": 2048, "comment_sort": "best", "_comments_by_id": {}, "_comments": [{"_replies": ["c9xmhk7", "c9xo2am", "c9xnyh2", "c9xp8vl", "c9xllrm"], "_submission": "1e66u1", "_reddit": "_reddit", "total_awards_received": 0, "approved_at_utc": null, "ups": 2, "awarders": [], "mod_reason_by": null, "banned_by": null, "author_flair_type": "text", "removal_reason": null, "link_id": "t3_1e66u1", "author_flair_template_id": null, "likes": null, "user_reports": [], "saved": false, "id": "c9xl7st", "banned_at_utc": null, "mod_reason_title": null, "gilded": 0, "archived": true, "no_follow": true, "author": "s2s", "can_mod_post": false, "send_replies": true, "parent_id": "t3_1e66u1", "score": 2, "author_fullname": "t2_88cwz", "report_reasons": null, "approved_by": null, "all_awardings": [], "subreddit_id": "t5_2qhfi", "body": "Isn't \"Data science\" just \"Statistics\"? Why do we use a different name to introduce confusion...", "edited": false, "downs": 0, "author_flair_css_class": null, "is_submitter": false, "collapsed": false, "author_flair_richtext": [], "author_patreon_flair": false, "body_html": "<div class=\"md\"><p>Isn&#39;t &quot;Data science&quot; just &quot;Statistics&quot;? Why do we use a different name to introduce confusion...</p>\n</div>", "gildings": {}, "collapsed_reason": null, "associated_award": null, "stickied": false, "author_premium": false, "subreddit_type": "public", "can_gild": true, "subreddit": "statistics", "author_flair_text_color": null, "score_hidden": false, "permalink": "/r/statistics/comments/1e66u1/harvards_data_science_course/c9xl7st/", "num_reports": null, "locked": false, "name": "t1_c9xl7st", "created": 1368435825.0, "author_flair_text": null, "treatment_tags": [], "created_utc": 1368407025.0, "subreddit_name_prefixed": "r/statistics", "controversiality": 0, "depth": 0, "author_flair_background_color": null, "collapsed_because_crowd_control": null, "mod_reports": [], "mod_note": null, "distinguished": null, "_fetched": true}, {"_replies": [], "_submission": "1e66u1", "_reddit": "_reddit", "total_awards_received": 0, "approved_at_utc": null, "ups": 1, "awarders": [], "mod_reason_by": null, "banned_by": null, "author_flair_type": "text", "removal_reason": null, "link_id": "t3_1e66u1", "author_flair_template_id": null, "likes": null, "user_reports": [], "saved": false, "id": "c9zjceb", "banned_at_utc": null, "mod_reason_title": null, "gilded": 0, "archived": true, "no_follow": true, "author": "AllenDowney", "can_mod_post": false, "send_replies": true, "parent_id": "t3_1e66u1", "score": 1, "author_fullname": "t2_4zfyx", "report_reasons": null, "approved_by": null, "all_awardings": [], "subreddit_id": "t5_2qhfi", "body": "The project part of this class sounds great.  It looks like they brought in some  academic and industrial partners and got the students to work on real problems with real data.  But it looks like the lectures blast through an insane amount of material; it's hard to imagine that they were anything but a waste of time.", "edited": false, "downs": 0, "author_flair_css_class": null, "is_submitter": false, "collapsed": false, "author_flair_richtext": [], "author_patreon_flair": false, "body_html": "<div class=\"md\"><p>The project part of this class sounds great.  It looks like they brought in some  academic and industrial partners and got the students to work on real problems with real data.  But it looks like the lectures blast through an insane amount of material; it&#39;s hard to imagine that they were anything but a waste of time.</p>\n</div>", "gildings": {}, "collapsed_reason": null, "associated_award": null, "stickied": false, "author_premium": false, "subreddit_type": "public", "can_gild": true, "subreddit": "statistics", "author_flair_text_color": null, "score_hidden": false, "permalink": "/r/statistics/comments/1e66u1/harvards_data_science_course/c9zjceb/", "num_reports": null, "locked": false, "name": "t1_c9zjceb", "created": 1368686756.0, "author_flair_text": null, "treatment_tags": [], "created_utc": 1368657956.0, "subreddit_name_prefixed": "r/statistics", "controversiality": 0, "depth": 0, "author_flair_background_color": null, "collapsed_because_crowd_control": null, "mod_reports": [], "mod_note": null, "distinguished": null, "_fetched": true}, {"_replies": [], "_submission": "1e66u1", "_reddit": "_reddit", "total_awards_received": 0, "approved_at_utc": null, "ups": 0, "awarders": [], "mod_reason_by": null, "banned_by": null, "author_flair_type": "text", "removal_reason": null, "link_id": "t3_1e66u1", "author_flair_template_id": null, "likes": null, "user_reports": [], "saved": false, "id": "c9xch7w", "banned_at_utc": null, "mod_reason_title": null, "gilded": 0, "archived": true, "no_follow": true, "author": "azth", "can_mod_post": false, "send_replies": true, "parent_id": "t3_1e66u1", "score": 0, "author_fullname": "t2_3a2lq", "report_reasons": null, "approved_by": null, "all_awardings": [], "subreddit_id": "t5_2qhfi", "body": "The site seems to be down.", "edited": false, "downs": 0, "author_flair_css_class": null, "is_submitter": false, "collapsed": false, "author_flair_richtext": [], "author_patreon_flair": false, "body_html": "<div class=\"md\"><p>The site seems to be down.</p>\n</div>", "gildings": {}, "collapsed_reason": null, "associated_award": null, "stickied": false, "author_premium": false, "subreddit_type": "public", "can_gild": true, "subreddit": "statistics", "author_flair_text_color": null, "score_hidden": false, "permalink": "/r/statistics/comments/1e66u1/harvards_data_science_course/c9xch7w/", "num_reports": null, "locked": false, "name": "t1_c9xch7w", "created": 1368407382.0, "author_flair_text": null, "treatment_tags": [], "created_utc": 1368378582.0, "subreddit_name_prefixed": "r/statistics", "controversiality": 0, "depth": 0, "author_flair_background_color": null, "collapsed_because_crowd_control": null, "mod_reports": [], "mod_note": null, "distinguished": null, "_fetched": true}, {"_replies": ["c9xudej"], "_submission": "1e66u1", "_reddit": "_reddit", "total_awards_received": 0, "approved_at_utc": null, "ups": 3, "awarders": [], "mod_reason_by": null, "banned_by": null, "author_flair_type": "text", "removal_reason": null, "link_id": "t3_1e66u1", "author_flair_template_id": null, "likes": null, "user_reports": [], "saved": false, "id": "c9xmhk7", "banned_at_utc": null, "mod_reason_title": null, "gilded": 0, "archived": true, "no_follow": true, "author": "circumstantialeviden", "can_mod_post": false, "send_replies": true, "parent_id": "t1_c9xl7st", "score": 3, "author_fullname": "t2_9361y", "report_reasons": null, "approved_by": null, "all_awardings": [], "subreddit_id": "t5_2qhfi", "collapsed": false, "body": "The words probably mean different things to different people.  As someone who will be soon taking a position as a data scientist (coming from a research background in natural sciences),  I view data science as the engineering version of statistics/machine learning.\n\nI used to get very annoyed by the parallel jargon developed by machine learning and data science people, but I've decided to just live with it.  It's good for marketing and money.  Statisticians stand to gain a lot if they tap into it that marketing.", "edited": false, "author_flair_css_class": null, "is_submitter": false, "downs": 0, "author_flair_richtext": [], "author_patreon_flair": false, "body_html": "<div class=\"md\"><p>The words probably mean different things to different people.  As someone who will be soon taking a position as a data scientist (coming from a research background in natural sciences),  I view data science as the engineering version of statistics/machine learning.</p>\n\n<p>I used to get very annoyed by the parallel jargon developed by machine learning and data science people, but I&#39;ve decided to just live with it.  It&#39;s good for marketing and money.  Statisticians stand to gain a lot if they tap into it that marketing.</p>\n</div>", "gildings": {}, "collapsed_reason": null, "associated_award": null, "stickied": false, "author_premium": false, "subreddit_type": "public", "can_gild": true, "subreddit": "statistics", "author_flair_text_color": null, "score_hidden": false, "permalink": "/r/statistics/comments/1e66u1/harvards_data_science_course/c9xmhk7/", "num_reports": null, "locked": false, "name": "t1_c9xmhk7", "created": 1368439667.0, "author_flair_text": null, "treatment_tags": [], "created_utc": 1368410867.0, "subreddit_name_prefixed": "r/statistics", "controversiality": 0, "depth": 1, "author_flair_background_color": null, "collapsed_because_crowd_control": null, "mod_reports": [], "mod_note": null, "distinguished": null, "_fetched": true}, {"_replies": [], "_submission": "1e66u1", "_reddit": "_reddit", "total_awards_received": 0, "approved_at_utc": null, "ups": 2, "awarders": [], "mod_reason_by": null, "banned_by": null, "author_flair_type": "text", "removal_reason": null, "link_id": "t3_1e66u1", "author_flair_template_id": null, "likes": null, "user_reports": [], "saved": false, "id": "c9xo2am", "banned_at_utc": null, "mod_reason_title": null, "gilded": 0, "archived": true, "no_follow": true, "author": "valen089", "can_mod_post": false, "send_replies": true, "parent_id": "t1_c9xl7st", "score": 2, "author_fullname": "t2_4gw3j", "report_reasons": null, "approved_by": null, "all_awardings": [], "subreddit_id": "t5_2qhfi", "collapsed": false, "body": "I think that [Larry Wasserman's blog post](http://normaldeviate.wordpress.com/2013/04/13/data-science-the-end-of-statistics/) gives an interesting take on data scientist vs. statistician.", "edited": false, "author_flair_css_class": null, "is_submitter": false, "downs": 0, "author_flair_richtext": [], "author_patreon_flair": false, "body_html": "<div class=\"md\"><p>I think that <a href=\"http://normaldeviate.wordpress.com/2013/04/13/data-science-the-end-of-statistics/\">Larry Wasserman&#39;s blog post</a> gives an interesting take on data scientist vs. statistician.</p>\n</div>", "gildings": {}, "collapsed_reason": null, "associated_award": null, "stickied": false, "author_premium": false, "subreddit_type": "public", "can_gild": true, "subreddit": "statistics", "author_flair_text_color": null, "score_hidden": false, "permalink": "/r/statistics/comments/1e66u1/harvards_data_science_course/c9xo2am/", "num_reports": null, "locked": false, "name": "t1_c9xo2am", "created": 1368444166.0, "author_flair_text": null, "treatment_tags": [], "created_utc": 1368415366.0, "subreddit_name_prefixed": "r/statistics", "controversiality": 0, "depth": 1, "author_flair_background_color": null, "collapsed_because_crowd_control": null, "mod_reports": [], "mod_note": null, "distinguished": null, "_fetched": true}, {"_replies": [], "_submission": "1e66u1", "_reddit": "_reddit", "total_awards_received": 0, "approved_at_utc": null, "ups": 1, "awarders": [], "mod_reason_by": null, "banned_by": null, "author_flair_type": "text", "removal_reason": null, "link_id": "t3_1e66u1", "author_flair_template_id": null, "likes": null, "user_reports": [], "saved": false, "id": "c9xnyh2", "banned_at_utc": null, "mod_reason_title": null, "gilded": 0, "archived": true, "no_follow": true, "author": "homercles337", "can_mod_post": false, "send_replies": true, "parent_id": "t1_c9xl7st", "score": 1, "author_fullname": "t2_4aldz", "report_reasons": null, "approved_by": null, "all_awardings": [], "subreddit_id": "t5_2qhfi", "collapsed": false, "body": "This is just marketing.  I have been a computational scientist for over 10 years (if i include my postdocs) and never heard this term until recently.  Its mostly economics/market/social media related.  From what i understand, it was envisioned as doing more than \"data analysts.\"  Maybe more method development?  Big companies like Google, Yahoo, The Facebook, etc like to use this term, but you wont hear it in academic/non-profit circles.", "edited": false, "author_flair_css_class": null, "is_submitter": false, "downs": 0, "author_flair_richtext": [], "author_patreon_flair": false, "body_html": "<div class=\"md\"><p>This is just marketing.  I have been a computational scientist for over 10 years (if i include my postdocs) and never heard this term until recently.  Its mostly economics/market/social media related.  From what i understand, it was envisioned as doing more than &quot;data analysts.&quot;  Maybe more method development?  Big companies like Google, Yahoo, The Facebook, etc like to use this term, but you wont hear it in academic/non-profit circles.</p>\n</div>", "gildings": {}, "collapsed_reason": null, "associated_award": null, "stickied": false, "author_premium": false, "subreddit_type": "public", "can_gild": true, "subreddit": "statistics", "author_flair_text_color": null, "score_hidden": false, "permalink": "/r/statistics/comments/1e66u1/harvards_data_science_course/c9xnyh2/", "num_reports": null, "locked": false, "name": "t1_c9xnyh2", "created": 1368443843.0, "author_flair_text": null, "treatment_tags": [], "created_utc": 1368415043.0, "subreddit_name_prefixed": "r/statistics", "controversiality": 0, "depth": 1, "author_flair_background_color": null, "collapsed_because_crowd_control": null, "mod_reports": [], "mod_note": null, "distinguished": null, "_fetched": true}, {"_replies": [], "_submission": "1e66u1", "_reddit": "_reddit", "total_awards_received": 0, "approved_at_utc": null, "ups": 1, "awarders": [], "mod_reason_by": null, "banned_by": null, "author_flair_type": "text", "removal_reason": null, "link_id": "t3_1e66u1", "author_flair_template_id": null, "likes": null, "user_reports": [], "saved": false, "id": "c9xllrm", "banned_at_utc": null, "mod_reason_title": null, "gilded": 0, "archived": true, "no_follow": true, "author": "agbortol", "can_mod_post": false, "send_replies": true, "parent_id": "t1_c9xl7st", "score": 1, "author_fullname": "t2_3813y", "report_reasons": null, "approved_by": null, "all_awardings": [], "subreddit_id": "t5_2qhfi", "collapsed": false, "body": "I'm not an expert in either, but I think of statistics as a set of mathematical tools whereas data science sounds like a process - as the description says, taking data through an investigative process and then reporting the results without losing precision and rigor.", "edited": false, "author_flair_css_class": null, "is_submitter": false, "downs": 0, "author_flair_richtext": [], "author_patreon_flair": false, "body_html": "<div class=\"md\"><p>I&#39;m not an expert in either, but I think of statistics as a set of mathematical tools whereas data science sounds like a process - as the description says, taking data through an investigative process and then reporting the results without losing precision and rigor.</p>\n</div>", "gildings": {}, "collapsed_reason": null, "associated_award": null, "stickied": false, "author_premium": true, "subreddit_type": "public", "can_gild": true, "subreddit": "statistics", "author_flair_text_color": null, "score_hidden": false, "permalink": "/r/statistics/comments/1e66u1/harvards_data_science_course/c9xllrm/", "num_reports": null, "locked": false, "name": "t1_c9xllrm", "created": 1368437029.0, "author_flair_text": null, "treatment_tags": [], "created_utc": 1368408229.0, "subreddit_name_prefixed": "r/statistics", "controversiality": 0, "depth": 1, "author_flair_background_color": null, "collapsed_because_crowd_control": null, "mod_reports": [], "mod_note": null, "distinguished": null, "_fetched": true}, {"_replies": [], "_submission": "1e66u1", "_reddit": "_reddit", "total_awards_received": 0, "approved_at_utc": null, "ups": 2, "awarders": [], "mod_reason_by": null, "banned_by": null, "author_flair_type": "text", "removal_reason": null, "link_id": "t3_1e66u1", "author_flair_template_id": null, "likes": null, "user_reports": [], "saved": false, "id": "c9xudej", "banned_at_utc": null, "mod_reason_title": null, "gilded": 0, "archived": true, "no_follow": true, "author": "econometrician", "can_mod_post": false, "created_utc": 1368449956.0, "send_replies": true, "parent_id": "t1_c9xmhk7", "score": 2, "author_fullname": "t2_6fs13", "report_reasons": null, "approved_by": null, "all_awardings": [], "subreddit_id": "t5_2qhfi", "body": "Agreed. There are pretty substantial differences between statisticians and data scientists. My current position is a mixture of both and it's interesting to see the two different dynamics. I'd argue that a Data scientist is much more focused on the actual data (which sometimes doesn't involve very interesting statistical analysis), whereas a Statistician is, likely, much more interested in the model. \n\nIn my, albeit short, experience I've noticed that the best in the fields are those that integrate both. A great data scientist (i.e., someone who is really great at programming and understanding software implementation) with mad statistical skills is currently a very hot commodity. Companies are willing to pay well for a great data scientist with pretty good statistical skills. I think companies value the data part more, but that's just my opinion.", "edited": false, "author_flair_css_class": null, "is_submitter": false, "downs": 0, "author_flair_richtext": [], "author_patreon_flair": false, "body_html": "<div class=\"md\"><p>Agreed. There are pretty substantial differences between statisticians and data scientists. My current position is a mixture of both and it&#39;s interesting to see the two different dynamics. I&#39;d argue that a Data scientist is much more focused on the actual data (which sometimes doesn&#39;t involve very interesting statistical analysis), whereas a Statistician is, likely, much more interested in the model. </p>\n\n<p>In my, albeit short, experience I&#39;ve noticed that the best in the fields are those that integrate both. A great data scientist (i.e., someone who is really great at programming and understanding software implementation) with mad statistical skills is currently a very hot commodity. Companies are willing to pay well for a great data scientist with pretty good statistical skills. I think companies value the data part more, but that&#39;s just my opinion.</p>\n</div>", "gildings": {}, "collapsed_reason": null, "associated_award": null, "stickied": false, "author_premium": false, "subreddit_type": "public", "can_gild": true, "subreddit": "statistics", "author_flair_text_color": null, "score_hidden": false, "permalink": "/r/statistics/comments/1e66u1/harvards_data_science_course/c9xudej/", "num_reports": null, "locked": false, "name": "t1_c9xudej", "created": 1368478756.0, "author_flair_text": null, "treatment_tags": [], "collapsed": false, "subreddit_name_prefixed": "r/statistics", "controversiality": 0, "depth": 2, "author_flair_background_color": null, "collapsed_because_crowd_control": null, "mod_reports": [], "mod_note": null, "distinguished": null, "_fetched": true}]}