{"_reddit": "_reddit", "approved_at_utc": null, "subreddit": "statistics", "selftext": "", "author_fullname": "t2_3zzsj", "saved": false, "mod_reason_title": null, "gilded": 0, "clicked": false, "title": "If there is no code, there is no paper (note for statisticians and computer scientists)", "link_flair_richtext": [], "subreddit_name_prefixed": "r/statistics", "hidden": false, "pwls": 6, "link_flair_css_class": null, "downs": 0, "hide_score": false, "name": "t3_17bv6c", "quarantine": false, "link_flair_text_color": "dark", "upvote_ratio": 0.84, "author_flair_background_color": null, "subreddit_type": "public", "ups": 38, "total_awards_received": 0, "media_embed": {}, "author_flair_template_id": null, "is_original_content": false, "user_reports": [], "secure_media": null, "is_reddit_media_domain": false, "is_meta": false, "category": null, "secure_media_embed": {}, "link_flair_text": null, "can_mod_post": false, "score": 38, "approved_by": null, "author_premium": false, "thumbnail": "", "edited": false, "author_flair_css_class": null, "author_flair_richtext": [], "gildings": {}, "content_categories": null, "is_self": false, "mod_note": null, "created": 1359258877.0, "link_flair_type": "text", "wls": 6, "removed_by_category": null, "banned_by": null, "author_flair_type": "text", "domain": "r-bloggers.com", "allow_live_comments": false, "selftext_html": null, "likes": null, "suggested_sort": null, "banned_at_utc": null, "view_count": null, "archived": true, "no_follow": false, "is_crosspostable": true, "pinned": false, "over_18": false, "all_awardings": [], "awarders": [], "media_only": false, "can_gild": true, "spoiler": false, "locked": false, "author_flair_text": null, "treatment_tags": [], "visited": false, "removed_by": null, "num_reports": null, "distinguished": null, "subreddit_id": "t5_2qhfi", "mod_reason_by": null, "removal_reason": null, "link_flair_background_color": "", "id": "17bv6c", "is_robot_indexable": true, "report_reasons": null, "author": "talgalili", "discussion_type": null, "num_comments": 20, "send_replies": true, "whitelist_status": "all_ads", "contest_mode": false, "mod_reports": [], "author_patreon_flair": false, "author_flair_text_color": null, "permalink": "/r/statistics/comments/17bv6c/if_there_is_no_code_there_is_no_paper_note_for/", "parent_whitelist_status": "all_ads", "stickied": false, "url": "http://www.r-bloggers.com/statisticians-and-computer-scientists-if-there-is-no-code-there-is-no-paper/", "subreddit_subscribers": 106209, "created_utc": 1359230077.0, "num_crossposts": 0, "media": null, "is_video": false, "_fetched": false, "comment_limit": 2048, "comment_sort": "best", "_comments_by_id": {}, "_comments": [{"_replies": ["c84disg"], "_submission": "17bv6c", "_reddit": "_reddit", "total_awards_received": 0, "approved_at_utc": null, "ups": 4, "awarders": [], "mod_reason_by": null, "banned_by": null, "author_flair_type": "text", "removal_reason": null, "link_id": "t3_17bv6c", "author_flair_template_id": null, "likes": null, "user_reports": [], "saved": false, "id": "c84c39t", "banned_at_utc": null, "mod_reason_title": null, "gilded": 0, "archived": true, "no_follow": true, "author": "bchurchill", "can_mod_post": false, "send_replies": true, "parent_id": "t3_17bv6c", "score": 4, "author_fullname": "t2_8uqka", "report_reasons": null, "approved_by": null, "all_awardings": [], "subreddit_id": "t5_2qhfi", "body": "I'm getting a Ph.D. in computer science from a top school.  I write code for my papers all the time.  But here's the deal: most of the time we do the minimum amount of work possible to demonstrate the validity of our work.  This usually means that the software was never designed to be portable, has lots of bugs, there isn't an installer, and just the process of adapting it to a real-world situation would take a ton of time.  Writing high quality code takes more time than we have.  So it's rarely worth sharing the source code -- you would practically have to rewrite it from scratch to make a real product out of it.  See http://matt.might.net/articles/crapl/.\n\nResearch should stand on it's own.  Sometimes, like if you've built an implementation of something which you claim to be highly reliable or highly portable, you will need to include the code.  It comes down to whether or not an implementation is necessary for the reviewers to evaluate the idea, and usually it's not.\n\n*Good* research contributes small pieces of very valuable information.  *Excellent* research is also extremely useful to others, so useful that those with resources to build high quality code can use the paper to write their own implementation (possibly incorporating other research papers as well).  And, if the reviewers have done their job right, the paper explains the new ideas clearly enough to facilitate this.\n\nIf everyone wrote code good enough to distribute with their paper, we wouldn't ever have time to get real work done.  Anyone who works with software knows that 15% of the time is spent writing it, and 85% is maintaining it.  In the end, the author alludes to, \"In a future post I\u2019ll talk about the new issue I\u2019m struggling with \u2013 maintaing all that software I\u2019m creating.\"  He has no idea how hard this is, or why it isn't worthwhile to attach code to every paper.", "edited": false, "downs": 0, "author_flair_css_class": null, "is_submitter": false, "collapsed": false, "author_flair_richtext": [], "author_patreon_flair": false, "body_html": "<div class=\"md\"><p>I&#39;m getting a Ph.D. in computer science from a top school.  I write code for my papers all the time.  But here&#39;s the deal: most of the time we do the minimum amount of work possible to demonstrate the validity of our work.  This usually means that the software was never designed to be portable, has lots of bugs, there isn&#39;t an installer, and just the process of adapting it to a real-world situation would take a ton of time.  Writing high quality code takes more time than we have.  So it&#39;s rarely worth sharing the source code -- you would practically have to rewrite it from scratch to make a real product out of it.  See <a href=\"http://matt.might.net/articles/crapl/\">http://matt.might.net/articles/crapl/</a>.</p>\n\n<p>Research should stand on it&#39;s own.  Sometimes, like if you&#39;ve built an implementation of something which you claim to be highly reliable or highly portable, you will need to include the code.  It comes down to whether or not an implementation is necessary for the reviewers to evaluate the idea, and usually it&#39;s not.</p>\n\n<p><em>Good</em> research contributes small pieces of very valuable information.  <em>Excellent</em> research is also extremely useful to others, so useful that those with resources to build high quality code can use the paper to write their own implementation (possibly incorporating other research papers as well).  And, if the reviewers have done their job right, the paper explains the new ideas clearly enough to facilitate this.</p>\n\n<p>If everyone wrote code good enough to distribute with their paper, we wouldn&#39;t ever have time to get real work done.  Anyone who works with software knows that 15% of the time is spent writing it, and 85% is maintaining it.  In the end, the author alludes to, &quot;In a future post I\u2019ll talk about the new issue I\u2019m struggling with \u2013 maintaing all that software I\u2019m creating.&quot;  He has no idea how hard this is, or why it isn&#39;t worthwhile to attach code to every paper.</p>\n</div>", "gildings": {}, "collapsed_reason": null, "associated_award": null, "stickied": false, "author_premium": false, "subreddit_type": "public", "can_gild": true, "subreddit": "statistics", "author_flair_text_color": null, "score_hidden": false, "permalink": "/r/statistics/comments/17bv6c/if_there_is_no_code_there_is_no_paper_note_for/c84c39t/", "num_reports": null, "locked": false, "name": "t1_c84c39t", "created": 1359298249.0, "author_flair_text": null, "treatment_tags": [], "created_utc": 1359269449.0, "subreddit_name_prefixed": "r/statistics", "controversiality": 0, "depth": 0, "author_flair_background_color": null, "collapsed_because_crowd_control": null, "mod_reports": [], "mod_note": null, "distinguished": null, "_fetched": true}, {"_replies": [], "_submission": "17bv6c", "_reddit": "_reddit", "total_awards_received": 0, "approved_at_utc": null, "ups": 2, "awarders": [], "mod_reason_by": null, "banned_by": null, "author_flair_type": "text", "removal_reason": null, "link_id": "t3_17bv6c", "author_flair_template_id": null, "likes": null, "user_reports": [], "saved": false, "id": "c84hwgp", "banned_at_utc": null, "mod_reason_title": null, "gilded": 0, "archived": true, "no_follow": true, "author": "misanthrope237", "can_mod_post": false, "send_replies": true, "parent_id": "t3_17bv6c", "score": 2, "author_fullname": "t2_85zk4", "report_reasons": null, "approved_by": null, "all_awardings": [], "subreddit_id": "t5_2qhfi", "body": "I'm in education/psychology, and there is a growing trend to supply code on your website for others to use.  \n\nI'd like to give a shout out to [Andrew Hayes](http://afhayes.com/spss-sas-and-mplus-macros-and-code.html), [Kristopher Preacher](http://www.quantpsy.org/supp.htm), [Dave MacKinnon](http://www.public.asu.edu/~davidpm/ripl/mediate.htm#download), [Daniel Bauer](http://www.unc.edu/~dbauer/publications.html), and [Dave Kenny](http://davidakenny.net/dtt/datatotext.htm) for saving me a shit-ton of time by providing the code that illustrates their methods.  ", "edited": false, "downs": 0, "author_flair_css_class": null, "is_submitter": false, "collapsed": false, "author_flair_richtext": [], "author_patreon_flair": false, "body_html": "<div class=\"md\"><p>I&#39;m in education/psychology, and there is a growing trend to supply code on your website for others to use.  </p>\n\n<p>I&#39;d like to give a shout out to <a href=\"http://afhayes.com/spss-sas-and-mplus-macros-and-code.html\">Andrew Hayes</a>, <a href=\"http://www.quantpsy.org/supp.htm\">Kristopher Preacher</a>, <a href=\"http://www.public.asu.edu/%7Edavidpm/ripl/mediate.htm#download\">Dave MacKinnon</a>, <a href=\"http://www.unc.edu/%7Edbauer/publications.html\">Daniel Bauer</a>, and <a href=\"http://davidakenny.net/dtt/datatotext.htm\">Dave Kenny</a> for saving me a shit-ton of time by providing the code that illustrates their methods.  </p>\n</div>", "gildings": {}, "collapsed_reason": null, "associated_award": null, "stickied": false, "author_premium": false, "subreddit_type": "public", "can_gild": true, "subreddit": "statistics", "author_flair_text_color": null, "score_hidden": false, "permalink": "/r/statistics/comments/17bv6c/if_there_is_no_code_there_is_no_paper_note_for/c84hwgp/", "num_reports": null, "locked": false, "name": "t1_c84hwgp", "created": 1359337133.0, "author_flair_text": null, "treatment_tags": [], "created_utc": 1359308333.0, "subreddit_name_prefixed": "r/statistics", "controversiality": 0, "depth": 0, "author_flair_background_color": null, "collapsed_because_crowd_control": null, "mod_reports": [], "mod_note": null, "distinguished": null, "_fetched": true}, {"_replies": ["c843dpm"], "_submission": "17bv6c", "_reddit": "_reddit", "total_awards_received": 0, "approved_at_utc": null, "ups": 4, "awarders": [], "mod_reason_by": null, "banned_by": null, "author_flair_type": "text", "removal_reason": null, "link_id": "t3_17bv6c", "author_flair_template_id": null, "likes": null, "user_reports": [], "saved": false, "id": "c8432hs", "banned_at_utc": null, "mod_reason_title": null, "gilded": 0, "archived": true, "no_follow": false, "author": "necroforest", "can_mod_post": false, "send_replies": true, "parent_id": "t3_17bv6c", "score": 4, "author_fullname": "t2_46a46", "report_reasons": null, "approved_by": null, "all_awardings": [], "subreddit_id": "t5_2qhfi", "body": "This is stupid.  The point of a paper isn't to produce production software.  I'd rather do my own implementation most of the time than use some shitty broken MATLAB package that a grad student threw together that runs on one dataset, anyways.", "edited": false, "downs": 0, "author_flair_css_class": null, "is_submitter": false, "collapsed": false, "author_flair_richtext": [], "author_patreon_flair": false, "body_html": "<div class=\"md\"><p>This is stupid.  The point of a paper isn&#39;t to produce production software.  I&#39;d rather do my own implementation most of the time than use some shitty broken MATLAB package that a grad student threw together that runs on one dataset, anyways.</p>\n</div>", "gildings": {}, "collapsed_reason": null, "associated_award": null, "stickied": false, "author_premium": false, "subreddit_type": "public", "can_gild": true, "subreddit": "statistics", "author_flair_text_color": null, "score_hidden": false, "permalink": "/r/statistics/comments/17bv6c/if_there_is_no_code_there_is_no_paper_note_for/c8432hs/", "num_reports": null, "locked": false, "name": "t1_c8432hs", "created": 1359262640.0, "author_flair_text": null, "treatment_tags": [], "created_utc": 1359233840.0, "subreddit_name_prefixed": "r/statistics", "controversiality": 1, "depth": 0, "author_flair_background_color": null, "collapsed_because_crowd_control": null, "mod_reports": [], "mod_note": null, "distinguished": null, "_fetched": true}, {"_replies": ["c849gvx"], "_submission": "17bv6c", "_reddit": "_reddit", "total_awards_received": 0, "approved_at_utc": null, "ups": 2, "awarders": [], "mod_reason_by": null, "banned_by": null, "author_flair_type": "text", "removal_reason": null, "link_id": "t3_17bv6c", "author_flair_template_id": null, "likes": null, "user_reports": [], "saved": false, "id": "c844nya", "banned_at_utc": null, "mod_reason_title": null, "gilded": 0, "archived": true, "no_follow": true, "author": "gicstc", "can_mod_post": false, "send_replies": true, "parent_id": "t3_17bv6c", "score": 2, "author_fullname": "t2_a44pt", "report_reasons": null, "approved_by": null, "all_awardings": [], "subreddit_id": "t5_2qhfi", "body": "One thing that isn't mentioned is intellectual property concerns. I read a paper recently that was a few years old. After digging for some code it turns out it *had* been posted on their website but was taken down and some related patent was pending. I'm not saying this is often the case, but if people want to protect their inventions they should have that right.\n\nAnother factor is that people might feel if they release code, they will have to support it and that is a huge downside.", "edited": false, "downs": 0, "author_flair_css_class": null, "is_submitter": false, "collapsed": false, "author_flair_richtext": [], "author_patreon_flair": false, "body_html": "<div class=\"md\"><p>One thing that isn&#39;t mentioned is intellectual property concerns. I read a paper recently that was a few years old. After digging for some code it turns out it <em>had</em> been posted on their website but was taken down and some related patent was pending. I&#39;m not saying this is often the case, but if people want to protect their inventions they should have that right.</p>\n\n<p>Another factor is that people might feel if they release code, they will have to support it and that is a huge downside.</p>\n</div>", "gildings": {}, "collapsed_reason": null, "associated_award": null, "stickied": false, "author_premium": false, "subreddit_type": "public", "can_gild": true, "subreddit": "statistics", "author_flair_text_color": null, "score_hidden": false, "permalink": "/r/statistics/comments/17bv6c/if_there_is_no_code_there_is_no_paper_note_for/c844nya/", "num_reports": null, "locked": false, "name": "t1_c844nya", "created": 1359268699.0, "author_flair_text": null, "treatment_tags": [], "created_utc": 1359239899.0, "subreddit_name_prefixed": "r/statistics", "controversiality": 0, "depth": 0, "author_flair_background_color": null, "collapsed_because_crowd_control": null, "mod_reports": [], "mod_note": null, "distinguished": null, "_fetched": true}, {"_replies": ["c84fbgx"], "_submission": "17bv6c", "_reddit": "_reddit", "total_awards_received": 0, "approved_at_utc": null, "ups": 3, "awarders": [], "mod_reason_by": null, "banned_by": null, "author_flair_type": "text", "removal_reason": null, "link_id": "t3_17bv6c", "author_flair_template_id": null, "likes": null, "user_reports": [], "saved": false, "id": "c84disg", "banned_at_utc": null, "mod_reason_title": null, "gilded": 0, "archived": true, "no_follow": true, "author": "oursland", "can_mod_post": false, "send_replies": true, "parent_id": "t1_c84c39t", "score": 3, "author_fullname": "t2_3aj5b", "report_reasons": null, "approved_by": null, "all_awardings": [], "subreddit_id": "t5_2qhfi", "collapsed": false, "body": "> most of the time we do the minimum amount of work possible to demonstrate the validity of our work\n\nGreat.  Provide that, and others can also see that your work is valid.\n\n> If everyone wrote code good enough to distribute with their paper\n\nIf the code isn't good enough when writing the paper, why are you writing a paper on it?!\n\n> Anyone who works with software knows that 15% of the time is spent writing it, and 85% is maintaining it. \n\nWho cares about maintaining the code?  The purpose of releasing the code is to back the claims of the paper, not as some grand product.", "edited": false, "author_flair_css_class": null, "is_submitter": false, "downs": 0, "author_flair_richtext": [], "author_patreon_flair": false, "body_html": "<div class=\"md\"><blockquote>\n<p>most of the time we do the minimum amount of work possible to demonstrate the validity of our work</p>\n</blockquote>\n\n<p>Great.  Provide that, and others can also see that your work is valid.</p>\n\n<blockquote>\n<p>If everyone wrote code good enough to distribute with their paper</p>\n</blockquote>\n\n<p>If the code isn&#39;t good enough when writing the paper, why are you writing a paper on it?!</p>\n\n<blockquote>\n<p>Anyone who works with software knows that 15% of the time is spent writing it, and 85% is maintaining it. </p>\n</blockquote>\n\n<p>Who cares about maintaining the code?  The purpose of releasing the code is to back the claims of the paper, not as some grand product.</p>\n</div>", "gildings": {}, "collapsed_reason": null, "associated_award": null, "stickied": false, "author_premium": false, "subreddit_type": "public", "can_gild": true, "subreddit": "statistics", "author_flair_text_color": null, "score_hidden": false, "permalink": "/r/statistics/comments/17bv6c/if_there_is_no_code_there_is_no_paper_note_for/c84disg/", "num_reports": null, "locked": false, "name": "t1_c84disg", "created": 1359307321.0, "author_flair_text": null, "treatment_tags": [], "created_utc": 1359278521.0, "subreddit_name_prefixed": "r/statistics", "controversiality": 0, "depth": 1, "author_flair_background_color": null, "collapsed_because_crowd_control": null, "mod_reports": [], "mod_note": null, "distinguished": null, "_fetched": true}, {"_replies": ["c843r7y", "c843kw5", "c844b6m"], "_submission": "17bv6c", "_reddit": "_reddit", "total_awards_received": 0, "approved_at_utc": null, "ups": 26, "awarders": [], "mod_reason_by": null, "banned_by": null, "author_flair_type": "text", "removal_reason": null, "link_id": "t3_17bv6c", "author_flair_template_id": null, "likes": null, "user_reports": [], "saved": false, "id": "c843dpm", "banned_at_utc": null, "mod_reason_title": null, "gilded": 0, "archived": true, "no_follow": false, "author": "zzleeper", "can_mod_post": false, "send_replies": true, "parent_id": "t1_c8432hs", "score": 26, "author_fullname": "t2_123p2", "report_reasons": null, "approved_by": null, "all_awardings": [], "subreddit_id": "t5_2qhfi", "collapsed": false, "body": "The author agrees with you. Someone writing a paper shouldn't aim for production-quality software, BUT it should provide the code used in their paper, otherwise others can't replicate their work (and that's the basis for science).", "edited": false, "author_flair_css_class": null, "is_submitter": false, "downs": 0, "author_flair_richtext": [], "author_patreon_flair": false, "body_html": "<div class=\"md\"><p>The author agrees with you. Someone writing a paper shouldn&#39;t aim for production-quality software, BUT it should provide the code used in their paper, otherwise others can&#39;t replicate their work (and that&#39;s the basis for science).</p>\n</div>", "gildings": {}, "collapsed_reason": null, "associated_award": null, "stickied": false, "author_premium": false, "subreddit_type": "public", "can_gild": true, "subreddit": "statistics", "author_flair_text_color": null, "score_hidden": false, "permalink": "/r/statistics/comments/17bv6c/if_there_is_no_code_there_is_no_paper_note_for/c843dpm/", "num_reports": null, "locked": false, "name": "t1_c843dpm", "created": 1359263828.0, "author_flair_text": null, "treatment_tags": [], "created_utc": 1359235028.0, "subreddit_name_prefixed": "r/statistics", "controversiality": 0, "depth": 1, "author_flair_background_color": null, "collapsed_because_crowd_control": null, "mod_reports": [], "mod_note": null, "distinguished": null, "_fetched": true}, {"_replies": ["c8av1uk"], "_submission": "17bv6c", "_reddit": "_reddit", "total_awards_received": 0, "approved_at_utc": null, "ups": 3, "awarders": [], "mod_reason_by": null, "banned_by": null, "author_flair_type": "text", "removal_reason": null, "link_id": "t3_17bv6c", "author_flair_template_id": null, "likes": null, "user_reports": [], "saved": false, "id": "c849gvx", "banned_at_utc": null, "mod_reason_title": null, "gilded": 0, "archived": true, "no_follow": true, "author": "oursland", "can_mod_post": false, "send_replies": true, "parent_id": "t1_c844nya", "score": 3, "author_fullname": "t2_3aj5b", "report_reasons": null, "approved_by": null, "all_awardings": [], "subreddit_id": "t5_2qhfi", "collapsed": false, "body": "> After digging for some code it turns out it had been posted on their website but was taken down and some related patent was pending.\n\nIf the process is patented, then providing the source does nothing to invalidate the patent.\n\n> but if people want to protect their inventions\n\nThat's what patents and copyright are for, not failing to provide the sources for publications.\n\n> Another factor is that people might feel if they release code, they will have to support it and that is a huge downside.\n\nThis screams of \"concern trolling.\"", "edited": false, "author_flair_css_class": null, "is_submitter": false, "downs": 0, "author_flair_richtext": [], "author_patreon_flair": false, "body_html": "<div class=\"md\"><blockquote>\n<p>After digging for some code it turns out it had been posted on their website but was taken down and some related patent was pending.</p>\n</blockquote>\n\n<p>If the process is patented, then providing the source does nothing to invalidate the patent.</p>\n\n<blockquote>\n<p>but if people want to protect their inventions</p>\n</blockquote>\n\n<p>That&#39;s what patents and copyright are for, not failing to provide the sources for publications.</p>\n\n<blockquote>\n<p>Another factor is that people might feel if they release code, they will have to support it and that is a huge downside.</p>\n</blockquote>\n\n<p>This screams of &quot;concern trolling.&quot;</p>\n</div>", "gildings": {}, "collapsed_reason": null, "associated_award": null, "stickied": false, "author_premium": false, "subreddit_type": "public", "can_gild": true, "subreddit": "statistics", "author_flair_text_color": null, "score_hidden": false, "permalink": "/r/statistics/comments/17bv6c/if_there_is_no_code_there_is_no_paper_note_for/c849gvx/", "num_reports": null, "locked": false, "name": "t1_c849gvx", "created": 1359287066.0, "author_flair_text": null, "treatment_tags": [], "created_utc": 1359258266.0, "subreddit_name_prefixed": "r/statistics", "controversiality": 0, "depth": 1, "author_flair_background_color": null, "collapsed_because_crowd_control": null, "mod_reports": [], "mod_note": null, "distinguished": null, "_fetched": true}, {"_replies": ["c84jpgb"], "_submission": "17bv6c", "_reddit": "_reddit", "total_awards_received": 0, "approved_at_utc": null, "ups": 4, "awarders": [], "mod_reason_by": null, "banned_by": null, "author_flair_type": "text", "removal_reason": null, "link_id": "t3_17bv6c", "author_flair_template_id": null, "likes": null, "user_reports": [], "saved": false, "id": "c84fbgx", "banned_at_utc": null, "mod_reason_title": null, "gilded": 0, "archived": true, "no_follow": false, "author": "remington_steele", "can_mod_post": false, "created_utc": 1359295636.0, "send_replies": true, "parent_id": "t1_c84disg", "score": 4, "author_fullname": "t2_7zv3h", "report_reasons": null, "approved_by": null, "all_awardings": [], "subreddit_id": "t5_2qhfi", "body": "I am also a PhD student in a computational field and used to to be in a computer science department before switching. I agree with your first and third points and am generally a proponent of publishing code along with papers, but what I disagree with is:\n\n>If the code isn't good enough when writing the paper, why are you writing a paper on it?!\n\nComputer science isn't about coding - that's software engineering. CS is a branch of mathematics and it's looking at analytical/asymptotic (or expected, in the case of randomized algos) properties of algorithms. Hell, there can be theoretical CS papers that have not much to do with algorithms even. I know I am exaggerating and there are plenty of CS papers out there that toss an ad-hoc algorithm on data and see what pops out (deep belief nets anyone?). But even that, I'll argue, is not about good coding - it's a data-driven exploration of those ad-hoc algorithms.", "edited": false, "author_flair_css_class": null, "is_submitter": false, "downs": 0, "author_flair_richtext": [], "author_patreon_flair": false, "body_html": "<div class=\"md\"><p>I am also a PhD student in a computational field and used to to be in a computer science department before switching. I agree with your first and third points and am generally a proponent of publishing code along with papers, but what I disagree with is:</p>\n\n<blockquote>\n<p>If the code isn&#39;t good enough when writing the paper, why are you writing a paper on it?!</p>\n</blockquote>\n\n<p>Computer science isn&#39;t about coding - that&#39;s software engineering. CS is a branch of mathematics and it&#39;s looking at analytical/asymptotic (or expected, in the case of randomized algos) properties of algorithms. Hell, there can be theoretical CS papers that have not much to do with algorithms even. I know I am exaggerating and there are plenty of CS papers out there that toss an ad-hoc algorithm on data and see what pops out (deep belief nets anyone?). But even that, I&#39;ll argue, is not about good coding - it&#39;s a data-driven exploration of those ad-hoc algorithms.</p>\n</div>", "gildings": {}, "collapsed_reason": null, "associated_award": null, "stickied": false, "author_premium": false, "subreddit_type": "public", "can_gild": true, "subreddit": "statistics", "author_flair_text_color": null, "score_hidden": false, "permalink": "/r/statistics/comments/17bv6c/if_there_is_no_code_there_is_no_paper_note_for/c84fbgx/", "num_reports": null, "locked": false, "name": "t1_c84fbgx", "created": 1359324436.0, "author_flair_text": null, "treatment_tags": [], "collapsed": false, "subreddit_name_prefixed": "r/statistics", "controversiality": 0, "depth": 2, "author_flair_background_color": null, "collapsed_because_crowd_control": null, "mod_reports": [], "mod_note": null, "distinguished": null, "_fetched": true}, {"_replies": ["c849e7c"], "_submission": "17bv6c", "_reddit": "_reddit", "total_awards_received": 0, "approved_at_utc": null, "ups": 17, "awarders": [], "mod_reason_by": null, "banned_by": null, "author_flair_type": "text", "removal_reason": null, "link_id": "t3_17bv6c", "author_flair_template_id": null, "likes": null, "user_reports": [], "saved": false, "id": "c843r7y", "banned_at_utc": null, "mod_reason_title": null, "gilded": 0, "archived": true, "no_follow": false, "author": "standard_error", "can_mod_post": false, "created_utc": 1359236446.0, "send_replies": true, "parent_id": "t1_c843dpm", "score": 17, "author_fullname": "t2_3v3jo", "report_reasons": null, "approved_by": null, "all_awardings": [], "subreddit_id": "t5_2qhfi", "body": "A paper should always be detailed enough that others can replicate the work without access to the code. That said, providing code should be encouraged, but it shouldn't be necessary.", "edited": false, "author_flair_css_class": null, "is_submitter": false, "downs": 0, "author_flair_richtext": [], "author_patreon_flair": false, "body_html": "<div class=\"md\"><p>A paper should always be detailed enough that others can replicate the work without access to the code. That said, providing code should be encouraged, but it shouldn&#39;t be necessary.</p>\n</div>", "gildings": {}, "collapsed_reason": null, "associated_award": null, "stickied": false, "author_premium": false, "subreddit_type": "public", "can_gild": true, "subreddit": "statistics", "author_flair_text_color": null, "score_hidden": false, "permalink": "/r/statistics/comments/17bv6c/if_there_is_no_code_there_is_no_paper_note_for/c843r7y/", "num_reports": null, "locked": false, "name": "t1_c843r7y", "created": 1359265246.0, "author_flair_text": null, "treatment_tags": [], "collapsed": false, "subreddit_name_prefixed": "r/statistics", "controversiality": 0, "depth": 2, "author_flair_background_color": null, "collapsed_because_crowd_control": null, "mod_reports": [], "mod_note": null, "distinguished": null, "_fetched": true}, {"_replies": [], "_submission": "17bv6c", "_reddit": "_reddit", "total_awards_received": 0, "approved_at_utc": null, "ups": 3, "awarders": [], "mod_reason_by": null, "banned_by": null, "author_flair_type": "text", "removal_reason": null, "link_id": "t3_17bv6c", "author_flair_template_id": null, "likes": null, "user_reports": [], "saved": false, "id": "c843kw5", "banned_at_utc": null, "mod_reason_title": null, "gilded": 0, "archived": true, "no_follow": true, "author": "Neurokeen", "can_mod_post": false, "created_utc": 1359235785.0, "send_replies": true, "parent_id": "t1_c843dpm", "score": 3, "author_fullname": "t2_5cu5r", "report_reasons": null, "approved_by": null, "all_awardings": [], "subreddit_id": "t5_2qhfi", "body": "I feel as if there's a reasonable timestamp on these kinds of things, though, too. Just like histological samples can't be kept forever, I wouldn't go back to a statistician more than a decade after a paper and expect her to be able to hand off her code.", "edited": false, "author_flair_css_class": null, "is_submitter": false, "downs": 0, "author_flair_richtext": [], "author_patreon_flair": false, "body_html": "<div class=\"md\"><p>I feel as if there&#39;s a reasonable timestamp on these kinds of things, though, too. Just like histological samples can&#39;t be kept forever, I wouldn&#39;t go back to a statistician more than a decade after a paper and expect her to be able to hand off her code.</p>\n</div>", "gildings": {}, "collapsed_reason": null, "associated_award": null, "stickied": false, "author_premium": false, "subreddit_type": "public", "can_gild": true, "subreddit": "statistics", "author_flair_text_color": null, "score_hidden": false, "permalink": "/r/statistics/comments/17bv6c/if_there_is_no_code_there_is_no_paper_note_for/c843kw5/", "num_reports": null, "locked": false, "name": "t1_c843kw5", "created": 1359264585.0, "author_flair_text": null, "treatment_tags": [], "collapsed": false, "subreddit_name_prefixed": "r/statistics", "controversiality": 0, "depth": 2, "author_flair_background_color": null, "collapsed_because_crowd_control": null, "mod_reports": [], "mod_note": null, "distinguished": null, "_fetched": true}, {"_replies": ["c849es9"], "_submission": "17bv6c", "_reddit": "_reddit", "total_awards_received": 0, "approved_at_utc": null, "ups": 3, "awarders": [], "mod_reason_by": null, "banned_by": null, "author_flair_type": "text", "removal_reason": null, "link_id": "t3_17bv6c", "author_flair_template_id": null, "likes": null, "user_reports": [], "saved": false, "id": "c844b6m", "banned_at_utc": null, "mod_reason_title": null, "gilded": 0, "archived": true, "no_follow": true, "author": "necroforest", "can_mod_post": false, "created_utc": 1359238535.0, "send_replies": true, "parent_id": "t1_c843dpm", "score": 3, "author_fullname": "t2_46a46", "report_reasons": null, "approved_by": null, "all_awardings": [], "subreddit_id": "t5_2qhfi", "body": "You can reproduce their results by reading the paper and implementing it.  If you can't reproduce it by reading the paper (i.e., without being spoon fed source code), then it's a shitty paper.", "edited": false, "author_flair_css_class": null, "is_submitter": false, "downs": 0, "author_flair_richtext": [], "author_patreon_flair": false, "body_html": "<div class=\"md\"><p>You can reproduce their results by reading the paper and implementing it.  If you can&#39;t reproduce it by reading the paper (i.e., without being spoon fed source code), then it&#39;s a shitty paper.</p>\n</div>", "gildings": {}, "collapsed_reason": null, "associated_award": null, "stickied": false, "author_premium": false, "subreddit_type": "public", "can_gild": true, "subreddit": "statistics", "author_flair_text_color": null, "score_hidden": false, "permalink": "/r/statistics/comments/17bv6c/if_there_is_no_code_there_is_no_paper_note_for/c844b6m/", "num_reports": null, "locked": false, "name": "t1_c844b6m", "created": 1359267335.0, "author_flair_text": null, "treatment_tags": [], "collapsed": false, "subreddit_name_prefixed": "r/statistics", "controversiality": 1, "depth": 2, "author_flair_background_color": null, "collapsed_because_crowd_control": null, "mod_reports": [], "mod_note": null, "distinguished": null, "_fetched": true}, {"_replies": [], "_submission": "17bv6c", "_reddit": "_reddit", "total_awards_received": 0, "approved_at_utc": null, "ups": 1, "awarders": [], "mod_reason_by": null, "banned_by": null, "author_flair_type": "text", "removal_reason": null, "link_id": "t3_17bv6c", "author_flair_template_id": null, "likes": null, "user_reports": [], "saved": false, "id": "c8av1uk", "banned_at_utc": null, "mod_reason_title": null, "gilded": 0, "archived": true, "no_follow": true, "author": "Qw3rtyP0iuy", "can_mod_post": false, "created_utc": 1360219836.0, "send_replies": true, "parent_id": "t1_c849gvx", "score": 1, "author_fullname": "t2_4mqyj", "report_reasons": null, "approved_by": null, "all_awardings": [], "subreddit_id": "t5_2qhfi", "body": "Well I'll be damned, that's a word, huh?\n\nThanks for opening up my eyes.", "edited": false, "author_flair_css_class": null, "is_submitter": false, "downs": 0, "author_flair_richtext": [], "author_patreon_flair": false, "body_html": "<div class=\"md\"><p>Well I&#39;ll be damned, that&#39;s a word, huh?</p>\n\n<p>Thanks for opening up my eyes.</p>\n</div>", "gildings": {}, "collapsed_reason": null, "associated_award": null, "stickied": false, "author_premium": false, "subreddit_type": "public", "can_gild": true, "subreddit": "statistics", "author_flair_text_color": null, "score_hidden": false, "permalink": "/r/statistics/comments/17bv6c/if_there_is_no_code_there_is_no_paper_note_for/c8av1uk/", "num_reports": null, "locked": false, "name": "t1_c8av1uk", "created": 1360248636.0, "author_flair_text": null, "treatment_tags": [], "collapsed": false, "subreddit_name_prefixed": "r/statistics", "controversiality": 0, "depth": 2, "author_flair_background_color": null, "collapsed_because_crowd_control": null, "mod_reports": [], "mod_note": null, "distinguished": null, "_fetched": true}, {"_replies": [], "_submission": "17bv6c", "_reddit": "_reddit", "total_awards_received": 0, "approved_at_utc": null, "ups": 0, "awarders": [], "mod_reason_by": null, "banned_by": null, "author_flair_type": "text", "removal_reason": null, "link_id": "t3_17bv6c", "author_flair_template_id": null, "likes": null, "user_reports": [], "saved": false, "id": "c84jpgb", "banned_at_utc": null, "mod_reason_title": null, "gilded": 0, "archived": true, "no_follow": true, "author": "oursland", "can_mod_post": false, "send_replies": true, "parent_id": "t1_c84fbgx", "score": 0, "author_fullname": "t2_3aj5b", "report_reasons": null, "approved_by": null, "all_awardings": [], "subreddit_id": "t5_2qhfi", "body": "> Computer science isn't about coding - that's software engineering.  CS is a branch of mathematics and it's looking at analytical/asymptotic (or expected, in the case of randomized algos) properties of algorithms. ...\n\nYou're too focused on the terminology.  The focus should be on doing things right and leaving little to no room for error.", "edited": false, "downs": 0, "author_flair_css_class": null, "is_submitter": false, "collapsed": false, "author_flair_richtext": [], "author_patreon_flair": false, "body_html": "<div class=\"md\"><blockquote>\n<p>Computer science isn&#39;t about coding - that&#39;s software engineering.  CS is a branch of mathematics and it&#39;s looking at analytical/asymptotic (or expected, in the case of randomized algos) properties of algorithms. ...</p>\n</blockquote>\n\n<p>You&#39;re too focused on the terminology.  The focus should be on doing things right and leaving little to no room for error.</p>\n</div>", "gildings": {}, "collapsed_reason": null, "associated_award": null, "stickied": false, "author_premium": false, "subreddit_type": "public", "can_gild": true, "subreddit": "statistics", "author_flair_text_color": null, "score_hidden": false, "permalink": "/r/statistics/comments/17bv6c/if_there_is_no_code_there_is_no_paper_note_for/c84jpgb/", "num_reports": null, "locked": false, "name": "t1_c84jpgb", "created": 1359343430.0, "author_flair_text": null, "treatment_tags": [], "created_utc": 1359314630.0, "subreddit_name_prefixed": "r/statistics", "controversiality": 0, "depth": 3, "author_flair_background_color": null, "collapsed_because_crowd_control": null, "mod_reports": [], "mod_note": null, "distinguished": null, "_fetched": true}, {"_replies": ["c84j2xy", "c84c554"], "_submission": "17bv6c", "_reddit": "_reddit", "total_awards_received": 0, "approved_at_utc": null, "ups": 1, "awarders": [], "mod_reason_by": null, "banned_by": null, "author_flair_type": "text", "removal_reason": null, "link_id": "t3_17bv6c", "author_flair_template_id": null, "likes": null, "user_reports": [], "saved": false, "id": "c849e7c", "banned_at_utc": null, "mod_reason_title": null, "gilded": 0, "archived": true, "no_follow": true, "author": "oursland", "can_mod_post": false, "send_replies": true, "parent_id": "t1_c843r7y", "score": 1, "author_fullname": "t2_3aj5b", "report_reasons": null, "approved_by": null, "all_awardings": [], "subreddit_id": "t5_2qhfi", "body": "> A paper should always be detailed enough that others can replicate the work without access to the code.\n\nWhat you say is true.  However reproducing another's work can be a laborious process if the source isn't provided.  How can a reviewer approve the paper and it's results, if they cannot reproduce them?  Simply accepting other's findings on faith that they've done their due diligence has resulted in [numerous publications](http://en.wikipedia.org/wiki/Scientific_misconduct#Individual_cases) based on fabrication.  These cases take funding away from valuable research, mislead others causing them to waste their time.\n\nIn the field of mathematics, no proofs means no reproducible work and therefore no paper.  Why should those working in software, which is infinitely reproducible, be exempt?", "edited": false, "downs": 0, "author_flair_css_class": null, "is_submitter": false, "collapsed": false, "author_flair_richtext": [], "author_patreon_flair": false, "body_html": "<div class=\"md\"><blockquote>\n<p>A paper should always be detailed enough that others can replicate the work without access to the code.</p>\n</blockquote>\n\n<p>What you say is true.  However reproducing another&#39;s work can be a laborious process if the source isn&#39;t provided.  How can a reviewer approve the paper and it&#39;s results, if they cannot reproduce them?  Simply accepting other&#39;s findings on faith that they&#39;ve done their due diligence has resulted in <a href=\"http://en.wikipedia.org/wiki/Scientific_misconduct#Individual_cases\">numerous publications</a> based on fabrication.  These cases take funding away from valuable research, mislead others causing them to waste their time.</p>\n\n<p>In the field of mathematics, no proofs means no reproducible work and therefore no paper.  Why should those working in software, which is infinitely reproducible, be exempt?</p>\n</div>", "gildings": {}, "collapsed_reason": null, "associated_award": null, "stickied": false, "author_premium": false, "subreddit_type": "public", "can_gild": true, "subreddit": "statistics", "author_flair_text_color": null, "score_hidden": false, "permalink": "/r/statistics/comments/17bv6c/if_there_is_no_code_there_is_no_paper_note_for/c849e7c/", "num_reports": null, "locked": false, "name": "t1_c849e7c", "created": 1359286773.0, "author_flair_text": null, "treatment_tags": [], "created_utc": 1359257973.0, "subreddit_name_prefixed": "r/statistics", "controversiality": 0, "depth": 3, "author_flair_background_color": null, "collapsed_because_crowd_control": null, "mod_reports": [], "mod_note": null, "distinguished": null, "_fetched": true}, {"_replies": [], "_submission": "17bv6c", "_reddit": "_reddit", "total_awards_received": 0, "approved_at_utc": null, "ups": -1, "awarders": [], "mod_reason_by": null, "banned_by": null, "author_flair_type": "text", "removal_reason": null, "link_id": "t3_17bv6c", "author_flair_template_id": null, "likes": null, "user_reports": [], "saved": false, "id": "c849es9", "banned_at_utc": null, "mod_reason_title": null, "gilded": 0, "archived": true, "no_follow": true, "author": "oursland", "can_mod_post": false, "send_replies": true, "parent_id": "t1_c844b6m", "score": -1, "author_fullname": "t2_3aj5b", "report_reasons": null, "approved_by": null, "all_awardings": [], "subreddit_id": "t5_2qhfi", "body": "This is also the basis of publications in many fields but this has it's [problems](http://en.wikipedia.org/wiki/Scientific_misconduct#Individual_cases).", "edited": false, "downs": 0, "author_flair_css_class": null, "is_submitter": false, "collapsed": false, "author_flair_richtext": [], "author_patreon_flair": false, "body_html": "<div class=\"md\"><p>This is also the basis of publications in many fields but this has it&#39;s <a href=\"http://en.wikipedia.org/wiki/Scientific_misconduct#Individual_cases\">problems</a>.</p>\n</div>", "gildings": {}, "collapsed_reason": null, "associated_award": null, "stickied": false, "author_premium": false, "subreddit_type": "public", "can_gild": true, "subreddit": "statistics", "author_flair_text_color": null, "score_hidden": false, "permalink": "/r/statistics/comments/17bv6c/if_there_is_no_code_there_is_no_paper_note_for/c849es9/", "num_reports": null, "locked": false, "name": "t1_c849es9", "created": 1359286835.0, "author_flair_text": null, "treatment_tags": [], "created_utc": 1359258035.0, "subreddit_name_prefixed": "r/statistics", "controversiality": 0, "depth": 3, "author_flair_background_color": null, "collapsed_because_crowd_control": null, "mod_reports": [], "mod_note": null, "distinguished": null, "_fetched": true}, {"_replies": ["c857bjq"], "_submission": "17bv6c", "_reddit": "_reddit", "total_awards_received": 0, "approved_at_utc": null, "ups": 5, "awarders": [], "mod_reason_by": null, "banned_by": null, "author_flair_type": "text", "removal_reason": null, "link_id": "t3_17bv6c", "author_flair_template_id": null, "likes": null, "user_reports": [], "saved": false, "id": "c84j2xy", "banned_at_utc": null, "mod_reason_title": null, "gilded": 0, "archived": true, "no_follow": false, "author": "ApproximatelyNormal", "can_mod_post": false, "send_replies": true, "parent_id": "t1_c849e7c", "score": 5, "author_fullname": "t2_4kptr", "report_reasons": null, "approved_by": null, "all_awardings": [], "subreddit_id": "t5_2qhfi", "collapsed": false, "body": "> How can a reviewer approve the paper and it's results, if they cannot reproduce them?  \n\nDo you work in academics?  This is not how the reviewing process works.  Reviewers don't go though and rerun all of the experiments to verify each p-value matches what the authors reported.  They check that the methods used are legitimate, that their results and conclusions are consistent,  and that they have provided enough details so that others could reproduce the work.  Also, I have experience working with code that an author sent me and it can take days or weeks just to get it to run.  There's no way anything would ever get published if this were a requirement.  \n\nYou seem to be worried that researchers are making up their results.  This certainly is a valid concern, and does happen, but having access to code does not solve this problem.  If someone provides me with their data and code and I get it to run I still can't be sure that everything is okay.  How do I know their data is legitimate?  Do they need to submit copies of all of their lab notebooks?  If so, how do we know some undergrad research assistant didn't just randomly record numbers because they were lazy?  \n\n> In the field of mathematics, no proofs means no reproducible work and therefore no paper. Why should those working in software, which is infinitely reproducible, be exempt?  \n\nMaybe you are focusing more on computer scientists, but any decent statistics paper that develops new methodology (so something that isn't just data analysis) does have mathematical justification.  Pick any random article in JASA or Annals or whatever and this is clear.  The goal of statistics research is not to produce new software.\n\nNow, that said, I do believe that authors should provide code if asked but I do not believe it should be a requirement for publication.", "edited": false, "author_flair_css_class": null, "is_submitter": false, "downs": 0, "author_flair_richtext": [], "author_patreon_flair": false, "body_html": "<div class=\"md\"><blockquote>\n<p>How can a reviewer approve the paper and it&#39;s results, if they cannot reproduce them?  </p>\n</blockquote>\n\n<p>Do you work in academics?  This is not how the reviewing process works.  Reviewers don&#39;t go though and rerun all of the experiments to verify each p-value matches what the authors reported.  They check that the methods used are legitimate, that their results and conclusions are consistent,  and that they have provided enough details so that others could reproduce the work.  Also, I have experience working with code that an author sent me and it can take days or weeks just to get it to run.  There&#39;s no way anything would ever get published if this were a requirement.  </p>\n\n<p>You seem to be worried that researchers are making up their results.  This certainly is a valid concern, and does happen, but having access to code does not solve this problem.  If someone provides me with their data and code and I get it to run I still can&#39;t be sure that everything is okay.  How do I know their data is legitimate?  Do they need to submit copies of all of their lab notebooks?  If so, how do we know some undergrad research assistant didn&#39;t just randomly record numbers because they were lazy?  </p>\n\n<blockquote>\n<p>In the field of mathematics, no proofs means no reproducible work and therefore no paper. Why should those working in software, which is infinitely reproducible, be exempt?  </p>\n</blockquote>\n\n<p>Maybe you are focusing more on computer scientists, but any decent statistics paper that develops new methodology (so something that isn&#39;t just data analysis) does have mathematical justification.  Pick any random article in JASA or Annals or whatever and this is clear.  The goal of statistics research is not to produce new software.</p>\n\n<p>Now, that said, I do believe that authors should provide code if asked but I do not believe it should be a requirement for publication.</p>\n</div>", "gildings": {}, "collapsed_reason": null, "associated_award": null, "stickied": false, "author_premium": false, "subreddit_type": "public", "can_gild": true, "subreddit": "statistics", "author_flair_text_color": null, "score_hidden": false, "permalink": "/r/statistics/comments/17bv6c/if_there_is_no_code_there_is_no_paper_note_for/c84j2xy/", "num_reports": null, "locked": false, "name": "t1_c84j2xy", "created": 1359341276.0, "author_flair_text": null, "treatment_tags": [], "created_utc": 1359312476.0, "subreddit_name_prefixed": "r/statistics", "controversiality": 0, "depth": 4, "author_flair_background_color": null, "collapsed_because_crowd_control": null, "mod_reports": [], "mod_note": null, "distinguished": null, "_fetched": true}, {"_replies": ["c84dgtv"], "_submission": "17bv6c", "_reddit": "_reddit", "total_awards_received": 0, "approved_at_utc": null, "ups": 3, "awarders": [], "mod_reason_by": null, "banned_by": null, "author_flair_type": "text", "removal_reason": null, "link_id": "t3_17bv6c", "author_flair_template_id": null, "likes": null, "user_reports": [], "saved": false, "id": "c84c554", "banned_at_utc": null, "mod_reason_title": null, "gilded": 0, "archived": true, "no_follow": true, "author": "bchurchill", "can_mod_post": false, "send_replies": true, "parent_id": "t1_c849e7c", "score": 3, "author_fullname": "t2_8uqka", "report_reasons": null, "approved_by": null, "all_awardings": [], "subreddit_id": "t5_2qhfi", "collapsed": false, "body": "Academic code is usually so bad that making it work for any specific purpose would probably require reengineering it.  \n\nIn mathematics, published proofs are wrong all the time.  There are lots of available statistics on this.  However, math publications are still very useful because they illucidate the proof technique, still convince the readers the things they say are true, and build conceptual frameworks.  \n\nHere, computer scientistis are sharing the crucial concepts behind their work.  They aren't concerned with producing something that people can use, because that takes a ton of work, which frankly isn't research anymore.", "edited": false, "author_flair_css_class": null, "is_submitter": false, "downs": 0, "author_flair_richtext": [], "author_patreon_flair": false, "body_html": "<div class=\"md\"><p>Academic code is usually so bad that making it work for any specific purpose would probably require reengineering it.  </p>\n\n<p>In mathematics, published proofs are wrong all the time.  There are lots of available statistics on this.  However, math publications are still very useful because they illucidate the proof technique, still convince the readers the things they say are true, and build conceptual frameworks.  </p>\n\n<p>Here, computer scientistis are sharing the crucial concepts behind their work.  They aren&#39;t concerned with producing something that people can use, because that takes a ton of work, which frankly isn&#39;t research anymore.</p>\n</div>", "gildings": {}, "collapsed_reason": null, "associated_award": null, "stickied": false, "author_premium": false, "subreddit_type": "public", "can_gild": true, "subreddit": "statistics", "author_flair_text_color": null, "score_hidden": false, "permalink": "/r/statistics/comments/17bv6c/if_there_is_no_code_there_is_no_paper_note_for/c84c554/", "num_reports": null, "locked": false, "name": "t1_c84c554", "created": 1359298514.0, "author_flair_text": null, "treatment_tags": [], "created_utc": 1359269714.0, "subreddit_name_prefixed": "r/statistics", "controversiality": 0, "depth": 4, "author_flair_background_color": null, "collapsed_because_crowd_control": null, "mod_reports": [], "mod_note": null, "distinguished": null, "_fetched": true}, {"_replies": [], "_submission": "17bv6c", "_reddit": "_reddit", "total_awards_received": 0, "approved_at_utc": null, "ups": 1, "awarders": [], "mod_reason_by": null, "banned_by": null, "author_flair_type": "text", "removal_reason": null, "link_id": "t3_17bv6c", "author_flair_template_id": null, "likes": null, "user_reports": [], "saved": false, "id": "c857bjq", "banned_at_utc": null, "mod_reason_title": null, "gilded": 0, "archived": true, "no_follow": true, "author": "rrenaud", "can_mod_post": false, "created_utc": 1359408563.0, "send_replies": true, "parent_id": "t1_c84j2xy", "score": 1, "author_fullname": "t2_88az", "report_reasons": null, "approved_by": null, "all_awardings": [], "subreddit_id": "t5_2qhfi", "body": "I mean, if publishing the code to reproduce experimental results were required, researchers would learn how to write code that easily reproduced results.  Of course, if a paper isn't producing an analysis on a data set, then this obviously is irrelevant.\n\nIt's not that fucking hard to write code that others can use to reproduce your own output.  The majority of researchers are much smarter than me, and I could certainly manage it.", "edited": false, "author_flair_css_class": null, "is_submitter": false, "downs": 0, "author_flair_richtext": [], "author_patreon_flair": false, "body_html": "<div class=\"md\"><p>I mean, if publishing the code to reproduce experimental results were required, researchers would learn how to write code that easily reproduced results.  Of course, if a paper isn&#39;t producing an analysis on a data set, then this obviously is irrelevant.</p>\n\n<p>It&#39;s not that fucking hard to write code that others can use to reproduce your own output.  The majority of researchers are much smarter than me, and I could certainly manage it.</p>\n</div>", "gildings": {}, "collapsed_reason": null, "associated_award": null, "stickied": false, "author_premium": false, "subreddit_type": "public", "can_gild": true, "subreddit": "statistics", "author_flair_text_color": null, "score_hidden": false, "permalink": "/r/statistics/comments/17bv6c/if_there_is_no_code_there_is_no_paper_note_for/c857bjq/", "num_reports": null, "locked": false, "name": "t1_c857bjq", "created": 1359437363.0, "author_flair_text": null, "treatment_tags": [], "collapsed": false, "subreddit_name_prefixed": "r/statistics", "controversiality": 0, "depth": 5, "author_flair_background_color": null, "collapsed_because_crowd_control": null, "mod_reports": [], "mod_note": null, "distinguished": null, "_fetched": true}, {"_replies": ["c84e4gi"], "_submission": "17bv6c", "_reddit": "_reddit", "total_awards_received": 0, "approved_at_utc": null, "ups": 5, "awarders": [], "mod_reason_by": null, "banned_by": null, "author_flair_type": "text", "removal_reason": null, "link_id": "t3_17bv6c", "author_flair_template_id": null, "likes": null, "user_reports": [], "saved": false, "id": "c84dgtv", "banned_at_utc": null, "mod_reason_title": null, "gilded": 0, "archived": true, "no_follow": false, "author": "oursland", "can_mod_post": false, "created_utc": 1359278080.0, "send_replies": true, "parent_id": "t1_c84c554", "score": 5, "author_fullname": "t2_3aj5b", "report_reasons": null, "approved_by": null, "all_awardings": [], "subreddit_id": "t5_2qhfi", "body": "> Academic code is usually so bad that making it work for any specific purpose would probably require reengineering it.\n\nWhat about simply ensuring that the author isn't a liar?  That seems to a specific purpose for which producing the code would be particularly suited for.", "edited": false, "author_flair_css_class": null, "is_submitter": false, "downs": 0, "author_flair_richtext": [], "author_patreon_flair": false, "body_html": "<div class=\"md\"><blockquote>\n<p>Academic code is usually so bad that making it work for any specific purpose would probably require reengineering it.</p>\n</blockquote>\n\n<p>What about simply ensuring that the author isn&#39;t a liar?  That seems to a specific purpose for which producing the code would be particularly suited for.</p>\n</div>", "gildings": {}, "collapsed_reason": null, "associated_award": null, "stickied": false, "author_premium": false, "subreddit_type": "public", "can_gild": true, "subreddit": "statistics", "author_flair_text_color": null, "score_hidden": false, "permalink": "/r/statistics/comments/17bv6c/if_there_is_no_code_there_is_no_paper_note_for/c84dgtv/", "num_reports": null, "locked": false, "name": "t1_c84dgtv", "created": 1359306880.0, "author_flair_text": null, "treatment_tags": [], "collapsed": false, "subreddit_name_prefixed": "r/statistics", "controversiality": 0, "depth": 5, "author_flair_background_color": null, "collapsed_because_crowd_control": null, "mod_reports": [], "mod_note": null, "distinguished": null, "_fetched": true}, {"_replies": [], "_submission": "17bv6c", "_reddit": "_reddit", "total_awards_received": 0, "approved_at_utc": null, "ups": 3, "awarders": [], "mod_reason_by": null, "banned_by": null, "author_flair_type": "text", "removal_reason": null, "link_id": "t3_17bv6c", "author_flair_template_id": null, "likes": null, "user_reports": [], "saved": false, "id": "c84jpqg", "banned_at_utc": null, "mod_reason_title": null, "gilded": 0, "archived": true, "no_follow": false, "author": "oursland", "can_mod_post": false, "send_replies": true, "parent_id": "t1_c84e4gi", "score": 3, "author_fullname": "t2_3aj5b", "report_reasons": null, "approved_by": null, "all_awardings": [], "subreddit_id": "t5_2qhfi", "collapsed": false, "body": "> maybe it is a bit cowardly/unethical, but I'm not that keen to start questioning more senior colleagues on publishing possibly flawed results\n\nThat **IS** an ethical failing on your part.", "edited": false, "author_flair_css_class": null, "is_submitter": false, "downs": 0, "author_flair_richtext": [], "author_patreon_flair": false, "body_html": "<div class=\"md\"><blockquote>\n<p>maybe it is a bit cowardly/unethical, but I&#39;m not that keen to start questioning more senior colleagues on publishing possibly flawed results</p>\n</blockquote>\n\n<p>That <strong>IS</strong> an ethical failing on your part.</p>\n</div>", "gildings": {}, "collapsed_reason": null, "associated_award": null, "stickied": false, "author_premium": false, "subreddit_type": "public", "can_gild": true, "subreddit": "statistics", "author_flair_text_color": null, "score_hidden": false, "permalink": "/r/statistics/comments/17bv6c/if_there_is_no_code_there_is_no_paper_note_for/c84jpqg/", "num_reports": null, "locked": false, "name": "t1_c84jpqg", "created": 1359343461.0, "author_flair_text": null, "treatment_tags": [], "created_utc": 1359314661.0, "subreddit_name_prefixed": "r/statistics", "controversiality": 0, "depth": 7, "author_flair_background_color": null, "collapsed_because_crowd_control": null, "mod_reports": [], "mod_note": null, "distinguished": null, "_fetched": true}]}