{"_reddit": "_reddit", "approved_at_utc": null, "subreddit": "statistics", "selftext": "", "author_fullname": "t2_8qu4p", "saved": false, "mod_reason_title": null, "gilded": 0, "clicked": false, "title": "Statistics Done Wrong: \"guide to the most popular statistical errors and slip-ups committed by scientists every day\".", "link_flair_richtext": [], "subreddit_name_prefixed": "r/statistics", "hidden": false, "pwls": 6, "link_flair_css_class": null, "downs": 0, "hide_score": false, "name": "t3_1z1s07", "quarantine": false, "link_flair_text_color": "dark", "upvote_ratio": 0.97, "author_flair_background_color": null, "subreddit_type": "public", "ups": 102, "total_awards_received": 0, "media_embed": {}, "author_flair_template_id": null, "is_original_content": false, "user_reports": [], "secure_media": null, "is_reddit_media_domain": false, "is_meta": false, "category": null, "secure_media_embed": {}, "link_flair_text": null, "can_mod_post": false, "score": 102, "approved_by": null, "author_premium": false, "thumbnail": "", "edited": false, "author_flair_css_class": null, "author_flair_richtext": [], "gildings": {}, "content_categories": null, "is_self": false, "mod_note": null, "created": 1393496381.0, "link_flair_type": "text", "wls": 6, "removed_by_category": null, "banned_by": null, "author_flair_type": "text", "domain": "statisticsdonewrong.com", "allow_live_comments": false, "selftext_html": null, "likes": null, "suggested_sort": null, "banned_at_utc": null, "view_count": null, "archived": true, "no_follow": false, "is_crosspostable": true, "pinned": false, "over_18": false, "all_awardings": [], "awarders": [], "media_only": false, "can_gild": true, "spoiler": false, "locked": false, "author_flair_text": null, "treatment_tags": [], "visited": false, "removed_by": null, "num_reports": null, "distinguished": null, "subreddit_id": "t5_2qhfi", "mod_reason_by": null, "removal_reason": null, "link_flair_background_color": "", "id": "1z1s07", "is_robot_indexable": true, "report_reasons": null, "author": "DevFRus", "discussion_type": null, "num_comments": 21, "send_replies": false, "whitelist_status": "all_ads", "contest_mode": false, "mod_reports": [], "author_patreon_flair": false, "author_flair_text_color": null, "permalink": "/r/statistics/comments/1z1s07/statistics_done_wrong_guide_to_the_most_popular/", "parent_whitelist_status": "all_ads", "stickied": false, "url": "http://www.statisticsdonewrong.com/index.html", "subreddit_subscribers": 106209, "created_utc": 1393467581.0, "num_crossposts": 0, "media": null, "is_video": false, "_fetched": false, "comment_limit": 2048, "comment_sort": "best", "_comments_by_id": {}, "_comments": [{"_replies": [], "_submission": "1z1s07", "_reddit": "_reddit", "total_awards_received": 0, "approved_at_utc": null, "ups": 8, "awarders": [], "mod_reason_by": null, "banned_by": null, "author_flair_type": "text", "removal_reason": null, "link_id": "t3_1z1s07", "author_flair_template_id": null, "likes": null, "user_reports": [], "saved": false, "id": "cfpzzas", "banned_at_utc": null, "mod_reason_title": null, "gilded": 0, "archived": true, "no_follow": false, "author": "dza76wutang", "can_mod_post": false, "send_replies": true, "parent_id": "t3_1z1s07", "score": 8, "author_fullname": "t2_6xi4s", "report_reasons": null, "approved_by": null, "all_awardings": [], "subreddit_id": "t5_2qhfi", "body": "Great idea for a book.", "edited": false, "downs": 0, "author_flair_css_class": null, "is_submitter": false, "collapsed": false, "author_flair_richtext": [], "author_patreon_flair": false, "body_html": "<div class=\"md\"><p>Great idea for a book.</p>\n</div>", "gildings": {}, "collapsed_reason": null, "associated_award": null, "stickied": false, "author_premium": false, "subreddit_type": "public", "can_gild": true, "subreddit": "statistics", "author_flair_text_color": null, "score_hidden": false, "permalink": "/r/statistics/comments/1z1s07/statistics_done_wrong_guide_to_the_most_popular/cfpzzas/", "num_reports": null, "locked": false, "name": "t1_cfpzzas", "created": 1393531597.0, "author_flair_text": null, "treatment_tags": [], "created_utc": 1393502797.0, "subreddit_name_prefixed": "r/statistics", "controversiality": 0, "depth": 0, "author_flair_background_color": null, "collapsed_because_crowd_control": null, "mod_reports": [], "mod_note": null, "distinguished": null, "_fetched": true}, {"_replies": ["cfq5t30"], "_submission": "1z1s07", "_reddit": "_reddit", "total_awards_received": 0, "approved_at_utc": null, "ups": 2, "awarders": [], "mod_reason_by": null, "banned_by": null, "author_flair_type": "text", "removal_reason": null, "link_id": "t3_1z1s07", "author_flair_template_id": null, "likes": null, "user_reports": [], "saved": false, "id": "cfq404p", "banned_at_utc": null, "mod_reason_title": null, "gilded": 0, "archived": true, "no_follow": true, "author": "sidthecoolkid", "can_mod_post": false, "send_replies": true, "parent_id": "t3_1z1s07", "score": 2, "author_fullname": "t2_al3pf", "report_reasons": null, "approved_by": null, "all_awardings": [], "subreddit_id": "t5_2qhfi", "body": "Is it available as a pdf? So that one can read it offline?", "edited": false, "downs": 0, "author_flair_css_class": null, "is_submitter": false, "collapsed": false, "author_flair_richtext": [], "author_patreon_flair": false, "body_html": "<div class=\"md\"><p>Is it available as a pdf? So that one can read it offline?</p>\n</div>", "gildings": {}, "collapsed_reason": null, "associated_award": null, "stickied": false, "author_premium": false, "subreddit_type": "public", "can_gild": true, "subreddit": "statistics", "author_flair_text_color": null, "score_hidden": false, "permalink": "/r/statistics/comments/1z1s07/statistics_done_wrong_guide_to_the_most_popular/cfq404p/", "num_reports": null, "locked": false, "name": "t1_cfq404p", "created": 1393545289.0, "author_flair_text": null, "treatment_tags": [], "created_utc": 1393516489.0, "subreddit_name_prefixed": "r/statistics", "controversiality": 0, "depth": 0, "author_flair_background_color": null, "collapsed_because_crowd_control": null, "mod_reports": [], "mod_note": null, "distinguished": null, "_fetched": true}, {"_replies": ["cfq6pf3"], "_submission": "1z1s07", "_reddit": "_reddit", "total_awards_received": 0, "approved_at_utc": null, "ups": 2, "awarders": [], "mod_reason_by": null, "banned_by": null, "author_flair_type": "text", "removal_reason": null, "link_id": "t3_1z1s07", "author_flair_template_id": null, "likes": null, "user_reports": [], "saved": false, "id": "cfq6au9", "banned_at_utc": null, "mod_reason_title": null, "gilded": 0, "archived": true, "no_follow": true, "author": "tangeloo", "can_mod_post": false, "send_replies": true, "parent_id": "t3_1z1s07", "score": 2, "author_fullname": "t2_cbxfw", "report_reasons": null, "approved_by": null, "all_awardings": [], "subreddit_id": "t5_2qhfi", "body": "Is it geared toward particular areas of science? Any social science? I know some things are universal but they do use different methods, have different conventions, etc. ", "edited": false, "downs": 0, "author_flair_css_class": null, "is_submitter": false, "collapsed": false, "author_flair_richtext": [], "author_patreon_flair": false, "body_html": "<div class=\"md\"><p>Is it geared toward particular areas of science? Any social science? I know some things are universal but they do use different methods, have different conventions, etc. </p>\n</div>", "gildings": {}, "collapsed_reason": null, "associated_award": null, "stickied": false, "author_premium": false, "subreddit_type": "public", "can_gild": true, "subreddit": "statistics", "author_flair_text_color": null, "score_hidden": false, "permalink": "/r/statistics/comments/1z1s07/statistics_done_wrong_guide_to_the_most_popular/cfq6au9/", "num_reports": null, "locked": false, "name": "t1_cfq6au9", "created": 1393550264.0, "author_flair_text": null, "treatment_tags": [], "created_utc": 1393521464.0, "subreddit_name_prefixed": "r/statistics", "controversiality": 0, "depth": 0, "author_flair_background_color": null, "collapsed_because_crowd_control": null, "mod_reports": [], "mod_note": null, "distinguished": null, "_fetched": true}, {"_replies": [], "_submission": "1z1s07", "_reddit": "_reddit", "total_awards_received": 0, "approved_at_utc": null, "ups": 1, "awarders": [], "mod_reason_by": null, "banned_by": null, "author_flair_type": "text", "removal_reason": null, "link_id": "t3_1z1s07", "author_flair_template_id": null, "likes": null, "user_reports": [], "saved": false, "id": "cfqdxdu", "banned_at_utc": null, "mod_reason_title": null, "gilded": 0, "archived": true, "no_follow": true, "author": "clbustos", "can_mod_post": false, "send_replies": true, "parent_id": "t3_1z1s07", "score": 1, "author_fullname": "t2_3xvxg", "report_reasons": null, "approved_by": null, "all_awardings": [], "subreddit_id": "t5_2qhfi", "body": "Very good read. So good, that I want to translate it to Spanish :)", "edited": false, "downs": 0, "author_flair_css_class": null, "is_submitter": false, "collapsed": false, "author_flair_richtext": [], "author_patreon_flair": false, "body_html": "<div class=\"md\"><p>Very good read. So good, that I want to translate it to Spanish :)</p>\n</div>", "gildings": {}, "collapsed_reason": null, "associated_award": null, "stickied": false, "author_premium": false, "subreddit_type": "public", "can_gild": true, "subreddit": "statistics", "author_flair_text_color": null, "score_hidden": false, "permalink": "/r/statistics/comments/1z1s07/statistics_done_wrong_guide_to_the_most_popular/cfqdxdu/", "num_reports": null, "locked": false, "name": "t1_cfqdxdu", "created": 1393565410.0, "author_flair_text": null, "treatment_tags": [], "created_utc": 1393536610.0, "subreddit_name_prefixed": "r/statistics", "controversiality": 0, "depth": 0, "author_flair_background_color": null, "collapsed_because_crowd_control": null, "mod_reports": [], "mod_note": null, "distinguished": null, "_fetched": true}, {"_replies": [], "_submission": "1z1s07", "_reddit": "_reddit", "total_awards_received": 0, "approved_at_utc": null, "ups": 1, "awarders": [], "mod_reason_by": null, "banned_by": null, "author_flair_type": "text", "removal_reason": null, "link_id": "t3_1z1s07", "author_flair_template_id": null, "likes": null, "user_reports": [], "saved": false, "id": "cfqiahw", "banned_at_utc": null, "mod_reason_title": null, "gilded": 0, "archived": true, "no_follow": true, "author": "AllenDowney", "can_mod_post": false, "send_replies": true, "parent_id": "t3_1z1s07", "score": 1, "author_fullname": "t2_4zfyx", "report_reasons": null, "approved_by": null, "all_awardings": [], "subreddit_id": "t5_2qhfi", "body": "This looks great.  Good job!", "edited": false, "downs": 0, "author_flair_css_class": null, "is_submitter": false, "collapsed": false, "author_flair_richtext": [], "author_patreon_flair": false, "body_html": "<div class=\"md\"><p>This looks great.  Good job!</p>\n</div>", "gildings": {}, "collapsed_reason": null, "associated_award": null, "stickied": false, "author_premium": false, "subreddit_type": "public", "can_gild": true, "subreddit": "statistics", "author_flair_text_color": null, "score_hidden": false, "permalink": "/r/statistics/comments/1z1s07/statistics_done_wrong_guide_to_the_most_popular/cfqiahw/", "num_reports": null, "locked": false, "name": "t1_cfqiahw", "created": 1393574495.0, "author_flair_text": null, "treatment_tags": [], "created_utc": 1393545695.0, "subreddit_name_prefixed": "r/statistics", "controversiality": 0, "depth": 0, "author_flair_background_color": null, "collapsed_because_crowd_control": null, "mod_reports": [], "mod_note": null, "distinguished": null, "_fetched": true}, {"_replies": ["cfq7cj7", "cfqekdw"], "_submission": "1z1s07", "_reddit": "_reddit", "total_awards_received": 0, "approved_at_utc": null, "ups": 8, "awarders": [], "mod_reason_by": null, "banned_by": null, "author_flair_type": "text", "removal_reason": null, "link_id": "t3_1z1s07", "author_flair_template_id": null, "likes": null, "user_reports": [], "saved": false, "id": "cfq5t30", "banned_at_utc": null, "mod_reason_title": null, "gilded": 0, "archived": true, "no_follow": false, "author": "capnrefsmmat", "can_mod_post": false, "send_replies": true, "parent_id": "t1_cfq404p", "score": 8, "author_fullname": "t2_3qa2k", "report_reasons": null, "approved_by": null, "all_awardings": [], "subreddit_id": "t5_2qhfi", "collapsed": false, "body": "Message me; I can email it to you. (Yes, I'm the author.)\n\nI'm hesitant to post a PDF version because I'm finishing up the book version, which will be much longer and more in-depth, with new examples and new screwups. The book will be available as paperback and ebook. (Sign up on the website if you want to know when it comes out.)\n\nI do have to thank /r/statistics, though, since I posted an early version a year or two and got such a great response. It's been slowly growing ever since. And I'm definitely open to suggestions!", "edited": false, "author_flair_css_class": null, "is_submitter": false, "downs": 0, "author_flair_richtext": [], "author_patreon_flair": false, "body_html": "<div class=\"md\"><p>Message me; I can email it to you. (Yes, I&#39;m the author.)</p>\n\n<p>I&#39;m hesitant to post a PDF version because I&#39;m finishing up the book version, which will be much longer and more in-depth, with new examples and new screwups. The book will be available as paperback and ebook. (Sign up on the website if you want to know when it comes out.)</p>\n\n<p>I do have to thank <a href=\"/r/statistics\">/r/statistics</a>, though, since I posted an early version a year or two and got such a great response. It&#39;s been slowly growing ever since. And I&#39;m definitely open to suggestions!</p>\n</div>", "gildings": {}, "collapsed_reason": null, "associated_award": null, "stickied": false, "author_premium": false, "subreddit_type": "public", "can_gild": true, "subreddit": "statistics", "author_flair_text_color": null, "score_hidden": false, "permalink": "/r/statistics/comments/1z1s07/statistics_done_wrong_guide_to_the_most_popular/cfq5t30/", "num_reports": null, "locked": false, "name": "t1_cfq5t30", "created": 1393549229.0, "author_flair_text": null, "treatment_tags": [], "created_utc": 1393520429.0, "subreddit_name_prefixed": "r/statistics", "controversiality": 0, "depth": 1, "author_flair_background_color": null, "collapsed_because_crowd_control": null, "mod_reports": [], "mod_note": null, "distinguished": null, "_fetched": true}, {"_replies": [], "_submission": "1z1s07", "_reddit": "_reddit", "total_awards_received": 0, "approved_at_utc": null, "ups": 3, "awarders": [], "mod_reason_by": null, "banned_by": null, "author_flair_type": "text", "removal_reason": null, "link_id": "t3_1z1s07", "author_flair_template_id": null, "likes": null, "user_reports": [], "saved": false, "id": "cfq6pf3", "banned_at_utc": null, "mod_reason_title": null, "gilded": 0, "archived": true, "no_follow": false, "author": "capnrefsmmat", "can_mod_post": false, "send_replies": true, "parent_id": "t1_cfq6au9", "score": 3, "author_fullname": "t2_3qa2k", "report_reasons": null, "approved_by": null, "all_awardings": [], "subreddit_id": "t5_2qhfi", "collapsed": false, "body": "It's fairly easy to find examples of bad statistics in medicine, neuroscience, and biology. But the chapters on power and multiple comparisons, for instance, apply to psychology just as well -- lack of power was first recognized as a serious problem in psychology in the 60s, I think, and it's been a problem ever since.\n\nI'm not writing in great technical detail, so most of the material applies equally well to any field that uses basic statistics. But I suppose that, say, econometrics has its own set of common problems.", "edited": false, "author_flair_css_class": null, "is_submitter": false, "downs": 0, "author_flair_richtext": [], "author_patreon_flair": false, "body_html": "<div class=\"md\"><p>It&#39;s fairly easy to find examples of bad statistics in medicine, neuroscience, and biology. But the chapters on power and multiple comparisons, for instance, apply to psychology just as well -- lack of power was first recognized as a serious problem in psychology in the 60s, I think, and it&#39;s been a problem ever since.</p>\n\n<p>I&#39;m not writing in great technical detail, so most of the material applies equally well to any field that uses basic statistics. But I suppose that, say, econometrics has its own set of common problems.</p>\n</div>", "gildings": {}, "collapsed_reason": null, "associated_award": null, "stickied": false, "author_premium": false, "subreddit_type": "public", "can_gild": true, "subreddit": "statistics", "author_flair_text_color": null, "score_hidden": false, "permalink": "/r/statistics/comments/1z1s07/statistics_done_wrong_guide_to_the_most_popular/cfq6pf3/", "num_reports": null, "locked": false, "name": "t1_cfq6pf3", "created": 1393551073.0, "author_flair_text": null, "treatment_tags": [], "created_utc": 1393522273.0, "subreddit_name_prefixed": "r/statistics", "controversiality": 0, "depth": 1, "author_flair_background_color": null, "collapsed_because_crowd_control": null, "mod_reports": [], "mod_note": null, "distinguished": null, "_fetched": true}, {"_replies": ["cfq813h"], "_submission": "1z1s07", "_reddit": "_reddit", "total_awards_received": 0, "approved_at_utc": null, "ups": 1, "awarders": [], "mod_reason_by": null, "banned_by": null, "author_flair_type": "text", "removal_reason": null, "link_id": "t3_1z1s07", "author_flair_template_id": null, "likes": null, "user_reports": [], "saved": false, "id": "cfq7cj7", "banned_at_utc": null, "mod_reason_title": null, "gilded": 0, "archived": true, "no_follow": true, "author": "dza76wutang", "can_mod_post": false, "created_utc": 1393523573.0, "send_replies": true, "parent_id": "t1_cfq5t30", "score": 1, "author_fullname": "t2_6xi4s", "report_reasons": null, "approved_by": null, "all_awardings": [], "subreddit_id": "t5_2qhfi", "body": "I didn't get too into it but please please please please please....please mention relative risk ratios in your book.", "edited": false, "author_flair_css_class": null, "is_submitter": false, "downs": 0, "author_flair_richtext": [], "author_patreon_flair": false, "body_html": "<div class=\"md\"><p>I didn&#39;t get too into it but please please please please please....please mention relative risk ratios in your book.</p>\n</div>", "gildings": {}, "collapsed_reason": null, "associated_award": null, "stickied": false, "author_premium": false, "subreddit_type": "public", "can_gild": true, "subreddit": "statistics", "author_flair_text_color": null, "score_hidden": false, "permalink": "/r/statistics/comments/1z1s07/statistics_done_wrong_guide_to_the_most_popular/cfq7cj7/", "num_reports": null, "locked": false, "name": "t1_cfq7cj7", "created": 1393552373.0, "author_flair_text": null, "treatment_tags": [], "collapsed": false, "subreddit_name_prefixed": "r/statistics", "controversiality": 0, "depth": 2, "author_flair_background_color": null, "collapsed_because_crowd_control": null, "mod_reports": [], "mod_note": null, "distinguished": null, "_fetched": true}, {"_replies": ["cfqd6np"], "_submission": "1z1s07", "_reddit": "_reddit", "total_awards_received": 0, "approved_at_utc": null, "ups": 1, "awarders": [], "mod_reason_by": null, "banned_by": null, "author_flair_type": "text", "removal_reason": null, "link_id": "t3_1z1s07", "author_flair_template_id": null, "likes": null, "user_reports": [], "saved": false, "id": "cfq813h", "banned_at_utc": null, "mod_reason_title": null, "gilded": 0, "archived": true, "no_follow": true, "author": "capnrefsmmat", "can_mod_post": false, "send_replies": true, "parent_id": "t1_cfq7cj7", "score": 1, "author_fullname": "t2_3qa2k", "report_reasons": null, "approved_by": null, "all_awardings": [], "subreddit_id": "t5_2qhfi", "body": "So I've heard of odds ratios being misinterpreted as though they were relative risk ratios. Is there another misconception you're thinking of?", "edited": false, "downs": 0, "author_flair_css_class": null, "is_submitter": false, "collapsed": false, "author_flair_richtext": [], "author_patreon_flair": false, "body_html": "<div class=\"md\"><p>So I&#39;ve heard of odds ratios being misinterpreted as though they were relative risk ratios. Is there another misconception you&#39;re thinking of?</p>\n</div>", "gildings": {}, "collapsed_reason": null, "associated_award": null, "stickied": false, "author_premium": false, "subreddit_type": "public", "can_gild": true, "subreddit": "statistics", "author_flair_text_color": null, "score_hidden": false, "permalink": "/r/statistics/comments/1z1s07/statistics_done_wrong_guide_to_the_most_popular/cfq813h/", "num_reports": null, "locked": false, "name": "t1_cfq813h", "created": 1393553741.0, "author_flair_text": null, "treatment_tags": [], "created_utc": 1393524941.0, "subreddit_name_prefixed": "r/statistics", "controversiality": 0, "depth": 3, "author_flair_background_color": null, "collapsed_because_crowd_control": null, "mod_reports": [], "mod_note": null, "distinguished": null, "_fetched": true}, {"_replies": [], "_submission": "1z1s07", "_reddit": "_reddit", "total_awards_received": 0, "approved_at_utc": null, "ups": 2, "awarders": [], "mod_reason_by": null, "banned_by": null, "author_flair_type": "text", "removal_reason": null, "link_id": "t3_1z1s07", "author_flair_template_id": null, "likes": null, "user_reports": [], "saved": false, "id": "cfqfnmj", "banned_at_utc": null, "mod_reason_title": null, "gilded": 0, "archived": true, "no_follow": true, "author": "capnrefsmmat", "can_mod_post": false, "send_replies": true, "parent_id": "t1_cfqekdw", "score": 2, "author_fullname": "t2_3qa2k", "report_reasons": null, "approved_by": null, "all_awardings": [], "subreddit_id": "t5_2qhfi", "body": "No firm date yet. The manuscript is due to the publisher ([No Starch Press](http://www.nostarch.com/)) later this year, but I don't know whether it'll make it to print before the end of 2014 or not. When I find out I'll email everyone who signed up on the website.", "edited": false, "downs": 0, "author_flair_css_class": null, "is_submitter": false, "collapsed": false, "author_flair_richtext": [], "author_patreon_flair": false, "body_html": "<div class=\"md\"><p>No firm date yet. The manuscript is due to the publisher (<a href=\"http://www.nostarch.com/\">No Starch Press</a>) later this year, but I don&#39;t know whether it&#39;ll make it to print before the end of 2014 or not. When I find out I&#39;ll email everyone who signed up on the website.</p>\n</div>", "gildings": {}, "collapsed_reason": null, "associated_award": null, "stickied": false, "author_premium": false, "subreddit_type": "public", "can_gild": true, "subreddit": "statistics", "author_flair_text_color": null, "score_hidden": false, "permalink": "/r/statistics/comments/1z1s07/statistics_done_wrong_guide_to_the_most_popular/cfqfnmj/", "num_reports": null, "locked": false, "name": "t1_cfqfnmj", "created": 1393568860.0, "author_flair_text": null, "treatment_tags": [], "created_utc": 1393540060.0, "subreddit_name_prefixed": "r/statistics", "controversiality": 0, "depth": 3, "author_flair_background_color": null, "collapsed_because_crowd_control": null, "mod_reports": [], "mod_note": null, "distinguished": null, "_fetched": true}, {"_replies": ["cfqfff7"], "_submission": "1z1s07", "_reddit": "_reddit", "total_awards_received": 0, "approved_at_utc": null, "ups": 1, "awarders": [], "mod_reason_by": null, "banned_by": null, "author_flair_type": "text", "removal_reason": null, "link_id": "t3_1z1s07", "author_flair_template_id": null, "likes": null, "user_reports": [], "saved": false, "id": "cfqd6np", "banned_at_utc": null, "mod_reason_title": null, "gilded": 0, "archived": true, "no_follow": true, "author": "dza76wutang", "can_mod_post": false, "send_replies": true, "parent_id": "t1_cfq813h", "score": 1, "author_fullname": "t2_6xi4s", "report_reasons": null, "approved_by": null, "all_awardings": [], "subreddit_id": "t5_2qhfi", "collapsed": false, "body": "There's 2 that I see in health data:\n\n1.) A CI that straddles 1.0, e.g. (.9, 1.4) which means no effect, and the opposite effect are within the CI but the interpretations always seem to forget this.\n\n2.) Relative risk versus absolute risk. A RRR of 2.0 sounds like a slam dunk, like a sure thing, like whatever is causing the risk should be extirpated from your life...however in reality it reflects going from 1 in 1,000,000 to 2 in 1,000,000. \n\n3.) A bonus misinterpretation is trying to assert causative relationships from RRR's that are relatively low. 50+ to 1 is probably causative, 1.5 to 1 is probably not.", "edited": false, "author_flair_css_class": null, "is_submitter": false, "downs": 0, "author_flair_richtext": [], "author_patreon_flair": false, "body_html": "<div class=\"md\"><p>There&#39;s 2 that I see in health data:</p>\n\n<p>1.) A CI that straddles 1.0, e.g. (.9, 1.4) which means no effect, and the opposite effect are within the CI but the interpretations always seem to forget this.</p>\n\n<p>2.) Relative risk versus absolute risk. A RRR of 2.0 sounds like a slam dunk, like a sure thing, like whatever is causing the risk should be extirpated from your life...however in reality it reflects going from 1 in 1,000,000 to 2 in 1,000,000. </p>\n\n<p>3.) A bonus misinterpretation is trying to assert causative relationships from RRR&#39;s that are relatively low. 50+ to 1 is probably causative, 1.5 to 1 is probably not.</p>\n</div>", "gildings": {}, "collapsed_reason": null, "associated_award": null, "stickied": false, "author_premium": false, "subreddit_type": "public", "can_gild": true, "subreddit": "statistics", "author_flair_text_color": null, "score_hidden": false, "permalink": "/r/statistics/comments/1z1s07/statistics_done_wrong_guide_to_the_most_popular/cfqd6np/", "num_reports": null, "locked": false, "name": "t1_cfqd6np", "created": 1393563990.0, "author_flair_text": null, "treatment_tags": [], "created_utc": 1393535190.0, "subreddit_name_prefixed": "r/statistics", "controversiality": 0, "depth": 4, "author_flair_background_color": null, "collapsed_because_crowd_control": null, "mod_reports": [], "mod_note": null, "distinguished": null, "_fetched": true}, {"_replies": ["cfqim7n"], "_submission": "1z1s07", "_reddit": "_reddit", "total_awards_received": 0, "approved_at_utc": null, "ups": 1, "awarders": [], "mod_reason_by": null, "banned_by": null, "author_flair_type": "text", "removal_reason": null, "link_id": "t3_1z1s07", "author_flair_template_id": null, "likes": null, "user_reports": [], "saved": false, "id": "cfqfff7", "banned_at_utc": null, "mod_reason_title": null, "gilded": 0, "archived": true, "no_follow": true, "author": "capnrefsmmat", "can_mod_post": false, "created_utc": 1393539589.0, "send_replies": true, "parent_id": "t1_cfqd6np", "score": 1, "author_fullname": "t2_3qa2k", "report_reasons": null, "approved_by": null, "all_awardings": [], "subreddit_id": "t5_2qhfi", "body": "1. Not sure I follow you. Are you talking about something like [figure 1 in this paper](http://www.biomedcentral.com/1471-2288/13/134), where the results are all consistent with each other but some CIs cover zero and some don't?\n2. Yeah, I mention this briefly in my draft but maybe should do it more justice.\n3. I'm going to devote a lot of space to estimating and interpreting effect sizes instead of just significance.", "edited": false, "author_flair_css_class": null, "is_submitter": false, "downs": 0, "author_flair_richtext": [], "author_patreon_flair": false, "body_html": "<div class=\"md\"><ol>\n<li>Not sure I follow you. Are you talking about something like <a href=\"http://www.biomedcentral.com/1471-2288/13/134\">figure 1 in this paper</a>, where the results are all consistent with each other but some CIs cover zero and some don&#39;t?</li>\n<li>Yeah, I mention this briefly in my draft but maybe should do it more justice.</li>\n<li>I&#39;m going to devote a lot of space to estimating and interpreting effect sizes instead of just significance.</li>\n</ol>\n</div>", "gildings": {}, "collapsed_reason": null, "associated_award": null, "stickied": false, "author_premium": false, "subreddit_type": "public", "can_gild": true, "subreddit": "statistics", "author_flair_text_color": null, "score_hidden": false, "permalink": "/r/statistics/comments/1z1s07/statistics_done_wrong_guide_to_the_most_popular/cfqfff7/", "num_reports": null, "locked": false, "name": "t1_cfqfff7", "created": 1393568389.0, "author_flair_text": null, "treatment_tags": [], "collapsed": false, "subreddit_name_prefixed": "r/statistics", "controversiality": 0, "depth": 5, "author_flair_background_color": null, "collapsed_because_crowd_control": null, "mod_reports": [], "mod_note": null, "distinguished": null, "_fetched": true}, {"_replies": ["cfqkzk3"], "_submission": "1z1s07", "_reddit": "_reddit", "total_awards_received": 0, "approved_at_utc": null, "ups": 1, "awarders": [], "mod_reason_by": null, "banned_by": null, "author_flair_type": "text", "removal_reason": null, "link_id": "t3_1z1s07", "author_flair_template_id": null, "likes": null, "user_reports": [], "saved": false, "id": "cfqim7n", "banned_at_utc": null, "mod_reason_title": null, "gilded": 0, "archived": true, "no_follow": true, "author": "dza76wutang", "can_mod_post": false, "send_replies": true, "parent_id": "t1_cfqfff7", "score": 1, "author_fullname": "t2_6xi4s", "report_reasons": null, "approved_by": null, "all_awardings": [], "subreddit_id": "t5_2qhfi", "body": "2006 and 2010 straddle 1.0 which would imply no effect is within the realm of plausible outcomes. It's analogous to when CIs straddle 0. The founder of this site (http://www.thennt.com/) does a great job explaining the issue as it pertains to healthcare.", "edited": false, "downs": 0, "author_flair_css_class": null, "is_submitter": false, "collapsed": false, "author_flair_richtext": [], "author_patreon_flair": false, "body_html": "<div class=\"md\"><p>2006 and 2010 straddle 1.0 which would imply no effect is within the realm of plausible outcomes. It&#39;s analogous to when CIs straddle 0. The founder of this site (<a href=\"http://www.thennt.com/\">http://www.thennt.com/</a>) does a great job explaining the issue as it pertains to healthcare.</p>\n</div>", "gildings": {}, "collapsed_reason": null, "associated_award": null, "stickied": false, "author_premium": false, "subreddit_type": "public", "can_gild": true, "subreddit": "statistics", "author_flair_text_color": null, "score_hidden": false, "permalink": "/r/statistics/comments/1z1s07/statistics_done_wrong_guide_to_the_most_popular/cfqim7n/", "num_reports": null, "locked": false, "name": "t1_cfqim7n", "created": 1393575198.0, "author_flair_text": null, "treatment_tags": [], "created_utc": 1393546398.0, "subreddit_name_prefixed": "r/statistics", "controversiality": 0, "depth": 6, "author_flair_background_color": null, "collapsed_because_crowd_control": null, "mod_reports": [], "mod_note": null, "distinguished": null, "_fetched": true}, {"_replies": ["cfqoa4a"], "_submission": "1z1s07", "_reddit": "_reddit", "total_awards_received": 0, "approved_at_utc": null, "ups": 1, "awarders": [], "mod_reason_by": null, "banned_by": null, "author_flair_type": "text", "removal_reason": null, "link_id": "t3_1z1s07", "author_flair_template_id": null, "likes": null, "user_reports": [], "saved": false, "id": "cfqkzk3", "banned_at_utc": null, "mod_reason_title": null, "gilded": 0, "archived": true, "no_follow": true, "author": "capnrefsmmat", "can_mod_post": false, "send_replies": true, "parent_id": "t1_cfqim7n", "score": 1, "author_fullname": "t2_3qa2k", "report_reasons": null, "approved_by": null, "all_awardings": [], "subreddit_id": "t5_2qhfi", "collapsed": false, "body": "So you're saying people don't realize that a CI including 1.0 -- instead of 0.0, the usual bar for other tests -- fails to reject the null when you're using RRs?", "edited": false, "author_flair_css_class": null, "is_submitter": false, "downs": 0, "author_flair_richtext": [], "author_patreon_flair": false, "body_html": "<div class=\"md\"><p>So you&#39;re saying people don&#39;t realize that a CI including 1.0 -- instead of 0.0, the usual bar for other tests -- fails to reject the null when you&#39;re using RRs?</p>\n</div>", "gildings": {}, "collapsed_reason": null, "associated_award": null, "stickied": false, "author_premium": false, "subreddit_type": "public", "can_gild": true, "subreddit": "statistics", "author_flair_text_color": null, "score_hidden": false, "permalink": "/r/statistics/comments/1z1s07/statistics_done_wrong_guide_to_the_most_popular/cfqkzk3/", "num_reports": null, "locked": false, "name": "t1_cfqkzk3", "created": 1393580455.0, "author_flair_text": null, "treatment_tags": [], "created_utc": 1393551655.0, "subreddit_name_prefixed": "r/statistics", "controversiality": 0, "depth": 7, "author_flair_background_color": null, "collapsed_because_crowd_control": null, "mod_reports": [], "mod_note": null, "distinguished": null, "_fetched": true}, {"_replies": ["cfqwhui"], "_submission": "1z1s07", "_reddit": "_reddit", "total_awards_received": 0, "approved_at_utc": null, "ups": 1, "awarders": [], "mod_reason_by": null, "banned_by": null, "author_flair_type": "text", "removal_reason": null, "link_id": "t3_1z1s07", "author_flair_template_id": null, "likes": null, "user_reports": [], "saved": false, "id": "cfqoa4a", "banned_at_utc": null, "mod_reason_title": null, "gilded": 0, "archived": true, "no_follow": true, "author": "dza76wutang", "can_mod_post": false, "created_utc": 1393559004.0, "send_replies": true, "parent_id": "t1_cfqkzk3", "score": 1, "author_fullname": "t2_6xi4s", "report_reasons": null, "approved_by": null, "all_awardings": [], "subreddit_id": "t5_2qhfi", "body": "Yes, exactly. They'll get something like \"the RRR for the study was 1.1 (95% CI was .9 to 1.2) so we conclude such and such does increase risk\".", "edited": false, "author_flair_css_class": null, "is_submitter": false, "downs": 0, "author_flair_richtext": [], "author_patreon_flair": false, "body_html": "<div class=\"md\"><p>Yes, exactly. They&#39;ll get something like &quot;the RRR for the study was 1.1 (95% CI was .9 to 1.2) so we conclude such and such does increase risk&quot;.</p>\n</div>", "gildings": {}, "collapsed_reason": null, "associated_award": null, "stickied": false, "author_premium": false, "subreddit_type": "public", "can_gild": true, "subreddit": "statistics", "author_flair_text_color": null, "score_hidden": false, "permalink": "/r/statistics/comments/1z1s07/statistics_done_wrong_guide_to_the_most_popular/cfqoa4a/", "num_reports": null, "locked": false, "name": "t1_cfqoa4a", "created": 1393587804.0, "author_flair_text": null, "treatment_tags": [], "collapsed": false, "subreddit_name_prefixed": "r/statistics", "controversiality": 0, "depth": 8, "author_flair_background_color": null, "collapsed_because_crowd_control": null, "mod_reports": [], "mod_note": null, "distinguished": null, "_fetched": true}, {"_replies": ["cfqx1al"], "_submission": "1z1s07", "_reddit": "_reddit", "total_awards_received": 0, "approved_at_utc": null, "ups": 1, "awarders": [], "mod_reason_by": null, "banned_by": null, "author_flair_type": "text", "removal_reason": null, "link_id": "t3_1z1s07", "author_flair_template_id": null, "likes": null, "user_reports": [], "saved": false, "id": "cfqwhui", "banned_at_utc": null, "mod_reason_title": null, "gilded": 0, "archived": true, "no_follow": true, "author": "capnrefsmmat", "can_mod_post": false, "send_replies": true, "parent_id": "t1_cfqoa4a", "score": 1, "author_fullname": "t2_3qa2k", "report_reasons": null, "approved_by": null, "all_awardings": [], "subreddit_id": "t5_2qhfi", "body": "That's... dumb. If you have any examples from published papers, I'd love to read them. That'd be hilarious.", "edited": false, "downs": 0, "author_flair_css_class": null, "is_submitter": false, "collapsed": false, "author_flair_richtext": [], "author_patreon_flair": false, "body_html": "<div class=\"md\"><p>That&#39;s... dumb. If you have any examples from published papers, I&#39;d love to read them. That&#39;d be hilarious.</p>\n</div>", "gildings": {}, "collapsed_reason": null, "associated_award": null, "stickied": false, "author_premium": false, "subreddit_type": "public", "can_gild": true, "subreddit": "statistics", "author_flair_text_color": null, "score_hidden": false, "permalink": "/r/statistics/comments/1z1s07/statistics_done_wrong_guide_to_the_most_popular/cfqwhui/", "num_reports": null, "locked": false, "name": "t1_cfqwhui", "created": 1393623043.0, "author_flair_text": null, "treatment_tags": [], "created_utc": 1393594243.0, "subreddit_name_prefixed": "r/statistics", "controversiality": 0, "depth": 9, "author_flair_background_color": null, "collapsed_because_crowd_control": null, "mod_reports": [], "mod_note": null, "distinguished": null, "_fetched": true}, {"_replies": ["cfqyy8s"], "_submission": "1z1s07", "_reddit": "_reddit", "total_awards_received": 0, "approved_at_utc": null, "ups": 1, "awarders": [], "mod_reason_by": null, "banned_by": null, "author_flair_type": "text", "removal_reason": null, "link_id": "t3_1z1s07", "author_flair_template_id": null, "likes": null, "user_reports": [], "saved": false, "id": "cfqx1al", "banned_at_utc": null, "mod_reason_title": null, "gilded": 0, "archived": true, "no_follow": true, "author": "dza76wutang", "can_mod_post": false, "send_replies": true, "parent_id": "t1_cfqwhui", "score": 1, "author_fullname": "t2_6xi4s", "report_reasons": null, "approved_by": null, "all_awardings": [], "subreddit_id": "t5_2qhfi", "collapsed": false, "body": "This is a post of mine from an anti-meat message thread:\n\nFrom the Harvard study I was linked to this paper which seems pretty solid: http://www.ncbi.nlm.nih.gov/pmc/articles/PMC2946797/\n\nIt's about heart disease and red meat, not bowel cancer, but still a significant health risk. I'll go through the results to show how even a study as well done as this one can be misleading.\n\nTable 1: I only skimmed this, but it's great at first blush, there's no obvious reported confounder to muddy the waters re: meat. For example, imagine a cohort that was 90% smokers.\n\nTable 2: Relative risks. Here's where the study is being naughty. Relative risks are being reported as, for example, 1.29 = 29% more likely to have a heart attack (1.29 = multi-variable, red meat and processed, highest quintile for meat eating). This is some scary stuff. But it's not considering the base risk, more on this below. RR's should be 40-50 to 1 to cite a causal link, consider smoking vs nonsmoking and lung cancer. In a multi-decade study of ~84K women, around 3K had an episode of heart disease (roughly 2:1 non-fatal vs fatal). This would imply a base risk of ~4%, so a 1.29 to 1 risk multiplier puts the 4% to a knee-knockingly terrifying...5.16%. The MV value for RR for 1+ meat servings was 1.16 (bottom right corner). Which means the RR for a CHD episode is only 1.16 * 4% = 4.64%.\n\nAccording to the study, consumption of 1+ servings of red meat every day increases your risk by ~.64%. For poultry the RR is .9 and for fish it is .81 leading to ~3.60% and 3.24%. Assuming the 4% observed in the study can be extrapolated broadly.\n\nAnother example of naughtiness is the RR confidence intervals for Red Meat excluding processed meats. Note how many of the CI's straddle 1.0, this means the possibility of no impact is in the CI, and any value below 1.0 implies it might reduce risk. Look how many CIs straddle 1.0.\n\nTable 3: Food by food and we see CIs straddling 1.0.\n\nIn conclusion, while there may be an increased risk of CHD associated with red meat consumption, it's tiny. Given how complex CHD is, it's a stretch to claim a causal relationship, especially considering how low the RRs are in the grand scheme.\n\nEDIT: FWIW, I have a masters in math and work in healthcare analytics so I'm not just some shlep who is white knighting steak.\n\nEDIT II: Check this out http://www.worldlifeexpectancy.com/cause-of-death/coronary-heart-disease/by-country/ you'll see Argentina (arguably the highest beef eating country in the world) has one of the LOWEST per 100K incidence of death via coronary artery disease. Turmekenstan has the highest CAD death rate and a far lower meat consumption rate than Argentina (http://vegetarian.procon.org/view.resource.php?resourceID=004748). This is imprecise but it does offer a directional macro perspective on beef and heart disease.\n", "edited": false, "author_flair_css_class": null, "is_submitter": false, "downs": 0, "author_flair_richtext": [], "author_patreon_flair": false, "body_html": "<div class=\"md\"><p>This is a post of mine from an anti-meat message thread:</p>\n\n<p>From the Harvard study I was linked to this paper which seems pretty solid: <a href=\"http://www.ncbi.nlm.nih.gov/pmc/articles/PMC2946797/\">http://www.ncbi.nlm.nih.gov/pmc/articles/PMC2946797/</a></p>\n\n<p>It&#39;s about heart disease and red meat, not bowel cancer, but still a significant health risk. I&#39;ll go through the results to show how even a study as well done as this one can be misleading.</p>\n\n<p>Table 1: I only skimmed this, but it&#39;s great at first blush, there&#39;s no obvious reported confounder to muddy the waters re: meat. For example, imagine a cohort that was 90% smokers.</p>\n\n<p>Table 2: Relative risks. Here&#39;s where the study is being naughty. Relative risks are being reported as, for example, 1.29 = 29% more likely to have a heart attack (1.29 = multi-variable, red meat and processed, highest quintile for meat eating). This is some scary stuff. But it&#39;s not considering the base risk, more on this below. RR&#39;s should be 40-50 to 1 to cite a causal link, consider smoking vs nonsmoking and lung cancer. In a multi-decade study of ~84K women, around 3K had an episode of heart disease (roughly 2:1 non-fatal vs fatal). This would imply a base risk of ~4%, so a 1.29 to 1 risk multiplier puts the 4% to a knee-knockingly terrifying...5.16%. The MV value for RR for 1+ meat servings was 1.16 (bottom right corner). Which means the RR for a CHD episode is only 1.16 * 4% = 4.64%.</p>\n\n<p>According to the study, consumption of 1+ servings of red meat every day increases your risk by ~.64%. For poultry the RR is .9 and for fish it is .81 leading to ~3.60% and 3.24%. Assuming the 4% observed in the study can be extrapolated broadly.</p>\n\n<p>Another example of naughtiness is the RR confidence intervals for Red Meat excluding processed meats. Note how many of the CI&#39;s straddle 1.0, this means the possibility of no impact is in the CI, and any value below 1.0 implies it might reduce risk. Look how many CIs straddle 1.0.</p>\n\n<p>Table 3: Food by food and we see CIs straddling 1.0.</p>\n\n<p>In conclusion, while there may be an increased risk of CHD associated with red meat consumption, it&#39;s tiny. Given how complex CHD is, it&#39;s a stretch to claim a causal relationship, especially considering how low the RRs are in the grand scheme.</p>\n\n<p>EDIT: FWIW, I have a masters in math and work in healthcare analytics so I&#39;m not just some shlep who is white knighting steak.</p>\n\n<p>EDIT II: Check this out <a href=\"http://www.worldlifeexpectancy.com/cause-of-death/coronary-heart-disease/by-country/\">http://www.worldlifeexpectancy.com/cause-of-death/coronary-heart-disease/by-country/</a> you&#39;ll see Argentina (arguably the highest beef eating country in the world) has one of the LOWEST per 100K incidence of death via coronary artery disease. Turmekenstan has the highest CAD death rate and a far lower meat consumption rate than Argentina (<a href=\"http://vegetarian.procon.org/view.resource.php?resourceID=004748\">http://vegetarian.procon.org/view.resource.php?resourceID=004748</a>). This is imprecise but it does offer a directional macro perspective on beef and heart disease.</p>\n</div>", "gildings": {}, "collapsed_reason": null, "associated_award": null, "stickied": false, "author_premium": false, "subreddit_type": "public", "can_gild": true, "subreddit": "statistics", "author_flair_text_color": null, "score_hidden": false, "permalink": "/r/statistics/comments/1z1s07/statistics_done_wrong_guide_to_the_most_popular/cfqx1al/", "num_reports": null, "locked": false, "name": "t1_cfqx1al", "created": 1393625073.0, "author_flair_text": null, "treatment_tags": [], "created_utc": 1393596273.0, "subreddit_name_prefixed": "r/statistics", "controversiality": 0, "depth": 1, "author_flair_background_color": null, "collapsed_because_crowd_control": null, "mod_reports": [], "mod_note": null, "distinguished": null, "_fetched": true}, {"_replies": ["cfr4bvu"], "_submission": "1z1s07", "_reddit": "_reddit", "total_awards_received": 0, "approved_at_utc": null, "ups": 2, "awarders": [], "mod_reason_by": null, "banned_by": null, "author_flair_type": "text", "removal_reason": null, "link_id": "t3_1z1s07", "author_flair_template_id": null, "likes": null, "user_reports": [], "saved": false, "id": "cfqyy8s", "banned_at_utc": null, "mod_reason_title": null, "gilded": 0, "archived": true, "no_follow": true, "author": "capnrefsmmat", "can_mod_post": false, "created_utc": 1393601774.0, "send_replies": true, "parent_id": "t1_cfqx1al", "score": 2, "author_fullname": "t2_3qa2k", "report_reasons": null, "approved_by": null, "all_awardings": [], "subreddit_id": "t5_2qhfi", "body": "> RR's should be 40-50 to 1 to cite a causal link\n\nWhere do you get this rule from?\n\nAs for the RRs in table 2, I don't see them as \"naughty.\" Naughty would be omitting those RRs because they're insignificant. The insignificant RRs are only for subsamples of the data, so I am not surprised.\n\nThis doesn't look like a problem specifically with the interpretation of RRs; it looks like you're expecting them to have significant results across all groups all the time. That's not plausible -- that would strike me as a sign of fraud.", "edited": false, "author_flair_css_class": null, "is_submitter": false, "downs": 0, "author_flair_richtext": [], "author_patreon_flair": false, "body_html": "<div class=\"md\"><blockquote>\n<p>RR&#39;s should be 40-50 to 1 to cite a causal link</p>\n</blockquote>\n\n<p>Where do you get this rule from?</p>\n\n<p>As for the RRs in table 2, I don&#39;t see them as &quot;naughty.&quot; Naughty would be omitting those RRs because they&#39;re insignificant. The insignificant RRs are only for subsamples of the data, so I am not surprised.</p>\n\n<p>This doesn&#39;t look like a problem specifically with the interpretation of RRs; it looks like you&#39;re expecting them to have significant results across all groups all the time. That&#39;s not plausible -- that would strike me as a sign of fraud.</p>\n</div>", "gildings": {}, "collapsed_reason": null, "associated_award": null, "stickied": false, "author_premium": false, "subreddit_type": "public", "can_gild": true, "subreddit": "statistics", "author_flair_text_color": null, "score_hidden": false, "permalink": "/r/statistics/comments/1z1s07/statistics_done_wrong_guide_to_the_most_popular/cfqyy8s/", "num_reports": null, "locked": false, "name": "t1_cfqyy8s", "created": 1393630574.0, "author_flair_text": null, "treatment_tags": [], "collapsed": false, "subreddit_name_prefixed": "r/statistics", "controversiality": 0, "depth": 2, "author_flair_background_color": null, "collapsed_because_crowd_control": null, "mod_reports": [], "mod_note": null, "distinguished": null, "_fetched": true}, {"_replies": [], "_submission": "1z1s07", "_reddit": "_reddit", "total_awards_received": 0, "approved_at_utc": null, "ups": 1, "awarders": [], "mod_reason_by": null, "banned_by": null, "author_flair_type": "text", "removal_reason": null, "link_id": "t3_1z1s07", "author_flair_template_id": null, "likes": null, "user_reports": [], "saved": false, "id": "cfr4bvu", "banned_at_utc": null, "mod_reason_title": null, "gilded": 0, "archived": true, "no_follow": true, "author": "dza76wutang", "can_mod_post": false, "send_replies": true, "parent_id": "t1_cfqyy8s", "score": 1, "author_fullname": "t2_6xi4s", "report_reasons": null, "approved_by": null, "all_awardings": [], "subreddit_id": "t5_2qhfi", "body": "There is nothing wrong with showing insignificant RR's the issue is moreso when claims like \"meat causes illness\" or \"meat is bad for humans\" get extrapolated from studies like this when the RRs are small or insignificant. In hindsight my language was imprecise due to rushing the post out.\n\nThe RR's need to be 40-50+ thing is a heuristic I've picked up while exploring epidemiology and evidence based medicine, I don't have a specific citation.", "edited": false, "downs": 0, "author_flair_css_class": null, "is_submitter": false, "collapsed": false, "author_flair_richtext": [], "author_patreon_flair": false, "body_html": "<div class=\"md\"><p>There is nothing wrong with showing insignificant RR&#39;s the issue is moreso when claims like &quot;meat causes illness&quot; or &quot;meat is bad for humans&quot; get extrapolated from studies like this when the RRs are small or insignificant. In hindsight my language was imprecise due to rushing the post out.</p>\n\n<p>The RR&#39;s need to be 40-50+ thing is a heuristic I&#39;ve picked up while exploring epidemiology and evidence based medicine, I don&#39;t have a specific citation.</p>\n</div>", "gildings": {}, "collapsed_reason": null, "associated_award": null, "stickied": false, "author_premium": false, "subreddit_type": "public", "can_gild": true, "subreddit": "statistics", "author_flair_text_color": null, "score_hidden": false, "permalink": "/r/statistics/comments/1z1s07/statistics_done_wrong_guide_to_the_most_popular/cfr4bvu/", "num_reports": null, "locked": false, "name": "t1_cfr4bvu", "created": 1393642401.0, "author_flair_text": null, "treatment_tags": [], "created_utc": 1393613601.0, "subreddit_name_prefixed": "r/statistics", "controversiality": 0, "depth": 3, "author_flair_background_color": null, "collapsed_because_crowd_control": null, "mod_reports": [], "mod_note": null, "distinguished": null, "_fetched": true}]}