{"_reddit": "_reddit", "approved_at_utc": null, "subreddit": "statistics", "selftext": "", "author_fullname": "t2_60j6t", "saved": false, "mod_reason_title": null, "gilded": 0, "clicked": false, "title": "Coursera's Data Analysis Starts Again today", "link_flair_richtext": [], "subreddit_name_prefixed": "r/statistics", "hidden": false, "pwls": 6, "link_flair_css_class": null, "downs": 0, "hide_score": false, "name": "t3_1pdy7o", "quarantine": false, "link_flair_text_color": "dark", "upvote_ratio": 0.88, "author_flair_background_color": null, "subreddit_type": "public", "ups": 38, "total_awards_received": 0, "media_embed": {}, "author_flair_template_id": null, "is_original_content": false, "user_reports": [], "secure_media": null, "is_reddit_media_domain": false, "is_meta": false, "category": null, "secure_media_embed": {}, "link_flair_text": null, "can_mod_post": false, "score": 38, "approved_by": null, "author_premium": false, "thumbnail": "", "edited": false, "author_flair_css_class": null, "author_flair_richtext": [], "gildings": {}, "content_categories": null, "is_self": false, "mod_note": null, "created": 1382999467.0, "link_flair_type": "text", "wls": 6, "removed_by_category": null, "banned_by": null, "author_flair_type": "text", "domain": "coursera.org", "allow_live_comments": false, "selftext_html": null, "likes": null, "suggested_sort": null, "banned_at_utc": null, "view_count": null, "archived": true, "no_follow": false, "is_crosspostable": true, "pinned": false, "over_18": false, "all_awardings": [], "awarders": [], "media_only": false, "can_gild": true, "spoiler": false, "locked": false, "author_flair_text": null, "treatment_tags": [], "visited": false, "removed_by": null, "num_reports": null, "distinguished": null, "subreddit_id": "t5_2qhfi", "mod_reason_by": null, "removal_reason": null, "link_flair_background_color": "", "id": "1pdy7o", "is_robot_indexable": true, "report_reasons": null, "author": "t_rex_tullis", "discussion_type": null, "num_comments": 9, "send_replies": false, "whitelist_status": "all_ads", "contest_mode": false, "mod_reports": [], "author_patreon_flair": false, "author_flair_text_color": null, "permalink": "/r/statistics/comments/1pdy7o/courseras_data_analysis_starts_again_today/", "parent_whitelist_status": "all_ads", "stickied": false, "url": "https://www.coursera.org/course/dataanalysis", "subreddit_subscribers": 106209, "created_utc": 1382970667.0, "num_crossposts": 0, "media": null, "is_video": false, "_fetched": false, "comment_limit": 2048, "comment_sort": "best", "_comments_by_id": {}, "_comments": [{"_replies": ["cd1h6yk", "cd1l8z1"], "_submission": "1pdy7o", "_reddit": "_reddit", "total_awards_received": 0, "approved_at_utc": null, "ups": 2, "awarders": [], "mod_reason_by": null, "banned_by": null, "author_flair_type": "text", "removal_reason": null, "link_id": "t3_1pdy7o", "author_flair_template_id": null, "likes": null, "user_reports": [], "saved": false, "id": "cd1f38t", "banned_at_utc": null, "mod_reason_title": null, "gilded": 0, "archived": true, "no_follow": true, "author": "Eurynom0s", "can_mod_post": false, "send_replies": true, "parent_id": "t3_1pdy7o", "score": 2, "author_fullname": "t2_4dmtf", "report_reasons": null, "approved_by": null, "all_awardings": [], "subreddit_id": "t5_2qhfi", "body": "So is this worth your time if you've already taken an intro statistics course? This seems like it's just intro stats with a focus on how to do everything in R--just want to make sure I'm interpreting the course description correctly.", "edited": false, "downs": 0, "author_flair_css_class": null, "is_submitter": false, "collapsed": false, "author_flair_richtext": [], "author_patreon_flair": false, "body_html": "<div class=\"md\"><p>So is this worth your time if you&#39;ve already taken an intro statistics course? This seems like it&#39;s just intro stats with a focus on how to do everything in R--just want to make sure I&#39;m interpreting the course description correctly.</p>\n</div>", "gildings": {}, "collapsed_reason": null, "associated_award": null, "stickied": false, "author_premium": true, "subreddit_type": "public", "can_gild": true, "subreddit": "statistics", "author_flair_text_color": null, "score_hidden": false, "permalink": "/r/statistics/comments/1pdy7o/courseras_data_analysis_starts_again_today/cd1f38t/", "num_reports": null, "locked": false, "name": "t1_cd1f38t", "created": 1383007832.0, "author_flair_text": null, "treatment_tags": [], "created_utc": 1382979032.0, "subreddit_name_prefixed": "r/statistics", "controversiality": 0, "depth": 0, "author_flair_background_color": null, "collapsed_because_crowd_control": null, "mod_reports": [], "mod_note": null, "distinguished": null, "_fetched": true}, {"_replies": ["cd1sfcn"], "_submission": "1pdy7o", "_reddit": "_reddit", "total_awards_received": 0, "approved_at_utc": null, "ups": 1, "awarders": [], "mod_reason_by": null, "banned_by": null, "author_flair_type": "text", "removal_reason": null, "link_id": "t3_1pdy7o", "author_flair_template_id": null, "likes": null, "user_reports": [], "saved": false, "id": "cd1ddiz", "banned_at_utc": null, "mod_reason_title": null, "gilded": 0, "archived": true, "no_follow": true, "author": "xkGEB", "can_mod_post": false, "send_replies": true, "parent_id": "t3_1pdy7o", "score": 1, "author_fullname": "t2_b7diy", "report_reasons": null, "approved_by": null, "all_awardings": [], "subreddit_id": "t5_2qhfi", "body": "I just completed \"computing for data analysis\" and have enrolled in this. Anyone looking for a study partner PM me. Australian living in Japan.", "edited": false, "downs": 0, "author_flair_css_class": null, "is_submitter": false, "collapsed": false, "author_flair_richtext": [], "author_patreon_flair": false, "body_html": "<div class=\"md\"><p>I just completed &quot;computing for data analysis&quot; and have enrolled in this. Anyone looking for a study partner PM me. Australian living in Japan.</p>\n</div>", "gildings": {}, "collapsed_reason": null, "associated_award": null, "stickied": false, "author_premium": false, "subreddit_type": "public", "can_gild": true, "subreddit": "statistics", "author_flair_text_color": null, "score_hidden": false, "permalink": "/r/statistics/comments/1pdy7o/courseras_data_analysis_starts_again_today/cd1ddiz/", "num_reports": null, "locked": false, "name": "t1_cd1ddiz", "created": 1383003428.0, "author_flair_text": null, "treatment_tags": [], "created_utc": 1382974628.0, "subreddit_name_prefixed": "r/statistics", "controversiality": 0, "depth": 0, "author_flair_background_color": null, "collapsed_because_crowd_control": null, "mod_reports": [], "mod_note": null, "distinguished": null, "_fetched": true}, {"_replies": [], "_submission": "1pdy7o", "_reddit": "_reddit", "total_awards_received": 0, "approved_at_utc": null, "ups": 1, "awarders": [], "mod_reason_by": null, "banned_by": null, "author_flair_type": "text", "removal_reason": null, "link_id": "t3_1pdy7o", "author_flair_template_id": null, "likes": null, "user_reports": [], "saved": false, "id": "cd1l8z1", "banned_at_utc": null, "mod_reason_title": null, "gilded": 0, "archived": true, "no_follow": true, "author": "tmalsburg2", "can_mod_post": false, "send_replies": true, "parent_id": "t1_cd1f38t", "score": 1, "author_fullname": "t2_3aprx", "report_reasons": null, "approved_by": null, "all_awardings": [], "subreddit_id": "t5_2qhfi", "collapsed": false, "body": "From the video:\n\n> We'll start from the basics for people who've never done a data analysis.", "edited": false, "author_flair_css_class": null, "is_submitter": false, "downs": 0, "author_flair_richtext": [], "author_patreon_flair": false, "body_html": "<div class=\"md\"><p>From the video:</p>\n\n<blockquote>\n<p>We&#39;ll start from the basics for people who&#39;ve never done a data analysis.</p>\n</blockquote>\n</div>", "gildings": {}, "collapsed_reason": null, "associated_award": null, "stickied": false, "author_premium": false, "subreddit_type": "public", "can_gild": true, "subreddit": "statistics", "author_flair_text_color": null, "score_hidden": false, "permalink": "/r/statistics/comments/1pdy7o/courseras_data_analysis_starts_again_today/cd1l8z1/", "num_reports": null, "locked": false, "name": "t1_cd1l8z1", "created": 1383022381.0, "author_flair_text": null, "treatment_tags": [], "created_utc": 1382993581.0, "subreddit_name_prefixed": "r/statistics", "controversiality": 0, "depth": 1, "author_flair_background_color": null, "collapsed_because_crowd_control": null, "mod_reports": [], "mod_note": null, "distinguished": null, "_fetched": true}, {"_replies": ["cd1t8t6"], "_submission": "1pdy7o", "_reddit": "_reddit", "total_awards_received": 0, "approved_at_utc": null, "ups": 1, "awarders": [], "mod_reason_by": null, "banned_by": null, "author_flair_type": "text", "removal_reason": null, "link_id": "t3_1pdy7o", "author_flair_template_id": null, "likes": null, "user_reports": [], "saved": false, "id": "cd1ss5n", "banned_at_utc": null, "mod_reason_title": null, "gilded": 0, "archived": true, "no_follow": true, "author": "RobMagus", "can_mod_post": false, "created_utc": 1383011389.0, "send_replies": true, "parent_id": "t1_cd1sfcn", "score": 1, "author_fullname": "t2_4mb4l", "report_reasons": null, "approved_by": null, "all_awardings": [], "subreddit_id": "t5_2qhfi", "body": "Feedback is essential for learning.", "edited": false, "author_flair_css_class": null, "is_submitter": false, "downs": 0, "author_flair_richtext": [], "author_patreon_flair": false, "body_html": "<div class=\"md\"><p>Feedback is essential for learning.</p>\n</div>", "gildings": {}, "collapsed_reason": null, "associated_award": null, "stickied": false, "author_premium": false, "subreddit_type": "public", "can_gild": true, "subreddit": "statistics", "author_flair_text_color": null, "score_hidden": false, "permalink": "/r/statistics/comments/1pdy7o/courseras_data_analysis_starts_again_today/cd1ss5n/", "num_reports": null, "locked": false, "name": "t1_cd1ss5n", "created": 1383040189.0, "author_flair_text": null, "treatment_tags": [], "collapsed": false, "subreddit_name_prefixed": "r/statistics", "controversiality": 0, "depth": 2, "author_flair_background_color": null, "collapsed_because_crowd_control": null, "mod_reports": [], "mod_note": null, "distinguished": null, "_fetched": true}, {"_replies": [], "_submission": "1pdy7o", "_reddit": "_reddit", "total_awards_received": 0, "approved_at_utc": null, "ups": 2, "awarders": [], "mod_reason_by": null, "banned_by": null, "author_flair_type": "text", "removal_reason": null, "link_id": "t3_1pdy7o", "author_flair_template_id": null, "likes": null, "user_reports": [], "saved": false, "id": "cd1x4kl", "banned_at_utc": null, "mod_reason_title": null, "gilded": 0, "archived": true, "no_follow": true, "author": "naught101", "can_mod_post": false, "send_replies": true, "parent_id": "t1_cd1t8t6", "score": 2, "author_fullname": "t2_9hcus", "report_reasons": null, "approved_by": null, "all_awardings": [], "subreddit_id": "t5_2qhfi", "collapsed": false, "body": "Pride/self-esteem/competitiveness?", "edited": false, "author_flair_css_class": null, "is_submitter": false, "downs": 0, "author_flair_richtext": [], "author_patreon_flair": false, "body_html": "<div class=\"md\"><p>Pride/self-esteem/competitiveness?</p>\n</div>", "gildings": {}, "collapsed_reason": null, "associated_award": null, "stickied": false, "author_premium": false, "subreddit_type": "public", "can_gild": true, "subreddit": "statistics", "author_flair_text_color": null, "score_hidden": false, "permalink": "/r/statistics/comments/1pdy7o/courseras_data_analysis_starts_again_today/cd1x4kl/", "num_reports": null, "locked": false, "name": "t1_cd1x4kl", "created": 1383050590.0, "author_flair_text": null, "treatment_tags": [], "created_utc": 1383021790.0, "subreddit_name_prefixed": "r/statistics", "controversiality": 0, "depth": 4, "author_flair_background_color": null, "collapsed_because_crowd_control": null, "mod_reports": [], "mod_note": null, "distinguished": null, "_fetched": true}]}