{"_reddit": "_reddit", "approved_at_utc": null, "subreddit": "statistics", "selftext": "", "author_fullname": "t2_4lsb5", "saved": false, "mod_reason_title": null, "gilded": 0, "clicked": false, "title": "A surge of p-values between 0.041 and 0.049 in recent decades (but negative results are increasing rapidly too) [PeerJ]", "link_flair_richtext": [], "subreddit_name_prefixed": "r/statistics", "hidden": false, "pwls": 6, "link_flair_css_class": null, "downs": 0, "hide_score": false, "name": "t3_2u4nzo", "quarantine": false, "link_flair_text_color": "dark", "upvote_ratio": 0.94, "author_flair_background_color": null, "subreddit_type": "public", "ups": 52, "total_awards_received": 0, "media_embed": {}, "author_flair_template_id": null, "is_original_content": false, "user_reports": [], "secure_media": null, "is_reddit_media_domain": false, "is_meta": false, "category": null, "secure_media_embed": {}, "link_flair_text": null, "can_mod_post": false, "score": 52, "approved_by": null, "author_premium": false, "thumbnail": "", "edited": false, "author_flair_css_class": null, "author_flair_richtext": [], "gildings": {}, "content_categories": null, "is_self": false, "mod_note": null, "created": 1422598238.0, "link_flair_type": "text", "wls": 6, "removed_by_category": null, "banned_by": null, "author_flair_type": "text", "domain": "peerj.com", "allow_live_comments": false, "selftext_html": null, "likes": null, "suggested_sort": null, "banned_at_utc": null, "view_count": null, "archived": true, "no_follow": false, "is_crosspostable": true, "pinned": false, "over_18": false, "all_awardings": [], "awarders": [], "media_only": false, "can_gild": true, "spoiler": false, "locked": false, "author_flair_text": null, "treatment_tags": [], "visited": false, "removed_by": null, "num_reports": null, "distinguished": null, "subreddit_id": "t5_2qhfi", "mod_reason_by": null, "removal_reason": null, "link_flair_background_color": "", "id": "2u4nzo", "is_robot_indexable": true, "report_reasons": null, "author": "RandomFlotsam", "discussion_type": null, "num_comments": 5, "send_replies": true, "whitelist_status": "all_ads", "contest_mode": false, "mod_reports": [], "author_patreon_flair": false, "author_flair_text_color": null, "permalink": "/r/statistics/comments/2u4nzo/a_surge_of_pvalues_between_0041_and_0049_in/", "parent_whitelist_status": "all_ads", "stickied": false, "url": "https://peerj.com/articles/733/", "subreddit_subscribers": 106209, "created_utc": 1422569438.0, "num_crossposts": 0, "media": null, "is_video": false, "_fetched": false, "comment_limit": 2048, "comment_sort": "best", "_comments_by_id": {}, "_comments": [{"_replies": ["co5yz2s"], "_submission": "2u4nzo", "_reddit": "_reddit", "total_awards_received": 0, "approved_at_utc": null, "ups": 10, "awarders": [], "mod_reason_by": null, "banned_by": null, "author_flair_type": "text", "removal_reason": null, "link_id": "t3_2u4nzo", "author_flair_template_id": null, "likes": null, "user_reports": [], "saved": false, "id": "co5xn4a", "banned_at_utc": null, "mod_reason_title": null, "gilded": 0, "archived": true, "no_follow": false, "author": "smfinator", "can_mod_post": false, "send_replies": true, "parent_id": "t3_2u4nzo", "score": 10, "author_fullname": "t2_d4rnb", "report_reasons": null, "approved_by": null, "all_awardings": [], "subreddit_id": "t5_2qhfi", "body": "You're going to alienate some of your potential readership with the language you use to distinguish natural and social sciences (i.e., \"hard\" vs. \"soft\").", "edited": false, "downs": 0, "author_flair_css_class": null, "is_submitter": false, "collapsed": false, "author_flair_richtext": [], "author_patreon_flair": false, "body_html": "<div class=\"md\"><p>You&#39;re going to alienate some of your potential readership with the language you use to distinguish natural and social sciences (i.e., &quot;hard&quot; vs. &quot;soft&quot;).</p>\n</div>", "gildings": {}, "collapsed_reason": null, "associated_award": null, "stickied": false, "author_premium": false, "subreddit_type": "public", "can_gild": true, "subreddit": "statistics", "author_flair_text_color": null, "score_hidden": false, "permalink": "/r/statistics/comments/2u4nzo/a_surge_of_pvalues_between_0041_and_0049_in/co5xn4a/", "num_reports": null, "locked": false, "name": "t1_co5xn4a", "created": 1422670577.0, "author_flair_text": null, "treatment_tags": [], "created_utc": 1422641777.0, "subreddit_name_prefixed": "r/statistics", "controversiality": 0, "depth": 0, "author_flair_background_color": null, "collapsed_because_crowd_control": null, "mod_reports": [], "mod_note": null, "distinguished": null, "_fetched": true}, {"_replies": ["co6768a"], "_submission": "2u4nzo", "_reddit": "_reddit", "total_awards_received": 0, "approved_at_utc": null, "ups": 5, "awarders": [], "mod_reason_by": null, "banned_by": null, "author_flair_type": "text", "removal_reason": null, "link_id": "t3_2u4nzo", "author_flair_template_id": null, "likes": null, "user_reports": [], "saved": false, "id": "co5yz2s", "banned_at_utc": null, "mod_reason_title": null, "gilded": 0, "archived": true, "no_follow": false, "author": "DrGar", "can_mod_post": false, "send_replies": true, "parent_id": "t1_co5xn4a", "score": 5, "author_fullname": "t2_cy6o9", "report_reasons": null, "approved_by": null, "all_awardings": [], "subreddit_id": "t5_2qhfi", "collapsed": false, "body": "I agree, especially since it seems like informal language for a published work. I'm surprised it got past editors in an abstract at a new journal who are likely trying to build a reputation of excellence. \n\nEven still, I'm sure most people across the research spectrum will agree at least to some extent with [this comic](http://xkcd.com/435/). Though I have always thought that the \"harder\" research problems lay to the left hand side of that scale, since the systems are inherently more complex. So I can certainly understand the appeal of sociological research, just based on the inherent difficulty of the problems faced. I can also understand the perspective that we may not yet have the tools available to address such problems in a truly satisfactory way...but when the problems are so important, it certainly behooves us to still attempt to address the issues to the best of our current abilities. I guess, given my above perspective, it makes sense that I have landed somewhere in the middle studying computational biology.", "edited": false, "author_flair_css_class": null, "is_submitter": false, "downs": 0, "author_flair_richtext": [], "author_patreon_flair": false, "body_html": "<div class=\"md\"><p>I agree, especially since it seems like informal language for a published work. I&#39;m surprised it got past editors in an abstract at a new journal who are likely trying to build a reputation of excellence. </p>\n\n<p>Even still, I&#39;m sure most people across the research spectrum will agree at least to some extent with <a href=\"http://xkcd.com/435/\">this comic</a>. Though I have always thought that the &quot;harder&quot; research problems lay to the left hand side of that scale, since the systems are inherently more complex. So I can certainly understand the appeal of sociological research, just based on the inherent difficulty of the problems faced. I can also understand the perspective that we may not yet have the tools available to address such problems in a truly satisfactory way...but when the problems are so important, it certainly behooves us to still attempt to address the issues to the best of our current abilities. I guess, given my above perspective, it makes sense that I have landed somewhere in the middle studying computational biology.</p>\n</div>", "gildings": {}, "collapsed_reason": null, "associated_award": null, "stickied": false, "author_premium": false, "subreddit_type": "public", "can_gild": true, "subreddit": "statistics", "author_flair_text_color": null, "score_hidden": false, "permalink": "/r/statistics/comments/2u4nzo/a_surge_of_pvalues_between_0041_and_0049_in/co5yz2s/", "num_reports": null, "locked": false, "name": "t1_co5yz2s", "created": 1422672687.0, "author_flair_text": null, "treatment_tags": [], "created_utc": 1422643887.0, "subreddit_name_prefixed": "r/statistics", "controversiality": 0, "depth": 1, "author_flair_background_color": null, "collapsed_because_crowd_control": null, "mod_reports": [], "mod_note": null, "distinguished": null, "_fetched": true}, {"_replies": ["co676nm"], "_submission": "2u4nzo", "_reddit": "_reddit", "total_awards_received": 0, "approved_at_utc": null, "ups": 2, "awarders": [], "mod_reason_by": null, "banned_by": null, "author_flair_type": "text", "removal_reason": null, "link_id": "t3_2u4nzo", "author_flair_template_id": null, "likes": null, "user_reports": [], "saved": false, "id": "co6768a", "banned_at_utc": null, "mod_reason_title": null, "gilded": 0, "archived": true, "no_follow": true, "author": "RandomFlotsam", "can_mod_post": false, "created_utc": 1422657083.0, "send_replies": true, "parent_id": "t1_co5yz2s", "score": 2, "author_fullname": "t2_4lsb5", "report_reasons": null, "approved_by": null, "all_awardings": [], "subreddit_id": "t5_2qhfi", "body": "XKCD?  Monday's release dove-tailed quite nicely with the PeerJ article:\n\nhttp://www.xkcd.com/1478/", "edited": false, "author_flair_css_class": null, "is_submitter": true, "downs": 0, "author_flair_richtext": [], "author_patreon_flair": false, "body_html": "<div class=\"md\"><p>XKCD?  Monday&#39;s release dove-tailed quite nicely with the PeerJ article:</p>\n\n<p><a href=\"http://www.xkcd.com/1478/\">http://www.xkcd.com/1478/</a></p>\n</div>", "gildings": {}, "collapsed_reason": null, "associated_award": null, "stickied": false, "author_premium": false, "subreddit_type": "public", "can_gild": true, "subreddit": "statistics", "author_flair_text_color": null, "score_hidden": false, "permalink": "/r/statistics/comments/2u4nzo/a_surge_of_pvalues_between_0041_and_0049_in/co6768a/", "num_reports": null, "locked": false, "name": "t1_co6768a", "created": 1422685883.0, "author_flair_text": null, "treatment_tags": [], "collapsed": false, "subreddit_name_prefixed": "r/statistics", "controversiality": 0, "depth": 2, "author_flair_background_color": null, "collapsed_because_crowd_control": null, "mod_reports": [], "mod_note": null, "distinguished": null, "_fetched": true}, {"_replies": [], "_submission": "2u4nzo", "_reddit": "_reddit", "total_awards_received": 0, "approved_at_utc": null, "ups": 2, "awarders": [], "mod_reason_by": null, "banned_by": null, "author_flair_type": "text", "removal_reason": null, "link_id": "t3_2u4nzo", "author_flair_template_id": null, "likes": null, "user_reports": [], "saved": false, "id": "co676nm", "banned_at_utc": null, "mod_reason_title": null, "gilded": 0, "archived": true, "no_follow": true, "author": "xkcd_transcriber", "can_mod_post": false, "send_replies": true, "parent_id": "t1_co6768a", "score": 2, "author_fullname": "t2_dfop1", "report_reasons": null, "approved_by": null, "all_awardings": [], "subreddit_id": "t5_2qhfi", "body": "[Image](http://imgs.xkcd.com/comics/p_values.png)\n\n**Title:** P-Values\n\n**Title-text:** If all else fails, use \"signifcant at a p>0.05 level\" and hope no one notices.\n\n[Comic Explanation](http://www.explainxkcd.com/wiki/index.php/1478#Explanation)\n\n**Stats:** This comic has been referenced 7 times, representing 0.0140% of referenced xkcds.\n\n---\n^[xkcd.com](http://www.xkcd.com) ^| ^[xkcd\u00a0sub](http://www.reddit.com/r/xkcd/) ^| ^[Problems/Bugs?](http://www.reddit.com/r/xkcd_transcriber/) ^| ^[Statistics](http://xkcdref.info/statistics/) ^| ^[Stop\u00a0Replying](http://reddit.com/message/compose/?to=xkcd_transcriber&subject=ignore%20me&message=ignore%20me) ^| ^[Delete](http://reddit.com/message/compose/?to=xkcd_transcriber&subject=delete&message=delete%20t1_co676nm)", "edited": false, "downs": 0, "author_flair_css_class": null, "is_submitter": false, "collapsed": false, "author_flair_richtext": [], "author_patreon_flair": false, "body_html": "<div class=\"md\"><p><a href=\"http://imgs.xkcd.com/comics/p_values.png\">Image</a></p>\n\n<p><strong>Title:</strong> P-Values</p>\n\n<p><strong>Title-text:</strong> If all else fails, use &quot;signifcant at a p&gt;0.05 level&quot; and hope no one notices.</p>\n\n<p><a href=\"http://www.explainxkcd.com/wiki/index.php/1478#Explanation\">Comic Explanation</a></p>\n\n<p><strong>Stats:</strong> This comic has been referenced 7 times, representing 0.0140% of referenced xkcds.</p>\n\n<hr/>\n\n<p><sup><a href=\"http://www.xkcd.com\">xkcd.com</a></sup> <sup>|</sup> <sup><a href=\"http://www.reddit.com/r/xkcd/\">xkcd\u00a0sub</a></sup> <sup>|</sup> <sup><a href=\"http://www.reddit.com/r/xkcd_transcriber/\">Problems/Bugs?</a></sup> <sup>|</sup> <sup><a href=\"http://xkcdref.info/statistics/\">Statistics</a></sup> <sup>|</sup> <sup><a href=\"http://reddit.com/message/compose/?to=xkcd_transcriber&amp;subject=ignore%20me&amp;message=ignore%20me\">Stop\u00a0Replying</a></sup> <sup>|</sup> <sup><a href=\"http://reddit.com/message/compose/?to=xkcd_transcriber&amp;subject=delete&amp;message=delete%20t1_co676nm\">Delete</a></sup></p>\n</div>", "gildings": {}, "collapsed_reason": null, "associated_award": null, "stickied": false, "author_premium": false, "subreddit_type": "public", "can_gild": true, "subreddit": "statistics", "author_flair_text_color": null, "score_hidden": false, "permalink": "/r/statistics/comments/2u4nzo/a_surge_of_pvalues_between_0041_and_0049_in/co676nm/", "num_reports": null, "locked": false, "name": "t1_co676nm", "created": 1422685903.0, "author_flair_text": null, "treatment_tags": [], "created_utc": 1422657103.0, "subreddit_name_prefixed": "r/statistics", "controversiality": 0, "depth": 3, "author_flair_background_color": null, "collapsed_because_crowd_control": null, "mod_reports": [], "mod_note": null, "distinguished": null, "_fetched": true}]}