{"_reddit": "_reddit", "approved_at_utc": null, "subreddit": "statistics", "selftext": "", "author_fullname": "t2_5to3c", "saved": false, "mod_reason_title": null, "gilded": 0, "clicked": false, "title": "K-means clustering is not a free lunch (x-post from /EverythingScience)", "link_flair_richtext": [], "subreddit_name_prefixed": "r/statistics", "hidden": false, "pwls": 6, "link_flair_css_class": null, "downs": 0, "hide_score": false, "name": "t3_2sz2x2", "quarantine": false, "link_flair_text_color": "dark", "upvote_ratio": 0.89, "author_flair_background_color": null, "subreddit_type": "public", "ups": 43, "total_awards_received": 0, "media_embed": {}, "author_flair_template_id": null, "is_original_content": false, "user_reports": [], "secure_media": null, "is_reddit_media_domain": false, "is_meta": false, "category": null, "secure_media_embed": {}, "link_flair_text": null, "can_mod_post": false, "score": 43, "approved_by": null, "author_premium": true, "thumbnail": "", "edited": false, "author_flair_css_class": null, "author_flair_richtext": [], "gildings": {}, "content_categories": null, "is_self": false, "mod_note": null, "created": 1421729429.0, "link_flair_type": "text", "wls": 6, "removed_by_category": null, "banned_by": null, "author_flair_type": "text", "domain": "varianceexplained.org", "allow_live_comments": false, "selftext_html": null, "likes": null, "suggested_sort": null, "banned_at_utc": null, "view_count": null, "archived": true, "no_follow": false, "is_crosspostable": true, "pinned": false, "over_18": false, "all_awardings": [], "awarders": [], "media_only": false, "can_gild": true, "spoiler": false, "locked": false, "author_flair_text": null, "treatment_tags": [], "visited": false, "removed_by": null, "num_reports": null, "distinguished": null, "subreddit_id": "t5_2qhfi", "mod_reason_by": null, "removal_reason": null, "link_flair_background_color": "", "id": "2sz2x2", "is_robot_indexable": true, "report_reasons": null, "author": "Palmsiepoo", "discussion_type": null, "num_comments": 12, "send_replies": true, "whitelist_status": "all_ads", "contest_mode": false, "mod_reports": [], "author_patreon_flair": false, "author_flair_text_color": null, "permalink": "/r/statistics/comments/2sz2x2/kmeans_clustering_is_not_a_free_lunch_xpost_from/", "parent_whitelist_status": "all_ads", "stickied": false, "url": "http://varianceexplained.org/r/kmeans-free-lunch/", "subreddit_subscribers": 106209, "created_utc": 1421700629.0, "num_crossposts": 0, "media": null, "is_video": false, "_fetched": false, "comment_limit": 2048, "comment_sort": "best", "_comments_by_id": {}, "_comments": [{"_replies": [], "_submission": "2sz2x2", "_reddit": "_reddit", "total_awards_received": 0, "approved_at_utc": null, "ups": 9, "awarders": [], "mod_reason_by": null, "banned_by": null, "author_flair_type": "text", "removal_reason": null, "link_id": "t3_2sz2x2", "author_flair_template_id": null, "likes": null, "user_reports": [], "saved": false, "id": "cnu8izq", "banned_at_utc": null, "mod_reason_title": null, "gilded": 0, "archived": true, "no_follow": false, "author": "giziti", "can_mod_post": false, "send_replies": true, "parent_id": "t3_2sz2x2", "score": 9, "author_fullname": "t2_5tjps", "report_reasons": null, "approved_by": null, "all_awardings": [], "subreddit_id": "t5_2qhfi", "body": "And even in cases of quite mild overlap, things get very, very rough.\n\nAnd then you have the occasional crippling, crippling slowness at times.\n\nAnd then it's still only a local optimum!\n\nAnd how are you supposed to choose *k*? Or initial centers? \n\nThis is all rough even when all the assumptions are met and you're generating from Gaussian distributions with an identity covariance matrix. Life is awful and everything hurts.", "edited": false, "downs": 0, "author_flair_css_class": null, "is_submitter": false, "collapsed": false, "author_flair_richtext": [], "author_patreon_flair": false, "body_html": "<div class=\"md\"><p>And even in cases of quite mild overlap, things get very, very rough.</p>\n\n<p>And then you have the occasional crippling, crippling slowness at times.</p>\n\n<p>And then it&#39;s still only a local optimum!</p>\n\n<p>And how are you supposed to choose <em>k</em>? Or initial centers? </p>\n\n<p>This is all rough even when all the assumptions are met and you&#39;re generating from Gaussian distributions with an identity covariance matrix. Life is awful and everything hurts.</p>\n</div>", "gildings": {}, "collapsed_reason": null, "associated_award": null, "stickied": false, "author_premium": false, "subreddit_type": "public", "can_gild": true, "subreddit": "statistics", "author_flair_text_color": null, "score_hidden": false, "permalink": "/r/statistics/comments/2sz2x2/kmeans_clustering_is_not_a_free_lunch_xpost_from/cnu8izq/", "num_reports": null, "locked": false, "name": "t1_cnu8izq", "created": 1421732718.0, "author_flair_text": null, "treatment_tags": [], "created_utc": 1421703918.0, "subreddit_name_prefixed": "r/statistics", "controversiality": 0, "depth": 0, "author_flair_background_color": null, "collapsed_because_crowd_control": null, "mod_reports": [], "mod_note": null, "distinguished": null, "_fetched": true}, {"_replies": [], "_submission": "2sz2x2", "_reddit": "_reddit", "total_awards_received": 0, "approved_at_utc": null, "ups": 2, "awarders": [], "mod_reason_by": null, "banned_by": null, "author_flair_type": "text", "removal_reason": null, "link_id": "t3_2sz2x2", "author_flair_template_id": null, "likes": null, "user_reports": [], "saved": false, "id": "cnug13c", "banned_at_utc": null, "mod_reason_title": null, "gilded": 0, "archived": true, "no_follow": true, "author": "griffer00", "can_mod_post": false, "send_replies": true, "parent_id": "t3_2sz2x2", "score": 2, "author_fullname": "t2_706gj", "report_reasons": null, "approved_by": null, "all_awardings": [], "subreddit_id": "t5_2qhfi", "body": "Nice. This helps to explain why Klustakwik keeps letting me down when trying to sort spikes from bursting neurons (amplitude decreases with # of spikes in a burst, leading to oval/elongated clusters).", "edited": false, "downs": 0, "author_flair_css_class": null, "is_submitter": false, "collapsed": false, "author_flair_richtext": [], "author_patreon_flair": false, "body_html": "<div class=\"md\"><p>Nice. This helps to explain why Klustakwik keeps letting me down when trying to sort spikes from bursting neurons (amplitude decreases with # of spikes in a burst, leading to oval/elongated clusters).</p>\n</div>", "gildings": {}, "collapsed_reason": null, "associated_award": null, "stickied": false, "author_premium": false, "subreddit_type": "public", "can_gild": true, "subreddit": "statistics", "author_flair_text_color": null, "score_hidden": false, "permalink": "/r/statistics/comments/2sz2x2/kmeans_clustering_is_not_a_free_lunch_xpost_from/cnug13c/", "num_reports": null, "locked": false, "name": "t1_cnug13c", "created": 1421745384.0, "author_flair_text": null, "treatment_tags": [], "created_utc": 1421716584.0, "subreddit_name_prefixed": "r/statistics", "controversiality": 0, "depth": 0, "author_flair_background_color": null, "collapsed_because_crowd_control": null, "mod_reports": [], "mod_note": null, "distinguished": null, "_fetched": true}, {"_replies": ["cnuu32h"], "_submission": "2sz2x2", "_reddit": "_reddit", "total_awards_received": 0, "approved_at_utc": null, "ups": 2, "awarders": [], "mod_reason_by": null, "banned_by": null, "author_flair_type": "text", "removal_reason": null, "link_id": "t3_2sz2x2", "author_flair_template_id": null, "likes": null, "user_reports": [], "saved": false, "id": "cnurt9l", "banned_at_utc": null, "mod_reason_title": null, "gilded": 0, "archived": true, "no_follow": true, "author": "radarsat1", "can_mod_post": false, "send_replies": true, "parent_id": "t3_2sz2x2", "score": 2, "author_fullname": "t2_39dp2", "report_reasons": null, "approved_by": null, "all_awardings": [], "subreddit_id": "t5_2qhfi", "body": "Has anyone ever done a wide study on the most commonly occurring real-world statistical models?  That is to say: as this article states, you can always come up with a dataset that will \"break\" under a given set of assumptions.  But my question is, how often does \"real\" data (that is, all \"data\" across many different disciplines) line up with these artificial cases?  Even if there is \"no free lunch,\" is there any lunch with has a strong tendency to be \"free-er\" than others?\n\nGlobally what I'm wondering is, can you state that, for any problem, given *enough data*, then something as general and simple as K-means will *tend* to handle the problem?  Are real-world datasets asymptotic towards any particular model, as the number of data points goes to infinity?", "edited": false, "downs": 0, "author_flair_css_class": null, "is_submitter": false, "collapsed": false, "author_flair_richtext": [], "author_patreon_flair": false, "body_html": "<div class=\"md\"><p>Has anyone ever done a wide study on the most commonly occurring real-world statistical models?  That is to say: as this article states, you can always come up with a dataset that will &quot;break&quot; under a given set of assumptions.  But my question is, how often does &quot;real&quot; data (that is, all &quot;data&quot; across many different disciplines) line up with these artificial cases?  Even if there is &quot;no free lunch,&quot; is there any lunch with has a strong tendency to be &quot;free-er&quot; than others?</p>\n\n<p>Globally what I&#39;m wondering is, can you state that, for any problem, given <em>enough data</em>, then something as general and simple as K-means will <em>tend</em> to handle the problem?  Are real-world datasets asymptotic towards any particular model, as the number of data points goes to infinity?</p>\n</div>", "gildings": {}, "collapsed_reason": null, "associated_award": null, "stickied": false, "author_premium": false, "subreddit_type": "public", "can_gild": true, "subreddit": "statistics", "author_flair_text_color": null, "score_hidden": false, "permalink": "/r/statistics/comments/2sz2x2/kmeans_clustering_is_not_a_free_lunch_xpost_from/cnurt9l/", "num_reports": null, "locked": false, "name": "t1_cnurt9l", "created": 1421771667.0, "author_flair_text": null, "treatment_tags": [], "created_utc": 1421742867.0, "subreddit_name_prefixed": "r/statistics", "controversiality": 0, "depth": 0, "author_flair_background_color": null, "collapsed_because_crowd_control": null, "mod_reports": [], "mod_note": null, "distinguished": null, "_fetched": true}, {"_replies": ["cnukv8c"], "_submission": "2sz2x2", "_reddit": "_reddit", "total_awards_received": 0, "approved_at_utc": null, "ups": 1, "awarders": [], "mod_reason_by": null, "banned_by": null, "author_flair_type": "text", "removal_reason": null, "link_id": "t3_2sz2x2", "author_flair_template_id": null, "likes": null, "user_reports": [], "saved": false, "id": "cnukrry", "banned_at_utc": null, "mod_reason_title": null, "gilded": 0, "archived": true, "no_follow": true, "author": "quatch", "can_mod_post": false, "send_replies": true, "parent_id": "t3_2sz2x2", "score": 1, "author_fullname": "t2_4q1em", "report_reasons": null, "approved_by": null, "all_awardings": [], "subreddit_id": "t5_2qhfi", "body": "isnt this what ISODATA was for?", "edited": false, "downs": 0, "author_flair_css_class": null, "is_submitter": false, "collapsed": false, "author_flair_richtext": [], "author_patreon_flair": false, "body_html": "<div class=\"md\"><p>isnt this what ISODATA was for?</p>\n</div>", "gildings": {}, "collapsed_reason": null, "associated_award": null, "stickied": false, "author_premium": false, "subreddit_type": "public", "can_gild": true, "subreddit": "statistics", "author_flair_text_color": null, "score_hidden": false, "permalink": "/r/statistics/comments/2sz2x2/kmeans_clustering_is_not_a_free_lunch_xpost_from/cnukrry/", "num_reports": null, "locked": false, "name": "t1_cnukrry", "created": 1421753702.0, "author_flair_text": null, "treatment_tags": [], "created_utc": 1421724902.0, "subreddit_name_prefixed": "r/statistics", "controversiality": 0, "depth": 0, "author_flair_background_color": null, "collapsed_because_crowd_control": null, "mod_reports": [], "mod_note": null, "distinguished": null, "_fetched": true}, {"_replies": [], "_submission": "2sz2x2", "_reddit": "_reddit", "total_awards_received": 0, "approved_at_utc": null, "ups": 3, "awarders": [], "mod_reason_by": null, "banned_by": null, "author_flair_type": "text", "removal_reason": null, "link_id": "t3_2sz2x2", "author_flair_template_id": null, "likes": null, "user_reports": [], "saved": false, "id": "cnurwzz", "banned_at_utc": null, "mod_reason_title": null, "gilded": 0, "archived": true, "no_follow": false, "author": "radarsat1", "can_mod_post": false, "send_replies": true, "parent_id": "t1_cnub732", "score": 3, "author_fullname": "t2_39dp2", "report_reasons": null, "approved_by": null, "all_awardings": [], "subreddit_id": "t5_2qhfi", "collapsed": false, "body": "Looked for a free copy of the paper but couldn't find one unfortunately.  However, there is some info [here](http://people.sissa.it/~laio/Research/Res_clustering.php), and a Python implementation [here](https://github.com/jasonwbw/DensityPeakCluster)  Another [implementation](http://eric-yuan.me/clustering-fast-search-find-density-peaks/) in C++, with some info on how it works.  And [Dcluster](https://pypi.python.org/pypi/Dcluster/0.5.0) another Python implementation.", "edited": 1421743499.0, "author_flair_css_class": null, "is_submitter": false, "downs": 0, "author_flair_richtext": [], "author_patreon_flair": false, "body_html": "<div class=\"md\"><p>Looked for a free copy of the paper but couldn&#39;t find one unfortunately.  However, there is some info <a href=\"http://people.sissa.it/%7Elaio/Research/Res_clustering.php\">here</a>, and a Python implementation <a href=\"https://github.com/jasonwbw/DensityPeakCluster\">here</a>  Another <a href=\"http://eric-yuan.me/clustering-fast-search-find-density-peaks/\">implementation</a> in C++, with some info on how it works.  And <a href=\"https://pypi.python.org/pypi/Dcluster/0.5.0\">Dcluster</a> another Python implementation.</p>\n</div>", "gildings": {}, "collapsed_reason": null, "associated_award": null, "stickied": false, "author_premium": false, "subreddit_type": "public", "can_gild": true, "subreddit": "statistics", "author_flair_text_color": null, "score_hidden": false, "permalink": "/r/statistics/comments/2sz2x2/kmeans_clustering_is_not_a_free_lunch_xpost_from/cnurwzz/", "num_reports": null, "locked": false, "name": "t1_cnurwzz", "created": 1421772104.0, "author_flair_text": null, "treatment_tags": [], "created_utc": 1421743304.0, "subreddit_name_prefixed": "r/statistics", "controversiality": 0, "depth": 1, "author_flair_background_color": null, "collapsed_because_crowd_control": null, "mod_reports": [], "mod_note": null, "distinguished": null, "_fetched": true}, {"_replies": [], "_submission": "2sz2x2", "_reddit": "_reddit", "total_awards_received": 0, "approved_at_utc": null, "ups": 1, "awarders": [], "mod_reason_by": null, "banned_by": null, "author_flair_type": "text", "removal_reason": null, "link_id": "t3_2sz2x2", "author_flair_template_id": null, "likes": null, "user_reports": [], "saved": false, "id": "cnuukq7", "banned_at_utc": null, "mod_reason_title": null, "gilded": 0, "archived": true, "no_follow": true, "author": "breadwithlice", "can_mod_post": false, "send_replies": true, "parent_id": "t1_cnub732", "score": 1, "author_fullname": "t2_adsqy", "report_reasons": null, "approved_by": null, "all_awardings": [], "subreddit_id": "t5_2qhfi", "collapsed": false, "body": "That looks pretty neat, thanks. I unfortunately don't have access to Science papers right now. How do they define the density of a particular data point?\n\n\nEdit: According to a python implementation it seems like it's either a simple convolution with a Gaussian kernel centered at the datapoint or a count of the number of data points within a certain distance.", "edited": 1421756576.0, "author_flair_css_class": null, "is_submitter": false, "downs": 0, "author_flair_richtext": [], "author_patreon_flair": false, "body_html": "<div class=\"md\"><p>That looks pretty neat, thanks. I unfortunately don&#39;t have access to Science papers right now. How do they define the density of a particular data point?</p>\n\n<p>Edit: According to a python implementation it seems like it&#39;s either a simple convolution with a Gaussian kernel centered at the datapoint or a count of the number of data points within a certain distance.</p>\n</div>", "gildings": {}, "collapsed_reason": null, "associated_award": null, "stickied": false, "author_premium": false, "subreddit_type": "public", "can_gild": true, "subreddit": "statistics", "author_flair_text_color": null, "score_hidden": false, "permalink": "/r/statistics/comments/2sz2x2/kmeans_clustering_is_not_a_free_lunch_xpost_from/cnuukq7/", "num_reports": null, "locked": false, "name": "t1_cnuukq7", "created": 1421784685.0, "author_flair_text": null, "treatment_tags": [], "created_utc": 1421755885.0, "subreddit_name_prefixed": "r/statistics", "controversiality": 0, "depth": 1, "author_flair_background_color": null, "collapsed_because_crowd_control": null, "mod_reports": [], "mod_note": null, "distinguished": null, "_fetched": true}, {"_replies": [], "_submission": "2sz2x2", "_reddit": "_reddit", "total_awards_received": 0, "approved_at_utc": null, "ups": 1, "awarders": [], "mod_reason_by": null, "banned_by": null, "author_flair_type": "text", "removal_reason": null, "link_id": "t3_2sz2x2", "author_flair_template_id": null, "likes": null, "user_reports": [], "saved": false, "id": "cnuvtr2", "banned_at_utc": null, "mod_reason_title": null, "gilded": 0, "archived": true, "no_follow": true, "author": "PhaethonPrime", "can_mod_post": false, "send_replies": true, "parent_id": "t1_cnub732", "score": 1, "author_fullname": "t2_kej7e", "report_reasons": null, "approved_by": null, "all_awardings": [], "subreddit_id": "t5_2qhfi", "collapsed": false, "body": "Thanks for the paper recommendation!", "edited": false, "author_flair_css_class": null, "is_submitter": false, "downs": 0, "author_flair_richtext": [], "author_patreon_flair": false, "body_html": "<div class=\"md\"><p>Thanks for the paper recommendation!</p>\n</div>", "gildings": {}, "collapsed_reason": null, "associated_award": null, "stickied": false, "author_premium": false, "subreddit_type": "public", "can_gild": true, "subreddit": "statistics", "author_flair_text_color": null, "score_hidden": false, "permalink": "/r/statistics/comments/2sz2x2/kmeans_clustering_is_not_a_free_lunch_xpost_from/cnuvtr2/", "num_reports": null, "locked": false, "name": "t1_cnuvtr2", "created": 1421789230.0, "author_flair_text": null, "treatment_tags": [], "created_utc": 1421760430.0, "subreddit_name_prefixed": "r/statistics", "controversiality": 0, "depth": 1, "author_flair_background_color": null, "collapsed_because_crowd_control": null, "mod_reports": [], "mod_note": null, "distinguished": null, "_fetched": true}, {"_replies": ["cnul2a6"], "_submission": "2sz2x2", "_reddit": "_reddit", "total_awards_received": 0, "approved_at_utc": null, "ups": 1, "awarders": [], "mod_reason_by": null, "banned_by": null, "author_flair_type": "text", "removal_reason": null, "link_id": "t3_2sz2x2", "author_flair_template_id": null, "likes": null, "user_reports": [], "saved": false, "id": "cnukv8c", "banned_at_utc": null, "mod_reason_title": null, "gilded": 0, "archived": true, "no_follow": true, "author": "giziti", "can_mod_post": false, "send_replies": true, "parent_id": "t1_cnukrry", "score": 1, "author_fullname": "t2_5tjps", "report_reasons": null, "approved_by": null, "all_awardings": [], "subreddit_id": "t5_2qhfi", "collapsed": false, "body": "That one dataset in particular, sure, but it's not a free lunch.", "edited": false, "author_flair_css_class": null, "is_submitter": false, "downs": 0, "author_flair_richtext": [], "author_patreon_flair": false, "body_html": "<div class=\"md\"><p>That one dataset in particular, sure, but it&#39;s not a free lunch.</p>\n</div>", "gildings": {}, "collapsed_reason": null, "associated_award": null, "stickied": false, "author_premium": false, "subreddit_type": "public", "can_gild": true, "subreddit": "statistics", "author_flair_text_color": null, "score_hidden": false, "permalink": "/r/statistics/comments/2sz2x2/kmeans_clustering_is_not_a_free_lunch_xpost_from/cnukv8c/", "num_reports": null, "locked": false, "name": "t1_cnukv8c", "created": 1421753883.0, "author_flair_text": null, "treatment_tags": [], "created_utc": 1421725083.0, "subreddit_name_prefixed": "r/statistics", "controversiality": 0, "depth": 1, "author_flair_background_color": null, "collapsed_because_crowd_control": null, "mod_reports": [], "mod_note": null, "distinguished": null, "_fetched": true}, {"_replies": [], "_submission": "2sz2x2", "_reddit": "_reddit", "total_awards_received": 0, "approved_at_utc": null, "ups": 1, "awarders": [], "mod_reason_by": null, "banned_by": null, "author_flair_type": "text", "removal_reason": null, "link_id": "t3_2sz2x2", "author_flair_template_id": null, "likes": null, "user_reports": [], "saved": false, "id": "cnuz47g", "banned_at_utc": null, "mod_reason_title": null, "gilded": 0, "archived": true, "no_follow": true, "author": "beaverteeth92", "can_mod_post": false, "created_utc": 1421768325.0, "send_replies": true, "parent_id": "t1_cnuu32h", "score": 1, "author_fullname": "t2_4muhw", "report_reasons": null, "approved_by": null, "all_awardings": [], "subreddit_id": "t5_2qhfi", "body": "Nonparametrics are nice but don't forget that they can be very prone to overfitting.", "edited": false, "author_flair_css_class": null, "is_submitter": false, "downs": 0, "author_flair_richtext": [], "author_patreon_flair": false, "body_html": "<div class=\"md\"><p>Nonparametrics are nice but don&#39;t forget that they can be very prone to overfitting.</p>\n</div>", "gildings": {}, "collapsed_reason": null, "associated_award": null, "stickied": false, "author_premium": true, "subreddit_type": "public", "can_gild": true, "subreddit": "statistics", "author_flair_text_color": null, "score_hidden": false, "permalink": "/r/statistics/comments/2sz2x2/kmeans_clustering_is_not_a_free_lunch_xpost_from/cnuz47g/", "num_reports": null, "locked": false, "name": "t1_cnuz47g", "created": 1421797125.0, "author_flair_text": null, "treatment_tags": [], "collapsed": false, "subreddit_name_prefixed": "r/statistics", "controversiality": 0, "depth": 2, "author_flair_background_color": null, "collapsed_because_crowd_control": null, "mod_reports": [], "mod_note": null, "distinguished": null, "_fetched": true}, {"_replies": [], "_submission": "2sz2x2", "_reddit": "_reddit", "total_awards_received": 0, "approved_at_utc": null, "ups": 1, "awarders": [], "mod_reason_by": null, "banned_by": null, "author_flair_type": "text", "removal_reason": null, "link_id": "t3_2sz2x2", "author_flair_template_id": null, "likes": null, "user_reports": [], "saved": false, "id": "cnul2a6", "banned_at_utc": null, "mod_reason_title": null, "gilded": 0, "archived": true, "no_follow": true, "author": "quatch", "can_mod_post": false, "created_utc": 1421725453.0, "send_replies": true, "parent_id": "t1_cnukv8c", "score": 1, "author_fullname": "t2_4q1em", "report_reasons": null, "approved_by": null, "all_awardings": [], "subreddit_id": "t5_2qhfi", "body": "few things are, but at least for any set where kmeans is applicable, and the problem is a question of the number of k or initial centers. I'm willing to trade in the longer run time.\n\n(this sounds grumpier than I mean, sorry. I'm just a user, not a particularly proficient statistician)", "edited": false, "author_flair_css_class": null, "is_submitter": false, "downs": 0, "author_flair_richtext": [], "author_patreon_flair": false, "body_html": "<div class=\"md\"><p>few things are, but at least for any set where kmeans is applicable, and the problem is a question of the number of k or initial centers. I&#39;m willing to trade in the longer run time.</p>\n\n<p>(this sounds grumpier than I mean, sorry. I&#39;m just a user, not a particularly proficient statistician)</p>\n</div>", "gildings": {}, "collapsed_reason": null, "associated_award": null, "stickied": false, "author_premium": false, "subreddit_type": "public", "can_gild": true, "subreddit": "statistics", "author_flair_text_color": null, "score_hidden": false, "permalink": "/r/statistics/comments/2sz2x2/kmeans_clustering_is_not_a_free_lunch_xpost_from/cnul2a6/", "num_reports": null, "locked": false, "name": "t1_cnul2a6", "created": 1421754253.0, "author_flair_text": null, "treatment_tags": [], "collapsed": false, "subreddit_name_prefixed": "r/statistics", "controversiality": 0, "depth": 2, "author_flair_background_color": null, "collapsed_because_crowd_control": null, "mod_reports": [], "mod_note": null, "distinguished": null, "_fetched": true}]}