{"_reddit": "_reddit", "approved_at_utc": null, "subreddit": "statistics", "selftext": "", "author_fullname": "t2_ahscx", "saved": false, "mod_reason_title": null, "gilded": 0, "clicked": false, "title": "100+ leading blogs for statisticians and like-minded professionals", "link_flair_richtext": [], "subreddit_name_prefixed": "r/statistics", "hidden": false, "pwls": 6, "link_flair_css_class": null, "downs": 0, "hide_score": false, "name": "t3_2hhs3d", "quarantine": false, "link_flair_text_color": "dark", "upvote_ratio": 0.82, "author_flair_background_color": null, "subreddit_type": "public", "ups": 45, "total_awards_received": 0, "media_embed": {}, "author_flair_template_id": null, "is_original_content": false, "user_reports": [], "secure_media": null, "is_reddit_media_domain": false, "is_meta": false, "category": null, "secure_media_embed": {}, "link_flair_text": null, "can_mod_post": false, "score": 45, "approved_by": null, "author_premium": false, "thumbnail": "", "edited": false, "author_flair_css_class": null, "author_flair_richtext": [], "gildings": {}, "content_categories": null, "is_self": false, "mod_note": null, "created": 1411728799.0, "link_flair_type": "text", "wls": 6, "removed_by_category": null, "banned_by": null, "author_flair_type": "text", "domain": "datasciencecentral.com", "allow_live_comments": false, "selftext_html": null, "likes": null, "suggested_sort": null, "banned_at_utc": null, "view_count": null, "archived": true, "no_follow": false, "is_crosspostable": true, "pinned": false, "over_18": false, "all_awardings": [], "awarders": [], "media_only": false, "can_gild": true, "spoiler": false, "locked": false, "author_flair_text": null, "treatment_tags": [], "visited": false, "removed_by": null, "num_reports": null, "distinguished": null, "subreddit_id": "t5_2qhfi", "mod_reason_by": null, "removal_reason": null, "link_flair_background_color": "", "id": "2hhs3d", "is_robot_indexable": true, "report_reasons": null, "author": "vincentg64", "discussion_type": null, "num_comments": 2, "send_replies": true, "whitelist_status": "all_ads", "contest_mode": false, "mod_reports": [], "author_patreon_flair": false, "author_flair_text_color": null, "permalink": "/r/statistics/comments/2hhs3d/100_leading_blogs_for_statisticians_and/", "parent_whitelist_status": "all_ads", "stickied": false, "url": "http://www.datasciencecentral.com/profiles/blogs/dozens-of-leading-blogs-for-statisticians-and-like-minded?xg_source=activity", "subreddit_subscribers": 106209, "created_utc": 1411699999.0, "num_crossposts": 0, "media": null, "is_video": false, "_fetched": false, "comment_limit": 2048, "comment_sort": "best", "_comments_by_id": {}, "_comments": [{"_replies": [], "_submission": "2hhs3d", "_reddit": "_reddit", "total_awards_received": 0, "approved_at_utc": null, "ups": 4, "awarders": [], "mod_reason_by": null, "banned_by": null, "author_flair_type": "text", "removal_reason": null, "link_id": "t3_2hhs3d", "author_flair_template_id": null, "likes": null, "user_reports": [], "saved": false, "id": "ckt23op", "banned_at_utc": null, "mod_reason_title": null, "gilded": 0, "archived": true, "no_follow": false, "author": "Iamnotanorange", "can_mod_post": false, "send_replies": true, "parent_id": "t3_2hhs3d", "score": 4, "author_fullname": "t2_3xhd5", "report_reasons": null, "approved_by": null, "all_awardings": [], "subreddit_id": "t5_2qhfi", "body": "8/10 would have been more helpful if writer used a data reduction technique", "edited": false, "downs": 0, "author_flair_css_class": null, "is_submitter": false, "collapsed": false, "author_flair_richtext": [], "author_patreon_flair": false, "body_html": "<div class=\"md\"><p>8/10 would have been more helpful if writer used a data reduction technique</p>\n</div>", "gildings": {}, "collapsed_reason": null, "associated_award": null, "stickied": false, "author_premium": false, "subreddit_type": "public", "can_gild": true, "subreddit": "statistics", "author_flair_text_color": null, "score_hidden": false, "permalink": "/r/statistics/comments/2hhs3d/100_leading_blogs_for_statisticians_and/ckt23op/", "num_reports": null, "locked": false, "name": "t1_ckt23op", "created": 1411766530.0, "author_flair_text": null, "treatment_tags": [], "created_utc": 1411737730.0, "subreddit_name_prefixed": "r/statistics", "controversiality": 0, "depth": 0, "author_flair_background_color": null, "collapsed_because_crowd_control": null, "mod_reports": [], "mod_note": null, "distinguished": null, "_fetched": true}]}