{"_reddit": "_reddit", "approved_at_utc": null, "subreddit": "statistics", "selftext": "", "author_fullname": "t2_7565q", "saved": false, "mod_reason_title": null, "gilded": 0, "clicked": false, "title": "FT: Big data: are we making a big mistake?", "link_flair_richtext": [], "subreddit_name_prefixed": "r/statistics", "hidden": false, "pwls": 6, "link_flair_css_class": null, "downs": 0, "hide_score": false, "name": "t3_21tu53", "quarantine": false, "link_flair_text_color": "dark", "upvote_ratio": 0.93, "author_flair_background_color": null, "subreddit_type": "public", "ups": 51, "total_awards_received": 0, "media_embed": {}, "author_flair_template_id": null, "is_original_content": false, "user_reports": [], "secure_media": null, "is_reddit_media_domain": false, "is_meta": false, "category": null, "secure_media_embed": {}, "link_flair_text": null, "can_mod_post": false, "score": 51, "approved_by": null, "author_premium": false, "thumbnail": "", "edited": false, "author_flair_css_class": null, "author_flair_richtext": [], "gildings": {}, "content_categories": null, "is_self": false, "mod_note": null, "created": 1396303826.0, "link_flair_type": "text", "wls": 6, "removed_by_category": null, "banned_by": null, "author_flair_type": "text", "domain": "ft.com", "allow_live_comments": false, "selftext_html": null, "likes": null, "suggested_sort": null, "banned_at_utc": null, "view_count": null, "archived": true, "no_follow": false, "is_crosspostable": true, "pinned": false, "over_18": false, "all_awardings": [], "awarders": [], "media_only": false, "can_gild": true, "spoiler": false, "locked": false, "author_flair_text": null, "treatment_tags": [], "visited": false, "removed_by": null, "num_reports": null, "distinguished": null, "subreddit_id": "t5_2qhfi", "mod_reason_by": null, "removal_reason": null, "link_flair_background_color": "", "id": "21tu53", "is_robot_indexable": true, "report_reasons": null, "author": "riveal88", "discussion_type": null, "num_comments": 33, "send_replies": true, "whitelist_status": "all_ads", "contest_mode": false, "mod_reports": [], "author_patreon_flair": false, "author_flair_text_color": null, "permalink": "/r/statistics/comments/21tu53/ft_big_data_are_we_making_a_big_mistake/", "parent_whitelist_status": "all_ads", "stickied": false, "url": "http://www.ft.com/cms/s/2/21a6e7d8-b479-11e3-a09a-00144feabdc0.html", "subreddit_subscribers": 106209, "created_utc": 1396275026.0, "num_crossposts": 0, "media": null, "is_video": false, "_fetched": false, "comment_limit": 2048, "comment_sort": "best", "_comments_by_id": {}, "_comments": [{"_replies": [], "_submission": "21tu53", "_reddit": "_reddit", "total_awards_received": 0, "approved_at_utc": null, "ups": 15, "awarders": [], "mod_reason_by": null, "banned_by": null, "author_flair_type": "text", "removal_reason": null, "link_id": "t3_21tu53", "author_flair_template_id": null, "likes": null, "user_reports": [], "saved": false, "id": "cgggly8", "banned_at_utc": null, "mod_reason_title": null, "gilded": 0, "archived": true, "no_follow": false, "author": "MipSuperK", "can_mod_post": false, "send_replies": true, "parent_id": "t3_21tu53", "score": 15, "author_fullname": "t2_5dkri", "report_reasons": null, "approved_by": null, "all_awardings": [], "subreddit_id": "t5_2qhfi", "body": "That's an excellent article, I hadn't really considered the massive *potential for* sampling bias that exists in big data.\n\nEdit: added \"potential for\"", "edited": 1396284827.0, "downs": 0, "author_flair_css_class": null, "is_submitter": false, "collapsed": false, "author_flair_richtext": [], "author_patreon_flair": false, "body_html": "<div class=\"md\"><p>That&#39;s an excellent article, I hadn&#39;t really considered the massive <em>potential for</em> sampling bias that exists in big data.</p>\n\n<p>Edit: added &quot;potential for&quot;</p>\n</div>", "gildings": {}, "collapsed_reason": null, "associated_award": null, "stickied": false, "author_premium": false, "subreddit_type": "public", "can_gild": true, "subreddit": "statistics", "author_flair_text_color": null, "score_hidden": false, "permalink": "/r/statistics/comments/21tu53/ft_big_data_are_we_making_a_big_mistake/cgggly8/", "num_reports": null, "locked": false, "name": "t1_cgggly8", "created": 1396306811.0, "author_flair_text": null, "treatment_tags": [], "created_utc": 1396278011.0, "subreddit_name_prefixed": "r/statistics", "controversiality": 0, "depth": 0, "author_flair_background_color": null, "collapsed_because_crowd_control": null, "mod_reports": [], "mod_note": null, "distinguished": null, "_fetched": true}, {"_replies": ["cggivta", "cggm31x", "cggz9ek", "cgh58ki"], "_submission": "21tu53", "_reddit": "_reddit", "total_awards_received": 0, "approved_at_utc": null, "ups": 7, "awarders": [], "mod_reason_by": null, "banned_by": null, "author_flair_type": "text", "removal_reason": null, "link_id": "t3_21tu53", "author_flair_template_id": null, "likes": null, "user_reports": [], "saved": false, "id": "cgghc30", "banned_at_utc": null, "mod_reason_title": null, "gilded": 0, "archived": true, "no_follow": true, "author": "zwartwater", "can_mod_post": false, "send_replies": true, "parent_id": "t3_21tu53", "score": 7, "author_fullname": "t2_1huos", "report_reasons": null, "approved_by": null, "all_awardings": [], "subreddit_id": "t5_2qhfi", "body": "The article is nicely balanced and a good read. However, there is really nothing new being stated: people working with data should know that even in completely random data, statistically significant correlations can be found. As such, stating that \"we are making a big mistake\" is somewhat far fetched, I would say.", "edited": false, "downs": 0, "author_flair_css_class": null, "is_submitter": false, "collapsed": false, "author_flair_richtext": [], "author_patreon_flair": false, "body_html": "<div class=\"md\"><p>The article is nicely balanced and a good read. However, there is really nothing new being stated: people working with data should know that even in completely random data, statistically significant correlations can be found. As such, stating that &quot;we are making a big mistake&quot; is somewhat far fetched, I would say.</p>\n</div>", "gildings": {}, "collapsed_reason": null, "associated_award": null, "stickied": false, "author_premium": false, "subreddit_type": "public", "can_gild": true, "subreddit": "statistics", "author_flair_text_color": null, "score_hidden": false, "permalink": "/r/statistics/comments/21tu53/ft_big_data_are_we_making_a_big_mistake/cgghc30/", "num_reports": null, "locked": false, "name": "t1_cgghc30", "created": 1396308497.0, "author_flair_text": null, "treatment_tags": [], "created_utc": 1396279697.0, "subreddit_name_prefixed": "r/statistics", "controversiality": 0, "depth": 0, "author_flair_background_color": null, "collapsed_because_crowd_control": null, "mod_reports": [], "mod_note": null, "distinguished": null, "_fetched": true}, {"_replies": ["cggzpwq", "cgh11xv", "cgha75i", "cgi6rda"], "_submission": "21tu53", "_reddit": "_reddit", "total_awards_received": 0, "approved_at_utc": null, "ups": 3, "awarders": [], "mod_reason_by": null, "banned_by": null, "author_flair_type": "text", "removal_reason": null, "link_id": "t3_21tu53", "author_flair_template_id": null, "likes": null, "user_reports": [], "saved": false, "id": "cggkldj", "banned_at_utc": null, "mod_reason_title": null, "gilded": 0, "archived": true, "no_follow": true, "author": "NOTWorthless", "can_mod_post": false, "send_replies": true, "parent_id": "t3_21tu53", "score": 3, "author_fullname": "t2_7g746", "report_reasons": null, "approved_by": null, "all_awardings": [], "subreddit_id": "t5_2qhfi", "body": "People don't really believe that stuff about not having to do statistics because they \"have all the data\" do they?", "edited": false, "downs": 0, "author_flair_css_class": null, "is_submitter": false, "collapsed": false, "author_flair_richtext": [], "author_patreon_flair": false, "body_html": "<div class=\"md\"><p>People don&#39;t really believe that stuff about not having to do statistics because they &quot;have all the data&quot; do they?</p>\n</div>", "gildings": {}, "collapsed_reason": null, "associated_award": null, "stickied": false, "author_premium": false, "subreddit_type": "public", "can_gild": true, "subreddit": "statistics", "author_flair_text_color": null, "score_hidden": false, "permalink": "/r/statistics/comments/21tu53/ft_big_data_are_we_making_a_big_mistake/cggkldj/", "num_reports": null, "locked": false, "name": "t1_cggkldj", "created": 1396315429.0, "author_flair_text": null, "treatment_tags": [], "created_utc": 1396286629.0, "subreddit_name_prefixed": "r/statistics", "controversiality": 0, "depth": 0, "author_flair_background_color": null, "collapsed_because_crowd_control": null, "mod_reports": [], "mod_note": null, "distinguished": null, "_fetched": true}, {"_replies": [], "_submission": "21tu53", "_reddit": "_reddit", "total_awards_received": 0, "approved_at_utc": null, "ups": 3, "awarders": [], "mod_reason_by": null, "banned_by": null, "author_flair_type": "text", "removal_reason": null, "link_id": "t3_21tu53", "author_flair_template_id": null, "likes": null, "user_reports": [], "saved": false, "id": "cggz3vf", "banned_at_utc": null, "mod_reason_title": null, "gilded": 0, "archived": true, "no_follow": true, "author": "MrBrodoSwaggins", "can_mod_post": false, "send_replies": true, "parent_id": "t3_21tu53", "score": 3, "author_fullname": "t2_7ta4g", "report_reasons": null, "approved_by": null, "all_awardings": [], "subreddit_id": "t5_2qhfi", "body": "This is such a refreshing article.  I work in the data analysis division at a consulting company and all I hear is praise of \"big data\" and that if you aren't using hadoop you might as well be throwing quarters into a wishing well.  All of the data quality issues that motivated classical statistical inference still exist.  Its like we are telling people its so much more efficient to drink from a fire hose than a glass.", "edited": false, "downs": 0, "author_flair_css_class": null, "is_submitter": false, "collapsed": false, "author_flair_richtext": [], "author_patreon_flair": false, "body_html": "<div class=\"md\"><p>This is such a refreshing article.  I work in the data analysis division at a consulting company and all I hear is praise of &quot;big data&quot; and that if you aren&#39;t using hadoop you might as well be throwing quarters into a wishing well.  All of the data quality issues that motivated classical statistical inference still exist.  Its like we are telling people its so much more efficient to drink from a fire hose than a glass.</p>\n</div>", "gildings": {}, "collapsed_reason": null, "associated_award": null, "stickied": false, "author_premium": false, "subreddit_type": "public", "can_gild": true, "subreddit": "statistics", "author_flair_text_color": null, "score_hidden": false, "permalink": "/r/statistics/comments/21tu53/ft_big_data_are_we_making_a_big_mistake/cggz3vf/", "num_reports": null, "locked": false, "name": "t1_cggz3vf", "created": 1396345112.0, "author_flair_text": null, "treatment_tags": [], "created_utc": 1396316312.0, "subreddit_name_prefixed": "r/statistics", "controversiality": 0, "depth": 0, "author_flair_background_color": null, "collapsed_because_crowd_control": null, "mod_reports": [], "mod_note": null, "distinguished": null, "_fetched": true}, {"_replies": [], "_submission": "21tu53", "_reddit": "_reddit", "total_awards_received": 0, "approved_at_utc": null, "ups": 1, "awarders": [], "mod_reason_by": null, "banned_by": null, "author_flair_type": "text", "removal_reason": null, "link_id": "t3_21tu53", "author_flair_template_id": null, "likes": null, "user_reports": [], "saved": false, "id": "cgha9ch", "banned_at_utc": null, "mod_reason_title": null, "gilded": 0, "archived": true, "no_follow": true, "author": "GCN2", "can_mod_post": false, "send_replies": true, "parent_id": "t3_21tu53", "score": 1, "author_fullname": "t2_4jsc0", "report_reasons": null, "approved_by": null, "all_awardings": [], "subreddit_id": "t5_2qhfi", "body": "Anywhere I can get the article?", "edited": false, "downs": 0, "author_flair_css_class": null, "is_submitter": false, "collapsed": false, "author_flair_richtext": [], "author_patreon_flair": false, "body_html": "<div class=\"md\"><p>Anywhere I can get the article?</p>\n</div>", "gildings": {}, "collapsed_reason": null, "associated_award": null, "stickied": false, "author_premium": false, "subreddit_type": "public", "can_gild": true, "subreddit": "statistics", "author_flair_text_color": null, "score_hidden": false, "permalink": "/r/statistics/comments/21tu53/ft_big_data_are_we_making_a_big_mistake/cgha9ch/", "num_reports": null, "locked": false, "name": "t1_cgha9ch", "created": 1396386623.0, "author_flair_text": null, "treatment_tags": [], "created_utc": 1396357823.0, "subreddit_name_prefixed": "r/statistics", "controversiality": 0, "depth": 0, "author_flair_background_color": null, "collapsed_because_crowd_control": null, "mod_reports": [], "mod_note": null, "distinguished": null, "_fetched": true}, {"_replies": ["cggj4q6"], "_submission": "21tu53", "_reddit": "_reddit", "total_awards_received": 0, "approved_at_utc": null, "ups": 12, "awarders": [], "mod_reason_by": null, "banned_by": null, "author_flair_type": "text", "removal_reason": null, "link_id": "t3_21tu53", "author_flair_template_id": null, "likes": null, "user_reports": [], "saved": false, "id": "cggivta", "banned_at_utc": null, "mod_reason_title": null, "gilded": 0, "archived": true, "no_follow": false, "author": "rm999", "can_mod_post": false, "send_replies": true, "parent_id": "t1_cgghc30", "score": 12, "author_fullname": "t2_1eoed", "report_reasons": null, "approved_by": null, "all_awardings": [], "subreddit_id": "t5_2qhfi", "collapsed": false, "body": "Yeah, as the article says: \n\n>Statisticians have spent the past 200 years figuring out what traps lie in wait when we try to understand the world through data. The data are bigger, faster and cheaper these days \u2013 but we must not pretend that the traps have all been made safe. They have not.\n\nI think the issue is that computing power and an abundance of data has made it possible to explore many possible hypotheses very quickly, then pick and choose from the handful of positives which are littered with false positives. It makes it much easier to throw out the scientific process (i.e. testing a single hypothesis). \n\n", "edited": false, "author_flair_css_class": null, "is_submitter": false, "downs": 0, "author_flair_richtext": [], "author_patreon_flair": false, "body_html": "<div class=\"md\"><p>Yeah, as the article says: </p>\n\n<blockquote>\n<p>Statisticians have spent the past 200 years figuring out what traps lie in wait when we try to understand the world through data. The data are bigger, faster and cheaper these days \u2013 but we must not pretend that the traps have all been made safe. They have not.</p>\n</blockquote>\n\n<p>I think the issue is that computing power and an abundance of data has made it possible to explore many possible hypotheses very quickly, then pick and choose from the handful of positives which are littered with false positives. It makes it much easier to throw out the scientific process (i.e. testing a single hypothesis). </p>\n</div>", "gildings": {}, "collapsed_reason": null, "associated_award": null, "stickied": false, "author_premium": true, "subreddit_type": "public", "can_gild": true, "subreddit": "statistics", "author_flair_text_color": null, "score_hidden": false, "permalink": "/r/statistics/comments/21tu53/ft_big_data_are_we_making_a_big_mistake/cggivta/", "num_reports": null, "locked": false, "name": "t1_cggivta", "created": 1396311880.0, "author_flair_text": null, "treatment_tags": [], "created_utc": 1396283080.0, "subreddit_name_prefixed": "r/statistics", "controversiality": 0, "depth": 1, "author_flair_background_color": null, "collapsed_because_crowd_control": null, "mod_reports": [], "mod_note": null, "distinguished": null, "_fetched": true}, {"_replies": ["cgh0x66"], "_submission": "21tu53", "_reddit": "_reddit", "total_awards_received": 0, "approved_at_utc": null, "ups": 3, "awarders": [], "mod_reason_by": null, "banned_by": null, "author_flair_type": "text", "removal_reason": null, "link_id": "t3_21tu53", "author_flair_template_id": null, "likes": null, "user_reports": [], "saved": false, "id": "cggm31x", "banned_at_utc": null, "mod_reason_title": null, "gilded": 0, "archived": true, "no_follow": true, "author": "IndustrialstrengthX", "can_mod_post": false, "send_replies": true, "parent_id": "t1_cgghc30", "score": 3, "author_fullname": "t2_6ok8t", "report_reasons": null, "approved_by": null, "all_awardings": [], "subreddit_id": "t5_2qhfi", "collapsed": false, "body": "I'd say some large portion of businesses in the world do not have a staff mathematician, so I'd disagree its uncommon. I'd say it is most likely the norm.", "edited": false, "author_flair_css_class": null, "is_submitter": false, "downs": 0, "author_flair_richtext": [], "author_patreon_flair": false, "body_html": "<div class=\"md\"><p>I&#39;d say some large portion of businesses in the world do not have a staff mathematician, so I&#39;d disagree its uncommon. I&#39;d say it is most likely the norm.</p>\n</div>", "gildings": {}, "collapsed_reason": null, "associated_award": null, "stickied": false, "author_premium": false, "subreddit_type": "public", "can_gild": true, "subreddit": "statistics", "author_flair_text_color": null, "score_hidden": false, "permalink": "/r/statistics/comments/21tu53/ft_big_data_are_we_making_a_big_mistake/cggm31x/", "num_reports": null, "locked": false, "name": "t1_cggm31x", "created": 1396318441.0, "author_flair_text": null, "treatment_tags": [], "created_utc": 1396289641.0, "subreddit_name_prefixed": "r/statistics", "controversiality": 0, "depth": 1, "author_flair_background_color": null, "collapsed_because_crowd_control": null, "mod_reports": [], "mod_note": null, "distinguished": null, "_fetched": true}, {"_replies": [], "_submission": "21tu53", "_reddit": "_reddit", "total_awards_received": 0, "approved_at_utc": null, "ups": 1, "awarders": [], "mod_reason_by": null, "banned_by": null, "author_flair_type": "text", "removal_reason": null, "link_id": "t3_21tu53", "author_flair_template_id": null, "likes": null, "user_reports": [], "saved": false, "id": "cggz9ek", "banned_at_utc": null, "mod_reason_title": null, "gilded": 0, "archived": true, "no_follow": true, "author": "MrBrodoSwaggins", "can_mod_post": false, "send_replies": true, "parent_id": "t1_cgghc30", "score": 1, "author_fullname": "t2_7ta4g", "report_reasons": null, "approved_by": null, "all_awardings": [], "subreddit_id": "t5_2qhfi", "collapsed": false, "body": "The issue that I see is companies like IBM selling BIGinsights like its going to do for advanced analytics what Excel did for simple analysis.  But a powerful computer and sophisticated algorithms don't make somebody a statistician any more than a scalpel makes somebody a neurosurgeon.\n ", "edited": false, "author_flair_css_class": null, "is_submitter": false, "downs": 0, "author_flair_richtext": [], "author_patreon_flair": false, "body_html": "<div class=\"md\"><p>The issue that I see is companies like IBM selling BIGinsights like its going to do for advanced analytics what Excel did for simple analysis.  But a powerful computer and sophisticated algorithms don&#39;t make somebody a statistician any more than a scalpel makes somebody a neurosurgeon.</p>\n</div>", "gildings": {}, "collapsed_reason": null, "associated_award": null, "stickied": false, "author_premium": false, "subreddit_type": "public", "can_gild": true, "subreddit": "statistics", "author_flair_text_color": null, "score_hidden": false, "permalink": "/r/statistics/comments/21tu53/ft_big_data_are_we_making_a_big_mistake/cggz9ek/", "num_reports": null, "locked": false, "name": "t1_cggz9ek", "created": 1396345430.0, "author_flair_text": null, "treatment_tags": [], "created_utc": 1396316630.0, "subreddit_name_prefixed": "r/statistics", "controversiality": 0, "depth": 1, "author_flair_background_color": null, "collapsed_because_crowd_control": null, "mod_reports": [], "mod_note": null, "distinguished": null, "_fetched": true}, {"_replies": [], "_submission": "21tu53", "_reddit": "_reddit", "total_awards_received": 0, "approved_at_utc": null, "ups": 1, "awarders": [], "mod_reason_by": null, "banned_by": null, "author_flair_type": "text", "removal_reason": null, "link_id": "t3_21tu53", "author_flair_template_id": null, "likes": null, "user_reports": [], "saved": false, "id": "cgh58ki", "banned_at_utc": null, "mod_reason_title": null, "gilded": 0, "archived": true, "no_follow": true, "author": "Palmsiepoo", "can_mod_post": false, "send_replies": true, "parent_id": "t1_cgghc30", "score": 1, "author_fullname": "t2_5to3c", "report_reasons": null, "approved_by": null, "all_awardings": [], "subreddit_id": "t5_2qhfi", "collapsed": false, "body": "I think the concern isn't necessary Type I error per se, but rather the long-term predictive validity of big data models. With no theory guiding WHY the model is specified the way it is, we have no underlying structure that holds it together. \n\nThis is why, according to the author, the Google flu model failed eventually. It didn't specify WHY the model was created the way it was and therefore couldn't understand what was driving the effects. \n\nJust as ice cream and murder rates are correlated, a theoryless model would make the correlated assumption that as more ice cream is sold, more people will die when, in fact, the true effect is due to increased temperatures (deaths occur in hotter months, so do ice cream sales).\n\nTheoryless models can't take these variables into account unless they're fed into the original models. If a key variable that drives the effect is omitted, the model (and researchers) will have no idea why it's predictions fail until it's too late. ", "edited": false, "author_flair_css_class": null, "is_submitter": false, "downs": 0, "author_flair_richtext": [], "author_patreon_flair": false, "body_html": "<div class=\"md\"><p>I think the concern isn&#39;t necessary Type I error per se, but rather the long-term predictive validity of big data models. With no theory guiding WHY the model is specified the way it is, we have no underlying structure that holds it together. </p>\n\n<p>This is why, according to the author, the Google flu model failed eventually. It didn&#39;t specify WHY the model was created the way it was and therefore couldn&#39;t understand what was driving the effects. </p>\n\n<p>Just as ice cream and murder rates are correlated, a theoryless model would make the correlated assumption that as more ice cream is sold, more people will die when, in fact, the true effect is due to increased temperatures (deaths occur in hotter months, so do ice cream sales).</p>\n\n<p>Theoryless models can&#39;t take these variables into account unless they&#39;re fed into the original models. If a key variable that drives the effect is omitted, the model (and researchers) will have no idea why it&#39;s predictions fail until it&#39;s too late. </p>\n</div>", "gildings": {}, "collapsed_reason": null, "associated_award": null, "stickied": false, "author_premium": true, "subreddit_type": "public", "can_gild": true, "subreddit": "statistics", "author_flair_text_color": null, "score_hidden": false, "permalink": "/r/statistics/comments/21tu53/ft_big_data_are_we_making_a_big_mistake/cgh58ki/", "num_reports": null, "locked": false, "name": "t1_cgh58ki", "created": 1396360091.0, "author_flair_text": null, "treatment_tags": [], "created_utc": 1396331291.0, "subreddit_name_prefixed": "r/statistics", "controversiality": 0, "depth": 1, "author_flair_background_color": null, "collapsed_because_crowd_control": null, "mod_reports": [], "mod_note": null, "distinguished": null, "_fetched": true}, {"_replies": [], "_submission": "21tu53", "_reddit": "_reddit", "total_awards_received": 0, "approved_at_utc": null, "ups": 1, "awarders": [], "mod_reason_by": null, "banned_by": null, "author_flair_type": "text", "removal_reason": null, "link_id": "t3_21tu53", "author_flair_template_id": null, "likes": null, "user_reports": [], "saved": false, "id": "cggzpwq", "banned_at_utc": null, "mod_reason_title": null, "gilded": 0, "archived": true, "no_follow": true, "author": "eskimojoe", "can_mod_post": false, "send_replies": true, "parent_id": "t1_cggkldj", "score": 1, "author_fullname": "t2_4qcrq", "report_reasons": null, "approved_by": null, "all_awardings": [], "subreddit_id": "t5_2qhfi", "collapsed": false, "body": "I thought the same thing! I'm not even a statistician, my degree's in Economics (a lot of econometrics) and I thought immediately: the rules still apply. Sampling bias can and does exist. ", "edited": false, "author_flair_css_class": null, "is_submitter": false, "downs": 0, "author_flair_richtext": [], "author_patreon_flair": false, "body_html": "<div class=\"md\"><p>I thought the same thing! I&#39;m not even a statistician, my degree&#39;s in Economics (a lot of econometrics) and I thought immediately: the rules still apply. Sampling bias can and does exist. </p>\n</div>", "gildings": {}, "collapsed_reason": null, "associated_award": null, "stickied": false, "author_premium": false, "subreddit_type": "public", "can_gild": true, "subreddit": "statistics", "author_flair_text_color": null, "score_hidden": false, "permalink": "/r/statistics/comments/21tu53/ft_big_data_are_we_making_a_big_mistake/cggzpwq/", "num_reports": null, "locked": false, "name": "t1_cggzpwq", "created": 1396346401.0, "author_flair_text": null, "treatment_tags": [], "created_utc": 1396317601.0, "subreddit_name_prefixed": "r/statistics", "controversiality": 0, "depth": 1, "author_flair_background_color": null, "collapsed_because_crowd_control": null, "mod_reports": [], "mod_note": null, "distinguished": null, "_fetched": true}, {"_replies": [], "_submission": "21tu53", "_reddit": "_reddit", "total_awards_received": 0, "approved_at_utc": null, "ups": 1, "awarders": [], "mod_reason_by": null, "banned_by": null, "author_flair_type": "text", "removal_reason": null, "link_id": "t3_21tu53", "author_flair_template_id": null, "likes": null, "user_reports": [], "saved": false, "id": "cgh11xv", "banned_at_utc": null, "mod_reason_title": null, "gilded": 0, "archived": true, "no_follow": true, "author": "daledinkler", "can_mod_post": false, "send_replies": true, "parent_id": "t1_cggkldj", "score": 1, "author_fullname": "t2_32dtg", "report_reasons": null, "approved_by": null, "all_awardings": [], "subreddit_id": "t5_2qhfi", "collapsed": false, "body": "Speaking as someone with a decent stats background in a field with lots of non-statisticians, yes.  It's not so much that they believe that they don't have to do statistics, it's that the see significant relationships, and then stop thinking statistically.", "edited": false, "author_flair_css_class": null, "is_submitter": false, "downs": 0, "author_flair_richtext": [], "author_patreon_flair": false, "body_html": "<div class=\"md\"><p>Speaking as someone with a decent stats background in a field with lots of non-statisticians, yes.  It&#39;s not so much that they believe that they don&#39;t have to do statistics, it&#39;s that the see significant relationships, and then stop thinking statistically.</p>\n</div>", "gildings": {}, "collapsed_reason": null, "associated_award": null, "stickied": false, "author_premium": false, "subreddit_type": "public", "can_gild": true, "subreddit": "statistics", "author_flair_text_color": null, "score_hidden": false, "permalink": "/r/statistics/comments/21tu53/ft_big_data_are_we_making_a_big_mistake/cgh11xv/", "num_reports": null, "locked": false, "name": "t1_cgh11xv", "created": 1396349256.0, "author_flair_text": null, "treatment_tags": [], "created_utc": 1396320456.0, "subreddit_name_prefixed": "r/statistics", "controversiality": 0, "depth": 1, "author_flair_background_color": null, "collapsed_because_crowd_control": null, "mod_reports": [], "mod_note": null, "distinguished": null, "_fetched": true}, {"_replies": [], "_submission": "21tu53", "_reddit": "_reddit", "total_awards_received": 0, "approved_at_utc": null, "ups": 1, "awarders": [], "mod_reason_by": null, "banned_by": null, "author_flair_type": "text", "removal_reason": null, "link_id": "t3_21tu53", "author_flair_template_id": null, "likes": null, "user_reports": [], "saved": false, "id": "cgha75i", "banned_at_utc": null, "mod_reason_title": null, "gilded": 0, "archived": true, "no_follow": true, "author": "econometrician", "can_mod_post": false, "send_replies": true, "parent_id": "t1_cggkldj", "score": 1, "author_fullname": "t2_6fs13", "report_reasons": null, "approved_by": null, "all_awardings": [], "subreddit_id": "t5_2qhfi", "collapsed": false, "body": "I had a colleague tell me this very thing, he's a math background and works with me as a data scientist. He's super smart but he was wrong on this topic.", "edited": false, "author_flair_css_class": null, "is_submitter": false, "downs": 0, "author_flair_richtext": [], "author_patreon_flair": false, "body_html": "<div class=\"md\"><p>I had a colleague tell me this very thing, he&#39;s a math background and works with me as a data scientist. He&#39;s super smart but he was wrong on this topic.</p>\n</div>", "gildings": {}, "collapsed_reason": null, "associated_award": null, "stickied": false, "author_premium": false, "subreddit_type": "public", "can_gild": true, "subreddit": "statistics", "author_flair_text_color": null, "score_hidden": false, "permalink": "/r/statistics/comments/21tu53/ft_big_data_are_we_making_a_big_mistake/cgha75i/", "num_reports": null, "locked": false, "name": "t1_cgha75i", "created": 1396386407.0, "author_flair_text": null, "treatment_tags": [], "created_utc": 1396357607.0, "subreddit_name_prefixed": "r/statistics", "controversiality": 0, "depth": 1, "author_flair_background_color": null, "collapsed_because_crowd_control": null, "mod_reports": [], "mod_note": null, "distinguished": null, "_fetched": true}, {"_replies": [], "_submission": "21tu53", "_reddit": "_reddit", "total_awards_received": 0, "approved_at_utc": null, "ups": 1, "awarders": [], "mod_reason_by": null, "banned_by": null, "author_flair_type": "text", "removal_reason": null, "link_id": "t3_21tu53", "author_flair_template_id": null, "likes": null, "user_reports": [], "saved": false, "id": "cgi6rda", "banned_at_utc": null, "mod_reason_title": null, "gilded": 0, "archived": true, "no_follow": true, "author": "giziti", "can_mod_post": false, "send_replies": true, "parent_id": "t1_cggkldj", "score": 1, "author_fullname": "t2_5tjps", "report_reasons": null, "approved_by": null, "all_awardings": [], "subreddit_id": "t5_2qhfi", "collapsed": false, "body": "Some of them do, unfortunately. Argle bargle. ", "edited": false, "author_flair_css_class": null, "is_submitter": false, "downs": 0, "author_flair_richtext": [], "author_patreon_flair": false, "body_html": "<div class=\"md\"><p>Some of them do, unfortunately. Argle bargle. </p>\n</div>", "gildings": {}, "collapsed_reason": null, "associated_award": null, "stickied": false, "author_premium": false, "subreddit_type": "public", "can_gild": true, "subreddit": "statistics", "author_flair_text_color": null, "score_hidden": false, "permalink": "/r/statistics/comments/21tu53/ft_big_data_are_we_making_a_big_mistake/cgi6rda/", "num_reports": null, "locked": false, "name": "t1_cgi6rda", "created": 1396481320.0, "author_flair_text": null, "treatment_tags": [], "created_utc": 1396452520.0, "subreddit_name_prefixed": "r/statistics", "controversiality": 0, "depth": 1, "author_flair_background_color": null, "collapsed_because_crowd_control": null, "mod_reports": [], "mod_note": null, "distinguished": null, "_fetched": true}, {"_replies": ["cggq08e", "cgglf30", "cggklx1"], "_submission": "21tu53", "_reddit": "_reddit", "total_awards_received": 0, "approved_at_utc": null, "ups": 8, "awarders": [], "mod_reason_by": null, "banned_by": null, "author_flair_type": "text", "removal_reason": null, "link_id": "t3_21tu53", "author_flair_template_id": null, "likes": null, "user_reports": [], "saved": false, "id": "cggj4q6", "banned_at_utc": null, "mod_reason_title": null, "gilded": 0, "archived": true, "no_follow": false, "author": "canteloupy", "can_mod_post": false, "created_utc": 1396283589.0, "send_replies": true, "parent_id": "t1_cggivta", "score": 8, "author_fullname": "t2_4fi1m", "report_reasons": null, "approved_by": null, "all_awardings": [], "subreddit_id": "t5_2qhfi", "body": "I am finishing a PhD in genomics and even in science much of the scientific method is being thrown out in the age of big data.", "edited": false, "author_flair_css_class": null, "is_submitter": false, "downs": 0, "author_flair_richtext": [], "author_patreon_flair": false, "body_html": "<div class=\"md\"><p>I am finishing a PhD in genomics and even in science much of the scientific method is being thrown out in the age of big data.</p>\n</div>", "gildings": {}, "collapsed_reason": null, "associated_award": null, "stickied": false, "author_premium": false, "subreddit_type": "public", "can_gild": true, "subreddit": "statistics", "author_flair_text_color": null, "score_hidden": false, "permalink": "/r/statistics/comments/21tu53/ft_big_data_are_we_making_a_big_mistake/cggj4q6/", "num_reports": null, "locked": false, "name": "t1_cggj4q6", "created": 1396312389.0, "author_flair_text": null, "treatment_tags": [], "collapsed": false, "subreddit_name_prefixed": "r/statistics", "controversiality": 0, "depth": 2, "author_flair_background_color": null, "collapsed_because_crowd_control": null, "mod_reports": [], "mod_note": null, "distinguished": null, "_fetched": true}, {"_replies": ["cggqv0m"], "_submission": "21tu53", "_reddit": "_reddit", "total_awards_received": 0, "approved_at_utc": null, "ups": 2, "awarders": [], "mod_reason_by": null, "banned_by": null, "author_flair_type": "text", "removal_reason": null, "link_id": "t3_21tu53", "author_flair_template_id": null, "likes": null, "user_reports": [], "saved": false, "id": "cggq08e", "banned_at_utc": null, "mod_reason_title": null, "gilded": 0, "archived": true, "no_follow": true, "author": "NotAHomeworkQuestion", "can_mod_post": false, "send_replies": true, "parent_id": "t1_cggj4q6", "score": 2, "author_fullname": "t2_b1jv1", "report_reasons": null, "approved_by": null, "all_awardings": [], "subreddit_id": "t5_2qhfi", "body": "Can you give an example?", "edited": false, "downs": 0, "author_flair_css_class": null, "is_submitter": false, "collapsed": false, "author_flair_richtext": [], "author_patreon_flair": false, "body_html": "<div class=\"md\"><p>Can you give an example?</p>\n</div>", "gildings": {}, "collapsed_reason": null, "associated_award": null, "stickied": false, "author_premium": false, "subreddit_type": "public", "can_gild": true, "subreddit": "statistics", "author_flair_text_color": null, "score_hidden": false, "permalink": "/r/statistics/comments/21tu53/ft_big_data_are_we_making_a_big_mistake/cggq08e/", "num_reports": null, "locked": false, "name": "t1_cggq08e", "created": 1396325985.0, "author_flair_text": null, "treatment_tags": [], "created_utc": 1396297185.0, "subreddit_name_prefixed": "r/statistics", "controversiality": 0, "depth": 3, "author_flair_background_color": null, "collapsed_because_crowd_control": null, "mod_reports": [], "mod_note": null, "distinguished": null, "_fetched": true}, {"_replies": ["cggpd3g"], "_submission": "21tu53", "_reddit": "_reddit", "total_awards_received": 0, "approved_at_utc": null, "ups": 4, "awarders": [], "mod_reason_by": null, "banned_by": null, "author_flair_type": "text", "removal_reason": null, "link_id": "t3_21tu53", "author_flair_template_id": null, "likes": null, "user_reports": [], "saved": false, "id": "cgglf30", "banned_at_utc": null, "mod_reason_title": null, "gilded": 0, "archived": true, "no_follow": false, "author": "GratefulTony", "can_mod_post": false, "send_replies": true, "parent_id": "t1_cggj4q6", "score": 4, "author_fullname": "t2_4azmq", "report_reasons": null, "approved_by": null, "all_awardings": [], "subreddit_id": "t5_2qhfi", "body": "The philosophy of science is going to need to brush up its game and come to terms a little more with information theory. ", "edited": false, "downs": 0, "author_flair_css_class": null, "is_submitter": false, "collapsed": false, "author_flair_richtext": [], "author_patreon_flair": false, "body_html": "<div class=\"md\"><p>The philosophy of science is going to need to brush up its game and come to terms a little more with information theory. </p>\n</div>", "gildings": {}, "collapsed_reason": null, "associated_award": null, "stickied": false, "author_premium": false, "subreddit_type": "public", "can_gild": true, "subreddit": "statistics", "author_flair_text_color": null, "score_hidden": false, "permalink": "/r/statistics/comments/21tu53/ft_big_data_are_we_making_a_big_mistake/cgglf30/", "num_reports": null, "locked": false, "name": "t1_cgglf30", "created": 1396317088.0, "author_flair_text": null, "treatment_tags": [], "created_utc": 1396288288.0, "subreddit_name_prefixed": "r/statistics", "controversiality": 0, "depth": 3, "author_flair_background_color": null, "collapsed_because_crowd_control": null, "mod_reports": [], "mod_note": null, "distinguished": null, "_fetched": true}, {"_replies": [], "_submission": "21tu53", "_reddit": "_reddit", "total_awards_received": 0, "approved_at_utc": null, "ups": 1, "awarders": [], "mod_reason_by": null, "banned_by": null, "author_flair_type": "text", "removal_reason": null, "link_id": "t3_21tu53", "author_flair_template_id": null, "likes": null, "user_reports": [], "saved": false, "id": "cgh24ou", "banned_at_utc": null, "mod_reason_title": null, "gilded": 0, "archived": true, "no_follow": true, "author": "IndustrialstrengthX", "can_mod_post": false, "send_replies": true, "parent_id": "t1_cgh0x66", "score": 1, "author_fullname": "t2_6ok8t", "report_reasons": null, "approved_by": null, "all_awardings": [], "subreddit_id": "t5_2qhfi", "body": "Lol'd hilariously true. I try to comment on the questionable effectiveness of forecasting when sales reps are involved and people look at me like I'm crazy.", "edited": false, "downs": 0, "author_flair_css_class": null, "is_submitter": false, "collapsed": false, "author_flair_richtext": [], "author_patreon_flair": false, "body_html": "<div class=\"md\"><p>Lol&#39;d hilariously true. I try to comment on the questionable effectiveness of forecasting when sales reps are involved and people look at me like I&#39;m crazy.</p>\n</div>", "gildings": {}, "collapsed_reason": null, "associated_award": null, "stickied": false, "author_premium": false, "subreddit_type": "public", "can_gild": true, "subreddit": "statistics", "author_flair_text_color": null, "score_hidden": false, "permalink": "/r/statistics/comments/21tu53/ft_big_data_are_we_making_a_big_mistake/cgh24ou/", "num_reports": null, "locked": false, "name": "t1_cgh24ou", "created": 1396351676.0, "author_flair_text": null, "treatment_tags": [], "created_utc": 1396322876.0, "subreddit_name_prefixed": "r/statistics", "controversiality": 0, "depth": 3, "author_flair_background_color": null, "collapsed_because_crowd_control": null, "mod_reports": [], "mod_note": null, "distinguished": null, "_fetched": true}, {"_replies": ["cggqc7b"], "_submission": "21tu53", "_reddit": "_reddit", "total_awards_received": 0, "approved_at_utc": null, "ups": 3, "awarders": [], "mod_reason_by": null, "banned_by": null, "author_flair_type": "text", "removal_reason": null, "link_id": "t3_21tu53", "author_flair_template_id": null, "likes": null, "user_reports": [], "saved": false, "id": "cggpd3g", "banned_at_utc": null, "mod_reason_title": null, "gilded": 0, "archived": true, "no_follow": true, "author": "Neurokeen", "can_mod_post": false, "send_replies": true, "parent_id": "t1_cgglf30", "score": 3, "author_fullname": "t2_5cu5r", "report_reasons": null, "approved_by": null, "all_awardings": [], "subreddit_id": "t5_2qhfi", "collapsed": false, "body": "You say that as if philosophy of science hasn't progressed beyond the hypothetico-deductive model. There have been many advances since, such as the scientific realist camp delving into just what status to give models of different types.", "edited": false, "author_flair_css_class": null, "is_submitter": false, "downs": 0, "author_flair_richtext": [], "author_patreon_flair": false, "body_html": "<div class=\"md\"><p>You say that as if philosophy of science hasn&#39;t progressed beyond the hypothetico-deductive model. There have been many advances since, such as the scientific realist camp delving into just what status to give models of different types.</p>\n</div>", "gildings": {}, "collapsed_reason": null, "associated_award": null, "stickied": false, "author_premium": false, "subreddit_type": "public", "can_gild": true, "subreddit": "statistics", "author_flair_text_color": null, "score_hidden": false, "permalink": "/r/statistics/comments/21tu53/ft_big_data_are_we_making_a_big_mistake/cggpd3g/", "num_reports": null, "locked": false, "name": "t1_cggpd3g", "created": 1396324785.0, "author_flair_text": null, "treatment_tags": [], "created_utc": 1396295985.0, "subreddit_name_prefixed": "r/statistics", "controversiality": 0, "depth": 4, "author_flair_background_color": null, "collapsed_because_crowd_control": null, "mod_reports": [], "mod_note": null, "distinguished": null, "_fetched": true}, {"_replies": [], "_submission": "21tu53", "_reddit": "_reddit", "total_awards_received": 0, "approved_at_utc": null, "ups": 2, "awarders": [], "mod_reason_by": null, "banned_by": null, "author_flair_type": "text", "removal_reason": null, "link_id": "t3_21tu53", "author_flair_template_id": null, "likes": null, "user_reports": [], "saved": false, "id": "cggqu7a", "banned_at_utc": null, "mod_reason_title": null, "gilded": 0, "archived": true, "no_follow": true, "author": "canteloupy", "can_mod_post": false, "send_replies": true, "parent_id": "t1_cggklx1", "score": 2, "author_fullname": "t2_4fi1m", "report_reasons": null, "approved_by": null, "all_awardings": [], "subreddit_id": "t5_2qhfi", "collapsed": false, "body": "It depends. It wouldn't be if all  projects had a mix. And most do. But some don't, and it's annoying. For stuff like genome-wide association studies it's understood that they find correlations and a good deal of scientists following up the work involves teasing out causal relationships, for example, but the problem is how it's reported and who follows up. It's usually over-hyped in the media and rarely the star lab who found the association who follows up. It creates some weird situations but science overall doesn't suffer.\n\nBut some functional genomics projects consist almost only of exploratory data analysis and validation experiments as an afterthought. There are papers claiming things they did not prove because of this.\n\nOn a more personal note, as a grad students starting out, it feels very unsettling to be thrown into the big data with the instruction to \"find something interesting\".", "edited": false, "author_flair_css_class": null, "is_submitter": false, "downs": 0, "author_flair_richtext": [], "author_patreon_flair": false, "body_html": "<div class=\"md\"><p>It depends. It wouldn&#39;t be if all  projects had a mix. And most do. But some don&#39;t, and it&#39;s annoying. For stuff like genome-wide association studies it&#39;s understood that they find correlations and a good deal of scientists following up the work involves teasing out causal relationships, for example, but the problem is how it&#39;s reported and who follows up. It&#39;s usually over-hyped in the media and rarely the star lab who found the association who follows up. It creates some weird situations but science overall doesn&#39;t suffer.</p>\n\n<p>But some functional genomics projects consist almost only of exploratory data analysis and validation experiments as an afterthought. There are papers claiming things they did not prove because of this.</p>\n\n<p>On a more personal note, as a grad students starting out, it feels very unsettling to be thrown into the big data with the instruction to &quot;find something interesting&quot;.</p>\n</div>", "gildings": {}, "collapsed_reason": null, "associated_award": null, "stickied": false, "author_premium": false, "subreddit_type": "public", "can_gild": true, "subreddit": "statistics", "author_flair_text_color": null, "score_hidden": false, "permalink": "/r/statistics/comments/21tu53/ft_big_data_are_we_making_a_big_mistake/cggqu7a/", "num_reports": null, "locked": false, "name": "t1_cggqu7a", "created": 1396327538.0, "author_flair_text": null, "treatment_tags": [], "created_utc": 1396298738.0, "subreddit_name_prefixed": "r/statistics", "controversiality": 0, "depth": 4, "author_flair_background_color": null, "collapsed_because_crowd_control": null, "mod_reports": [], "mod_note": null, "distinguished": null, "_fetched": true}, {"_replies": ["cggr7rx", "cgguwlf"], "_submission": "21tu53", "_reddit": "_reddit", "total_awards_received": 0, "approved_at_utc": null, "ups": 2, "awarders": [], "mod_reason_by": null, "banned_by": null, "author_flair_type": "text", "removal_reason": null, "link_id": "t3_21tu53", "author_flair_template_id": null, "likes": null, "user_reports": [], "saved": false, "id": "cggr1rc", "banned_at_utc": null, "mod_reason_title": null, "gilded": 0, "archived": true, "no_follow": true, "author": "canteloupy", "can_mod_post": false, "created_utc": 1396299140.0, "send_replies": true, "parent_id": "t1_cggqv0m", "score": 2, "author_fullname": "t2_4fi1m", "report_reasons": null, "approved_by": null, "all_awardings": [], "subreddit_id": "t5_2qhfi", "body": "That's exactly what I mean. As a grad student, you show up once the grant has been written for XX amount of sequencing and get a heap of data with the instruction to \"find something interesting\". I basically hated it.", "edited": false, "author_flair_css_class": null, "is_submitter": false, "downs": 0, "author_flair_richtext": [], "author_patreon_flair": false, "body_html": "<div class=\"md\"><p>That&#39;s exactly what I mean. As a grad student, you show up once the grant has been written for XX amount of sequencing and get a heap of data with the instruction to &quot;find something interesting&quot;. I basically hated it.</p>\n</div>", "gildings": {}, "collapsed_reason": null, "associated_award": null, "stickied": false, "author_premium": false, "subreddit_type": "public", "can_gild": true, "subreddit": "statistics", "author_flair_text_color": null, "score_hidden": false, "permalink": "/r/statistics/comments/21tu53/ft_big_data_are_we_making_a_big_mistake/cggr1rc/", "num_reports": null, "locked": false, "name": "t1_cggr1rc", "created": 1396327940.0, "author_flair_text": null, "treatment_tags": [], "collapsed": false, "subreddit_name_prefixed": "r/statistics", "controversiality": 0, "depth": 5, "author_flair_background_color": null, "collapsed_because_crowd_control": null, "mod_reports": [], "mod_note": null, "distinguished": null, "_fetched": true}, {"_replies": [], "_submission": "21tu53", "_reddit": "_reddit", "total_awards_received": 0, "approved_at_utc": null, "ups": 1, "awarders": [], "mod_reason_by": null, "banned_by": null, "author_flair_type": "text", "removal_reason": null, "link_id": "t3_21tu53", "author_flair_template_id": null, "likes": null, "user_reports": [], "saved": false, "id": "cggqxn7", "banned_at_utc": null, "mod_reason_title": null, "gilded": 0, "archived": true, "no_follow": true, "author": "NotAHomeworkQuestion", "can_mod_post": false, "created_utc": 1396298924.0, "send_replies": true, "parent_id": "t1_cggqv0m", "score": 1, "author_fullname": "t2_b1jv1", "report_reasons": null, "approved_by": null, "all_awardings": [], "subreddit_id": "t5_2qhfi", "body": "Thanks!", "edited": false, "author_flair_css_class": null, "is_submitter": false, "downs": 0, "author_flair_richtext": [], "author_patreon_flair": false, "body_html": "<div class=\"md\"><p>Thanks!</p>\n</div>", "gildings": {}, "collapsed_reason": null, "associated_award": null, "stickied": false, "author_premium": false, "subreddit_type": "public", "can_gild": true, "subreddit": "statistics", "author_flair_text_color": null, "score_hidden": false, "permalink": "/r/statistics/comments/21tu53/ft_big_data_are_we_making_a_big_mistake/cggqxn7/", "num_reports": null, "locked": false, "name": "t1_cggqxn7", "created": 1396327724.0, "author_flair_text": null, "treatment_tags": [], "collapsed": false, "subreddit_name_prefixed": "r/statistics", "controversiality": 0, "depth": 5, "author_flair_background_color": null, "collapsed_because_crowd_control": null, "mod_reports": [], "mod_note": null, "distinguished": null, "_fetched": true}, {"_replies": [], "_submission": "21tu53", "_reddit": "_reddit", "total_awards_received": 0, "approved_at_utc": null, "ups": 1, "awarders": [], "mod_reason_by": null, "banned_by": null, "author_flair_type": "text", "removal_reason": null, "link_id": "t3_21tu53", "author_flair_template_id": null, "likes": null, "user_reports": [], "saved": false, "id": "cgh77cq", "banned_at_utc": null, "mod_reason_title": null, "gilded": 0, "archived": true, "no_follow": true, "author": "enilkcals", "can_mod_post": false, "created_utc": 1396340526.0, "send_replies": true, "parent_id": "t1_cggqv0m", "score": 1, "author_fullname": "t2_91o9h", "report_reasons": null, "approved_by": null, "all_awardings": [], "subreddit_id": "t5_2qhfi", "body": "This may well happen (and quite widely) but its not always the case as many researchers are aware of the problems involved.\n\nOften a different procedure for \"Step 3\" is taken which involves looking for corroborating eveidence from other avenues.  \n\nFor example rather than simply looking for the existence of a mutation that is associated with disease status the effect of that mutation on the encoded protein and how it affected its function/expression was also checked.  Whether the gene itself encoded a protein that had a plausable biological role in the disease aetiology was also very important.  In some cases mouse models with knockout genes are also derived to test if this results in a similar pheontype.  Also confirmatory studies are done with collaborators around the world to test and replicate the association seen before publishing.\n\nThats not to say that there aren't problems with the methodology that many who have jumped on the band-wagon have employed, but not all researchers clamour to publish every single \"significant\" association they discover.", "edited": 1396364671.0, "author_flair_css_class": null, "is_submitter": false, "downs": 0, "author_flair_richtext": [], "author_patreon_flair": false, "body_html": "<div class=\"md\"><p>This may well happen (and quite widely) but its not always the case as many researchers are aware of the problems involved.</p>\n\n<p>Often a different procedure for &quot;Step 3&quot; is taken which involves looking for corroborating eveidence from other avenues.  </p>\n\n<p>For example rather than simply looking for the existence of a mutation that is associated with disease status the effect of that mutation on the encoded protein and how it affected its function/expression was also checked.  Whether the gene itself encoded a protein that had a plausable biological role in the disease aetiology was also very important.  In some cases mouse models with knockout genes are also derived to test if this results in a similar pheontype.  Also confirmatory studies are done with collaborators around the world to test and replicate the association seen before publishing.</p>\n\n<p>Thats not to say that there aren&#39;t problems with the methodology that many who have jumped on the band-wagon have employed, but not all researchers clamour to publish every single &quot;significant&quot; association they discover.</p>\n</div>", "gildings": {}, "collapsed_reason": null, "associated_award": null, "stickied": false, "author_premium": false, "subreddit_type": "public", "can_gild": true, "subreddit": "statistics", "author_flair_text_color": null, "score_hidden": false, "permalink": "/r/statistics/comments/21tu53/ft_big_data_are_we_making_a_big_mistake/cgh77cq/", "num_reports": null, "locked": false, "name": "t1_cgh77cq", "created": 1396369326.0, "author_flair_text": null, "treatment_tags": [], "collapsed": false, "subreddit_name_prefixed": "r/statistics", "controversiality": 0, "depth": 5, "author_flair_background_color": null, "collapsed_because_crowd_control": null, "mod_reports": [], "mod_note": null, "distinguished": null, "_fetched": true}, {"_replies": ["cggraf9"], "_submission": "21tu53", "_reddit": "_reddit", "total_awards_received": 0, "approved_at_utc": null, "ups": 4, "awarders": [], "mod_reason_by": null, "banned_by": null, "author_flair_type": "text", "removal_reason": null, "link_id": "t3_21tu53", "author_flair_template_id": null, "likes": null, "user_reports": [], "saved": false, "id": "cggqc7b", "banned_at_utc": null, "mod_reason_title": null, "gilded": 0, "archived": true, "no_follow": false, "author": "GratefulTony", "can_mod_post": false, "created_utc": 1396297808.0, "send_replies": true, "parent_id": "t1_cggpd3g", "score": 4, "author_fullname": "t2_4azmq", "report_reasons": null, "approved_by": null, "all_awardings": [], "subreddit_id": "t5_2qhfi", "body": "Can you give me some references? ", "edited": false, "author_flair_css_class": null, "is_submitter": false, "downs": 0, "author_flair_richtext": [], "author_patreon_flair": false, "body_html": "<div class=\"md\"><p>Can you give me some references? </p>\n</div>", "gildings": {}, "collapsed_reason": null, "associated_award": null, "stickied": false, "author_premium": false, "subreddit_type": "public", "can_gild": true, "subreddit": "statistics", "author_flair_text_color": null, "score_hidden": false, "permalink": "/r/statistics/comments/21tu53/ft_big_data_are_we_making_a_big_mistake/cggqc7b/", "num_reports": null, "locked": false, "name": "t1_cggqc7b", "created": 1396326608.0, "author_flair_text": null, "treatment_tags": [], "collapsed": false, "subreddit_name_prefixed": "r/statistics", "controversiality": 0, "depth": 5, "author_flair_background_color": null, "collapsed_because_crowd_control": null, "mod_reports": [], "mod_note": null, "distinguished": null, "_fetched": true}, {"_replies": ["cggs6qk", "cgh919f"], "_submission": "21tu53", "_reddit": "_reddit", "total_awards_received": 0, "approved_at_utc": null, "ups": 4, "awarders": [], "mod_reason_by": null, "banned_by": null, "author_flair_type": "text", "removal_reason": null, "link_id": "t3_21tu53", "author_flair_template_id": null, "likes": null, "user_reports": [], "saved": false, "id": "cggraf9", "banned_at_utc": null, "mod_reason_title": null, "gilded": 0, "archived": true, "no_follow": false, "author": "Neurokeen", "can_mod_post": false, "send_replies": true, "parent_id": "t1_cggqc7b", "score": 4, "author_fullname": "t2_5cu5r", "report_reasons": null, "approved_by": null, "all_awardings": [], "subreddit_id": "t5_2qhfi", "body": "For a broad view-from-above, the [Stanford Encyclopedia of Philosophy](http://plato.stanford.edu/archives/sum2009/entries/models-science/) is usually a good place to start.\n\nA lot of these types of problems with drawing inferences with little hypothesis input also relate tangentially to the proof of the four color theorem, which was a pretty hot topic a couple of decades ago. Even though it was in the context of a mathematical proof, it was pretty much done entirely by computer, and the controversy involved the reliance upon the computer for the veracity of the proof.\n\nTo add to how busy philosophy of science can be, even work like Judea Pearl's falls partly into philosophy of science because of his work on the manipulability explanation of causation.", "edited": false, "downs": 0, "author_flair_css_class": null, "is_submitter": false, "collapsed": false, "author_flair_richtext": [], "author_patreon_flair": false, "body_html": "<div class=\"md\"><p>For a broad view-from-above, the <a href=\"http://plato.stanford.edu/archives/sum2009/entries/models-science/\">Stanford Encyclopedia of Philosophy</a> is usually a good place to start.</p>\n\n<p>A lot of these types of problems with drawing inferences with little hypothesis input also relate tangentially to the proof of the four color theorem, which was a pretty hot topic a couple of decades ago. Even though it was in the context of a mathematical proof, it was pretty much done entirely by computer, and the controversy involved the reliance upon the computer for the veracity of the proof.</p>\n\n<p>To add to how busy philosophy of science can be, even work like Judea Pearl&#39;s falls partly into philosophy of science because of his work on the manipulability explanation of causation.</p>\n</div>", "gildings": {}, "collapsed_reason": null, "associated_award": null, "stickied": false, "author_premium": false, "subreddit_type": "public", "can_gild": true, "subreddit": "statistics", "author_flair_text_color": null, "score_hidden": false, "permalink": "/r/statistics/comments/21tu53/ft_big_data_are_we_making_a_big_mistake/cggraf9/", "num_reports": null, "locked": false, "name": "t1_cggraf9", "created": 1396328405.0, "author_flair_text": null, "treatment_tags": [], "created_utc": 1396299605.0, "subreddit_name_prefixed": "r/statistics", "controversiality": 0, "depth": 6, "author_flair_background_color": null, "collapsed_because_crowd_control": null, "mod_reports": [], "mod_note": null, "distinguished": null, "_fetched": true}, {"_replies": [], "_submission": "21tu53", "_reddit": "_reddit", "total_awards_received": 0, "approved_at_utc": null, "ups": 1, "awarders": [], "mod_reason_by": null, "banned_by": null, "author_flair_type": "text", "removal_reason": null, "link_id": "t3_21tu53", "author_flair_template_id": null, "likes": null, "user_reports": [], "saved": false, "id": "cggveqr", "banned_at_utc": null, "mod_reason_title": null, "gilded": 0, "archived": true, "no_follow": true, "author": "Mockingbird42", "can_mod_post": false, "send_replies": true, "parent_id": "t1_cgguwlf", "score": 1, "author_fullname": "t2_ax44x", "report_reasons": null, "approved_by": null, "all_awardings": [], "subreddit_id": "t5_2qhfi", "collapsed": false, "body": "I am a psychometrician (delivering massive amounts of hypothetically unidimensional tests to large amounts of people), and even when we are trying to measure a single dimension with large samples there are a horde of issues.\n\n", "edited": false, "author_flair_css_class": null, "is_submitter": false, "downs": 0, "author_flair_richtext": [], "author_patreon_flair": false, "body_html": "<div class=\"md\"><p>I am a psychometrician (delivering massive amounts of hypothetically unidimensional tests to large amounts of people), and even when we are trying to measure a single dimension with large samples there are a horde of issues.</p>\n</div>", "gildings": {}, "collapsed_reason": null, "associated_award": null, "stickied": false, "author_premium": false, "subreddit_type": "public", "can_gild": true, "subreddit": "statistics", "author_flair_text_color": null, "score_hidden": false, "permalink": "/r/statistics/comments/21tu53/ft_big_data_are_we_making_a_big_mistake/cggveqr/", "num_reports": null, "locked": false, "name": "t1_cggveqr", "created": 1396337135.0, "author_flair_text": null, "treatment_tags": [], "created_utc": 1396308335.0, "subreddit_name_prefixed": "r/statistics", "controversiality": 0, "depth": 7, "author_flair_background_color": null, "collapsed_because_crowd_control": null, "mod_reports": [], "mod_note": null, "distinguished": null, "_fetched": true}, {"_replies": [], "_submission": "21tu53", "_reddit": "_reddit", "total_awards_received": 0, "approved_at_utc": null, "ups": 1, "awarders": [], "mod_reason_by": null, "banned_by": null, "author_flair_type": "text", "removal_reason": null, "link_id": "t3_21tu53", "author_flair_template_id": null, "likes": null, "user_reports": [], "saved": false, "id": "cggs6qk", "banned_at_utc": null, "mod_reason_title": null, "gilded": 0, "archived": true, "no_follow": true, "author": "GratefulTony", "can_mod_post": false, "send_replies": true, "parent_id": "t1_cggraf9", "score": 1, "author_fullname": "t2_4azmq", "report_reasons": null, "approved_by": null, "all_awardings": [], "subreddit_id": "t5_2qhfi", "collapsed": false, "body": "SEP, I should have figured. Thanks/", "edited": false, "author_flair_css_class": null, "is_submitter": false, "downs": 0, "author_flair_richtext": [], "author_patreon_flair": false, "body_html": "<div class=\"md\"><p>SEP, I should have figured. Thanks/</p>\n</div>", "gildings": {}, "collapsed_reason": null, "associated_award": null, "stickied": false, "author_premium": false, "subreddit_type": "public", "can_gild": true, "subreddit": "statistics", "author_flair_text_color": null, "score_hidden": false, "permalink": "/r/statistics/comments/21tu53/ft_big_data_are_we_making_a_big_mistake/cggs6qk/", "num_reports": null, "locked": false, "name": "t1_cggs6qk", "created": 1396330201.0, "author_flair_text": null, "treatment_tags": [], "created_utc": 1396301401.0, "subreddit_name_prefixed": "r/statistics", "controversiality": 0, "depth": 7, "author_flair_background_color": null, "collapsed_because_crowd_control": null, "mod_reports": [], "mod_note": null, "distinguished": null, "_fetched": true}, {"_replies": ["cghd5tl"], "_submission": "21tu53", "_reddit": "_reddit", "total_awards_received": 0, "approved_at_utc": null, "ups": 1, "awarders": [], "mod_reason_by": null, "banned_by": null, "author_flair_type": "text", "removal_reason": null, "link_id": "t3_21tu53", "author_flair_template_id": null, "likes": null, "user_reports": [], "saved": false, "id": "cgh919f", "banned_at_utc": null, "mod_reason_title": null, "gilded": 0, "archived": true, "no_follow": true, "author": "khafra", "can_mod_post": false, "send_replies": true, "parent_id": "t1_cggraf9", "score": 1, "author_fullname": "t2_1msh1", "report_reasons": null, "approved_by": null, "all_awardings": [], "subreddit_id": "t5_2qhfi", "collapsed": false, "body": "How aware is the \"PhilSci establishment\"--if there is such a thing--of more technical work like Judea Pearl's causal graphs, Ray Solomonoff's universal prior, and Marcus Hutter's compressive induction? ", "edited": false, "author_flair_css_class": null, "is_submitter": false, "downs": 0, "author_flair_richtext": [], "author_patreon_flair": false, "body_html": "<div class=\"md\"><p>How aware is the &quot;PhilSci establishment&quot;--if there is such a thing--of more technical work like Judea Pearl&#39;s causal graphs, Ray Solomonoff&#39;s universal prior, and Marcus Hutter&#39;s compressive induction? </p>\n</div>", "gildings": {}, "collapsed_reason": null, "associated_award": null, "stickied": false, "author_premium": false, "subreddit_type": "public", "can_gild": true, "subreddit": "statistics", "author_flair_text_color": null, "score_hidden": false, "permalink": "/r/statistics/comments/21tu53/ft_big_data_are_we_making_a_big_mistake/cgh919f/", "num_reports": null, "locked": false, "name": "t1_cgh919f", "created": 1396381452.0, "author_flair_text": null, "treatment_tags": [], "created_utc": 1396352652.0, "subreddit_name_prefixed": "r/statistics", "controversiality": 0, "depth": 7, "author_flair_background_color": null, "collapsed_because_crowd_control": null, "mod_reports": [], "mod_note": null, "distinguished": null, "_fetched": true}, {"_replies": [], "_submission": "21tu53", "_reddit": "_reddit", "total_awards_received": 0, "approved_at_utc": null, "ups": 2, "awarders": [], "mod_reason_by": null, "banned_by": null, "author_flair_type": "text", "removal_reason": null, "link_id": "t3_21tu53", "author_flair_template_id": null, "likes": null, "user_reports": [], "saved": false, "id": "cghd5tl", "banned_at_utc": null, "mod_reason_title": null, "gilded": 0, "archived": true, "no_follow": true, "author": "Neurokeen", "can_mod_post": false, "created_utc": 1396365931.0, "send_replies": true, "parent_id": "t1_cgh919f", "score": 2, "author_fullname": "t2_5cu5r", "report_reasons": null, "approved_by": null, "all_awardings": [], "subreddit_id": "t5_2qhfi", "body": "I wouldn't be able to speak for the \"PhilSci establishment\" as a whole beyond knowing what I come across every now and then in PhilSci journals and textbooks in my own time. I'm pretty sure I've seen Pearl and Solomonoff mentioned in Phil textbooks before, though I can't recall seeing Hutter's work in textbooks, if that helps. Then again, I tend to gravitate toward philosophical work on induction, causation, and probability more than the more broad stuff like the demarcation problem.", "edited": false, "author_flair_css_class": null, "is_submitter": false, "downs": 0, "author_flair_richtext": [], "author_patreon_flair": false, "body_html": "<div class=\"md\"><p>I wouldn&#39;t be able to speak for the &quot;PhilSci establishment&quot; as a whole beyond knowing what I come across every now and then in PhilSci journals and textbooks in my own time. I&#39;m pretty sure I&#39;ve seen Pearl and Solomonoff mentioned in Phil textbooks before, though I can&#39;t recall seeing Hutter&#39;s work in textbooks, if that helps. Then again, I tend to gravitate toward philosophical work on induction, causation, and probability more than the more broad stuff like the demarcation problem.</p>\n</div>", "gildings": {}, "collapsed_reason": null, "associated_award": null, "stickied": false, "author_premium": false, "subreddit_type": "public", "can_gild": true, "subreddit": "statistics", "author_flair_text_color": null, "score_hidden": false, "permalink": "/r/statistics/comments/21tu53/ft_big_data_are_we_making_a_big_mistake/cghd5tl/", "num_reports": null, "locked": false, "name": "t1_cghd5tl", "created": 1396394731.0, "author_flair_text": null, "treatment_tags": [], "collapsed": false, "subreddit_name_prefixed": "r/statistics", "controversiality": 0, "depth": 8, "author_flair_background_color": null, "collapsed_because_crowd_control": null, "mod_reports": [], "mod_note": null, "distinguished": null, "_fetched": true}]}