{"_reddit": "_reddit", "approved_at_utc": null, "subreddit": "statistics", "selftext": "", "author_fullname": "t2_9sgbp", "saved": false, "mod_reason_title": null, "gilded": 0, "clicked": false, "title": "Nate Silver talks about modeling, probabilistic forecasts, and calibration: How The FiveThirtyEight Senate Forecast Model Works", "link_flair_richtext": [], "subreddit_name_prefixed": "r/statistics", "hidden": false, "pwls": 6, "link_flair_css_class": null, "downs": 0, "hide_score": false, "name": "t3_2gpgoc", "quarantine": false, "link_flair_text_color": "dark", "upvote_ratio": 0.93, "author_flair_background_color": null, "subreddit_type": "public", "ups": 56, "total_awards_received": 0, "media_embed": {}, "author_flair_template_id": null, "is_original_content": false, "user_reports": [], "secure_media": null, "is_reddit_media_domain": false, "is_meta": false, "category": null, "secure_media_embed": {}, "link_flair_text": null, "can_mod_post": false, "score": 56, "approved_by": null, "author_premium": false, "thumbnail": "", "edited": false, "author_flair_css_class": null, "author_flair_richtext": [], "gildings": {}, "content_categories": null, "is_self": false, "mod_note": null, "created": 1411023569.0, "link_flair_type": "text", "wls": 6, "removed_by_category": null, "banned_by": null, "author_flair_type": "text", "domain": "fivethirtyeight.com", "allow_live_comments": false, "selftext_html": null, "likes": null, "suggested_sort": null, "banned_at_utc": null, "view_count": null, "archived": true, "no_follow": false, "is_crosspostable": true, "pinned": false, "over_18": false, "all_awardings": [], "awarders": [], "media_only": false, "can_gild": true, "spoiler": false, "locked": false, "author_flair_text": null, "treatment_tags": [], "visited": false, "removed_by": null, "num_reports": null, "distinguished": null, "subreddit_id": "t5_2qhfi", "mod_reason_by": null, "removal_reason": null, "link_flair_background_color": "", "id": "2gpgoc", "is_robot_indexable": true, "report_reasons": null, "author": "normee", "discussion_type": null, "num_comments": 7, "send_replies": true, "whitelist_status": "all_ads", "contest_mode": false, "mod_reports": [], "author_patreon_flair": false, "author_flair_text_color": null, "permalink": "/r/statistics/comments/2gpgoc/nate_silver_talks_about_modeling_probabilistic/", "parent_whitelist_status": "all_ads", "stickied": false, "url": "http://fivethirtyeight.com/features/how-the-fivethirtyeight-senate-forecast-model-works/", "subreddit_subscribers": 106209, "created_utc": 1410994769.0, "num_crossposts": 0, "media": null, "is_video": false, "_fetched": false, "comment_limit": 2048, "comment_sort": "best", "_comments_by_id": {}, "_comments": [{"_replies": ["ckle4a8", "ckljthq", "cklw0f4", "cklybx1"], "_submission": "2gpgoc", "_reddit": "_reddit", "total_awards_received": 0, "approved_at_utc": null, "ups": 15, "awarders": [], "mod_reason_by": null, "banned_by": null, "author_flair_type": "text", "removal_reason": null, "link_id": "t3_2gpgoc", "author_flair_template_id": null, "likes": null, "user_reports": [], "saved": false, "id": "cklcsct", "banned_at_utc": null, "mod_reason_title": null, "gilded": 0, "archived": true, "no_follow": false, "author": "Mister-Manager", "can_mod_post": false, "send_replies": true, "parent_id": "t3_2gpgoc", "score": 15, "author_fullname": "t2_4ceq2", "report_reasons": null, "approved_by": null, "all_awardings": [], "subreddit_id": "t5_2qhfi", "body": "Well, who do y'all think has the better model?  Sam Wang or Nate Silver?  \n\nFor me, I started off following Silver after 2008, but I found out about Wang's Princeton Election Consortium 2 years ago and liked what I saw.  I like that his model is open source, and I like that he explains the numbers to you concretely, while Silver's model is proprietary and we haven't heard much about how it calculates its figures until now.", "edited": false, "downs": 0, "author_flair_css_class": null, "is_submitter": false, "collapsed": false, "author_flair_richtext": [], "author_patreon_flair": false, "body_html": "<div class=\"md\"><p>Well, who do y&#39;all think has the better model?  Sam Wang or Nate Silver?  </p>\n\n<p>For me, I started off following Silver after 2008, but I found out about Wang&#39;s Princeton Election Consortium 2 years ago and liked what I saw.  I like that his model is open source, and I like that he explains the numbers to you concretely, while Silver&#39;s model is proprietary and we haven&#39;t heard much about how it calculates its figures until now.</p>\n</div>", "gildings": {}, "collapsed_reason": null, "associated_award": null, "stickied": false, "author_premium": false, "subreddit_type": "public", "can_gild": true, "subreddit": "statistics", "author_flair_text_color": null, "score_hidden": false, "permalink": "/r/statistics/comments/2gpgoc/nate_silver_talks_about_modeling_probabilistic/cklcsct/", "num_reports": null, "locked": false, "name": "t1_cklcsct", "created": 1411027769.0, "author_flair_text": null, "treatment_tags": [], "created_utc": 1410998969.0, "subreddit_name_prefixed": "r/statistics", "controversiality": 0, "depth": 0, "author_flair_background_color": null, "collapsed_because_crowd_control": null, "mod_reports": [], "mod_note": null, "distinguished": null, "_fetched": true}, {"_replies": ["cklid0k"], "_submission": "2gpgoc", "_reddit": "_reddit", "total_awards_received": 0, "approved_at_utc": null, "ups": 16, "awarders": [], "mod_reason_by": null, "banned_by": null, "author_flair_type": "text", "removal_reason": null, "link_id": "t3_2gpgoc", "author_flair_template_id": null, "likes": null, "user_reports": [], "saved": false, "id": "ckle4a8", "banned_at_utc": null, "mod_reason_title": null, "gilded": 0, "archived": true, "no_follow": false, "author": "andrewwm", "can_mod_post": false, "send_replies": true, "parent_id": "t1_cklcsct", "score": 16, "author_fullname": "t2_9thg4", "report_reasons": null, "approved_by": null, "all_awardings": [], "subreddit_id": "t5_2qhfi", "collapsed": false, "body": "Silver has too much secret sauce. The last 3 major elections in a row a simple polling average outperformed his predictions.\n\nNot by a lot, mind you, but he basically takes the polls, adds some secret sauce which turns the conclusions a bit shit, and passes it off as genius. I'm a much bigger fan of the honesty of Sam Wang. ", "edited": false, "author_flair_css_class": null, "is_submitter": false, "downs": 0, "author_flair_richtext": [], "author_patreon_flair": false, "body_html": "<div class=\"md\"><p>Silver has too much secret sauce. The last 3 major elections in a row a simple polling average outperformed his predictions.</p>\n\n<p>Not by a lot, mind you, but he basically takes the polls, adds some secret sauce which turns the conclusions a bit shit, and passes it off as genius. I&#39;m a much bigger fan of the honesty of Sam Wang. </p>\n</div>", "gildings": {}, "collapsed_reason": null, "associated_award": null, "stickied": false, "author_premium": false, "subreddit_type": "public", "can_gild": true, "subreddit": "statistics", "author_flair_text_color": null, "score_hidden": false, "permalink": "/r/statistics/comments/2gpgoc/nate_silver_talks_about_modeling_probabilistic/ckle4a8/", "num_reports": null, "locked": false, "name": "t1_ckle4a8", "created": 1411030616.0, "author_flair_text": null, "treatment_tags": [], "created_utc": 1411001816.0, "subreddit_name_prefixed": "r/statistics", "controversiality": 0, "depth": 1, "author_flair_background_color": null, "collapsed_because_crowd_control": null, "mod_reports": [], "mod_note": null, "distinguished": null, "_fetched": true}, {"_replies": [], "_submission": "2gpgoc", "_reddit": "_reddit", "total_awards_received": 0, "approved_at_utc": null, "ups": 9, "awarders": [], "mod_reason_by": null, "banned_by": null, "author_flair_type": "text", "removal_reason": null, "link_id": "t3_2gpgoc", "author_flair_template_id": null, "likes": null, "user_reports": [], "saved": false, "id": "ckljthq", "banned_at_utc": null, "mod_reason_title": null, "gilded": 0, "archived": true, "no_follow": false, "author": "kevjohnson", "can_mod_post": false, "send_replies": true, "parent_id": "t1_cklcsct", "score": 9, "author_fullname": "t2_fmxq2", "report_reasons": null, "approved_by": null, "all_awardings": [], "subreddit_id": "t5_2qhfi", "collapsed": false, "body": "I lean more towards Wang's style than Silver's.  From what I read here, it seems like Silver tries to adjust for everything he could possibly think of, which brings with it a laundry list of assumptions.  With that said, I think there's an inherent bias against Silver in the statistical community because he has become super famous without doing anything all that amazing.\n\nI think both models could be significantly improved.  Has anybody ever tried modeling individual voting probabilities?  That's how the CDC comes up with obesity prevalence estimates at the census block level, and I think it could be interesting in this context.", "edited": false, "author_flair_css_class": null, "is_submitter": false, "downs": 0, "author_flair_richtext": [], "author_patreon_flair": false, "body_html": "<div class=\"md\"><p>I lean more towards Wang&#39;s style than Silver&#39;s.  From what I read here, it seems like Silver tries to adjust for everything he could possibly think of, which brings with it a laundry list of assumptions.  With that said, I think there&#39;s an inherent bias against Silver in the statistical community because he has become super famous without doing anything all that amazing.</p>\n\n<p>I think both models could be significantly improved.  Has anybody ever tried modeling individual voting probabilities?  That&#39;s how the CDC comes up with obesity prevalence estimates at the census block level, and I think it could be interesting in this context.</p>\n</div>", "gildings": {}, "collapsed_reason": null, "associated_award": null, "stickied": false, "author_premium": false, "subreddit_type": "public", "can_gild": true, "subreddit": "statistics", "author_flair_text_color": null, "score_hidden": false, "permalink": "/r/statistics/comments/2gpgoc/nate_silver_talks_about_modeling_probabilistic/ckljthq/", "num_reports": null, "locked": false, "name": "t1_ckljthq", "created": 1411043756.0, "author_flair_text": null, "treatment_tags": [], "created_utc": 1411014956.0, "subreddit_name_prefixed": "r/statistics", "controversiality": 0, "depth": 1, "author_flair_background_color": null, "collapsed_because_crowd_control": null, "mod_reports": [], "mod_note": null, "distinguished": null, "_fetched": true}, {"_replies": ["cklwqze"], "_submission": "2gpgoc", "_reddit": "_reddit", "total_awards_received": 0, "approved_at_utc": null, "ups": 1, "awarders": [], "mod_reason_by": null, "banned_by": null, "author_flair_type": "text", "removal_reason": null, "link_id": "t3_2gpgoc", "author_flair_template_id": null, "likes": null, "user_reports": [], "saved": false, "id": "cklw0f4", "banned_at_utc": null, "mod_reason_title": null, "gilded": 0, "archived": true, "no_follow": true, "author": "pandemik", "can_mod_post": false, "send_replies": true, "parent_id": "t1_cklcsct", "score": 1, "author_fullname": "t2_3gdn4", "report_reasons": null, "approved_by": null, "all_awardings": [], "subreddit_id": "t5_2qhfi", "collapsed": false, "body": "Where can I find Sam Wang's model?", "edited": false, "author_flair_css_class": null, "is_submitter": false, "downs": 0, "author_flair_richtext": [], "author_patreon_flair": false, "body_html": "<div class=\"md\"><p>Where can I find Sam Wang&#39;s model?</p>\n</div>", "gildings": {}, "collapsed_reason": null, "associated_award": null, "stickied": false, "author_premium": false, "subreddit_type": "public", "can_gild": true, "subreddit": "statistics", "author_flair_text_color": null, "score_hidden": false, "permalink": "/r/statistics/comments/2gpgoc/nate_silver_talks_about_modeling_probabilistic/cklw0f4/", "num_reports": null, "locked": false, "name": "t1_cklw0f4", "created": 1411085995.0, "author_flair_text": null, "treatment_tags": [], "created_utc": 1411057195.0, "subreddit_name_prefixed": "r/statistics", "controversiality": 0, "depth": 1, "author_flair_background_color": null, "collapsed_because_crowd_control": null, "mod_reports": [], "mod_note": null, "distinguished": null, "_fetched": true}, {"_replies": [], "_submission": "2gpgoc", "_reddit": "_reddit", "total_awards_received": 0, "approved_at_utc": null, "ups": 1, "awarders": [], "mod_reason_by": null, "banned_by": null, "author_flair_type": "text", "removal_reason": null, "link_id": "t3_2gpgoc", "author_flair_template_id": null, "likes": null, "user_reports": [], "saved": false, "id": "cklybx1", "banned_at_utc": null, "mod_reason_title": null, "gilded": 0, "archived": true, "no_follow": true, "author": "_juicebox__", "can_mod_post": false, "send_replies": true, "parent_id": "t1_cklcsct", "score": 1, "author_fullname": "t2_hvbhf", "report_reasons": null, "approved_by": null, "all_awardings": [], "subreddit_id": "t5_2qhfi", "collapsed": false, "body": "Didn't see this, just posted asking the same question to R/statistics!", "edited": false, "author_flair_css_class": null, "is_submitter": false, "downs": 0, "author_flair_richtext": [], "author_patreon_flair": false, "body_html": "<div class=\"md\"><p>Didn&#39;t see this, just posted asking the same question to R/statistics!</p>\n</div>", "gildings": {}, "collapsed_reason": null, "associated_award": null, "stickied": false, "author_premium": false, "subreddit_type": "public", "can_gild": true, "subreddit": "statistics", "author_flair_text_color": null, "score_hidden": false, "permalink": "/r/statistics/comments/2gpgoc/nate_silver_talks_about_modeling_probabilistic/cklybx1/", "num_reports": null, "locked": false, "name": "t1_cklybx1", "created": 1411090295.0, "author_flair_text": null, "treatment_tags": [], "created_utc": 1411061495.0, "subreddit_name_prefixed": "r/statistics", "controversiality": 0, "depth": 1, "author_flair_background_color": null, "collapsed_because_crowd_control": null, "mod_reports": [], "mod_note": null, "distinguished": null, "_fetched": true}, {"_replies": [], "_submission": "2gpgoc", "_reddit": "_reddit", "total_awards_received": 0, "approved_at_utc": null, "ups": 7, "awarders": [], "mod_reason_by": null, "banned_by": null, "author_flair_type": "text", "removal_reason": null, "link_id": "t3_2gpgoc", "author_flair_template_id": null, "likes": null, "user_reports": [], "saved": false, "id": "cklid0k", "banned_at_utc": null, "mod_reason_title": null, "gilded": 0, "archived": true, "no_follow": false, "author": "Mister-Manager", "can_mod_post": false, "created_utc": 1411011211.0, "send_replies": true, "parent_id": "t1_ckle4a8", "score": 7, "author_fullname": "t2_4ceq2", "report_reasons": null, "approved_by": null, "all_awardings": [], "subreddit_id": "t5_2qhfi", "body": "I really don't like that he accused Sam Wang of adding \"secret sauce\" to his model.  It's the exact opposite! \n\nWang also pointed out that Silver is putting a lot more weight on his predictions than he should.  He said something on Twitter about challenging Wang to a bet that the Republicans winning the White House when his model only had them as a 60/40 favorite.  \n", "edited": false, "author_flair_css_class": null, "is_submitter": false, "downs": 0, "author_flair_richtext": [], "author_patreon_flair": false, "body_html": "<div class=\"md\"><p>I really don&#39;t like that he accused Sam Wang of adding &quot;secret sauce&quot; to his model.  It&#39;s the exact opposite! </p>\n\n<p>Wang also pointed out that Silver is putting a lot more weight on his predictions than he should.  He said something on Twitter about challenging Wang to a bet that the Republicans winning the White House when his model only had them as a 60/40 favorite.  </p>\n</div>", "gildings": {}, "collapsed_reason": null, "associated_award": null, "stickied": false, "author_premium": false, "subreddit_type": "public", "can_gild": true, "subreddit": "statistics", "author_flair_text_color": null, "score_hidden": false, "permalink": "/r/statistics/comments/2gpgoc/nate_silver_talks_about_modeling_probabilistic/cklid0k/", "num_reports": null, "locked": false, "name": "t1_cklid0k", "created": 1411040011.0, "author_flair_text": null, "treatment_tags": [], "collapsed": false, "subreddit_name_prefixed": "r/statistics", "controversiality": 0, "depth": 2, "author_flair_background_color": null, "collapsed_because_crowd_control": null, "mod_reports": [], "mod_note": null, "distinguished": null, "_fetched": true}, {"_replies": [], "_submission": "2gpgoc", "_reddit": "_reddit", "total_awards_received": 0, "approved_at_utc": null, "ups": 2, "awarders": [], "mod_reason_by": null, "banned_by": null, "author_flair_type": "text", "removal_reason": null, "link_id": "t3_2gpgoc", "author_flair_template_id": null, "likes": null, "user_reports": [], "saved": false, "id": "cklwqze", "banned_at_utc": null, "mod_reason_title": null, "gilded": 0, "archived": true, "no_follow": true, "author": "Mister-Manager", "can_mod_post": false, "created_utc": 1411058575.0, "send_replies": true, "parent_id": "t1_cklw0f4", "score": 2, "author_fullname": "t2_4ceq2", "report_reasons": null, "approved_by": null, "all_awardings": [], "subreddit_id": "t5_2qhfi", "body": "http://election.princeton.edu/code/", "edited": false, "author_flair_css_class": null, "is_submitter": false, "downs": 0, "author_flair_richtext": [], "author_patreon_flair": false, "body_html": "<div class=\"md\"><p><a href=\"http://election.princeton.edu/code/\">http://election.princeton.edu/code/</a></p>\n</div>", "gildings": {}, "collapsed_reason": null, "associated_award": null, "stickied": false, "author_premium": false, "subreddit_type": "public", "can_gild": true, "subreddit": "statistics", "author_flair_text_color": null, "score_hidden": false, "permalink": "/r/statistics/comments/2gpgoc/nate_silver_talks_about_modeling_probabilistic/cklwqze/", "num_reports": null, "locked": false, "name": "t1_cklwqze", "created": 1411087375.0, "author_flair_text": null, "treatment_tags": [], "collapsed": false, "subreddit_name_prefixed": "r/statistics", "controversiality": 0, "depth": 2, "author_flair_background_color": null, "collapsed_because_crowd_control": null, "mod_reports": [], "mod_note": null, "distinguished": null, "_fetched": true}]}