{"_reddit": "_reddit", "approved_at_utc": null, "subreddit": "statistics", "selftext": "", "author_fullname": "t2_4ak8v", "saved": false, "mod_reason_title": null, "gilded": 0, "clicked": false, "title": "How to choose a statistical model", "link_flair_richtext": [], "subreddit_name_prefixed": "r/statistics", "hidden": false, "pwls": 6, "link_flair_css_class": null, "downs": 0, "hide_score": false, "name": "t3_3gbag4", "quarantine": false, "link_flair_text_color": "dark", "upvote_ratio": 0.85, "author_flair_background_color": null, "subreddit_type": "public", "ups": 64, "total_awards_received": 0, "media_embed": {}, "author_flair_template_id": null, "is_original_content": false, "user_reports": [], "secure_media": null, "is_reddit_media_domain": false, "is_meta": false, "category": null, "secure_media_embed": {}, "link_flair_text": null, "can_mod_post": false, "score": 64, "approved_by": null, "author_premium": false, "thumbnail": "", "edited": false, "author_flair_css_class": null, "author_flair_richtext": [], "gildings": {}, "content_categories": null, "is_self": false, "mod_note": null, "created": 1439119737.0, "link_flair_type": "text", "wls": 6, "removed_by_category": null, "banned_by": null, "author_flair_type": "text", "domain": "api.ning.com", "allow_live_comments": false, "selftext_html": null, "likes": null, "suggested_sort": null, "banned_at_utc": null, "view_count": null, "archived": true, "no_follow": false, "is_crosspostable": true, "pinned": false, "over_18": false, "all_awardings": [], "awarders": [], "media_only": false, "can_gild": true, "spoiler": false, "locked": false, "author_flair_text": null, "treatment_tags": [], "visited": false, "removed_by": null, "num_reports": null, "distinguished": null, "subreddit_id": "t5_2qhfi", "mod_reason_by": null, "removal_reason": null, "link_flair_background_color": "", "id": "3gbag4", "is_robot_indexable": true, "report_reasons": null, "author": "adiktd", "discussion_type": null, "num_comments": 27, "send_replies": true, "whitelist_status": "all_ads", "contest_mode": false, "mod_reports": [], "author_patreon_flair": false, "author_flair_text_color": null, "permalink": "/r/statistics/comments/3gbag4/how_to_choose_a_statistical_model/", "parent_whitelist_status": "all_ads", "stickied": false, "url": "http://api.ning.com/files/-HoKvkav3syGev9UUuehVmw8fStUH67zG-JEkMgb8ETfOrXSmIY-zvoRagfARSr5jTs7N4XEYjDazFCR6VDlJtum21HubaOB/StatisticalmodelinfographicVer31Aureus.jpg", "subreddit_subscribers": 106209, "created_utc": 1439090937.0, "num_crossposts": 0, "media": null, "is_video": false, "_fetched": false, "comment_limit": 2048, "comment_sort": "best", "_comments_by_id": {}, "_comments": [{"_replies": ["ctwzh6m", "ctwp4dg", "ctwqpme"], "_submission": "3gbag4", "_reddit": "_reddit", "total_awards_received": 0, "approved_at_utc": null, "ups": 13, "awarders": [], "mod_reason_by": null, "banned_by": null, "author_flair_type": "text", "removal_reason": null, "link_id": "t3_3gbag4", "author_flair_template_id": null, "likes": null, "user_reports": [], "saved": false, "id": "ctwp0ar", "banned_at_utc": null, "mod_reason_title": null, "gilded": 0, "archived": true, "no_follow": false, "author": "abitofperspective", "can_mod_post": false, "send_replies": true, "parent_id": "t3_3gbag4", "score": 13, "author_fullname": "t2_417cq", "report_reasons": null, "approved_by": null, "all_awardings": [], "subreddit_id": "t5_2qhfi", "body": "There are a couple of limitations, the criteria for linear regression (i.e. continuous IV & DV) is not really accurate, as categorical and dichotomous variables can easily be accommodated through dummy coding. Also, it would be nice to include mixed-effects (or multilevel) models, and structural equation models. I don't see how these would fit into the flowchart, but then again a flowchart is probably not a great way to pick your model.", "edited": false, "downs": 0, "author_flair_css_class": null, "is_submitter": false, "collapsed": false, "author_flair_richtext": [], "author_patreon_flair": false, "body_html": "<div class=\"md\"><p>There are a couple of limitations, the criteria for linear regression (i.e. continuous IV &amp; DV) is not really accurate, as categorical and dichotomous variables can easily be accommodated through dummy coding. Also, it would be nice to include mixed-effects (or multilevel) models, and structural equation models. I don&#39;t see how these would fit into the flowchart, but then again a flowchart is probably not a great way to pick your model.</p>\n</div>", "gildings": {}, "collapsed_reason": null, "associated_award": null, "stickied": false, "author_premium": false, "subreddit_type": "public", "can_gild": true, "subreddit": "statistics", "author_flair_text_color": null, "score_hidden": false, "permalink": "/r/statistics/comments/3gbag4/how_to_choose_a_statistical_model/ctwp0ar/", "num_reports": null, "locked": false, "name": "t1_ctwp0ar", "created": 1439134188.0, "author_flair_text": null, "treatment_tags": [], "created_utc": 1439105388.0, "subreddit_name_prefixed": "r/statistics", "controversiality": 0, "depth": 0, "author_flair_background_color": null, "collapsed_because_crowd_control": null, "mod_reports": [], "mod_note": null, "distinguished": null, "_fetched": true}, {"_replies": [], "_submission": "3gbag4", "_reddit": "_reddit", "total_awards_received": 0, "approved_at_utc": null, "ups": 15, "awarders": [], "mod_reason_by": null, "banned_by": null, "author_flair_type": "text", "removal_reason": null, "link_id": "t3_3gbag4", "author_flair_template_id": null, "likes": null, "user_reports": [], "saved": false, "id": "ctx2rql", "banned_at_utc": null, "mod_reason_title": null, "gilded": 0, "archived": true, "no_follow": true, "author": "Dai_thai", "can_mod_post": false, "send_replies": true, "parent_id": "t3_3gbag4", "score": 15, "author_fullname": "t2_79w7g", "report_reasons": null, "approved_by": null, "all_awardings": [], "subreddit_id": "t5_2qhfi", "body": "UCLA's \"which statistical test should I use\" is a lot more useful and comprehensive: http://www.ats.ucla.edu/stat/mult_pkg/whatstat/\n\nIt even links to tutorials and examples of how to do the analysis in SAS, Stata, SPSS and R.", "edited": false, "downs": 0, "author_flair_css_class": null, "is_submitter": false, "collapsed": false, "author_flair_richtext": [], "author_patreon_flair": false, "body_html": "<div class=\"md\"><p>UCLA&#39;s &quot;which statistical test should I use&quot; is a lot more useful and comprehensive: <a href=\"http://www.ats.ucla.edu/stat/mult_pkg/whatstat/\">http://www.ats.ucla.edu/stat/mult_pkg/whatstat/</a></p>\n\n<p>It even links to tutorials and examples of how to do the analysis in SAS, Stata, SPSS and R.</p>\n</div>", "gildings": {}, "collapsed_reason": null, "associated_award": null, "stickied": false, "author_premium": false, "subreddit_type": "public", "can_gild": true, "subreddit": "statistics", "author_flair_text_color": null, "score_hidden": false, "permalink": "/r/statistics/comments/3gbag4/how_to_choose_a_statistical_model/ctx2rql/", "num_reports": null, "locked": false, "name": "t1_ctx2rql", "created": 1439172885.0, "author_flair_text": null, "treatment_tags": [], "created_utc": 1439144085.0, "subreddit_name_prefixed": "r/statistics", "controversiality": 0, "depth": 0, "author_flair_background_color": null, "collapsed_because_crowd_control": null, "mod_reports": [], "mod_note": null, "distinguished": null, "_fetched": true}, {"_replies": [], "_submission": "3gbag4", "_reddit": "_reddit", "total_awards_received": 0, "approved_at_utc": null, "ups": 12, "awarders": [], "mod_reason_by": null, "banned_by": null, "author_flair_type": "text", "removal_reason": null, "link_id": "t3_3gbag4", "author_flair_template_id": null, "likes": null, "user_reports": [], "saved": false, "id": "ctwvwx9", "banned_at_utc": null, "mod_reason_title": null, "gilded": 0, "archived": true, "no_follow": false, "author": "Rhenor", "can_mod_post": false, "send_replies": true, "parent_id": "t3_3gbag4", "score": 12, "author_fullname": "t2_3pykw", "report_reasons": null, "approved_by": null, "all_awardings": [], "subreddit_id": "t5_2qhfi", "body": "\\>1 dependent variables - Multivariate models\n\nGee thanks for narrowing it down, guys.", "edited": 1440045814.0, "downs": 0, "author_flair_css_class": null, "is_submitter": false, "collapsed": false, "author_flair_richtext": [], "author_patreon_flair": false, "body_html": "<div class=\"md\"><p>&gt;1 dependent variables - Multivariate models</p>\n\n<p>Gee thanks for narrowing it down, guys.</p>\n</div>", "gildings": {}, "collapsed_reason": null, "associated_award": null, "stickied": false, "author_premium": false, "subreddit_type": "public", "can_gild": true, "subreddit": "statistics", "author_flair_text_color": null, "score_hidden": false, "permalink": "/r/statistics/comments/3gbag4/how_to_choose_a_statistical_model/ctwvwx9/", "num_reports": null, "locked": false, "name": "t1_ctwvwx9", "created": 1439159435.0, "author_flair_text": null, "treatment_tags": [], "created_utc": 1439130635.0, "subreddit_name_prefixed": "r/statistics", "controversiality": 0, "depth": 0, "author_flair_background_color": null, "collapsed_because_crowd_control": null, "mod_reports": [], "mod_note": null, "distinguished": null, "_fetched": true}, {"_replies": [], "_submission": "3gbag4", "_reddit": "_reddit", "total_awards_received": 0, "approved_at_utc": null, "ups": 3, "awarders": [], "mod_reason_by": null, "banned_by": null, "author_flair_type": "text", "removal_reason": null, "link_id": "t3_3gbag4", "author_flair_template_id": null, "likes": null, "user_reports": [], "saved": false, "id": "ctwvm29", "banned_at_utc": null, "mod_reason_title": null, "gilded": 0, "archived": true, "no_follow": true, "author": "TomatoAintAFruit", "can_mod_post": false, "send_replies": true, "parent_id": "t3_3gbag4", "score": 3, "author_fullname": "t2_527bw", "report_reasons": null, "approved_by": null, "all_awardings": [], "subreddit_id": "t5_2qhfi", "body": "This chart could benefit from being a little wider or using a different layout of the different boxes. Some of the crossings that occur (e.g. green over blue and green over green) are unnecessary, since the lines cross twice.\n\nAlso: spelling / grammar errors.", "edited": false, "downs": 0, "author_flair_css_class": null, "is_submitter": false, "collapsed": false, "author_flair_richtext": [], "author_patreon_flair": false, "body_html": "<div class=\"md\"><p>This chart could benefit from being a little wider or using a different layout of the different boxes. Some of the crossings that occur (e.g. green over blue and green over green) are unnecessary, since the lines cross twice.</p>\n\n<p>Also: spelling / grammar errors.</p>\n</div>", "gildings": {}, "collapsed_reason": null, "associated_award": null, "stickied": false, "author_premium": false, "subreddit_type": "public", "can_gild": true, "subreddit": "statistics", "author_flair_text_color": null, "score_hidden": false, "permalink": "/r/statistics/comments/3gbag4/how_to_choose_a_statistical_model/ctwvm29/", "num_reports": null, "locked": false, "name": "t1_ctwvm29", "created": 1439158767.0, "author_flair_text": null, "treatment_tags": [], "created_utc": 1439129967.0, "subreddit_name_prefixed": "r/statistics", "controversiality": 0, "depth": 0, "author_flair_background_color": null, "collapsed_because_crowd_control": null, "mod_reports": [], "mod_note": null, "distinguished": null, "_fetched": true}, {"_replies": ["ctwnax0"], "_submission": "3gbag4", "_reddit": "_reddit", "total_awards_received": 0, "approved_at_utc": null, "ups": -1, "awarders": [], "mod_reason_by": null, "banned_by": null, "author_flair_type": "text", "removal_reason": null, "link_id": "t3_3gbag4", "author_flair_template_id": null, "likes": null, "user_reports": [], "saved": false, "id": "ctwl163", "banned_at_utc": null, "mod_reason_title": null, "gilded": 0, "archived": true, "no_follow": true, "author": "mant", "can_mod_post": false, "send_replies": true, "parent_id": "t3_3gbag4", "score": -1, "author_fullname": "t2_13xod", "report_reasons": null, "approved_by": null, "all_awardings": [], "subreddit_id": "t5_2qhfi", "body": "Do you have a higher res one for mobile?", "edited": false, "downs": 0, "author_flair_css_class": null, "is_submitter": false, "collapsed": false, "author_flair_richtext": [], "author_patreon_flair": false, "body_html": "<div class=\"md\"><p>Do you have a higher res one for mobile?</p>\n</div>", "gildings": {}, "collapsed_reason": null, "associated_award": null, "stickied": false, "author_premium": false, "subreddit_type": "public", "can_gild": true, "subreddit": "statistics", "author_flair_text_color": null, "score_hidden": false, "permalink": "/r/statistics/comments/3gbag4/how_to_choose_a_statistical_model/ctwl163/", "num_reports": null, "locked": false, "name": "t1_ctwl163", "created": 1439123208.0, "author_flair_text": null, "treatment_tags": [], "created_utc": 1439094408.0, "subreddit_name_prefixed": "r/statistics", "controversiality": 0, "depth": 0, "author_flair_background_color": null, "collapsed_because_crowd_control": null, "mod_reports": [], "mod_note": null, "distinguished": null, "_fetched": true}, {"_replies": [], "_submission": "3gbag4", "_reddit": "_reddit", "total_awards_received": 0, "approved_at_utc": null, "ups": 11, "awarders": [], "mod_reason_by": null, "banned_by": null, "author_flair_type": "text", "removal_reason": null, "link_id": "t3_3gbag4", "author_flair_template_id": null, "likes": null, "user_reports": [], "saved": false, "id": "ctwvej8", "banned_at_utc": null, "mod_reason_title": null, "gilded": 0, "archived": true, "no_follow": false, "author": "backgammon_no", "can_mod_post": false, "send_replies": true, "parent_id": "t1_ctwlqik", "score": 11, "author_fullname": "t2_dq34u", "report_reasons": null, "approved_by": null, "all_awardings": [], "subreddit_id": "t5_2qhfi", "collapsed": false, "body": "I'm coming from an academic background... are people doing stuff like this professionally? Is this real life? Entire companies that will do your stats, probably wrongly, probably for a heavy fee?", "edited": false, "author_flair_css_class": null, "is_submitter": false, "downs": 0, "author_flair_richtext": [], "author_patreon_flair": false, "body_html": "<div class=\"md\"><p>I&#39;m coming from an academic background... are people doing stuff like this professionally? Is this real life? Entire companies that will do your stats, probably wrongly, probably for a heavy fee?</p>\n</div>", "gildings": {}, "collapsed_reason": null, "associated_award": null, "stickied": false, "author_premium": false, "subreddit_type": "public", "can_gild": true, "subreddit": "statistics", "author_flair_text_color": null, "score_hidden": false, "permalink": "/r/statistics/comments/3gbag4/how_to_choose_a_statistical_model/ctwvej8/", "num_reports": null, "locked": false, "name": "t1_ctwvej8", "created": 1439158253.0, "author_flair_text": null, "treatment_tags": [], "created_utc": 1439129453.0, "subreddit_name_prefixed": "r/statistics", "controversiality": 0, "depth": 1, "author_flair_background_color": null, "collapsed_because_crowd_control": null, "mod_reports": [], "mod_note": null, "distinguished": null, "_fetched": true}, {"_replies": ["ctz56jj"], "_submission": "3gbag4", "_reddit": "_reddit", "total_awards_received": 0, "approved_at_utc": null, "ups": 1, "awarders": [], "mod_reason_by": null, "banned_by": null, "author_flair_type": "text", "removal_reason": null, "link_id": "t3_3gbag4", "author_flair_template_id": null, "likes": null, "user_reports": [], "saved": false, "id": "ctwp4dg", "banned_at_utc": null, "mod_reason_title": null, "gilded": 0, "archived": true, "no_follow": true, "author": "adiktd", "can_mod_post": false, "send_replies": true, "parent_id": "t1_ctwp0ar", "score": 1, "author_fullname": "t2_4ak8v", "report_reasons": null, "approved_by": null, "all_awardings": [], "subreddit_id": "t5_2qhfi", "collapsed": false, "body": "Agreed, however flow charts are pretty... ", "edited": false, "author_flair_css_class": null, "is_submitter": true, "downs": 0, "author_flair_richtext": [], "author_patreon_flair": false, "body_html": "<div class=\"md\"><p>Agreed, however flow charts are pretty... </p>\n</div>", "gildings": {}, "collapsed_reason": null, "associated_award": null, "stickied": false, "author_premium": false, "subreddit_type": "public", "can_gild": true, "subreddit": "statistics", "author_flair_text_color": null, "score_hidden": false, "permalink": "/r/statistics/comments/3gbag4/how_to_choose_a_statistical_model/ctwp4dg/", "num_reports": null, "locked": false, "name": "t1_ctwp4dg", "created": 1439134585.0, "author_flair_text": null, "treatment_tags": [], "created_utc": 1439105785.0, "subreddit_name_prefixed": "r/statistics", "controversiality": 0, "depth": 1, "author_flair_background_color": null, "collapsed_because_crowd_control": null, "mod_reports": [], "mod_note": null, "distinguished": null, "_fetched": true}, {"_replies": ["ctx5uqg"], "_submission": "3gbag4", "_reddit": "_reddit", "total_awards_received": 0, "approved_at_utc": null, "ups": 1, "awarders": [], "mod_reason_by": null, "banned_by": null, "author_flair_type": "text", "removal_reason": null, "link_id": "t3_3gbag4", "author_flair_template_id": null, "likes": null, "user_reports": [], "saved": false, "id": "ctwqpme", "banned_at_utc": null, "mod_reason_title": null, "gilded": 0, "archived": true, "no_follow": true, "author": "rogerology", "can_mod_post": false, "send_replies": true, "parent_id": "t1_ctwp0ar", "score": 1, "author_fullname": "t2_3jgg8", "report_reasons": null, "approved_by": null, "all_awardings": [], "subreddit_id": "t5_2qhfi", "collapsed": false, "body": "> a flowchart is probably not a great way to pick your model.\n\nWhich is the best way?", "edited": false, "author_flair_css_class": null, "is_submitter": false, "downs": 0, "author_flair_richtext": [], "author_patreon_flair": false, "body_html": "<div class=\"md\"><blockquote>\n<p>a flowchart is probably not a great way to pick your model.</p>\n</blockquote>\n\n<p>Which is the best way?</p>\n</div>", "gildings": {}, "collapsed_reason": null, "associated_award": null, "stickied": false, "author_premium": false, "subreddit_type": "public", "can_gild": true, "subreddit": "statistics", "author_flair_text_color": null, "score_hidden": false, "permalink": "/r/statistics/comments/3gbag4/how_to_choose_a_statistical_model/ctwqpme/", "num_reports": null, "locked": false, "name": "t1_ctwqpme", "created": 1439140992.0, "author_flair_text": null, "treatment_tags": [], "created_utc": 1439112192.0, "subreddit_name_prefixed": "r/statistics", "controversiality": 0, "depth": 1, "author_flair_background_color": null, "collapsed_because_crowd_control": null, "mod_reports": [], "mod_note": null, "distinguished": null, "_fetched": true}, {"_replies": ["ctwnxzj"], "_submission": "3gbag4", "_reddit": "_reddit", "total_awards_received": 0, "approved_at_utc": null, "ups": 5, "awarders": [], "mod_reason_by": null, "banned_by": null, "author_flair_type": "text", "removal_reason": null, "link_id": "t3_3gbag4", "author_flair_template_id": null, "likes": null, "user_reports": [], "saved": false, "id": "ctwnax0", "banned_at_utc": null, "mod_reason_title": null, "gilded": 0, "archived": true, "no_follow": true, "author": "adiktd", "can_mod_post": false, "send_replies": true, "parent_id": "t1_ctwl163", "score": 5, "author_fullname": "t2_4ak8v", "report_reasons": null, "approved_by": null, "all_awardings": [], "subreddit_id": "t5_2qhfi", "collapsed": false, "body": "Higher res? 800x3550 is not high enough? :/", "edited": false, "author_flair_css_class": null, "is_submitter": true, "downs": 0, "author_flair_richtext": [], "author_patreon_flair": false, "body_html": "<div class=\"md\"><p>Higher res? 800x3550 is not high enough? :/</p>\n</div>", "gildings": {}, "collapsed_reason": null, "associated_award": null, "stickied": false, "author_premium": false, "subreddit_type": "public", "can_gild": true, "subreddit": "statistics", "author_flair_text_color": null, "score_hidden": false, "permalink": "/r/statistics/comments/3gbag4/how_to_choose_a_statistical_model/ctwnax0/", "num_reports": null, "locked": false, "name": "t1_ctwnax0", "created": 1439128861.0, "author_flair_text": null, "treatment_tags": [], "created_utc": 1439100061.0, "subreddit_name_prefixed": "r/statistics", "controversiality": 0, "depth": 1, "author_flair_background_color": null, "collapsed_because_crowd_control": null, "mod_reports": [], "mod_note": null, "distinguished": null, "_fetched": true}, {"_replies": ["ctxancg"], "_submission": "3gbag4", "_reddit": "_reddit", "total_awards_received": 0, "approved_at_utc": null, "ups": 3, "awarders": [], "mod_reason_by": null, "banned_by": null, "author_flair_type": "text", "removal_reason": null, "link_id": "t3_3gbag4", "author_flair_template_id": null, "likes": null, "user_reports": [], "saved": false, "id": "ctx0okb", "banned_at_utc": null, "mod_reason_title": null, "gilded": 0, "archived": true, "no_follow": true, "author": "standard_error", "can_mod_post": false, "created_utc": 1439140330.0, "send_replies": true, "parent_id": "t1_ctwzh6m", "score": 3, "author_fullname": "t2_3v3jo", "report_reasons": null, "approved_by": null, "all_awardings": [], "subreddit_id": "t5_2qhfi", "body": "That's true, but it's only a problem if you're doing prediction. If what you're after is an easy-to-interpret coefficient, the linear probability model (OLS with a dummy dependent variable) is usually fine.", "edited": false, "author_flair_css_class": null, "is_submitter": false, "downs": 0, "author_flair_richtext": [], "author_patreon_flair": false, "body_html": "<div class=\"md\"><p>That&#39;s true, but it&#39;s only a problem if you&#39;re doing prediction. If what you&#39;re after is an easy-to-interpret coefficient, the linear probability model (OLS with a dummy dependent variable) is usually fine.</p>\n</div>", "gildings": {}, "collapsed_reason": null, "associated_award": null, "stickied": false, "author_premium": false, "subreddit_type": "public", "can_gild": true, "subreddit": "statistics", "author_flair_text_color": null, "score_hidden": false, "permalink": "/r/statistics/comments/3gbag4/how_to_choose_a_statistical_model/ctx0okb/", "num_reports": null, "locked": false, "name": "t1_ctx0okb", "created": 1439169130.0, "author_flair_text": null, "treatment_tags": [], "collapsed": false, "subreddit_name_prefixed": "r/statistics", "controversiality": 0, "depth": 2, "author_flair_background_color": null, "collapsed_because_crowd_control": null, "mod_reports": [], "mod_note": null, "distinguished": null, "_fetched": true}, {"_replies": ["ctxas0t"], "_submission": "3gbag4", "_reddit": "_reddit", "total_awards_received": 0, "approved_at_utc": null, "ups": 1, "awarders": [], "mod_reason_by": null, "banned_by": null, "author_flair_type": "text", "removal_reason": null, "link_id": "t3_3gbag4", "author_flair_template_id": null, "likes": null, "user_reports": [], "saved": false, "id": "ctx5s0g", "banned_at_utc": null, "mod_reason_title": null, "gilded": 0, "archived": true, "no_follow": true, "author": "abitofperspective", "can_mod_post": false, "created_utc": 1439149432.0, "send_replies": true, "parent_id": "t1_ctwzh6m", "score": 1, "author_fullname": "t2_417cq", "report_reasons": null, "approved_by": null, "all_awardings": [], "subreddit_id": "t5_2qhfi", "body": "Yes, the DV would be problematic. However, the question \"Are the Explanatory Variables Continuous\" doesn't seem necessary as you can do linear regression with dichotomous/categorical explanatory variables.", "edited": false, "author_flair_css_class": null, "is_submitter": false, "downs": 0, "author_flair_richtext": [], "author_patreon_flair": false, "body_html": "<div class=\"md\"><p>Yes, the DV would be problematic. However, the question &quot;Are the Explanatory Variables Continuous&quot; doesn&#39;t seem necessary as you can do linear regression with dichotomous/categorical explanatory variables.</p>\n</div>", "gildings": {}, "collapsed_reason": null, "associated_award": null, "stickied": false, "author_premium": false, "subreddit_type": "public", "can_gild": true, "subreddit": "statistics", "author_flair_text_color": null, "score_hidden": false, "permalink": "/r/statistics/comments/3gbag4/how_to_choose_a_statistical_model/ctx5s0g/", "num_reports": null, "locked": false, "name": "t1_ctx5s0g", "created": 1439178232.0, "author_flair_text": null, "treatment_tags": [], "collapsed": false, "subreddit_name_prefixed": "r/statistics", "controversiality": 0, "depth": 2, "author_flair_background_color": null, "collapsed_because_crowd_control": null, "mod_reports": [], "mod_note": null, "distinguished": null, "_fetched": true}, {"_replies": ["ctzrfkc"], "_submission": "3gbag4", "_reddit": "_reddit", "total_awards_received": 0, "approved_at_utc": null, "ups": 1, "awarders": [], "mod_reason_by": null, "banned_by": null, "author_flair_type": "text", "removal_reason": null, "link_id": "t3_3gbag4", "author_flair_template_id": null, "likes": null, "user_reports": [], "saved": false, "id": "ctz56jj", "banned_at_utc": null, "mod_reason_title": null, "gilded": 0, "archived": true, "no_follow": true, "author": "MrLegilimens", "can_mod_post": false, "created_utc": 1439302400.0, "send_replies": true, "parent_id": "t1_ctwp4dg", "score": 1, "author_fullname": "t2_hn179", "report_reasons": null, "approved_by": null, "all_awardings": [], "subreddit_id": "t5_2qhfi", "body": "I think is pretty ugly actually. Some lines cross unnecessarily or bump out for no real reason. It's also extremely long and doesn't make sense why it's a fucking tree.", "edited": false, "author_flair_css_class": null, "is_submitter": false, "downs": 0, "author_flair_richtext": [], "author_patreon_flair": false, "body_html": "<div class=\"md\"><p>I think is pretty ugly actually. Some lines cross unnecessarily or bump out for no real reason. It&#39;s also extremely long and doesn&#39;t make sense why it&#39;s a fucking tree.</p>\n</div>", "gildings": {}, "collapsed_reason": null, "associated_award": null, "stickied": false, "author_premium": true, "subreddit_type": "public", "can_gild": true, "subreddit": "statistics", "author_flair_text_color": null, "score_hidden": false, "permalink": "/r/statistics/comments/3gbag4/how_to_choose_a_statistical_model/ctz56jj/", "num_reports": null, "locked": false, "name": "t1_ctz56jj", "created": 1439331200.0, "author_flair_text": null, "treatment_tags": [], "collapsed": false, "subreddit_name_prefixed": "r/statistics", "controversiality": 0, "depth": 2, "author_flair_background_color": null, "collapsed_because_crowd_control": null, "mod_reports": [], "mod_note": null, "distinguished": null, "_fetched": true}, {"_replies": ["ctx6eee"], "_submission": "3gbag4", "_reddit": "_reddit", "total_awards_received": 0, "approved_at_utc": null, "ups": 3, "awarders": [], "mod_reason_by": null, "banned_by": null, "author_flair_type": "text", "removal_reason": null, "link_id": "t3_3gbag4", "author_flair_template_id": null, "likes": null, "user_reports": [], "saved": false, "id": "ctx5uqg", "banned_at_utc": null, "mod_reason_title": null, "gilded": 0, "archived": true, "no_follow": true, "author": "abitofperspective", "can_mod_post": false, "created_utc": 1439149562.0, "send_replies": true, "parent_id": "t1_ctwqpme", "score": 3, "author_fullname": "t2_417cq", "report_reasons": null, "approved_by": null, "all_awardings": [], "subreddit_id": "t5_2qhfi", "body": "I'd recommend looking at what has been used in similar studies, and also having a good understanding of the conditional probabilities that you are estimating. I'm thinking that in a thesis defense (or methodology section), its necessary to articulate a better rationale than provided in the flow chart.", "edited": false, "author_flair_css_class": null, "is_submitter": false, "downs": 0, "author_flair_richtext": [], "author_patreon_flair": false, "body_html": "<div class=\"md\"><p>I&#39;d recommend looking at what has been used in similar studies, and also having a good understanding of the conditional probabilities that you are estimating. I&#39;m thinking that in a thesis defense (or methodology section), its necessary to articulate a better rationale than provided in the flow chart.</p>\n</div>", "gildings": {}, "collapsed_reason": null, "associated_award": null, "stickied": false, "author_premium": false, "subreddit_type": "public", "can_gild": true, "subreddit": "statistics", "author_flair_text_color": null, "score_hidden": false, "permalink": "/r/statistics/comments/3gbag4/how_to_choose_a_statistical_model/ctx5uqg/", "num_reports": null, "locked": false, "name": "t1_ctx5uqg", "created": 1439178362.0, "author_flair_text": null, "treatment_tags": [], "collapsed": false, "subreddit_name_prefixed": "r/statistics", "controversiality": 0, "depth": 2, "author_flair_background_color": null, "collapsed_because_crowd_control": null, "mod_reports": [], "mod_note": null, "distinguished": null, "_fetched": true}, {"_replies": ["ctwp34p", "ctxhl9i", "ctwvn4d"], "_submission": "3gbag4", "_reddit": "_reddit", "total_awards_received": 0, "approved_at_utc": null, "ups": 0, "awarders": [], "mod_reason_by": null, "banned_by": null, "author_flair_type": "text", "removal_reason": null, "link_id": "t3_3gbag4", "author_flair_template_id": null, "likes": null, "user_reports": [], "saved": false, "id": "ctwnxzj", "banned_at_utc": null, "mod_reason_title": null, "gilded": 0, "archived": true, "no_follow": true, "author": "mant", "can_mod_post": false, "created_utc": 1439101972.0, "send_replies": true, "parent_id": "t1_ctwnax0", "score": 0, "author_fullname": "t2_13xod", "report_reasons": null, "approved_by": null, "all_awardings": [], "subreddit_id": "t5_2qhfi", "body": "Im on mobile. I can make out \"start\" and \"end\" but nothing else", "edited": false, "author_flair_css_class": null, "is_submitter": false, "downs": 0, "author_flair_richtext": [], "author_patreon_flair": false, "body_html": "<div class=\"md\"><p>Im on mobile. I can make out &quot;start&quot; and &quot;end&quot; but nothing else</p>\n</div>", "gildings": {}, "collapsed_reason": null, "associated_award": null, "stickied": false, "author_premium": false, "subreddit_type": "public", "can_gild": true, "subreddit": "statistics", "author_flair_text_color": null, "score_hidden": false, "permalink": "/r/statistics/comments/3gbag4/how_to_choose_a_statistical_model/ctwnxzj/", "num_reports": null, "locked": false, "name": "t1_ctwnxzj", "created": 1439130772.0, "author_flair_text": null, "treatment_tags": [], "collapsed": false, "subreddit_name_prefixed": "r/statistics", "controversiality": 0, "depth": 2, "author_flair_background_color": null, "collapsed_because_crowd_control": null, "mod_reports": [], "mod_note": null, "distinguished": null, "_fetched": true}, {"_replies": [], "_submission": "3gbag4", "_reddit": "_reddit", "total_awards_received": 0, "approved_at_utc": null, "ups": 1, "awarders": [], "mod_reason_by": null, "banned_by": null, "author_flair_type": "text", "removal_reason": null, "link_id": "t3_3gbag4", "author_flair_template_id": null, "likes": null, "user_reports": [], "saved": false, "id": "ctzrfkc", "banned_at_utc": null, "mod_reason_title": null, "gilded": 0, "archived": true, "no_follow": true, "author": "adiktd", "can_mod_post": false, "send_replies": true, "parent_id": "t1_ctz56jj", "score": 1, "author_fullname": "t2_4ak8v", "report_reasons": null, "approved_by": null, "all_awardings": [], "subreddit_id": "t5_2qhfi", "body": "....", "edited": false, "downs": 0, "author_flair_css_class": null, "is_submitter": true, "collapsed": false, "author_flair_richtext": [], "author_patreon_flair": false, "body_html": "<div class=\"md\"><p>....</p>\n</div>", "gildings": {}, "collapsed_reason": null, "associated_award": null, "stickied": false, "author_premium": false, "subreddit_type": "public", "can_gild": true, "subreddit": "statistics", "author_flair_text_color": null, "score_hidden": false, "permalink": "/r/statistics/comments/3gbag4/how_to_choose_a_statistical_model/ctzrfkc/", "num_reports": null, "locked": false, "name": "t1_ctzrfkc", "created": 1439364964.0, "author_flair_text": null, "treatment_tags": [], "created_utc": 1439336164.0, "subreddit_name_prefixed": "r/statistics", "controversiality": 0, "depth": 3, "author_flair_background_color": null, "collapsed_because_crowd_control": null, "mod_reports": [], "mod_note": null, "distinguished": null, "_fetched": true}, {"_replies": [], "_submission": "3gbag4", "_reddit": "_reddit", "total_awards_received": 0, "approved_at_utc": null, "ups": 2, "awarders": [], "mod_reason_by": null, "banned_by": null, "author_flair_type": "text", "removal_reason": null, "link_id": "t3_3gbag4", "author_flair_template_id": null, "likes": null, "user_reports": [], "saved": false, "id": "ctx6eee", "banned_at_utc": null, "mod_reason_title": null, "gilded": 0, "archived": true, "no_follow": true, "author": "rogerology", "can_mod_post": false, "send_replies": true, "parent_id": "t1_ctx5uqg", "score": 2, "author_fullname": "t2_3jgg8", "report_reasons": null, "approved_by": null, "all_awardings": [], "subreddit_id": "t5_2qhfi", "body": "Thank you.", "edited": false, "downs": 0, "author_flair_css_class": null, "is_submitter": false, "collapsed": false, "author_flair_richtext": [], "author_patreon_flair": false, "body_html": "<div class=\"md\"><p>Thank you.</p>\n</div>", "gildings": {}, "collapsed_reason": null, "associated_award": null, "stickied": false, "author_premium": false, "subreddit_type": "public", "can_gild": true, "subreddit": "statistics", "author_flair_text_color": null, "score_hidden": false, "permalink": "/r/statistics/comments/3gbag4/how_to_choose_a_statistical_model/ctx6eee/", "num_reports": null, "locked": false, "name": "t1_ctx6eee", "created": 1439179323.0, "author_flair_text": null, "treatment_tags": [], "created_utc": 1439150523.0, "subreddit_name_prefixed": "r/statistics", "controversiality": 0, "depth": 3, "author_flair_background_color": null, "collapsed_because_crowd_control": null, "mod_reports": [], "mod_note": null, "distinguished": null, "_fetched": true}, {"_replies": [], "_submission": "3gbag4", "_reddit": "_reddit", "total_awards_received": 0, "approved_at_utc": null, "ups": 1, "awarders": [], "mod_reason_by": null, "banned_by": null, "author_flair_type": "text", "removal_reason": null, "link_id": "t3_3gbag4", "author_flair_template_id": null, "likes": null, "user_reports": [], "saved": false, "id": "ctwp34p", "banned_at_utc": null, "mod_reason_title": null, "gilded": 0, "archived": true, "no_follow": true, "author": "adiktd", "can_mod_post": false, "send_replies": true, "parent_id": "t1_ctwnxzj", "score": 1, "author_fullname": "t2_4ak8v", "report_reasons": null, "approved_by": null, "all_awardings": [], "subreddit_id": "t5_2qhfi", "body": "Save image? or.. use a different browser.", "edited": false, "downs": 0, "author_flair_css_class": null, "is_submitter": true, "collapsed": false, "author_flair_richtext": [], "author_patreon_flair": false, "body_html": "<div class=\"md\"><p>Save image? or.. use a different browser.</p>\n</div>", "gildings": {}, "collapsed_reason": null, "associated_award": null, "stickied": false, "author_premium": false, "subreddit_type": "public", "can_gild": true, "subreddit": "statistics", "author_flair_text_color": null, "score_hidden": false, "permalink": "/r/statistics/comments/3gbag4/how_to_choose_a_statistical_model/ctwp34p/", "num_reports": null, "locked": false, "name": "t1_ctwp34p", "created": 1439134464.0, "author_flair_text": null, "treatment_tags": [], "created_utc": 1439105664.0, "subreddit_name_prefixed": "r/statistics", "controversiality": 0, "depth": 3, "author_flair_background_color": null, "collapsed_because_crowd_control": null, "mod_reports": [], "mod_note": null, "distinguished": null, "_fetched": true}, {"_replies": [], "_submission": "3gbag4", "_reddit": "_reddit", "total_awards_received": 0, "approved_at_utc": null, "ups": 1, "awarders": [], "mod_reason_by": null, "banned_by": null, "author_flair_type": "text", "removal_reason": null, "link_id": "t3_3gbag4", "author_flair_template_id": null, "likes": null, "user_reports": [], "saved": false, "id": "ctxhl9i", "banned_at_utc": null, "mod_reason_title": null, "gilded": 0, "archived": true, "no_follow": true, "author": "ProfessorPhi", "can_mod_post": false, "send_replies": true, "parent_id": "t1_ctwnxzj", "score": 1, "author_fullname": "t2_84c4z", "report_reasons": null, "approved_by": null, "all_awardings": [], "subreddit_id": "t5_2qhfi", "body": "Your reddit app may be compressing the images to try and save bandwidth.", "edited": false, "downs": 0, "author_flair_css_class": null, "is_submitter": false, "collapsed": false, "author_flair_richtext": [], "author_patreon_flair": false, "body_html": "<div class=\"md\"><p>Your reddit app may be compressing the images to try and save bandwidth.</p>\n</div>", "gildings": {}, "collapsed_reason": null, "associated_award": null, "stickied": false, "author_premium": false, "subreddit_type": "public", "can_gild": true, "subreddit": "statistics", "author_flair_text_color": null, "score_hidden": false, "permalink": "/r/statistics/comments/3gbag4/how_to_choose_a_statistical_model/ctxhl9i/", "num_reports": null, "locked": false, "name": "t1_ctxhl9i", "created": 1439199467.0, "author_flair_text": null, "treatment_tags": [], "created_utc": 1439170667.0, "subreddit_name_prefixed": "r/statistics", "controversiality": 0, "depth": 3, "author_flair_background_color": null, "collapsed_because_crowd_control": null, "mod_reports": [], "mod_note": null, "distinguished": null, "_fetched": true}, {"_replies": [], "_submission": "3gbag4", "_reddit": "_reddit", "total_awards_received": 0, "approved_at_utc": null, "ups": 1, "awarders": [], "mod_reason_by": null, "banned_by": null, "author_flair_type": "text", "removal_reason": null, "link_id": "t3_3gbag4", "author_flair_template_id": null, "likes": null, "user_reports": [], "saved": false, "id": "ctwvn4d", "banned_at_utc": null, "mod_reason_title": null, "gilded": 0, "archived": true, "no_follow": true, "author": "crackered", "can_mod_post": false, "send_replies": true, "parent_id": "t1_ctwnxzj", "score": 1, "author_fullname": "t2_5j2cl", "report_reasons": null, "approved_by": null, "all_awardings": [], "subreddit_id": "t5_2qhfi", "body": "maybe pinch-zoom?", "edited": false, "downs": 0, "author_flair_css_class": null, "is_submitter": false, "collapsed": false, "author_flair_richtext": [], "author_patreon_flair": false, "body_html": "<div class=\"md\"><p>maybe pinch-zoom?</p>\n</div>", "gildings": {}, "collapsed_reason": null, "associated_award": null, "stickied": false, "author_premium": false, "subreddit_type": "public", "can_gild": true, "subreddit": "statistics", "author_flair_text_color": null, "score_hidden": false, "permalink": "/r/statistics/comments/3gbag4/how_to_choose_a_statistical_model/ctwvn4d/", "num_reports": null, "locked": false, "name": "t1_ctwvn4d", "created": 1439158836.0, "author_flair_text": null, "treatment_tags": [], "created_utc": 1439130036.0, "subreddit_name_prefixed": "r/statistics", "controversiality": 0, "depth": 3, "author_flair_background_color": null, "collapsed_because_crowd_control": null, "mod_reports": [], "mod_note": null, "distinguished": null, "_fetched": true}, {"_replies": ["ctzxjer"], "_submission": "3gbag4", "_reddit": "_reddit", "total_awards_received": 0, "approved_at_utc": null, "ups": 1, "awarders": [], "mod_reason_by": null, "banned_by": null, "author_flair_type": "text", "removal_reason": null, "link_id": "t3_3gbag4", "author_flair_template_id": null, "likes": null, "user_reports": [], "saved": false, "id": "ctxp1wz", "banned_at_utc": null, "mod_reason_title": null, "gilded": 0, "archived": true, "no_follow": true, "author": "standard_error", "can_mod_post": false, "send_replies": true, "parent_id": "t1_ctxancg", "score": 1, "author_fullname": "t2_3v3jo", "report_reasons": null, "approved_by": null, "all_awardings": [], "subreddit_id": "t5_2qhfi", "collapsed": false, "body": "Why though? It has some problems, sure, but so do the nonlinear models. I think Steve Pischke makes some good points [here](http://www.mostlyharmlesseconometrics.com/2012/07/probit-better-than-lpm/).", "edited": false, "author_flair_css_class": null, "is_submitter": false, "downs": 0, "author_flair_richtext": [], "author_patreon_flair": false, "body_html": "<div class=\"md\"><p>Why though? It has some problems, sure, but so do the nonlinear models. I think Steve Pischke makes some good points <a href=\"http://www.mostlyharmlesseconometrics.com/2012/07/probit-better-than-lpm/\">here</a>.</p>\n</div>", "gildings": {}, "collapsed_reason": null, "associated_award": null, "stickied": false, "author_premium": false, "subreddit_type": "public", "can_gild": true, "subreddit": "statistics", "author_flair_text_color": null, "score_hidden": false, "permalink": "/r/statistics/comments/3gbag4/how_to_choose_a_statistical_model/ctxp1wz/", "num_reports": null, "locked": false, "name": "t1_ctxp1wz", "created": 1439214890.0, "author_flair_text": null, "treatment_tags": [], "created_utc": 1439186090.0, "subreddit_name_prefixed": "r/statistics", "controversiality": 0, "depth": 4, "author_flair_background_color": null, "collapsed_because_crowd_control": null, "mod_reports": [], "mod_note": null, "distinguished": null, "_fetched": true}, {"_replies": ["cu0ez8x"], "_submission": "3gbag4", "_reddit": "_reddit", "total_awards_received": 0, "approved_at_utc": null, "ups": 1, "awarders": [], "mod_reason_by": null, "banned_by": null, "author_flair_type": "text", "removal_reason": null, "link_id": "t3_3gbag4", "author_flair_template_id": null, "likes": null, "user_reports": [], "saved": false, "id": "cu05nr0", "banned_at_utc": null, "mod_reason_title": null, "gilded": 0, "archived": true, "no_follow": true, "author": "standard_error", "can_mod_post": false, "send_replies": true, "parent_id": "t1_ctzxjer", "score": 1, "author_fullname": "t2_3v3jo", "report_reasons": null, "approved_by": null, "all_awardings": [], "subreddit_id": "t5_2qhfi", "body": "My approach would probably be to start with the LPM, and check with the logit or probit. If they give very different results, it's time to start worrying (and perhaps go to non-parametric or semi-parametric estimation). If not, I'd probably focus on the LPM and leave the logit for an appendix. In the end, it comes down to personal preference - I'm not against the logit, but I tend to get annoyed by the misinformed LPM-bashing you often see (you don't seem misinformed at all though). \n\nIt's also worth noting some problems with the LPM - in addition to the unbounded predictions, you also get heteroskedastic non-normal errors. This is fine with larger samples and robust standard errors, but the practitioner needs to be aware of it.", "edited": false, "downs": 0, "author_flair_css_class": null, "is_submitter": false, "collapsed": false, "author_flair_richtext": [], "author_patreon_flair": false, "body_html": "<div class=\"md\"><p>My approach would probably be to start with the LPM, and check with the logit or probit. If they give very different results, it&#39;s time to start worrying (and perhaps go to non-parametric or semi-parametric estimation). If not, I&#39;d probably focus on the LPM and leave the logit for an appendix. In the end, it comes down to personal preference - I&#39;m not against the logit, but I tend to get annoyed by the misinformed LPM-bashing you often see (you don&#39;t seem misinformed at all though). </p>\n\n<p>It&#39;s also worth noting some problems with the LPM - in addition to the unbounded predictions, you also get heteroskedastic non-normal errors. This is fine with larger samples and robust standard errors, but the practitioner needs to be aware of it.</p>\n</div>", "gildings": {}, "collapsed_reason": null, "associated_award": null, "stickied": false, "author_premium": false, "subreddit_type": "public", "can_gild": true, "subreddit": "statistics", "author_flair_text_color": null, "score_hidden": false, "permalink": "/r/statistics/comments/3gbag4/how_to_choose_a_statistical_model/cu05nr0/", "num_reports": null, "locked": false, "name": "t1_cu05nr0", "created": 1439394122.0, "author_flair_text": null, "treatment_tags": [], "created_utc": 1439365322.0, "subreddit_name_prefixed": "r/statistics", "controversiality": 0, "depth": 6, "author_flair_background_color": null, "collapsed_because_crowd_control": null, "mod_reports": [], "mod_note": null, "distinguished": null, "_fetched": true}, {"_replies": [], "_submission": "3gbag4", "_reddit": "_reddit", "total_awards_received": 0, "approved_at_utc": null, "ups": 1, "awarders": [], "mod_reason_by": null, "banned_by": null, "author_flair_type": "text", "removal_reason": null, "link_id": "t3_3gbag4", "author_flair_template_id": null, "likes": null, "user_reports": [], "saved": false, "id": "cu0gcoe", "banned_at_utc": null, "mod_reason_title": null, "gilded": 0, "archived": true, "no_follow": true, "author": "standard_error", "can_mod_post": false, "created_utc": 1439393635.0, "send_replies": true, "parent_id": "t1_cu0ez8x", "score": 1, "author_fullname": "t2_3v3jo", "report_reasons": null, "approved_by": null, "all_awardings": [], "subreddit_id": "t5_2qhfi", "body": "> Another option might be to compare the results to random forest or nearest neighbor estimates (which are highly uninterpretable but close to the \"truth\")\n\nYes, that could be a good way to validate that your model is not completely wrong.", "edited": false, "author_flair_css_class": null, "is_submitter": false, "downs": 0, "author_flair_richtext": [], "author_patreon_flair": false, "body_html": "<div class=\"md\"><blockquote>\n<p>Another option might be to compare the results to random forest or nearest neighbor estimates (which are highly uninterpretable but close to the &quot;truth&quot;)</p>\n</blockquote>\n\n<p>Yes, that could be a good way to validate that your model is not completely wrong.</p>\n</div>", "gildings": {}, "collapsed_reason": null, "associated_award": null, "stickied": false, "author_premium": false, "subreddit_type": "public", "can_gild": true, "subreddit": "statistics", "author_flair_text_color": null, "score_hidden": false, "permalink": "/r/statistics/comments/3gbag4/how_to_choose_a_statistical_model/cu0gcoe/", "num_reports": null, "locked": false, "name": "t1_cu0gcoe", "created": 1439422435.0, "author_flair_text": null, "treatment_tags": [], "collapsed": false, "subreddit_name_prefixed": "r/statistics", "controversiality": 0, "depth": 8, "author_flair_background_color": null, "collapsed_because_crowd_control": null, "mod_reports": [], "mod_note": null, "distinguished": null, "_fetched": true}]}