{"_reddit": "_reddit", "approved_at_utc": null, "subreddit": "statistics", "selftext": "", "author_fullname": "t2_9sgbp", "saved": false, "mod_reason_title": null, "gilded": 0, "clicked": false, "title": "New ASA membership plans permit members to reject null hypothesis at alpha values > 0.05", "link_flair_richtext": [], "subreddit_name_prefixed": "r/statistics", "hidden": false, "pwls": 6, "link_flair_css_class": null, "downs": 0, "hide_score": false, "name": "t3_378iip", "quarantine": false, "link_flair_text_color": "dark", "upvote_ratio": 0.93, "author_flair_background_color": null, "subreddit_type": "public", "ups": 71, "total_awards_received": 0, "media_embed": {}, "author_flair_template_id": null, "is_original_content": false, "user_reports": [], "secure_media": null, "is_reddit_media_domain": false, "is_meta": false, "category": null, "secure_media_embed": {}, "link_flair_text": null, "can_mod_post": false, "score": 71, "approved_by": null, "author_premium": false, "thumbnail": "", "edited": false, "author_flair_css_class": null, "author_flair_richtext": [], "gildings": {}, "content_categories": null, "is_self": false, "mod_note": null, "created": 1432610086.0, "link_flair_type": "text", "wls": 6, "removed_by_category": null, "banned_by": null, "author_flair_type": "text", "domain": "pnis.co", "allow_live_comments": false, "selftext_html": null, "likes": null, "suggested_sort": null, "banned_at_utc": null, "view_count": null, "archived": true, "no_follow": false, "is_crosspostable": true, "pinned": false, "over_18": false, "all_awardings": [], "awarders": [], "media_only": false, "can_gild": true, "spoiler": false, "locked": false, "author_flair_text": null, "treatment_tags": [], "visited": false, "removed_by": null, "num_reports": null, "distinguished": null, "subreddit_id": "t5_2qhfi", "mod_reason_by": null, "removal_reason": null, "link_flair_background_color": "", "id": "378iip", "is_robot_indexable": true, "report_reasons": null, "author": "normee", "discussion_type": null, "num_comments": 11, "send_replies": true, "whitelist_status": "all_ads", "contest_mode": false, "mod_reports": [], "author_patreon_flair": false, "author_flair_text_color": null, "permalink": "/r/statistics/comments/378iip/new_asa_membership_plans_permit_members_to_reject/", "parent_whitelist_status": "all_ads", "stickied": false, "url": "http://pnis.co/scinews/vol2_1.html", "subreddit_subscribers": 106209, "created_utc": 1432581286.0, "num_crossposts": 0, "media": null, "is_video": false, "_fetched": false, "comment_limit": 2048, "comment_sort": "best", "_comments_by_id": {}, "_comments": [{"_replies": [], "_submission": "378iip", "_reddit": "_reddit", "total_awards_received": 0, "approved_at_utc": null, "ups": 28, "awarders": [], "mod_reason_by": null, "banned_by": null, "author_flair_type": "text", "removal_reason": null, "link_id": "t3_378iip", "author_flair_template_id": null, "likes": null, "user_reports": [], "saved": false, "id": "crkk7pw", "banned_at_utc": null, "mod_reason_title": null, "gilded": 0, "archived": true, "no_follow": false, "author": "bluecoffee", "can_mod_post": false, "send_replies": true, "parent_id": "t3_378iip", "score": 28, "author_fullname": "t2_3pqe5", "report_reasons": null, "approved_by": null, "all_awardings": [], "subreddit_id": "t5_2qhfi", "body": "> Platinum ($24/month): includes benefits at the Gold level and allows researchers to use one statistic per year without them knowing how it actually works.\n\n*One* statistic per year? There won't be any biologists in the ASA then.\n\n&#8203;\n\n&#8203;\n\n^(im picking on biology because it's my field)", "edited": 1432583383.0, "downs": 0, "author_flair_css_class": null, "is_submitter": false, "collapsed": false, "author_flair_richtext": [], "author_patreon_flair": false, "body_html": "<div class=\"md\"><blockquote>\n<p>Platinum ($24/month): includes benefits at the Gold level and allows researchers to use one statistic per year without them knowing how it actually works.</p>\n</blockquote>\n\n<p><em>One</em> statistic per year? There won&#39;t be any biologists in the ASA then.</p>\n\n<p>&#8203;</p>\n\n<p>&#8203;</p>\n\n<p><sup>im picking on biology because it&#39;s my field</sup></p>\n</div>", "gildings": {}, "collapsed_reason": null, "associated_award": null, "stickied": false, "author_premium": false, "subreddit_type": "public", "can_gild": true, "subreddit": "statistics", "author_flair_text_color": null, "score_hidden": false, "permalink": "/r/statistics/comments/378iip/new_asa_membership_plans_permit_members_to_reject/crkk7pw/", "num_reports": null, "locked": false, "name": "t1_crkk7pw", "created": 1432611828.0, "author_flair_text": null, "treatment_tags": [], "created_utc": 1432583028.0, "subreddit_name_prefixed": "r/statistics", "controversiality": 0, "depth": 0, "author_flair_background_color": null, "collapsed_because_crowd_control": null, "mod_reports": [], "mod_note": null, "distinguished": null, "_fetched": true}, {"_replies": ["crkmd1g"], "_submission": "378iip", "_reddit": "_reddit", "total_awards_received": 0, "approved_at_utc": null, "ups": 15, "awarders": [], "mod_reason_by": null, "banned_by": null, "author_flair_type": "text", "removal_reason": null, "link_id": "t3_378iip", "author_flair_template_id": null, "likes": null, "user_reports": [], "saved": false, "id": "crkl3m0", "banned_at_utc": null, "mod_reason_title": null, "gilded": 0, "archived": true, "no_follow": false, "author": "TonyWonderslostnut", "can_mod_post": false, "send_replies": true, "parent_id": "t3_378iip", "score": 15, "author_fullname": "t2_6cknx", "report_reasons": null, "approved_by": null, "all_awardings": [], "subreddit_id": "t5_2qhfi", "body": ">PNIS\n\nSo this is a stats version of The Onion?", "edited": false, "downs": 0, "author_flair_css_class": null, "is_submitter": false, "collapsed": false, "author_flair_richtext": [], "author_patreon_flair": false, "body_html": "<div class=\"md\"><blockquote>\n<p>PNIS</p>\n</blockquote>\n\n<p>So this is a stats version of The Onion?</p>\n</div>", "gildings": {}, "collapsed_reason": null, "associated_award": null, "stickied": false, "author_premium": true, "subreddit_type": "public", "can_gild": true, "subreddit": "statistics", "author_flair_text_color": null, "score_hidden": false, "permalink": "/r/statistics/comments/378iip/new_asa_membership_plans_permit_members_to_reject/crkl3m0/", "num_reports": null, "locked": false, "name": "t1_crkl3m0", "created": 1432613472.0, "author_flair_text": null, "treatment_tags": [], "created_utc": 1432584672.0, "subreddit_name_prefixed": "r/statistics", "controversiality": 0, "depth": 0, "author_flair_background_color": null, "collapsed_because_crowd_control": null, "mod_reports": [], "mod_note": null, "distinguished": null, "_fetched": true}, {"_replies": ["crkwatw"], "_submission": "378iip", "_reddit": "_reddit", "total_awards_received": 0, "approved_at_utc": null, "ups": 9, "awarders": [], "mod_reason_by": null, "banned_by": null, "author_flair_type": "text", "removal_reason": null, "link_id": "t3_378iip", "author_flair_template_id": null, "likes": null, "user_reports": [], "saved": false, "id": "crkkned", "banned_at_utc": null, "mod_reason_title": null, "gilded": 0, "archived": true, "no_follow": true, "author": "mguggis", "can_mod_post": false, "send_replies": true, "parent_id": "t3_378iip", "score": 9, "author_fullname": "t2_lvxkt", "report_reasons": null, "approved_by": null, "all_awardings": [], "subreddit_id": "t5_2qhfi", "body": "> Wasserstein also said that future changes are in the works, including an upgrade allowing researchers to conduct all their statistics using Microsoft Excel, and a non-parametric plan, which will allow members to use non-parametric statistics without shame. \u201cYOLO,\u201d added Wasserstein.", "edited": false, "downs": 0, "author_flair_css_class": null, "is_submitter": false, "collapsed": false, "author_flair_richtext": [], "author_patreon_flair": false, "body_html": "<div class=\"md\"><blockquote>\n<p>Wasserstein also said that future changes are in the works, including an upgrade allowing researchers to conduct all their statistics using Microsoft Excel, and a non-parametric plan, which will allow members to use non-parametric statistics without shame. \u201cYOLO,\u201d added Wasserstein.</p>\n</blockquote>\n</div>", "gildings": {}, "collapsed_reason": null, "associated_award": null, "stickied": false, "author_premium": false, "subreddit_type": "public", "can_gild": true, "subreddit": "statistics", "author_flair_text_color": null, "score_hidden": false, "permalink": "/r/statistics/comments/378iip/new_asa_membership_plans_permit_members_to_reject/crkkned/", "num_reports": null, "locked": false, "name": "t1_crkkned", "created": 1432612640.0, "author_flair_text": null, "treatment_tags": [], "created_utc": 1432583840.0, "subreddit_name_prefixed": "r/statistics", "controversiality": 0, "depth": 0, "author_flair_background_color": null, "collapsed_because_crowd_control": null, "mod_reports": [], "mod_note": null, "distinguished": null, "_fetched": true}, {"_replies": ["crmuh3p"], "_submission": "378iip", "_reddit": "_reddit", "total_awards_received": 0, "approved_at_utc": null, "ups": 1, "awarders": [], "mod_reason_by": null, "banned_by": null, "author_flair_type": "text", "removal_reason": null, "link_id": "t3_378iip", "author_flair_template_id": null, "likes": null, "user_reports": [], "saved": false, "id": "crl1bjj", "banned_at_utc": null, "mod_reason_title": null, "gilded": 0, "archived": true, "no_follow": true, "author": "theunderhillaccount", "can_mod_post": false, "send_replies": true, "parent_id": "t3_378iip", "score": 1, "author_fullname": "t2_hugoq", "report_reasons": null, "approved_by": null, "all_awardings": [], "subreddit_id": "t5_2qhfi", "body": ">\u201cOnce I make sure my grant will cover the Platinum plan...\"\n\nAaaahaha...good luck with that! On a more serious note: I thought this was already SOP for behavioral and social sciences.", "edited": false, "downs": 0, "author_flair_css_class": null, "is_submitter": false, "collapsed": false, "author_flair_richtext": [], "author_patreon_flair": false, "body_html": "<div class=\"md\"><blockquote>\n<p>\u201cOnce I make sure my grant will cover the Platinum plan...&quot;</p>\n</blockquote>\n\n<p>Aaaahaha...good luck with that! On a more serious note: I thought this was already SOP for behavioral and social sciences.</p>\n</div>", "gildings": {}, "collapsed_reason": null, "associated_award": null, "stickied": false, "author_premium": true, "subreddit_type": "public", "can_gild": true, "subreddit": "statistics", "author_flair_text_color": null, "score_hidden": false, "permalink": "/r/statistics/comments/378iip/new_asa_membership_plans_permit_members_to_reject/crl1bjj/", "num_reports": null, "locked": false, "name": "t1_crl1bjj", "created": 1432644271.0, "author_flair_text": null, "treatment_tags": [], "created_utc": 1432615471.0, "subreddit_name_prefixed": "r/statistics", "controversiality": 0, "depth": 0, "author_flair_background_color": null, "collapsed_because_crowd_control": null, "mod_reports": [], "mod_note": null, "distinguished": null, "_fetched": true}, {"_replies": ["crkn392", "crl967n"], "_submission": "378iip", "_reddit": "_reddit", "total_awards_received": 0, "approved_at_utc": null, "ups": 9, "awarders": [], "mod_reason_by": null, "banned_by": null, "author_flair_type": "text", "removal_reason": null, "link_id": "t3_378iip", "author_flair_template_id": null, "likes": null, "user_reports": [], "saved": false, "id": "crkmd1g", "banned_at_utc": null, "mod_reason_title": null, "gilded": 0, "archived": true, "no_follow": false, "author": "simoncolumbus", "can_mod_post": false, "send_replies": true, "parent_id": "t1_crkl3m0", "score": 9, "author_fullname": "t2_9p13z", "report_reasons": null, "approved_by": null, "all_awardings": [], "subreddit_id": "t5_2qhfi", "collapsed": false, "body": "PNIS is to PNAS is what The Onion is to real news sites - obviously satire, yet not always distinguishable in its ridiculousness.", "edited": false, "author_flair_css_class": null, "is_submitter": false, "downs": 0, "author_flair_richtext": [], "author_patreon_flair": false, "body_html": "<div class=\"md\"><p>PNIS is to PNAS is what The Onion is to real news sites - obviously satire, yet not always distinguishable in its ridiculousness.</p>\n</div>", "gildings": {}, "collapsed_reason": null, "associated_award": null, "stickied": false, "author_premium": false, "subreddit_type": "public", "can_gild": true, "subreddit": "statistics", "author_flair_text_color": null, "score_hidden": false, "permalink": "/r/statistics/comments/378iip/new_asa_membership_plans_permit_members_to_reject/crkmd1g/", "num_reports": null, "locked": false, "name": "t1_crkmd1g", "created": 1432615815.0, "author_flair_text": null, "treatment_tags": [], "created_utc": 1432587015.0, "subreddit_name_prefixed": "r/statistics", "controversiality": 0, "depth": 1, "author_flair_background_color": null, "collapsed_because_crowd_control": null, "mod_reports": [], "mod_note": null, "distinguished": null, "_fetched": true}, {"_replies": ["crkwu1v"], "_submission": "378iip", "_reddit": "_reddit", "total_awards_received": 0, "approved_at_utc": null, "ups": 2, "awarders": [], "mod_reason_by": null, "banned_by": null, "author_flair_type": "text", "removal_reason": null, "link_id": "t3_378iip", "author_flair_template_id": null, "likes": null, "user_reports": [], "saved": false, "id": "crkwatw", "banned_at_utc": null, "mod_reason_title": null, "gilded": 0, "archived": true, "no_follow": true, "author": "Pandanleaves", "can_mod_post": false, "send_replies": true, "parent_id": "t1_crkkned", "score": 2, "author_fullname": "t2_8e8e8", "report_reasons": null, "approved_by": null, "all_awardings": [], "subreddit_id": "t5_2qhfi", "collapsed": false, "body": "I'm clueless here: why would using non-parametric statistics be shameful?", "edited": false, "author_flair_css_class": null, "is_submitter": false, "downs": 0, "author_flair_richtext": [], "author_patreon_flair": false, "body_html": "<div class=\"md\"><p>I&#39;m clueless here: why would using non-parametric statistics be shameful?</p>\n</div>", "gildings": {}, "collapsed_reason": null, "associated_award": null, "stickied": false, "author_premium": false, "subreddit_type": "public", "can_gild": true, "subreddit": "statistics", "author_flair_text_color": null, "score_hidden": false, "permalink": "/r/statistics/comments/378iip/new_asa_membership_plans_permit_members_to_reject/crkwatw/", "num_reports": null, "locked": false, "name": "t1_crkwatw", "created": 1432634661.0, "author_flair_text": null, "treatment_tags": [], "created_utc": 1432605861.0, "subreddit_name_prefixed": "r/statistics", "controversiality": 0, "depth": 1, "author_flair_background_color": null, "collapsed_because_crowd_control": null, "mod_reports": [], "mod_note": null, "distinguished": null, "_fetched": true}, {"_replies": [], "_submission": "378iip", "_reddit": "_reddit", "total_awards_received": 0, "approved_at_utc": null, "ups": 1, "awarders": [], "mod_reason_by": null, "banned_by": null, "author_flair_type": "text", "removal_reason": null, "link_id": "t3_378iip", "author_flair_template_id": null, "likes": null, "user_reports": [], "saved": false, "id": "crmuh3p", "banned_at_utc": null, "mod_reason_title": null, "gilded": 0, "archived": true, "no_follow": true, "author": "jlrc2", "can_mod_post": false, "send_replies": true, "parent_id": "t1_crl1bjj", "score": 1, "author_fullname": "t2_bhpcq", "report_reasons": null, "approved_by": null, "all_awardings": [], "subreddit_id": "t5_2qhfi", "collapsed": false, "body": "Nah, in my experience the current issue is a slavish devotion to p < 0.05. That means my hypothesis is right, you can't dispute it, etc. Some psychology journals have banned p values or otherwise added requirements for effect sizes and confidence intervals. ", "edited": false, "author_flair_css_class": null, "is_submitter": false, "downs": 0, "author_flair_richtext": [], "author_patreon_flair": false, "body_html": "<div class=\"md\"><p>Nah, in my experience the current issue is a slavish devotion to p &lt; 0.05. That means my hypothesis is right, you can&#39;t dispute it, etc. Some psychology journals have banned p values or otherwise added requirements for effect sizes and confidence intervals. </p>\n</div>", "gildings": {}, "collapsed_reason": null, "associated_award": null, "stickied": false, "author_premium": false, "subreddit_type": "public", "can_gild": true, "subreddit": "statistics", "author_flair_text_color": null, "score_hidden": false, "permalink": "/r/statistics/comments/378iip/new_asa_membership_plans_permit_members_to_reject/crmuh3p/", "num_reports": null, "locked": false, "name": "t1_crmuh3p", "created": 1432785575.0, "author_flair_text": null, "treatment_tags": [], "created_utc": 1432756775.0, "subreddit_name_prefixed": "r/statistics", "controversiality": 0, "depth": 1, "author_flair_background_color": null, "collapsed_because_crowd_control": null, "mod_reports": [], "mod_note": null, "distinguished": null, "_fetched": true}, {"_replies": [], "_submission": "378iip", "_reddit": "_reddit", "total_awards_received": 0, "approved_at_utc": null, "ups": 3, "awarders": [], "mod_reason_by": null, "banned_by": null, "author_flair_type": "text", "removal_reason": null, "link_id": "t3_378iip", "author_flair_template_id": null, "likes": null, "user_reports": [], "saved": false, "id": "crkn392", "banned_at_utc": null, "mod_reason_title": null, "gilded": 0, "archived": true, "no_follow": false, "author": "TonyWonderslostnut", "can_mod_post": false, "created_utc": 1432588386.0, "send_replies": true, "parent_id": "t1_crkmd1g", "score": 3, "author_fullname": "t2_6cknx", "report_reasons": null, "approved_by": null, "all_awardings": [], "subreddit_id": "t5_2qhfi", "body": "This is dangerously close to [GOB's program] (https://www.youtube.com/watch?v=JbnjusltDHk).", "edited": false, "author_flair_css_class": null, "is_submitter": false, "downs": 0, "author_flair_richtext": [], "author_patreon_flair": false, "body_html": "<div class=\"md\"><p>This is dangerously close to <a href=\"https://www.youtube.com/watch?v=JbnjusltDHk\">GOB&#39;s program</a>.</p>\n</div>", "gildings": {}, "collapsed_reason": null, "associated_award": null, "stickied": false, "author_premium": true, "subreddit_type": "public", "can_gild": true, "subreddit": "statistics", "author_flair_text_color": null, "score_hidden": false, "permalink": "/r/statistics/comments/378iip/new_asa_membership_plans_permit_members_to_reject/crkn392/", "num_reports": null, "locked": false, "name": "t1_crkn392", "created": 1432617186.0, "author_flair_text": null, "treatment_tags": [], "collapsed": false, "subreddit_name_prefixed": "r/statistics", "controversiality": 0, "depth": 2, "author_flair_background_color": null, "collapsed_because_crowd_control": null, "mod_reports": [], "mod_note": null, "distinguished": null, "_fetched": true}, {"_replies": ["crl96xs"], "_submission": "378iip", "_reddit": "_reddit", "total_awards_received": 0, "approved_at_utc": null, "ups": 1, "awarders": [], "mod_reason_by": null, "banned_by": null, "author_flair_type": "text", "removal_reason": null, "link_id": "t3_378iip", "author_flair_template_id": null, "likes": null, "user_reports": [], "saved": false, "id": "crl967n", "banned_at_utc": null, "mod_reason_title": null, "gilded": 0, "archived": true, "no_follow": true, "author": "shaggorama", "can_mod_post": false, "created_utc": 1432643710.0, "send_replies": true, "parent_id": "t1_crkmd1g", "score": 1, "author_fullname": "t2_3d829", "report_reasons": null, "approved_by": null, "all_awardings": [], "subreddit_id": "t5_2qhfi", "body": "Tl;dr: yes.", "edited": false, "author_flair_css_class": null, "is_submitter": false, "downs": 0, "author_flair_richtext": [], "author_patreon_flair": false, "body_html": "<div class=\"md\"><p>Tl;dr: yes.</p>\n</div>", "gildings": {}, "collapsed_reason": null, "associated_award": null, "stickied": false, "author_premium": false, "subreddit_type": "public", "can_gild": true, "subreddit": "statistics", "author_flair_text_color": null, "score_hidden": false, "permalink": "/r/statistics/comments/378iip/new_asa_membership_plans_permit_members_to_reject/crl967n/", "num_reports": null, "locked": false, "name": "t1_crl967n", "created": 1432672510.0, "author_flair_text": null, "treatment_tags": [], "collapsed": false, "subreddit_name_prefixed": "r/statistics", "controversiality": 0, "depth": 2, "author_flair_background_color": null, "collapsed_because_crowd_control": null, "mod_reports": [], "mod_note": null, "distinguished": null, "_fetched": true}, {"_replies": [], "_submission": "378iip", "_reddit": "_reddit", "total_awards_received": 0, "approved_at_utc": null, "ups": 6, "awarders": [], "mod_reason_by": null, "banned_by": null, "author_flair_type": "text", "removal_reason": null, "link_id": "t3_378iip", "author_flair_template_id": null, "likes": null, "user_reports": [], "saved": false, "id": "crkwu1v", "banned_at_utc": null, "mod_reason_title": null, "gilded": 0, "archived": true, "no_follow": false, "author": "bobbyfiend", "can_mod_post": false, "created_utc": 1432606748.0, "send_replies": true, "parent_id": "t1_crkwatw", "score": 6, "author_fullname": "t2_36gej", "report_reasons": null, "approved_by": null, "all_awardings": [], "subreddit_id": "t5_2qhfi", "body": "It's not; it's awesome. However, perhaps they're referring to situations in which a researcher fully intended to use parametric stats, but screwed something up and violated assumptions, after which using the nonparametrics might seem like an admission of the screwup.", "edited": false, "author_flair_css_class": null, "is_submitter": false, "downs": 0, "author_flair_richtext": [], "author_patreon_flair": false, "body_html": "<div class=\"md\"><p>It&#39;s not; it&#39;s awesome. However, perhaps they&#39;re referring to situations in which a researcher fully intended to use parametric stats, but screwed something up and violated assumptions, after which using the nonparametrics might seem like an admission of the screwup.</p>\n</div>", "gildings": {}, "collapsed_reason": null, "associated_award": null, "stickied": false, "author_premium": false, "subreddit_type": "public", "can_gild": true, "subreddit": "statistics", "author_flair_text_color": null, "score_hidden": false, "permalink": "/r/statistics/comments/378iip/new_asa_membership_plans_permit_members_to_reject/crkwu1v/", "num_reports": null, "locked": false, "name": "t1_crkwu1v", "created": 1432635548.0, "author_flair_text": null, "treatment_tags": [], "collapsed": false, "subreddit_name_prefixed": "r/statistics", "controversiality": 0, "depth": 2, "author_flair_background_color": null, "collapsed_because_crowd_control": null, "mod_reports": [], "mod_note": null, "distinguished": null, "_fetched": true}, {"_replies": [], "_submission": "378iip", "_reddit": "_reddit", "total_awards_received": 0, "approved_at_utc": null, "ups": 2, "awarders": [], "mod_reason_by": null, "banned_by": null, "author_flair_type": "text", "removal_reason": null, "link_id": "t3_378iip", "author_flair_template_id": null, "likes": null, "user_reports": [], "saved": false, "id": "crl96xs", "banned_at_utc": null, "mod_reason_title": null, "gilded": 0, "archived": true, "no_follow": true, "author": "simoncolumbus", "can_mod_post": false, "send_replies": true, "parent_id": "t1_crl967n", "score": 2, "author_fullname": "t2_9p13z", "report_reasons": null, "approved_by": null, "all_awardings": [], "subreddit_id": "t5_2qhfi", "body": "Well, no: PNIS is not specific to stats.", "edited": false, "downs": 0, "author_flair_css_class": null, "is_submitter": false, "collapsed": false, "author_flair_richtext": [], "author_patreon_flair": false, "body_html": "<div class=\"md\"><p>Well, no: PNIS is not specific to stats.</p>\n</div>", "gildings": {}, "collapsed_reason": null, "associated_award": null, "stickied": false, "author_premium": false, "subreddit_type": "public", "can_gild": true, "subreddit": "statistics", "author_flair_text_color": null, "score_hidden": false, "permalink": "/r/statistics/comments/378iip/new_asa_membership_plans_permit_members_to_reject/crl96xs/", "num_reports": null, "locked": false, "name": "t1_crl96xs", "created": 1432672569.0, "author_flair_text": null, "treatment_tags": [], "created_utc": 1432643769.0, "subreddit_name_prefixed": "r/statistics", "controversiality": 0, "depth": 3, "author_flair_background_color": null, "collapsed_because_crowd_control": null, "mod_reports": [], "mod_note": null, "distinguished": null, "_fetched": true}]}