{"_reddit": "_reddit", "approved_at_utc": null, "subreddit": "statistics", "selftext": "Edit: A side question, what actually determines the standard error formula for a test statistic?\n\nAn F-test doesn't have a standard error? Why is that so?", "author_fullname": "t2_80r25", "saved": false, "mod_reason_title": null, "gilded": 0, "clicked": false, "title": "Why does population variance use 1/n while sample variance uses 1/(n-1)? I think it has something to do with the degrees of freedom but how do you explain it properly?", "link_flair_richtext": [], "subreddit_name_prefixed": "r/statistics", "hidden": false, "pwls": 6, "link_flair_css_class": null, "downs": 0, "hide_score": false, "name": "t3_3ti2vq", "quarantine": false, "link_flair_text_color": "dark", "upvote_ratio": 0.96, "author_flair_background_color": null, "subreddit_type": "public", "ups": 40, "total_awards_received": 0, "media_embed": {}, "author_flair_template_id": null, "is_original_content": false, "user_reports": [], "secure_media": null, "is_reddit_media_domain": false, "is_meta": false, "category": null, "secure_media_embed": {}, "link_flair_text": null, "can_mod_post": false, "score": 40, "approved_by": null, "author_premium": false, "thumbnail": "", "edited": 1447988137.0, "author_flair_css_class": null, "author_flair_richtext": [], "gildings": {}, "content_categories": null, "is_self": true, "mod_note": null, "created": 1448006191.0, "link_flair_type": "text", "wls": 6, "removed_by_category": null, "banned_by": null, "author_flair_type": "text", "domain": "self.statistics", "allow_live_comments": false, "selftext_html": "<!-- SC_OFF --><div class=\"md\"><p>Edit: A side question, what actually determines the standard error formula for a test statistic?</p>\n\n<p>An F-test doesn&#39;t have a standard error? Why is that so?</p>\n</div><!-- SC_ON -->", "likes": null, "suggested_sort": null, "banned_at_utc": null, "view_count": null, "archived": true, "no_follow": true, "is_crosspostable": true, "pinned": false, "over_18": false, "all_awardings": [], "awarders": [], "media_only": false, "can_gild": true, "spoiler": false, "locked": false, "author_flair_text": null, "treatment_tags": [], "visited": false, "removed_by": null, "num_reports": null, "distinguished": null, "subreddit_id": "t5_2qhfi", "mod_reason_by": null, "removal_reason": null, "link_flair_background_color": "", "id": "3ti2vq", "is_robot_indexable": true, "report_reasons": null, "author": "Dpgg94", "discussion_type": null, "num_comments": 23, "send_replies": true, "whitelist_status": "all_ads", "contest_mode": false, "mod_reports": [], "author_patreon_flair": false, "author_flair_text_color": null, "permalink": "/r/statistics/comments/3ti2vq/why_does_population_variance_use_1n_while_sample/", "parent_whitelist_status": "all_ads", "stickied": false, "url": "https://www.reddit.com/r/statistics/comments/3ti2vq/why_does_population_variance_use_1n_while_sample/", "subreddit_subscribers": 106209, "created_utc": 1447977391.0, "num_crossposts": 0, "media": null, "is_video": false, "_fetched": false, "comment_limit": 2048, "comment_sort": "best", "_comments_by_id": {}, "_comments": [{"_replies": ["cx6ki4q", "cx6durc", "cx6dm1z", "cx6f9li", "cx6h9dz", "cx6khn0"], "_submission": "3ti2vq", "_reddit": "_reddit", "total_awards_received": 0, "approved_at_utc": null, "ups": 32, "awarders": [], "mod_reason_by": null, "banned_by": null, "author_flair_type": "text", "removal_reason": null, "link_id": "t3_3ti2vq", "author_flair_template_id": null, "likes": null, "user_reports": [], "saved": false, "id": "cx6d2gy", "banned_at_utc": null, "mod_reason_title": null, "gilded": 0, "archived": true, "no_follow": true, "author": "bobbyfiend", "can_mod_post": false, "send_replies": true, "parent_id": "t3_3ti2vq", "score": 32, "author_fullname": "t2_36gej", "report_reasons": null, "approved_by": null, "all_awardings": [], "subreddit_id": "t5_2qhfi", "body": "Making /u/Corruptionss's comments slightly less accurate, but maybe adding some \"seat of the pants\" comprehensibility, some of my profs have explained it this way:\n\nIn order to calculate the sample variance you had to use the sample mean, which is an estimate of a population parameter. So, without any correction, you are \"double-dipping,\" using that estimate twice--partially basing an estimate on another estimate, compounding the problem of estimation. This makes your sample variance (which is, of course, an estimate of the population variance) systematically too small.\n\nTo correct the bias in your estimation that was introduced by basing the estimate on one \"observation\" (the sample mean) that was already an estimate, you have to remove one degree of freedom from the denominator of the equation to balance things out. That inflates the variance estimate back to the right size, so that--over many, many repeated estimates--the average estimate will be accurate instead of too small.\n\nWith population variance you don't need to do this, because you aren't estimating anything; the value is just a description of what's there, so there are no concerns with what might happen if you used that value to estimate something else--because you never will.\n\n*edit: hopefully more comprehensible*", "edited": false, "downs": 0, "author_flair_css_class": null, "is_submitter": false, "collapsed": false, "author_flair_richtext": [], "author_patreon_flair": false, "body_html": "<div class=\"md\"><p>Making <a href=\"/u/Corruptionss\">/u/Corruptionss</a>&#39;s comments slightly less accurate, but maybe adding some &quot;seat of the pants&quot; comprehensibility, some of my profs have explained it this way:</p>\n\n<p>In order to calculate the sample variance you had to use the sample mean, which is an estimate of a population parameter. So, without any correction, you are &quot;double-dipping,&quot; using that estimate twice--partially basing an estimate on another estimate, compounding the problem of estimation. This makes your sample variance (which is, of course, an estimate of the population variance) systematically too small.</p>\n\n<p>To correct the bias in your estimation that was introduced by basing the estimate on one &quot;observation&quot; (the sample mean) that was already an estimate, you have to remove one degree of freedom from the denominator of the equation to balance things out. That inflates the variance estimate back to the right size, so that--over many, many repeated estimates--the average estimate will be accurate instead of too small.</p>\n\n<p>With population variance you don&#39;t need to do this, because you aren&#39;t estimating anything; the value is just a description of what&#39;s there, so there are no concerns with what might happen if you used that value to estimate something else--because you never will.</p>\n\n<p><em>edit: hopefully more comprehensible</em></p>\n</div>", "gildings": {}, "collapsed_reason": null, "associated_award": null, "stickied": false, "author_premium": false, "subreddit_type": "public", "can_gild": true, "subreddit": "statistics", "author_flair_text_color": null, "score_hidden": false, "permalink": "/r/statistics/comments/3ti2vq/why_does_population_variance_use_1n_while_sample/cx6d2gy/", "num_reports": null, "locked": false, "name": "t1_cx6d2gy", "created": 1448008755.0, "author_flair_text": null, "treatment_tags": [], "created_utc": 1447979955.0, "subreddit_name_prefixed": "r/statistics", "controversiality": 0, "depth": 0, "author_flair_background_color": null, "collapsed_because_crowd_control": null, "mod_reports": [], "mod_note": null, "distinguished": null, "_fetched": true}, {"_replies": ["cx6duzb"], "_submission": "3ti2vq", "_reddit": "_reddit", "total_awards_received": 0, "approved_at_utc": null, "ups": 14, "awarders": [], "mod_reason_by": null, "banned_by": null, "author_flair_type": "text", "removal_reason": null, "link_id": "t3_3ti2vq", "author_flair_template_id": null, "likes": null, "user_reports": [], "saved": false, "id": "cx6c02s", "banned_at_utc": null, "mod_reason_title": null, "gilded": 0, "archived": true, "no_follow": true, "author": "Corruptionss", "can_mod_post": false, "send_replies": true, "parent_id": "t3_3ti2vq", "score": 14, "author_fullname": "t2_cpfys", "report_reasons": null, "approved_by": null, "all_awardings": [], "subreddit_id": "t5_2qhfi", "body": "You are right. It's more of a correction for bias. You can imagine X bar is the sum of all n observations divided by n. So you are essentially subtracting 1/nth of an observation in every part of the sum. Over n observations, one of them is gone.\n\nMathematically, you can see that the sample variance is not an unbiased estimator for the population variance", "edited": false, "downs": 0, "author_flair_css_class": null, "is_submitter": false, "collapsed": false, "author_flair_richtext": [], "author_patreon_flair": false, "body_html": "<div class=\"md\"><p>You are right. It&#39;s more of a correction for bias. You can imagine X bar is the sum of all n observations divided by n. So you are essentially subtracting 1/nth of an observation in every part of the sum. Over n observations, one of them is gone.</p>\n\n<p>Mathematically, you can see that the sample variance is not an unbiased estimator for the population variance</p>\n</div>", "gildings": {}, "collapsed_reason": null, "associated_award": null, "stickied": false, "author_premium": false, "subreddit_type": "public", "can_gild": true, "subreddit": "statistics", "author_flair_text_color": null, "score_hidden": false, "permalink": "/r/statistics/comments/3ti2vq/why_does_population_variance_use_1n_while_sample/cx6c02s/", "num_reports": null, "locked": false, "name": "t1_cx6c02s", "created": 1448006877.0, "author_flair_text": null, "treatment_tags": [], "created_utc": 1447978077.0, "subreddit_name_prefixed": "r/statistics", "controversiality": 0, "depth": 0, "author_flair_background_color": null, "collapsed_because_crowd_control": null, "mod_reports": [], "mod_note": null, "distinguished": null, "_fetched": true}, {"_replies": [], "_submission": "3ti2vq", "_reddit": "_reddit", "total_awards_received": 0, "approved_at_utc": null, "ups": 5, "awarders": [], "mod_reason_by": null, "banned_by": null, "author_flair_type": "text", "removal_reason": null, "link_id": "t3_3ti2vq", "author_flair_template_id": null, "likes": null, "user_reports": [], "saved": false, "id": "cx6ewds", "banned_at_utc": null, "mod_reason_title": null, "gilded": 0, "archived": true, "no_follow": true, "author": "Thallior", "can_mod_post": false, "send_replies": true, "parent_id": "t3_3ti2vq", "score": 5, "author_fullname": "t2_ffnsh", "report_reasons": null, "approved_by": null, "all_awardings": [], "subreddit_id": "t5_2qhfi", "body": "[Here](http://www.santiagobarreda.com/stats/samplevar/samplevar.html) is an article that circulated reddit a while back. You have some great explanations in this thread, and this article goes into the math, extending what /u/Corruptionss said, just in case you're interested.", "edited": false, "downs": 0, "author_flair_css_class": null, "is_submitter": false, "collapsed": false, "author_flair_richtext": [], "author_patreon_flair": false, "body_html": "<div class=\"md\"><p><a href=\"http://www.santiagobarreda.com/stats/samplevar/samplevar.html\">Here</a> is an article that circulated reddit a while back. You have some great explanations in this thread, and this article goes into the math, extending what <a href=\"/u/Corruptionss\">/u/Corruptionss</a> said, just in case you&#39;re interested.</p>\n</div>", "gildings": {}, "collapsed_reason": null, "associated_award": null, "stickied": false, "author_premium": false, "subreddit_type": "public", "can_gild": true, "subreddit": "statistics", "author_flair_text_color": null, "score_hidden": false, "permalink": "/r/statistics/comments/3ti2vq/why_does_population_variance_use_1n_while_sample/cx6ewds/", "num_reports": null, "locked": false, "name": "t1_cx6ewds", "created": 1448011997.0, "author_flair_text": null, "treatment_tags": [], "created_utc": 1447983197.0, "subreddit_name_prefixed": "r/statistics", "controversiality": 0, "depth": 0, "author_flair_background_color": null, "collapsed_because_crowd_control": null, "mod_reports": [], "mod_note": null, "distinguished": null, "_fetched": true}, {"_replies": ["cx6hkxy"], "_submission": "3ti2vq", "_reddit": "_reddit", "total_awards_received": 0, "approved_at_utc": null, "ups": 4, "awarders": [], "mod_reason_by": null, "banned_by": null, "author_flair_type": "text", "removal_reason": null, "link_id": "t3_3ti2vq", "author_flair_template_id": null, "likes": null, "user_reports": [], "saved": false, "id": "cx6hjg3", "banned_at_utc": null, "mod_reason_title": null, "gilded": 0, "archived": true, "no_follow": true, "author": "efavdb", "can_mod_post": false, "send_replies": true, "parent_id": "t3_3ti2vq", "score": 4, "author_fullname": "t2_j9hps", "report_reasons": null, "approved_by": null, "all_awardings": [], "subreddit_id": "t5_2qhfi", "body": "If you're comfortable with multivariate integrals and linear algebra (rotations), it's easy to see why this is true for Guassian/Normal random variables:  The average variance estimate over N independent samples can in this case be written in terms of an N-1 dimensional Gaussian integral -- the last dimension relates to the sample mean.  Averaging over this N-1 dimensional vector, gives (N-1) sigma^2 since the directions are independent.    ", "edited": 1447989150.0, "downs": 0, "author_flair_css_class": null, "is_submitter": false, "collapsed": false, "author_flair_richtext": [], "author_patreon_flair": false, "body_html": "<div class=\"md\"><p>If you&#39;re comfortable with multivariate integrals and linear algebra (rotations), it&#39;s easy to see why this is true for Guassian/Normal random variables:  The average variance estimate over N independent samples can in this case be written in terms of an N-1 dimensional Gaussian integral -- the last dimension relates to the sample mean.  Averaging over this N-1 dimensional vector, gives (N-1) sigma<sup>2</sup> since the directions are independent.    </p>\n</div>", "gildings": {}, "collapsed_reason": null, "associated_award": null, "stickied": false, "author_premium": false, "subreddit_type": "public", "can_gild": true, "subreddit": "statistics", "author_flair_text_color": null, "score_hidden": false, "permalink": "/r/statistics/comments/3ti2vq/why_does_population_variance_use_1n_while_sample/cx6hjg3/", "num_reports": null, "locked": false, "name": "t1_cx6hjg3", "created": 1448016792.0, "author_flair_text": null, "treatment_tags": [], "created_utc": 1447987992.0, "subreddit_name_prefixed": "r/statistics", "controversiality": 0, "depth": 0, "author_flair_background_color": null, "collapsed_because_crowd_control": null, "mod_reports": [], "mod_note": null, "distinguished": null, "_fetched": true}, {"_replies": [], "_submission": "3ti2vq", "_reddit": "_reddit", "total_awards_received": 0, "approved_at_utc": null, "ups": 3, "awarders": [], "mod_reason_by": null, "banned_by": null, "author_flair_type": "text", "removal_reason": null, "link_id": "t3_3ti2vq", "author_flair_template_id": null, "likes": null, "user_reports": [], "saved": false, "id": "cx6i2gp", "banned_at_utc": null, "mod_reason_title": null, "gilded": 0, "archived": true, "no_follow": true, "author": "rottenborough", "can_mod_post": false, "send_replies": true, "parent_id": "t3_3ti2vq", "score": 3, "author_fullname": "t2_3pow0", "report_reasons": null, "approved_by": null, "all_awardings": [], "subreddit_id": "t5_2qhfi", "body": "A bit more math but skipping the main derivation:\n\nThe population variance is: sigma = 1/n sum((x_i - mu)^2)\n\nThe biased sample variance is: s' = 1/n sum((x_i - mean(x))^2 )\n\nIf you derive the expected difference of the two values, you end up reducing it to the variance for the sampling distribution of mean(x) (i.e. the squared error of all possible mean(x) from all possible samples), which is (sigma(x)^2 )/n. This basically gets back to the idea of \"double dipping\" since you're already estimating the mean.\n\nSo the real expected value for the biased s' is sigma^2 - (sigma^2 /n), which is (n-1)/n sigma^2 . So if you multiple s' by n/(n-1), it cancels out the unwanted bit. That's why you use swap out the n for n-1.", "edited": false, "downs": 0, "author_flair_css_class": null, "is_submitter": false, "collapsed": false, "author_flair_richtext": [], "author_patreon_flair": false, "body_html": "<div class=\"md\"><p>A bit more math but skipping the main derivation:</p>\n\n<p>The population variance is: sigma = 1/n sum((x_i - mu)<sup>2)</sup></p>\n\n<p>The biased sample variance is: s&#39; = 1/n sum((x_i - mean(x))<sup>2</sup> )</p>\n\n<p>If you derive the expected difference of the two values, you end up reducing it to the variance for the sampling distribution of mean(x) (i.e. the squared error of all possible mean(x) from all possible samples), which is (sigma(x)<sup>2</sup> )/n. This basically gets back to the idea of &quot;double dipping&quot; since you&#39;re already estimating the mean.</p>\n\n<p>So the real expected value for the biased s&#39; is sigma<sup>2</sup> - (sigma<sup>2</sup> /n), which is (n-1)/n sigma<sup>2</sup> . So if you multiple s&#39; by n/(n-1), it cancels out the unwanted bit. That&#39;s why you use swap out the n for n-1.</p>\n</div>", "gildings": {}, "collapsed_reason": null, "associated_award": null, "stickied": false, "author_premium": false, "subreddit_type": "public", "can_gild": true, "subreddit": "statistics", "author_flair_text_color": null, "score_hidden": false, "permalink": "/r/statistics/comments/3ti2vq/why_does_population_variance_use_1n_while_sample/cx6i2gp/", "num_reports": null, "locked": false, "name": "t1_cx6i2gp", "created": 1448017751.0, "author_flair_text": null, "treatment_tags": [], "created_utc": 1447988951.0, "subreddit_name_prefixed": "r/statistics", "controversiality": 0, "depth": 0, "author_flair_background_color": null, "collapsed_because_crowd_control": null, "mod_reports": [], "mod_note": null, "distinguished": null, "_fetched": true}, {"_replies": ["cx6ilfo", "cx6hx1v"], "_submission": "3ti2vq", "_reddit": "_reddit", "total_awards_received": 0, "approved_at_utc": null, "ups": 6, "awarders": [], "mod_reason_by": null, "banned_by": null, "author_flair_type": "text", "removal_reason": null, "link_id": "t3_3ti2vq", "author_flair_template_id": null, "likes": null, "user_reports": [], "saved": false, "id": "cx6f5vy", "banned_at_utc": null, "mod_reason_title": null, "gilded": 0, "archived": true, "no_follow": true, "author": "Lycur", "can_mod_post": false, "send_replies": true, "parent_id": "t3_3ti2vq", "score": 6, "author_fullname": "t2_396jh", "report_reasons": null, "approved_by": null, "all_awardings": [], "subreddit_id": "t5_2qhfi", "body": "The real answer is: there's no really good reason for this, it's simply convention.\n\nThe estimators \n\n* S = 1/n \\sum (X_i-\\bar{X})^2\n\n* S = 1/(n-1) \\sum (X_i-\\bar{X})^2\n\nare both consistent in the sense that they'll converge to the true value of the variance as you collect more and more data. The later one has the property that it's unbiased, meaning its expected value is equal to the variance. Despite its name, unbiasedness has no particular merit. Nevertheless, it's intuitively appealing and was historically very popular - this is the genesis of the convention. \n\nGenerally, deciding which of two estimators is better is a question of decision theory and the answer will depend on the particular choice of loss function. For estimating the variance of a normal distribution, both of the estimators above can be optimal depending on the choice of loss function and (for Bayesians) choice of prior. It's a weird curio that in the case of the squared error loss function and an improper non-informative prior (i.e. the classical frequentist setting) the correct answer is actually to divide by 1/n, not 1/(n-1).", "edited": false, "downs": 0, "author_flair_css_class": null, "is_submitter": false, "collapsed": false, "author_flair_richtext": [], "author_patreon_flair": false, "body_html": "<div class=\"md\"><p>The real answer is: there&#39;s no really good reason for this, it&#39;s simply convention.</p>\n\n<p>The estimators </p>\n\n<ul>\n<li><p>S = 1/n \\sum (X_i-\\bar{X})<sup>2</sup></p></li>\n<li><p>S = 1/(n-1) \\sum (X_i-\\bar{X})<sup>2</sup></p></li>\n</ul>\n\n<p>are both consistent in the sense that they&#39;ll converge to the true value of the variance as you collect more and more data. The later one has the property that it&#39;s unbiased, meaning its expected value is equal to the variance. Despite its name, unbiasedness has no particular merit. Nevertheless, it&#39;s intuitively appealing and was historically very popular - this is the genesis of the convention. </p>\n\n<p>Generally, deciding which of two estimators is better is a question of decision theory and the answer will depend on the particular choice of loss function. For estimating the variance of a normal distribution, both of the estimators above can be optimal depending on the choice of loss function and (for Bayesians) choice of prior. It&#39;s a weird curio that in the case of the squared error loss function and an improper non-informative prior (i.e. the classical frequentist setting) the correct answer is actually to divide by 1/n, not 1/(n-1).</p>\n</div>", "gildings": {}, "collapsed_reason": null, "associated_award": null, "stickied": false, "author_premium": false, "subreddit_type": "public", "can_gild": true, "subreddit": "statistics", "author_flair_text_color": null, "score_hidden": false, "permalink": "/r/statistics/comments/3ti2vq/why_does_population_variance_use_1n_while_sample/cx6f5vy/", "num_reports": null, "locked": false, "name": "t1_cx6f5vy", "created": 1448012472.0, "author_flair_text": null, "treatment_tags": [], "created_utc": 1447983672.0, "subreddit_name_prefixed": "r/statistics", "controversiality": 0, "depth": 0, "author_flair_background_color": null, "collapsed_because_crowd_control": null, "mod_reports": [], "mod_note": null, "distinguished": null, "_fetched": true}, {"_replies": [], "_submission": "3ti2vq", "_reddit": "_reddit", "total_awards_received": 0, "approved_at_utc": null, "ups": 2, "awarders": [], "mod_reason_by": null, "banned_by": null, "author_flair_type": "text", "removal_reason": null, "link_id": "t3_3ti2vq", "author_flair_template_id": null, "likes": null, "user_reports": [], "saved": false, "id": "cx6durc", "banned_at_utc": null, "mod_reason_title": null, "gilded": 0, "archived": true, "no_follow": true, "author": "Dpgg94", "can_mod_post": false, "send_replies": true, "parent_id": "t1_cx6d2gy", "score": 2, "author_fullname": "t2_80r25", "report_reasons": null, "approved_by": null, "all_awardings": [], "subreddit_id": "t5_2qhfi", "collapsed": false, "body": "I like this explanation. Thank you!", "edited": false, "author_flair_css_class": null, "is_submitter": true, "downs": 0, "author_flair_richtext": [], "author_patreon_flair": false, "body_html": "<div class=\"md\"><p>I like this explanation. Thank you!</p>\n</div>", "gildings": {}, "collapsed_reason": null, "associated_award": null, "stickied": false, "author_premium": false, "subreddit_type": "public", "can_gild": true, "subreddit": "statistics", "author_flair_text_color": null, "score_hidden": false, "permalink": "/r/statistics/comments/3ti2vq/why_does_population_variance_use_1n_while_sample/cx6durc/", "num_reports": null, "locked": false, "name": "t1_cx6durc", "created": 1448010150.0, "author_flair_text": null, "treatment_tags": [], "created_utc": 1447981350.0, "subreddit_name_prefixed": "r/statistics", "controversiality": 0, "depth": 1, "author_flair_background_color": null, "collapsed_because_crowd_control": null, "mod_reports": [], "mod_note": null, "distinguished": null, "_fetched": true}, {"_replies": [], "_submission": "3ti2vq", "_reddit": "_reddit", "total_awards_received": 0, "approved_at_utc": null, "ups": 1, "awarders": [], "mod_reason_by": null, "banned_by": null, "author_flair_type": "text", "removal_reason": null, "link_id": "t3_3ti2vq", "author_flair_template_id": null, "likes": null, "user_reports": [], "saved": false, "id": "cx6dm1z", "banned_at_utc": null, "mod_reason_title": null, "gilded": 0, "archived": true, "no_follow": true, "author": "Corruptionss", "can_mod_post": false, "send_replies": true, "parent_id": "t1_cx6d2gy", "score": 1, "author_fullname": "t2_cpfys", "report_reasons": null, "approved_by": null, "all_awardings": [], "subreddit_id": "t5_2qhfi", "collapsed": false, "body": "This is a good explanation ", "edited": false, "author_flair_css_class": null, "is_submitter": false, "downs": 0, "author_flair_richtext": [], "author_patreon_flair": false, "body_html": "<div class=\"md\"><p>This is a good explanation </p>\n</div>", "gildings": {}, "collapsed_reason": null, "associated_award": null, "stickied": false, "author_premium": false, "subreddit_type": "public", "can_gild": true, "subreddit": "statistics", "author_flair_text_color": null, "score_hidden": false, "permalink": "/r/statistics/comments/3ti2vq/why_does_population_variance_use_1n_while_sample/cx6dm1z/", "num_reports": null, "locked": false, "name": "t1_cx6dm1z", "created": 1448009721.0, "author_flair_text": null, "treatment_tags": [], "created_utc": 1447980921.0, "subreddit_name_prefixed": "r/statistics", "controversiality": 0, "depth": 1, "author_flair_background_color": null, "collapsed_because_crowd_control": null, "mod_reports": [], "mod_note": null, "distinguished": null, "_fetched": true}, {"_replies": [], "_submission": "3ti2vq", "_reddit": "_reddit", "total_awards_received": 0, "approved_at_utc": null, "ups": 1, "awarders": [], "mod_reason_by": null, "banned_by": null, "author_flair_type": "text", "removal_reason": null, "link_id": "t3_3ti2vq", "author_flair_template_id": null, "likes": null, "user_reports": [], "saved": false, "id": "cx6f9li", "banned_at_utc": null, "mod_reason_title": null, "gilded": 0, "archived": true, "no_follow": true, "author": "xBearJewx", "can_mod_post": false, "send_replies": true, "parent_id": "t1_cx6d2gy", "score": 1, "author_fullname": "t2_6ymav", "report_reasons": null, "approved_by": null, "all_awardings": [], "subreddit_id": "t5_2qhfi", "collapsed": false, "body": "That helps a lot. Thanks for sharing.", "edited": false, "author_flair_css_class": null, "is_submitter": false, "downs": 0, "author_flair_richtext": [], "author_patreon_flair": false, "body_html": "<div class=\"md\"><p>That helps a lot. Thanks for sharing.</p>\n</div>", "gildings": {}, "collapsed_reason": null, "associated_award": null, "stickied": false, "author_premium": false, "subreddit_type": "public", "can_gild": true, "subreddit": "statistics", "author_flair_text_color": null, "score_hidden": false, "permalink": "/r/statistics/comments/3ti2vq/why_does_population_variance_use_1n_while_sample/cx6f9li/", "num_reports": null, "locked": false, "name": "t1_cx6f9li", "created": 1448012660.0, "author_flair_text": null, "treatment_tags": [], "created_utc": 1447983860.0, "subreddit_name_prefixed": "r/statistics", "controversiality": 0, "depth": 1, "author_flair_background_color": null, "collapsed_because_crowd_control": null, "mod_reports": [], "mod_note": null, "distinguished": null, "_fetched": true}, {"_replies": ["cx6hsln"], "_submission": "3ti2vq", "_reddit": "_reddit", "total_awards_received": 0, "approved_at_utc": null, "ups": 1, "awarders": [], "mod_reason_by": null, "banned_by": null, "author_flair_type": "text", "removal_reason": null, "link_id": "t3_3ti2vq", "author_flair_template_id": null, "likes": null, "user_reports": [], "saved": false, "id": "cx6h9dz", "banned_at_utc": null, "mod_reason_title": null, "gilded": 0, "archived": true, "no_follow": true, "author": "Dpgg94", "can_mod_post": false, "send_replies": true, "parent_id": "t1_cx6d2gy", "score": 1, "author_fullname": "t2_80r25", "report_reasons": null, "approved_by": null, "all_awardings": [], "subreddit_id": "t5_2qhfi", "collapsed": false, "body": "I do have another question regarding the degrees of freedom for a t-test when using the sample standard deviation.\nhttp://imgur.com/cpd6zLT\nIn the formula, the standard error is s/square root n, but if it is the sample's S.D. we are using, shouldn't it be s/square root (n-1) to account for that degree of freedom?", "edited": false, "author_flair_css_class": null, "is_submitter": true, "downs": 0, "author_flair_richtext": [], "author_patreon_flair": false, "body_html": "<div class=\"md\"><p>I do have another question regarding the degrees of freedom for a t-test when using the sample standard deviation.\n<a href=\"http://imgur.com/cpd6zLT\">http://imgur.com/cpd6zLT</a>\nIn the formula, the standard error is s/square root n, but if it is the sample&#39;s S.D. we are using, shouldn&#39;t it be s/square root (n-1) to account for that degree of freedom?</p>\n</div>", "gildings": {}, "collapsed_reason": null, "associated_award": null, "stickied": false, "author_premium": false, "subreddit_type": "public", "can_gild": true, "subreddit": "statistics", "author_flair_text_color": null, "score_hidden": false, "permalink": "/r/statistics/comments/3ti2vq/why_does_population_variance_use_1n_while_sample/cx6h9dz/", "num_reports": null, "locked": false, "name": "t1_cx6h9dz", "created": 1448016290.0, "author_flair_text": null, "treatment_tags": [], "created_utc": 1447987490.0, "subreddit_name_prefixed": "r/statistics", "controversiality": 0, "depth": 1, "author_flair_background_color": null, "collapsed_because_crowd_control": null, "mod_reports": [], "mod_note": null, "distinguished": null, "_fetched": true}, {"_replies": ["cx6s8sq"], "_submission": "3ti2vq", "_reddit": "_reddit", "total_awards_received": 0, "approved_at_utc": null, "ups": 1, "awarders": [], "mod_reason_by": null, "banned_by": null, "author_flair_type": "text", "removal_reason": null, "link_id": "t3_3ti2vq", "author_flair_template_id": null, "likes": null, "user_reports": [], "saved": false, "id": "cx6khn0", "banned_at_utc": null, "mod_reason_title": null, "gilded": 0, "archived": true, "no_follow": true, "author": "hosea0220", "can_mod_post": false, "send_replies": true, "parent_id": "t1_cx6d2gy", "score": 1, "author_fullname": "t2_e6xbg", "report_reasons": null, "approved_by": null, "all_awardings": [], "subreddit_id": "t5_2qhfi", "collapsed": false, "body": "This was extremely clear! Thanks a lot, I'm preparing for an exam ", "edited": false, "author_flair_css_class": null, "is_submitter": false, "downs": 0, "author_flair_richtext": [], "author_patreon_flair": false, "body_html": "<div class=\"md\"><p>This was extremely clear! Thanks a lot, I&#39;m preparing for an exam </p>\n</div>", "gildings": {}, "collapsed_reason": null, "associated_award": null, "stickied": false, "author_premium": true, "subreddit_type": "public", "can_gild": true, "subreddit": "statistics", "author_flair_text_color": null, "score_hidden": false, "permalink": "/r/statistics/comments/3ti2vq/why_does_population_variance_use_1n_while_sample/cx6khn0/", "num_reports": null, "locked": false, "name": "t1_cx6khn0", "created": 1448022346.0, "author_flair_text": null, "treatment_tags": [], "created_utc": 1447993546.0, "subreddit_name_prefixed": "r/statistics", "controversiality": 0, "depth": 1, "author_flair_background_color": null, "collapsed_because_crowd_control": null, "mod_reports": [], "mod_note": null, "distinguished": null, "_fetched": true}, {"_replies": ["cx6mkln"], "_submission": "3ti2vq", "_reddit": "_reddit", "total_awards_received": 0, "approved_at_utc": null, "ups": 1, "awarders": [], "mod_reason_by": null, "banned_by": null, "author_flair_type": "text", "removal_reason": null, "link_id": "t3_3ti2vq", "author_flair_template_id": null, "likes": null, "user_reports": [], "saved": false, "id": "cx6duzb", "banned_at_utc": null, "mod_reason_title": null, "gilded": 0, "archived": true, "no_follow": true, "author": "Dpgg94", "can_mod_post": false, "send_replies": true, "parent_id": "t1_cx6c02s", "score": 1, "author_fullname": "t2_80r25", "report_reasons": null, "approved_by": null, "all_awardings": [], "subreddit_id": "t5_2qhfi", "collapsed": false, "body": "Thank you for explaining :)", "edited": false, "author_flair_css_class": null, "is_submitter": true, "downs": 0, "author_flair_richtext": [], "author_patreon_flair": false, "body_html": "<div class=\"md\"><p>Thank you for explaining :)</p>\n</div>", "gildings": {}, "collapsed_reason": null, "associated_award": null, "stickied": false, "author_premium": false, "subreddit_type": "public", "can_gild": true, "subreddit": "statistics", "author_flair_text_color": null, "score_hidden": false, "permalink": "/r/statistics/comments/3ti2vq/why_does_population_variance_use_1n_while_sample/cx6duzb/", "num_reports": null, "locked": false, "name": "t1_cx6duzb", "created": 1448010160.0, "author_flair_text": null, "treatment_tags": [], "created_utc": 1447981360.0, "subreddit_name_prefixed": "r/statistics", "controversiality": 0, "depth": 1, "author_flair_background_color": null, "collapsed_because_crowd_control": null, "mod_reports": [], "mod_note": null, "distinguished": null, "_fetched": true}, {"_replies": [], "_submission": "3ti2vq", "_reddit": "_reddit", "total_awards_received": 0, "approved_at_utc": null, "ups": 1, "awarders": [], "mod_reason_by": null, "banned_by": null, "author_flair_type": "text", "removal_reason": null, "link_id": "t3_3ti2vq", "author_flair_template_id": null, "likes": null, "user_reports": [], "saved": false, "id": "cx6hkxy", "banned_at_utc": null, "mod_reason_title": null, "gilded": 0, "archived": true, "no_follow": true, "author": "Dpgg94", "can_mod_post": false, "send_replies": true, "parent_id": "t1_cx6hjg3", "score": 1, "author_fullname": "t2_80r25", "report_reasons": null, "approved_by": null, "all_awardings": [], "subreddit_id": "t5_2qhfi", "collapsed": false, "body": "Oh i have yet to reach that level of mathematics XD i barely skimmed the surface of linear algebra and am already having enough problems with that hahaha", "edited": false, "author_flair_css_class": null, "is_submitter": true, "downs": 0, "author_flair_richtext": [], "author_patreon_flair": false, "body_html": "<div class=\"md\"><p>Oh i have yet to reach that level of mathematics XD i barely skimmed the surface of linear algebra and am already having enough problems with that hahaha</p>\n</div>", "gildings": {}, "collapsed_reason": null, "associated_award": null, "stickied": false, "author_premium": false, "subreddit_type": "public", "can_gild": true, "subreddit": "statistics", "author_flair_text_color": null, "score_hidden": false, "permalink": "/r/statistics/comments/3ti2vq/why_does_population_variance_use_1n_while_sample/cx6hkxy/", "num_reports": null, "locked": false, "name": "t1_cx6hkxy", "created": 1448016870.0, "author_flair_text": null, "treatment_tags": [], "created_utc": 1447988070.0, "subreddit_name_prefixed": "r/statistics", "controversiality": 0, "depth": 1, "author_flair_background_color": null, "collapsed_because_crowd_control": null, "mod_reports": [], "mod_note": null, "distinguished": null, "_fetched": true}, {"_replies": [], "_submission": "3ti2vq", "_reddit": "_reddit", "total_awards_received": 0, "approved_at_utc": null, "ups": 1, "awarders": [], "mod_reason_by": null, "banned_by": null, "author_flair_type": "text", "removal_reason": null, "link_id": "t3_3ti2vq", "author_flair_template_id": null, "likes": null, "user_reports": [], "saved": false, "id": "cx6hx1v", "banned_at_utc": null, "mod_reason_title": null, "gilded": 0, "archived": true, "no_follow": true, "author": "bobbyfiend", "can_mod_post": false, "send_replies": true, "parent_id": "t1_cx6f5vy", "score": 1, "author_fullname": "t2_36gej", "report_reasons": null, "approved_by": null, "all_awardings": [], "subreddit_id": "t5_2qhfi", "collapsed": false, "body": "This is really interesting. I'm going to look into it a bit further, with my very limited math skills. I have noticed that the textbooks I've taught from sometimes define the variance as divided by *n* instead of *n-1*. This is probably why.", "edited": false, "author_flair_css_class": null, "is_submitter": false, "downs": 0, "author_flair_richtext": [], "author_patreon_flair": false, "body_html": "<div class=\"md\"><p>This is really interesting. I&#39;m going to look into it a bit further, with my very limited math skills. I have noticed that the textbooks I&#39;ve taught from sometimes define the variance as divided by <em>n</em> instead of <em>n-1</em>. This is probably why.</p>\n</div>", "gildings": {}, "collapsed_reason": null, "associated_award": null, "stickied": false, "author_premium": false, "subreddit_type": "public", "can_gild": true, "subreddit": "statistics", "author_flair_text_color": null, "score_hidden": false, "permalink": "/r/statistics/comments/3ti2vq/why_does_population_variance_use_1n_while_sample/cx6hx1v/", "num_reports": null, "locked": false, "name": "t1_cx6hx1v", "created": 1448017479.0, "author_flair_text": null, "treatment_tags": [], "created_utc": 1447988679.0, "subreddit_name_prefixed": "r/statistics", "controversiality": 0, "depth": 1, "author_flair_background_color": null, "collapsed_because_crowd_control": null, "mod_reports": [], "mod_note": null, "distinguished": null, "_fetched": true}, {"_replies": [], "_submission": "3ti2vq", "_reddit": "_reddit", "total_awards_received": 0, "approved_at_utc": null, "ups": 7, "awarders": [], "mod_reason_by": null, "banned_by": null, "author_flair_type": "text", "removal_reason": null, "link_id": "t3_3ti2vq", "author_flair_template_id": null, "likes": null, "user_reports": [], "saved": false, "id": "cx6n70h", "banned_at_utc": null, "mod_reason_title": null, "gilded": 0, "archived": true, "no_follow": true, "author": "TheDefinition", "can_mod_post": false, "created_utc": 1447999811.0, "send_replies": true, "parent_id": "t1_cx6ki4q", "score": 7, "author_fullname": "t2_4r869", "report_reasons": null, "approved_by": null, "all_awardings": [], "subreddit_id": "t5_2qhfi", "body": "MLE is not unbiased, just asymptotically unbiased. \n", "edited": false, "author_flair_css_class": null, "is_submitter": false, "downs": 0, "author_flair_richtext": [], "author_patreon_flair": false, "body_html": "<div class=\"md\"><p>MLE is not unbiased, just asymptotically unbiased. </p>\n</div>", "gildings": {}, "collapsed_reason": null, "associated_award": null, "stickied": false, "author_premium": false, "subreddit_type": "public", "can_gild": true, "subreddit": "statistics", "author_flair_text_color": null, "score_hidden": false, "permalink": "/r/statistics/comments/3ti2vq/why_does_population_variance_use_1n_while_sample/cx6n70h/", "num_reports": null, "locked": false, "name": "t1_cx6n70h", "created": 1448028611.0, "author_flair_text": null, "treatment_tags": [], "collapsed": false, "subreddit_name_prefixed": "r/statistics", "controversiality": 0, "depth": 2, "author_flair_background_color": null, "collapsed_because_crowd_control": null, "mod_reports": [], "mod_note": null, "distinguished": null, "_fetched": true}, {"_replies": ["cx6jwvg"], "_submission": "3ti2vq", "_reddit": "_reddit", "total_awards_received": 0, "approved_at_utc": null, "ups": 3, "awarders": [], "mod_reason_by": null, "banned_by": null, "author_flair_type": "text", "removal_reason": null, "link_id": "t3_3ti2vq", "author_flair_template_id": null, "likes": null, "user_reports": [], "saved": false, "id": "cx6hsln", "banned_at_utc": null, "mod_reason_title": null, "gilded": 0, "archived": true, "no_follow": true, "author": "bobbyfiend", "can_mod_post": false, "created_utc": 1447988454.0, "send_replies": true, "parent_id": "t1_cx6h9dz", "score": 3, "author_fullname": "t2_36gej", "report_reasons": null, "approved_by": null, "all_awardings": [], "subreddit_id": "t5_2qhfi", "body": "My understanding is that the \"-1\" has already been accounted for in the \"n-1\" used to calculate *s* in the first place. Once that's done, then the standard error is unbiased when created by dividing by n. No need to do it again.", "edited": false, "author_flair_css_class": null, "is_submitter": false, "downs": 0, "author_flair_richtext": [], "author_patreon_flair": false, "body_html": "<div class=\"md\"><p>My understanding is that the &quot;-1&quot; has already been accounted for in the &quot;n-1&quot; used to calculate <em>s</em> in the first place. Once that&#39;s done, then the standard error is unbiased when created by dividing by n. No need to do it again.</p>\n</div>", "gildings": {}, "collapsed_reason": null, "associated_award": null, "stickied": false, "author_premium": false, "subreddit_type": "public", "can_gild": true, "subreddit": "statistics", "author_flair_text_color": null, "score_hidden": false, "permalink": "/r/statistics/comments/3ti2vq/why_does_population_variance_use_1n_while_sample/cx6hsln/", "num_reports": null, "locked": false, "name": "t1_cx6hsln", "created": 1448017254.0, "author_flair_text": null, "treatment_tags": [], "collapsed": false, "subreddit_name_prefixed": "r/statistics", "controversiality": 0, "depth": 2, "author_flair_background_color": null, "collapsed_because_crowd_control": null, "mod_reports": [], "mod_note": null, "distinguished": null, "_fetched": true}, {"_replies": [], "_submission": "3ti2vq", "_reddit": "_reddit", "total_awards_received": 0, "approved_at_utc": null, "ups": 1, "awarders": [], "mod_reason_by": null, "banned_by": null, "author_flair_type": "text", "removal_reason": null, "link_id": "t3_3ti2vq", "author_flair_template_id": null, "likes": null, "user_reports": [], "saved": false, "id": "cx6s8sq", "banned_at_utc": null, "mod_reason_title": null, "gilded": 0, "archived": true, "no_follow": true, "author": "bobbyfiend", "can_mod_post": false, "created_utc": 1448018451.0, "send_replies": true, "parent_id": "t1_cx6khn0", "score": 1, "author_fullname": "t2_36gej", "report_reasons": null, "approved_by": null, "all_awardings": [], "subreddit_id": "t5_2qhfi", "body": "Glad my limited perspective could be of some help!", "edited": false, "author_flair_css_class": null, "is_submitter": false, "downs": 0, "author_flair_richtext": [], "author_patreon_flair": false, "body_html": "<div class=\"md\"><p>Glad my limited perspective could be of some help!</p>\n</div>", "gildings": {}, "collapsed_reason": null, "associated_award": null, "stickied": false, "author_premium": false, "subreddit_type": "public", "can_gild": true, "subreddit": "statistics", "author_flair_text_color": null, "score_hidden": false, "permalink": "/r/statistics/comments/3ti2vq/why_does_population_variance_use_1n_while_sample/cx6s8sq/", "num_reports": null, "locked": false, "name": "t1_cx6s8sq", "created": 1448047251.0, "author_flair_text": null, "treatment_tags": [], "collapsed": false, "subreddit_name_prefixed": "r/statistics", "controversiality": 0, "depth": 2, "author_flair_background_color": null, "collapsed_because_crowd_control": null, "mod_reports": [], "mod_note": null, "distinguished": null, "_fetched": true}, {"_replies": [], "_submission": "3ti2vq", "_reddit": "_reddit", "total_awards_received": 0, "approved_at_utc": null, "ups": 1, "awarders": [], "mod_reason_by": null, "banned_by": null, "author_flair_type": "text", "removal_reason": null, "link_id": "t3_3ti2vq", "author_flair_template_id": null, "likes": null, "user_reports": [], "saved": false, "id": "cx6mkln", "banned_at_utc": null, "mod_reason_title": null, "gilded": 0, "archived": true, "no_follow": true, "author": "Namemedickles", "can_mod_post": false, "created_utc": 1447998223.0, "send_replies": true, "parent_id": "t1_cx6duzb", "score": 1, "author_fullname": "t2_gg0bu", "report_reasons": null, "approved_by": null, "all_awardings": [], "subreddit_id": "t5_2qhfi", "body": "You can demonstrate this using simulations in R or Matlab(or a number of other stat programming languages or programs) pretty easily. Try doing it without the bias correction and then with it. Even with large sample sizes you underestimate the true value every time without the correction. ", "edited": false, "author_flair_css_class": null, "is_submitter": false, "downs": 0, "author_flair_richtext": [], "author_patreon_flair": false, "body_html": "<div class=\"md\"><p>You can demonstrate this using simulations in R or Matlab(or a number of other stat programming languages or programs) pretty easily. Try doing it without the bias correction and then with it. Even with large sample sizes you underestimate the true value every time without the correction. </p>\n</div>", "gildings": {}, "collapsed_reason": null, "associated_award": null, "stickied": false, "author_premium": false, "subreddit_type": "public", "can_gild": true, "subreddit": "statistics", "author_flair_text_color": null, "score_hidden": false, "permalink": "/r/statistics/comments/3ti2vq/why_does_population_variance_use_1n_while_sample/cx6mkln/", "num_reports": null, "locked": false, "name": "t1_cx6mkln", "created": 1448027023.0, "author_flair_text": null, "treatment_tags": [], "collapsed": false, "subreddit_name_prefixed": "r/statistics", "controversiality": 0, "depth": 2, "author_flair_background_color": null, "collapsed_because_crowd_control": null, "mod_reports": [], "mod_note": null, "distinguished": null, "_fetched": true}, {"_replies": ["cx6meb0"], "_submission": "3ti2vq", "_reddit": "_reddit", "total_awards_received": 0, "approved_at_utc": null, "ups": 3, "awarders": [], "mod_reason_by": null, "banned_by": null, "author_flair_type": "text", "removal_reason": null, "link_id": "t3_3ti2vq", "author_flair_template_id": null, "likes": null, "user_reports": [], "saved": false, "id": "cx6m2bc", "banned_at_utc": null, "mod_reason_title": null, "gilded": 0, "archived": true, "no_follow": true, "author": "Lycur", "can_mod_post": false, "created_utc": 1447996985.0, "send_replies": true, "parent_id": "t1_cx6ilfo", "score": 3, "author_fullname": "t2_396jh", "report_reasons": null, "approved_by": null, "all_awardings": [], "subreddit_id": "t5_2qhfi", "body": ">All else equal\n\nWell yes, but the point is that all else isn't equal. You do worse on squared error loss by insisting on unbiased estimators. ", "edited": false, "author_flair_css_class": null, "is_submitter": false, "downs": 0, "author_flair_richtext": [], "author_patreon_flair": false, "body_html": "<div class=\"md\"><blockquote>\n<p>All else equal</p>\n</blockquote>\n\n<p>Well yes, but the point is that all else isn&#39;t equal. You do worse on squared error loss by insisting on unbiased estimators. </p>\n</div>", "gildings": {}, "collapsed_reason": null, "associated_award": null, "stickied": false, "author_premium": false, "subreddit_type": "public", "can_gild": true, "subreddit": "statistics", "author_flair_text_color": null, "score_hidden": false, "permalink": "/r/statistics/comments/3ti2vq/why_does_population_variance_use_1n_while_sample/cx6m2bc/", "num_reports": null, "locked": false, "name": "t1_cx6m2bc", "created": 1448025785.0, "author_flair_text": null, "treatment_tags": [], "collapsed": false, "subreddit_name_prefixed": "r/statistics", "controversiality": 0, "depth": 2, "author_flair_background_color": null, "collapsed_because_crowd_control": null, "mod_reports": [], "mod_note": null, "distinguished": null, "_fetched": true}, {"_replies": [], "_submission": "3ti2vq", "_reddit": "_reddit", "total_awards_received": 0, "approved_at_utc": null, "ups": 1, "awarders": [], "mod_reason_by": null, "banned_by": null, "author_flair_type": "text", "removal_reason": null, "link_id": "t3_3ti2vq", "author_flair_template_id": null, "likes": null, "user_reports": [], "saved": false, "id": "cx6jwvg", "banned_at_utc": null, "mod_reason_title": null, "gilded": 0, "archived": true, "no_follow": true, "author": "Dpgg94", "can_mod_post": false, "send_replies": true, "parent_id": "t1_cx6hsln", "score": 1, "author_fullname": "t2_80r25", "report_reasons": null, "approved_by": null, "all_awardings": [], "subreddit_id": "t5_2qhfi", "body": "alright! thanks!", "edited": false, "downs": 0, "author_flair_css_class": null, "is_submitter": true, "collapsed": false, "author_flair_richtext": [], "author_patreon_flair": false, "body_html": "<div class=\"md\"><p>alright! thanks!</p>\n</div>", "gildings": {}, "collapsed_reason": null, "associated_award": null, "stickied": false, "author_premium": false, "subreddit_type": "public", "can_gild": true, "subreddit": "statistics", "author_flair_text_color": null, "score_hidden": false, "permalink": "/r/statistics/comments/3ti2vq/why_does_population_variance_use_1n_while_sample/cx6jwvg/", "num_reports": null, "locked": false, "name": "t1_cx6jwvg", "created": 1448021234.0, "author_flair_text": null, "treatment_tags": [], "created_utc": 1447992434.0, "subreddit_name_prefixed": "r/statistics", "controversiality": 0, "depth": 3, "author_flair_background_color": null, "collapsed_because_crowd_control": null, "mod_reports": [], "mod_note": null, "distinguished": null, "_fetched": true}, {"_replies": [], "_submission": "3ti2vq", "_reddit": "_reddit", "total_awards_received": 0, "approved_at_utc": null, "ups": 5, "awarders": [], "mod_reason_by": null, "banned_by": null, "author_flair_type": "text", "removal_reason": null, "link_id": "t3_3ti2vq", "author_flair_template_id": null, "likes": null, "user_reports": [], "saved": false, "id": "cx6mh8z", "banned_at_utc": null, "mod_reason_title": null, "gilded": 0, "archived": true, "no_follow": true, "author": "Lycur", "can_mod_post": false, "send_replies": true, "parent_id": "t1_cx6meb0", "score": 5, "author_fullname": "t2_396jh", "report_reasons": null, "approved_by": null, "all_awardings": [], "subreddit_id": "t5_2qhfi", "collapsed": false, "body": ">My point was that unbiased estimators aren't some random thing people just made up for no reason\n\nThey correspond (sometimes) to a particular choice of loss function, which needs justification for its use. Classical frequentist analysis assumed squared error loss in general, in which case unbiased estimators are not the right thing.", "edited": false, "author_flair_css_class": null, "is_submitter": false, "downs": 0, "author_flair_richtext": [], "author_patreon_flair": false, "body_html": "<div class=\"md\"><blockquote>\n<p>My point was that unbiased estimators aren&#39;t some random thing people just made up for no reason</p>\n</blockquote>\n\n<p>They correspond (sometimes) to a particular choice of loss function, which needs justification for its use. Classical frequentist analysis assumed squared error loss in general, in which case unbiased estimators are not the right thing.</p>\n</div>", "gildings": {}, "collapsed_reason": null, "associated_award": null, "stickied": false, "author_premium": false, "subreddit_type": "public", "can_gild": true, "subreddit": "statistics", "author_flair_text_color": null, "score_hidden": false, "permalink": "/r/statistics/comments/3ti2vq/why_does_population_variance_use_1n_while_sample/cx6mh8z/", "num_reports": null, "locked": false, "name": "t1_cx6mh8z", "created": 1448026793.0, "author_flair_text": null, "treatment_tags": [], "created_utc": 1447997993.0, "subreddit_name_prefixed": "r/statistics", "controversiality": 0, "depth": 4, "author_flair_background_color": null, "collapsed_because_crowd_control": null, "mod_reports": [], "mod_note": null, "distinguished": null, "_fetched": true}, {"_replies": [], "_submission": "3ti2vq", "_reddit": "_reddit", "total_awards_received": 0, "approved_at_utc": null, "ups": 2, "awarders": [], "mod_reason_by": null, "banned_by": null, "author_flair_type": "text", "removal_reason": null, "link_id": "t3_3ti2vq", "author_flair_template_id": null, "likes": null, "user_reports": [], "saved": false, "id": "cx77ptm", "banned_at_utc": null, "mod_reason_title": null, "gilded": 0, "archived": true, "no_follow": true, "author": "Coffee2theorems", "can_mod_post": false, "send_replies": true, "parent_id": "t1_cx6meb0", "score": 2, "author_fullname": "t2_36pja", "report_reasons": null, "approved_by": null, "all_awardings": [], "subreddit_id": "t5_2qhfi", "collapsed": false, "body": "> They do have \"particular merit\".\n\nLycur is actually right, you know. Decision theory is a more principled way of quantifying \"merit\". You explicitly model the loss given an outcome, and then minimize the expected loss (merit = negative expected loss). With unbiasedness, it's rarely made explicit *why* you'd want such a thing, or what is lost (if anything) if bias is introduced. Explicit is better than implicit, if only because it invites more scrutiny and discussion. There are plenty of silly people who think unbiased estimators are nice because they're \"the most fair\" estimators and that bias is \"wrong\", whatever that means. Even you just hand-wave about merit instead of actually stating what it is. Maybe using unbiased estimators makes it more likely that you find a pot of gold at the end of the rainbow, or they give you the warm and fuzzies in general? Unless the merit is made explicit, it might as well be just that.\n\n> My point was that unbiased estimators aren't some random thing people just made up for no reason, they're useful.\n\nAgain, you claim that they are useful without stating *why*. Statistics isn't a religion based on unjustified dogma. There needs to be more concrete merits for a particular practice than what basically amounts to warm fuzzies.\n\nOne concrete advantage of unbiasedness: you can average estimators safely to get a new estimator with (hopefully) lower variance. This is often very convenient and makes unbiased estimators good reusable components in more complicated algorithms - they are pretty much drop-in replacements for E[X], which follows all kinds of nice life-simplifying laws like E[aX+bY] = aE[X]+bE[Y] and E[E[X|Y]] = E[X]. The resulting full algorithm may be suboptimal, but then again one often gladly trades away optimality for simplicity. Kind of like how normality assumptions make life simpler.", "edited": false, "author_flair_css_class": null, "is_submitter": false, "downs": 0, "author_flair_richtext": [], "author_patreon_flair": false, "body_html": "<div class=\"md\"><blockquote>\n<p>They do have &quot;particular merit&quot;.</p>\n</blockquote>\n\n<p>Lycur is actually right, you know. Decision theory is a more principled way of quantifying &quot;merit&quot;. You explicitly model the loss given an outcome, and then minimize the expected loss (merit = negative expected loss). With unbiasedness, it&#39;s rarely made explicit <em>why</em> you&#39;d want such a thing, or what is lost (if anything) if bias is introduced. Explicit is better than implicit, if only because it invites more scrutiny and discussion. There are plenty of silly people who think unbiased estimators are nice because they&#39;re &quot;the most fair&quot; estimators and that bias is &quot;wrong&quot;, whatever that means. Even you just hand-wave about merit instead of actually stating what it is. Maybe using unbiased estimators makes it more likely that you find a pot of gold at the end of the rainbow, or they give you the warm and fuzzies in general? Unless the merit is made explicit, it might as well be just that.</p>\n\n<blockquote>\n<p>My point was that unbiased estimators aren&#39;t some random thing people just made up for no reason, they&#39;re useful.</p>\n</blockquote>\n\n<p>Again, you claim that they are useful without stating <em>why</em>. Statistics isn&#39;t a religion based on unjustified dogma. There needs to be more concrete merits for a particular practice than what basically amounts to warm fuzzies.</p>\n\n<p>One concrete advantage of unbiasedness: you can average estimators safely to get a new estimator with (hopefully) lower variance. This is often very convenient and makes unbiased estimators good reusable components in more complicated algorithms - they are pretty much drop-in replacements for E[X], which follows all kinds of nice life-simplifying laws like E[aX+bY] = aE[X]+bE[Y] and E[E[X|Y]] = E[X]. The resulting full algorithm may be suboptimal, but then again one often gladly trades away optimality for simplicity. Kind of like how normality assumptions make life simpler.</p>\n</div>", "gildings": {}, "collapsed_reason": null, "associated_award": null, "stickied": false, "author_premium": false, "subreddit_type": "public", "can_gild": true, "subreddit": "statistics", "author_flair_text_color": null, "score_hidden": false, "permalink": "/r/statistics/comments/3ti2vq/why_does_population_variance_use_1n_while_sample/cx77ptm/", "num_reports": null, "locked": false, "name": "t1_cx77ptm", "created": 1448076877.0, "author_flair_text": null, "treatment_tags": [], "created_utc": 1448048077.0, "subreddit_name_prefixed": "r/statistics", "controversiality": 0, "depth": 4, "author_flair_background_color": null, "collapsed_because_crowd_control": null, "mod_reports": [], "mod_note": null, "distinguished": null, "_fetched": true}]}