{"_reddit": "_reddit", "approved_at_utc": null, "subreddit": "statistics", "selftext": "", "author_fullname": "t2_dzyye", "saved": false, "mod_reason_title": null, "gilded": 0, "clicked": false, "title": "Dataset: Every reddit comment. A terabyte of text.", "link_flair_richtext": [], "subreddit_name_prefixed": "r/statistics", "hidden": false, "pwls": 6, "link_flair_css_class": null, "downs": 0, "hide_score": false, "name": "t3_3cwque", "quarantine": false, "link_flair_text_color": "dark", "upvote_ratio": 0.98, "author_flair_background_color": null, "subreddit_type": "public", "ups": 54, "total_awards_received": 0, "media_embed": {}, "author_flair_template_id": null, "is_original_content": false, "user_reports": [], "secure_media": null, "is_reddit_media_domain": false, "is_meta": false, "category": null, "secure_media_embed": {}, "link_flair_text": null, "can_mod_post": false, "score": 54, "approved_by": null, "author_premium": false, "thumbnail": "", "edited": false, "author_flair_css_class": null, "author_flair_richtext": [], "gildings": {}, "content_categories": null, "is_self": false, "mod_note": null, "created": 1436648804.0, "link_flair_type": "text", "wls": 6, "removed_by_category": null, "banned_by": null, "author_flair_type": "text", "domain": "reddit.com", "allow_live_comments": false, "selftext_html": null, "likes": null, "suggested_sort": null, "banned_at_utc": null, "view_count": null, "archived": true, "no_follow": false, "is_crosspostable": true, "pinned": false, "over_18": false, "all_awardings": [], "awarders": [], "media_only": false, "can_gild": true, "spoiler": false, "locked": false, "author_flair_text": null, "treatment_tags": [], "visited": false, "removed_by": null, "num_reports": null, "distinguished": null, "subreddit_id": "t5_2qhfi", "mod_reason_by": null, "removal_reason": null, "link_flair_background_color": "", "id": "3cwque", "is_robot_indexable": true, "report_reasons": null, "author": "avinassh", "discussion_type": null, "num_comments": 7, "send_replies": true, "whitelist_status": "all_ads", "contest_mode": false, "mod_reports": [], "author_patreon_flair": false, "author_flair_text_color": null, "permalink": "/r/statistics/comments/3cwque/dataset_every_reddit_comment_a_terabyte_of_text/", "parent_whitelist_status": "all_ads", "stickied": false, "url": "https://www.reddit.com/r/datasets/comments/3bxlg7/i_have_every_publicly_available_reddit_comment/", "subreddit_subscribers": 106209, "created_utc": 1436620004.0, "num_crossposts": 0, "media": null, "is_video": false, "_fetched": false, "comment_limit": 2048, "comment_sort": "best", "_comments_by_id": {}, "_comments": [{"_replies": ["ct09pd6", "ct08q1i", "ct01lsn"], "_submission": "3cwque", "_reddit": "_reddit", "total_awards_received": 0, "approved_at_utc": null, "ups": 3, "awarders": [], "mod_reason_by": null, "banned_by": null, "author_flair_type": "text", "removal_reason": null, "link_id": "t3_3cwque", "author_flair_template_id": null, "likes": null, "user_reports": [], "saved": false, "id": "cszsoqb", "banned_at_utc": null, "mod_reason_title": null, "gilded": 0, "archived": true, "no_follow": true, "author": "upreal", "can_mod_post": false, "send_replies": true, "parent_id": "t3_3cwque", "score": 3, "author_fullname": "t2_6gpn9", "report_reasons": null, "approved_by": null, "all_awardings": [], "subreddit_id": "t5_2qhfi", "body": "BURN IT BEFORE IT'S TOO LATE\n\nj/k. sounds cool. what sort of use do you see for this?", "edited": false, "downs": 0, "author_flair_css_class": null, "is_submitter": false, "collapsed": false, "author_flair_richtext": [], "author_patreon_flair": false, "body_html": "<div class=\"md\"><p>BURN IT BEFORE IT&#39;S TOO LATE</p>\n\n<p>j/k. sounds cool. what sort of use do you see for this?</p>\n</div>", "gildings": {}, "collapsed_reason": null, "associated_award": null, "stickied": false, "author_premium": false, "subreddit_type": "public", "can_gild": true, "subreddit": "statistics", "author_flair_text_color": null, "score_hidden": false, "permalink": "/r/statistics/comments/3cwque/dataset_every_reddit_comment_a_terabyte_of_text/cszsoqb/", "num_reports": null, "locked": false, "name": "t1_cszsoqb", "created": 1436661065.0, "author_flair_text": null, "treatment_tags": [], "created_utc": 1436632265.0, "subreddit_name_prefixed": "r/statistics", "controversiality": 0, "depth": 0, "author_flair_background_color": null, "collapsed_because_crowd_control": null, "mod_reports": [], "mod_note": null, "distinguished": null, "_fetched": true}, {"_replies": ["ct0f8l9"], "_submission": "3cwque", "_reddit": "_reddit", "total_awards_received": 0, "approved_at_utc": null, "ups": 1, "awarders": [], "mod_reason_by": null, "banned_by": null, "author_flair_type": "text", "removal_reason": null, "link_id": "t3_3cwque", "author_flair_template_id": null, "likes": null, "user_reports": [], "saved": false, "id": "ct0etpb", "banned_at_utc": null, "mod_reason_title": null, "gilded": 0, "archived": true, "no_follow": true, "author": "shaggorama", "can_mod_post": false, "send_replies": true, "parent_id": "t3_3cwque", "score": 1, "author_fullname": "t2_3d829", "report_reasons": null, "approved_by": null, "all_awardings": [], "subreddit_id": "t5_2qhfi", "body": "/r/datasets ", "edited": false, "downs": 0, "author_flair_css_class": null, "is_submitter": false, "collapsed": false, "author_flair_richtext": [], "author_patreon_flair": false, "body_html": "<div class=\"md\"><p><a href=\"/r/datasets\">/r/datasets</a> </p>\n</div>", "gildings": {}, "collapsed_reason": null, "associated_award": null, "stickied": false, "author_premium": false, "subreddit_type": "public", "can_gild": true, "subreddit": "statistics", "author_flair_text_color": null, "score_hidden": false, "permalink": "/r/statistics/comments/3cwque/dataset_every_reddit_comment_a_terabyte_of_text/ct0etpb/", "num_reports": null, "locked": false, "name": "t1_ct0etpb", "created": 1436706595.0, "author_flair_text": null, "treatment_tags": [], "created_utc": 1436677795.0, "subreddit_name_prefixed": "r/statistics", "controversiality": 0, "depth": 0, "author_flair_background_color": null, "collapsed_because_crowd_control": null, "mod_reports": [], "mod_note": null, "distinguished": null, "_fetched": true}, {"_replies": [], "_submission": "3cwque", "_reddit": "_reddit", "total_awards_received": 0, "approved_at_utc": null, "ups": 10, "awarders": [], "mod_reason_by": null, "banned_by": null, "author_flair_type": "text", "removal_reason": null, "link_id": "t3_3cwque", "author_flair_template_id": null, "likes": null, "user_reports": [], "saved": false, "id": "ct09pd6", "banned_at_utc": null, "mod_reason_title": null, "gilded": 0, "archived": true, "no_follow": false, "author": "Utrolig", "can_mod_post": false, "send_replies": true, "parent_id": "t1_cszsoqb", "score": 10, "author_fullname": "t2_54hii", "report_reasons": null, "approved_by": null, "all_awardings": [], "subreddit_id": "t5_2qhfi", "collapsed": false, "body": "preservation and statistical analysis of dank memes", "edited": false, "author_flair_css_class": null, "is_submitter": false, "downs": 0, "author_flair_richtext": [], "author_patreon_flair": false, "body_html": "<div class=\"md\"><p>preservation and statistical analysis of dank memes</p>\n</div>", "gildings": {}, "collapsed_reason": null, "associated_award": null, "stickied": false, "author_premium": false, "subreddit_type": "public", "can_gild": true, "subreddit": "statistics", "author_flair_text_color": null, "score_hidden": false, "permalink": "/r/statistics/comments/3cwque/dataset_every_reddit_comment_a_terabyte_of_text/ct09pd6/", "num_reports": null, "locked": false, "name": "t1_ct09pd6", "created": 1436695546.0, "author_flair_text": null, "treatment_tags": [], "created_utc": 1436666746.0, "subreddit_name_prefixed": "r/statistics", "controversiality": 0, "depth": 1, "author_flair_background_color": null, "collapsed_because_crowd_control": null, "mod_reports": [], "mod_note": null, "distinguished": null, "_fetched": true}, {"_replies": [], "_submission": "3cwque", "_reddit": "_reddit", "total_awards_received": 0, "approved_at_utc": null, "ups": 3, "awarders": [], "mod_reason_by": null, "banned_by": null, "author_flair_type": "text", "removal_reason": null, "link_id": "t3_3cwque", "author_flair_template_id": null, "likes": null, "user_reports": [], "saved": false, "id": "ct08q1i", "banned_at_utc": null, "mod_reason_title": null, "gilded": 0, "archived": true, "no_follow": true, "author": "Iskandar11", "can_mod_post": false, "send_replies": true, "parent_id": "t1_cszsoqb", "score": 3, "author_fullname": "t2_77958", "report_reasons": null, "approved_by": null, "all_awardings": [], "subreddit_id": "t5_2qhfi", "collapsed": false, "body": "Someone could make a chatbot. Or make a program like Siri more entertaining. ", "edited": false, "author_flair_css_class": null, "is_submitter": false, "downs": 0, "author_flair_richtext": [], "author_patreon_flair": false, "body_html": "<div class=\"md\"><p>Someone could make a chatbot. Or make a program like Siri more entertaining. </p>\n</div>", "gildings": {}, "collapsed_reason": null, "associated_award": null, "stickied": false, "author_premium": false, "subreddit_type": "public", "can_gild": true, "subreddit": "statistics", "author_flair_text_color": null, "score_hidden": false, "permalink": "/r/statistics/comments/3cwque/dataset_every_reddit_comment_a_terabyte_of_text/ct08q1i/", "num_reports": null, "locked": false, "name": "t1_ct08q1i", "created": 1436693459.0, "author_flair_text": null, "treatment_tags": [], "created_utc": 1436664659.0, "subreddit_name_prefixed": "r/statistics", "controversiality": 0, "depth": 1, "author_flair_background_color": null, "collapsed_because_crowd_control": null, "mod_reports": [], "mod_note": null, "distinguished": null, "_fetched": true}, {"_replies": [], "_submission": "3cwque", "_reddit": "_reddit", "total_awards_received": 0, "approved_at_utc": null, "ups": 1, "awarders": [], "mod_reason_by": null, "banned_by": null, "author_flair_type": "text", "removal_reason": null, "link_id": "t3_3cwque", "author_flair_template_id": null, "likes": null, "user_reports": [], "saved": false, "id": "ct01lsn", "banned_at_utc": null, "mod_reason_title": null, "gilded": 0, "archived": true, "no_follow": true, "author": "Adamworks", "can_mod_post": false, "send_replies": true, "parent_id": "t1_cszsoqb", "score": 1, "author_fullname": "t2_97scs", "report_reasons": null, "approved_by": null, "all_awardings": [], "subreddit_id": "t5_2qhfi", "collapsed": false, "body": "Pretty good sampling frame for a reddit survey.", "edited": false, "author_flair_css_class": null, "is_submitter": false, "downs": 0, "author_flair_richtext": [], "author_patreon_flair": false, "body_html": "<div class=\"md\"><p>Pretty good sampling frame for a reddit survey.</p>\n</div>", "gildings": {}, "collapsed_reason": null, "associated_award": null, "stickied": false, "author_premium": false, "subreddit_type": "public", "can_gild": true, "subreddit": "statistics", "author_flair_text_color": null, "score_hidden": false, "permalink": "/r/statistics/comments/3cwque/dataset_every_reddit_comment_a_terabyte_of_text/ct01lsn/", "num_reports": null, "locked": false, "name": "t1_ct01lsn", "created": 1436678964.0, "author_flair_text": null, "treatment_tags": [], "created_utc": 1436650164.0, "subreddit_name_prefixed": "r/statistics", "controversiality": 0, "depth": 1, "author_flair_background_color": null, "collapsed_because_crowd_control": null, "mod_reports": [], "mod_note": null, "distinguished": null, "_fetched": true}, {"_replies": ["ct0lzbo"], "_submission": "3cwque", "_reddit": "_reddit", "total_awards_received": 0, "approved_at_utc": null, "ups": 1, "awarders": [], "mod_reason_by": null, "banned_by": null, "author_flair_type": "text", "removal_reason": null, "link_id": "t3_3cwque", "author_flair_template_id": null, "likes": null, "user_reports": [], "saved": false, "id": "ct0f8l9", "banned_at_utc": null, "mod_reason_title": null, "gilded": 0, "archived": true, "no_follow": true, "author": "Iskandar11", "can_mod_post": false, "send_replies": true, "parent_id": "t1_ct0etpb", "score": 1, "author_fullname": "t2_77958", "report_reasons": null, "approved_by": null, "all_awardings": [], "subreddit_id": "t5_2qhfi", "collapsed": false, "body": "Yea that's what it links to.", "edited": false, "author_flair_css_class": null, "is_submitter": false, "downs": 0, "author_flair_richtext": [], "author_patreon_flair": false, "body_html": "<div class=\"md\"><p>Yea that&#39;s what it links to.</p>\n</div>", "gildings": {}, "collapsed_reason": null, "associated_award": null, "stickied": false, "author_premium": false, "subreddit_type": "public", "can_gild": true, "subreddit": "statistics", "author_flair_text_color": null, "score_hidden": false, "permalink": "/r/statistics/comments/3cwque/dataset_every_reddit_comment_a_terabyte_of_text/ct0f8l9/", "num_reports": null, "locked": false, "name": "t1_ct0f8l9", "created": 1436707600.0, "author_flair_text": null, "treatment_tags": [], "created_utc": 1436678800.0, "subreddit_name_prefixed": "r/statistics", "controversiality": 0, "depth": 1, "author_flair_background_color": null, "collapsed_because_crowd_control": null, "mod_reports": [], "mod_note": null, "distinguished": null, "_fetched": true}, {"_replies": [], "_submission": "3cwque", "_reddit": "_reddit", "total_awards_received": 0, "approved_at_utc": null, "ups": 0, "awarders": [], "mod_reason_by": null, "banned_by": null, "author_flair_type": "text", "removal_reason": null, "link_id": "t3_3cwque", "author_flair_template_id": null, "likes": null, "user_reports": [], "saved": false, "id": "ct0lzbo", "banned_at_utc": null, "mod_reason_title": null, "gilded": 0, "archived": true, "no_follow": true, "author": "shaggorama", "can_mod_post": false, "created_utc": 1436704574.0, "send_replies": true, "parent_id": "t1_ct0f8l9", "score": 0, "author_fullname": "t2_3d829", "report_reasons": null, "approved_by": null, "all_awardings": [], "subreddit_id": "t5_2qhfi", "body": "We generally delete dataset posts and direct people to that sub. ", "edited": false, "author_flair_css_class": null, "is_submitter": false, "downs": 0, "author_flair_richtext": [], "author_patreon_flair": false, "body_html": "<div class=\"md\"><p>We generally delete dataset posts and direct people to that sub. </p>\n</div>", "gildings": {}, "collapsed_reason": null, "associated_award": null, "stickied": false, "author_premium": false, "subreddit_type": "public", "can_gild": true, "subreddit": "statistics", "author_flair_text_color": null, "score_hidden": false, "permalink": "/r/statistics/comments/3cwque/dataset_every_reddit_comment_a_terabyte_of_text/ct0lzbo/", "num_reports": null, "locked": false, "name": "t1_ct0lzbo", "created": 1436733374.0, "author_flair_text": null, "treatment_tags": [], "collapsed": false, "subreddit_name_prefixed": "r/statistics", "controversiality": 0, "depth": 2, "author_flair_background_color": null, "collapsed_because_crowd_control": null, "mod_reports": [], "mod_note": null, "distinguished": null, "_fetched": true}]}