{"_reddit": "_reddit", "approved_at_utc": null, "subreddit": "statistics", "selftext": "This study\n\nhttp://onlinelibrary.wiley.com/doi/10.1111/apt.13372/full\n\nwhich came out last week, reports that only 12 of 35 subjects were able to identify gluten flour in a blind challenge.  They conclude that \"only one-third\" of the subjects are actually sensitive to gluten.\n\nI did a Bayesian analysis of their data and find that the most likely conclusion is that _none_ of the subjects are specifically sensitive to gluten.\n\nMy write-up is here\n\nhttp://allendowney.blogspot.com/2015/09/bayesian-analysis-of-gluten-sensitivity.html\n\nAs always, your comments are welcome.", "author_fullname": "t2_4zfyx", "saved": false, "mod_reason_title": null, "gilded": 0, "clicked": false, "title": "My analysis of a new study suggests people diagnosed with gluten sensitivity are not specifically sensitive to gluten", "link_flair_richtext": [], "subreddit_name_prefixed": "r/statistics", "hidden": false, "pwls": 6, "link_flair_css_class": null, "downs": 0, "hide_score": false, "name": "t3_3j8ifc", "quarantine": false, "link_flair_text_color": "dark", "upvote_ratio": 0.91, "author_flair_background_color": null, "subreddit_type": "public", "ups": 47, "total_awards_received": 0, "media_embed": {}, "author_flair_template_id": null, "is_original_content": false, "user_reports": [], "secure_media": null, "is_reddit_media_domain": false, "is_meta": false, "category": null, "secure_media_embed": {}, "link_flair_text": null, "can_mod_post": false, "score": 47, "approved_by": null, "author_premium": false, "thumbnail": "", "edited": false, "author_flair_css_class": null, "author_flair_richtext": [], "gildings": {}, "content_categories": null, "is_self": true, "mod_note": null, "created": 1441153489.0, "link_flair_type": "text", "wls": 6, "removed_by_category": null, "banned_by": null, "author_flair_type": "text", "domain": "self.statistics", "allow_live_comments": false, "selftext_html": "<!-- SC_OFF --><div class=\"md\"><p>This study</p>\n\n<p><a href=\"http://onlinelibrary.wiley.com/doi/10.1111/apt.13372/full\">http://onlinelibrary.wiley.com/doi/10.1111/apt.13372/full</a></p>\n\n<p>which came out last week, reports that only 12 of 35 subjects were able to identify gluten flour in a blind challenge.  They conclude that &quot;only one-third&quot; of the subjects are actually sensitive to gluten.</p>\n\n<p>I did a Bayesian analysis of their data and find that the most likely conclusion is that <em>none</em> of the subjects are specifically sensitive to gluten.</p>\n\n<p>My write-up is here</p>\n\n<p><a href=\"http://allendowney.blogspot.com/2015/09/bayesian-analysis-of-gluten-sensitivity.html\">http://allendowney.blogspot.com/2015/09/bayesian-analysis-of-gluten-sensitivity.html</a></p>\n\n<p>As always, your comments are welcome.</p>\n</div><!-- SC_ON -->", "likes": null, "suggested_sort": null, "banned_at_utc": null, "view_count": null, "archived": true, "no_follow": false, "is_crosspostable": true, "pinned": false, "over_18": false, "all_awardings": [], "awarders": [], "media_only": false, "can_gild": true, "spoiler": false, "locked": false, "author_flair_text": null, "treatment_tags": [], "visited": false, "removed_by": null, "num_reports": null, "distinguished": null, "subreddit_id": "t5_2qhfi", "mod_reason_by": null, "removal_reason": null, "link_flair_background_color": "", "id": "3j8ifc", "is_robot_indexable": true, "report_reasons": null, "author": "AllenDowney", "discussion_type": null, "num_comments": 9, "send_replies": true, "whitelist_status": "all_ads", "contest_mode": false, "mod_reports": [], "author_patreon_flair": false, "author_flair_text_color": null, "permalink": "/r/statistics/comments/3j8ifc/my_analysis_of_a_new_study_suggests_people/", "parent_whitelist_status": "all_ads", "stickied": false, "url": "https://www.reddit.com/r/statistics/comments/3j8ifc/my_analysis_of_a_new_study_suggests_people/", "subreddit_subscribers": 106209, "created_utc": 1441124689.0, "num_crossposts": 0, "media": null, "is_video": false, "_fetched": false, "comment_limit": 2048, "comment_sort": "best", "_comments_by_id": {}, "_comments": [{"_replies": ["cung01p"], "_submission": "3j8ifc", "_reddit": "_reddit", "total_awards_received": 0, "approved_at_utc": null, "ups": 3, "awarders": [], "mod_reason_by": null, "banned_by": null, "author_flair_type": "text", "removal_reason": null, "link_id": "t3_3j8ifc", "author_flair_template_id": null, "likes": null, "user_reports": [], "saved": false, "id": "cundit9", "banned_at_utc": null, "mod_reason_title": null, "gilded": 0, "archived": true, "no_follow": true, "author": "PhaethonPrime", "can_mod_post": false, "send_replies": true, "parent_id": "t3_3j8ifc", "score": 3, "author_fullname": "t2_kej7e", "report_reasons": null, "approved_by": null, "all_awardings": [], "subreddit_id": "t5_2qhfi", "body": "The alternative is that going on a gluten free diet for the 3 months required (and whatever time before) somehow reduces sensitivity.\n\nAlso, with such a small group and the potential for placebo make this study hard to interpret. Your 0.4 is essentially a chance/placebo combination. I'm curious as to what setting of that value would the analysis favor the study's hypothesis? ", "edited": false, "downs": 0, "author_flair_css_class": null, "is_submitter": false, "collapsed": false, "author_flair_richtext": [], "author_patreon_flair": false, "body_html": "<div class=\"md\"><p>The alternative is that going on a gluten free diet for the 3 months required (and whatever time before) somehow reduces sensitivity.</p>\n\n<p>Also, with such a small group and the potential for placebo make this study hard to interpret. Your 0.4 is essentially a chance/placebo combination. I&#39;m curious as to what setting of that value would the analysis favor the study&#39;s hypothesis? </p>\n</div>", "gildings": {}, "collapsed_reason": null, "associated_award": null, "stickied": false, "author_premium": false, "subreddit_type": "public", "can_gild": true, "subreddit": "statistics", "author_flair_text_color": null, "score_hidden": false, "permalink": "/r/statistics/comments/3j8ifc/my_analysis_of_a_new_study_suggests_people/cundit9/", "num_reports": null, "locked": false, "name": "t1_cundit9", "created": 1441166697.0, "author_flair_text": null, "treatment_tags": [], "created_utc": 1441137897.0, "subreddit_name_prefixed": "r/statistics", "controversiality": 0, "depth": 0, "author_flair_background_color": null, "collapsed_because_crowd_control": null, "mod_reports": [], "mod_note": null, "distinguished": null, "_fetched": true}, {"_replies": ["cung4kc"], "_submission": "3j8ifc", "_reddit": "_reddit", "total_awards_received": 0, "approved_at_utc": null, "ups": 1, "awarders": [], "mod_reason_by": null, "banned_by": null, "author_flair_type": "text", "removal_reason": null, "link_id": "t3_3j8ifc", "author_flair_template_id": null, "likes": null, "user_reports": [], "saved": false, "id": "cuncwud", "banned_at_utc": null, "mod_reason_title": null, "gilded": 0, "archived": true, "no_follow": true, "author": "anonemouse2010", "can_mod_post": false, "send_replies": true, "parent_id": "t3_3j8ifc", "score": 1, "author_fullname": "t2_3sy4m", "report_reasons": null, "approved_by": null, "all_awardings": [], "subreddit_id": "t5_2qhfi", "body": "I would imagine that most are guessing but that some are in fact GS.  How would your analysis (particularly the posterior) change if you say choose the prior `[; \\pi (N) \\propto N-i+1 ;]`.\n\nAlso, I would choose a prior with higher mass on 1 or 2 people... presumably this would lead to 0 not being your MAP.  Thoughts?", "edited": false, "downs": 0, "author_flair_css_class": null, "is_submitter": false, "collapsed": false, "author_flair_richtext": [], "author_patreon_flair": false, "body_html": "<div class=\"md\"><p>I would imagine that most are guessing but that some are in fact GS.  How would your analysis (particularly the posterior) change if you say choose the prior <code>[; \\pi (N) \\propto N-i+1 ;]</code>.</p>\n\n<p>Also, I would choose a prior with higher mass on 1 or 2 people... presumably this would lead to 0 not being your MAP.  Thoughts?</p>\n</div>", "gildings": {}, "collapsed_reason": null, "associated_award": null, "stickied": false, "author_premium": false, "subreddit_type": "public", "can_gild": true, "subreddit": "statistics", "author_flair_text_color": null, "score_hidden": false, "permalink": "/r/statistics/comments/3j8ifc/my_analysis_of_a_new_study_suggests_people/cuncwud/", "num_reports": null, "locked": false, "name": "t1_cuncwud", "created": 1441165774.0, "author_flair_text": null, "treatment_tags": [], "created_utc": 1441136974.0, "subreddit_name_prefixed": "r/statistics", "controversiality": 0, "depth": 0, "author_flair_background_color": null, "collapsed_because_crowd_control": null, "mod_reports": [], "mod_note": null, "distinguished": null, "_fetched": true}, {"_replies": ["cuoih76"], "_submission": "3j8ifc", "_reddit": "_reddit", "total_awards_received": 0, "approved_at_utc": null, "ups": 1, "awarders": [], "mod_reason_by": null, "banned_by": null, "author_flair_type": "text", "removal_reason": null, "link_id": "t3_3j8ifc", "author_flair_template_id": null, "likes": null, "user_reports": [], "saved": false, "id": "cuob8pv", "banned_at_utc": null, "mod_reason_title": null, "gilded": 0, "archived": true, "no_follow": true, "author": "PhaethonPrime", "can_mod_post": false, "send_replies": true, "parent_id": "t3_3j8ifc", "score": 1, "author_fullname": "t2_kej7e", "report_reasons": null, "approved_by": null, "all_awardings": [], "subreddit_id": "t5_2qhfi", "body": "Your analysis got me to pull out pymc and try some ideas. I made a model conditioned on the two probabilities you describe, as well as on the number of actually gluten sensitive people in the study. I set the priors for the probabilities to be uniform over 0.5 for the probability of a sensitive person to have symptoms, and uniform below 0.5 for the probability of a non-sensitive person to experience symptoms.\n\nThe MCMC, while allowing a wide range of interactions between all three of those variables, settled on the following values:\n\n1. 11 gluten sensitive (GS) patients in the population\n2. GS patients have an expected probability of ID-ing gluten flower of 0.71\n3. Non-GS patients have an expected probability of ID-ing gluten flower of 0.21\n\nThe HPDs for the probabilities are almost the entire range of their uniform priors, and the HPD for the number of GS patients is 0 to 24. [Here is a link to the histograms of the variables](http://i.imgur.com/qSGt6nV.png).\n\nThis problem is a really great example of the impact of priors, and the necessity for examining different scenarios and hypotheses. For example, after seeing that a 95% GS identifying probability leads to the conclusion that there is very little chance that there are 12 actual sensitive patients we can open up the priors to allow for more flexibility and see what happens.\n\nIf you open them all the way (uniform 0 to 1), the model says that everyone has a 40% chance of ID-ing the gluten and that it has no preference on the number of GS patients. In other words, a mostly placebo model could explain everything. The Bayes factor for that analysis (compared to the case OP ran) is also 8.4. For the 0.7, 0.21 model, the Bayes Factor is about 4. \n\nNotice that OP and I have come to the same kind of conclusion through two different paths. OPs path took a hard line on the probabilities' priors and discovered that it's more reasonable to believe that no one has GS. I took the fully open prior path and discovered that it's reasonable to believe that GS and non-GS patients have equivalent sensitivities (after being gluten free for some span of time). Those two are indistinguishable, because they both claim that we can't be certain that there was anyone really, truly sensitive to gluten in the study. Fascinating!\n\nTo demonstrate that my model is the same as OPs, [here's a replication of the posterior distribution from the post](http://i.imgur.com/Sto5yJ4.png). Keep in mind that comes from a short MCMC, so it's not a nice as the analytical pmf that OP had. For those curious, and to get some new eyes since I am not perfect at this, here's the pymc model setup code:\n\n    placebo = pm.Uniform(\"placebo\",lower=0, upper=0.5, value=0.2)\n    recur = pm.Uniform(\"recur\",lower=0.5, upper=1.0, value=0.7)\n    num_sens = pm.DiscreteUniform(\"num_sens\",lower=0,upper=35, value=11)\n\n    data = (12, 23)\n\n    @pm.stochastic(dtype=tuple,observed=True,name=\"output\")\n    def getlike(value=data, recur=recur, placebo=placebo, num_sens=num_sens):\n        yes, no = data\n        N = yes + no\n        gs = num_sens\n        ngs = N-gs\n        t = 0\n        for i in xrange(yes+1):\n            j = yes - i\n            # pymc's binomial likelihood is fast, but it returns a log likelihood of the probability\n            t += np.exp(pymc.binomial_like(i, gs, recur) + pymc.binomial_like(j, ngs, placebo))\n        return np.log(t)", "edited": false, "downs": 0, "author_flair_css_class": null, "is_submitter": false, "collapsed": false, "author_flair_richtext": [], "author_patreon_flair": false, "body_html": "<div class=\"md\"><p>Your analysis got me to pull out pymc and try some ideas. I made a model conditioned on the two probabilities you describe, as well as on the number of actually gluten sensitive people in the study. I set the priors for the probabilities to be uniform over 0.5 for the probability of a sensitive person to have symptoms, and uniform below 0.5 for the probability of a non-sensitive person to experience symptoms.</p>\n\n<p>The MCMC, while allowing a wide range of interactions between all three of those variables, settled on the following values:</p>\n\n<ol>\n<li>11 gluten sensitive (GS) patients in the population</li>\n<li>GS patients have an expected probability of ID-ing gluten flower of 0.71</li>\n<li>Non-GS patients have an expected probability of ID-ing gluten flower of 0.21</li>\n</ol>\n\n<p>The HPDs for the probabilities are almost the entire range of their uniform priors, and the HPD for the number of GS patients is 0 to 24. <a href=\"http://i.imgur.com/qSGt6nV.png\">Here is a link to the histograms of the variables</a>.</p>\n\n<p>This problem is a really great example of the impact of priors, and the necessity for examining different scenarios and hypotheses. For example, after seeing that a 95% GS identifying probability leads to the conclusion that there is very little chance that there are 12 actual sensitive patients we can open up the priors to allow for more flexibility and see what happens.</p>\n\n<p>If you open them all the way (uniform 0 to 1), the model says that everyone has a 40% chance of ID-ing the gluten and that it has no preference on the number of GS patients. In other words, a mostly placebo model could explain everything. The Bayes factor for that analysis (compared to the case OP ran) is also 8.4. For the 0.7, 0.21 model, the Bayes Factor is about 4. </p>\n\n<p>Notice that OP and I have come to the same kind of conclusion through two different paths. OPs path took a hard line on the probabilities&#39; priors and discovered that it&#39;s more reasonable to believe that no one has GS. I took the fully open prior path and discovered that it&#39;s reasonable to believe that GS and non-GS patients have equivalent sensitivities (after being gluten free for some span of time). Those two are indistinguishable, because they both claim that we can&#39;t be certain that there was anyone really, truly sensitive to gluten in the study. Fascinating!</p>\n\n<p>To demonstrate that my model is the same as OPs, <a href=\"http://i.imgur.com/Sto5yJ4.png\">here&#39;s a replication of the posterior distribution from the post</a>. Keep in mind that comes from a short MCMC, so it&#39;s not a nice as the analytical pmf that OP had. For those curious, and to get some new eyes since I am not perfect at this, here&#39;s the pymc model setup code:</p>\n\n<pre><code>placebo = pm.Uniform(&quot;placebo&quot;,lower=0, upper=0.5, value=0.2)\nrecur = pm.Uniform(&quot;recur&quot;,lower=0.5, upper=1.0, value=0.7)\nnum_sens = pm.DiscreteUniform(&quot;num_sens&quot;,lower=0,upper=35, value=11)\n\ndata = (12, 23)\n\n@pm.stochastic(dtype=tuple,observed=True,name=&quot;output&quot;)\ndef getlike(value=data, recur=recur, placebo=placebo, num_sens=num_sens):\n    yes, no = data\n    N = yes + no\n    gs = num_sens\n    ngs = N-gs\n    t = 0\n    for i in xrange(yes+1):\n        j = yes - i\n        # pymc&#39;s binomial likelihood is fast, but it returns a log likelihood of the probability\n        t += np.exp(pymc.binomial_like(i, gs, recur) + pymc.binomial_like(j, ngs, placebo))\n    return np.log(t)\n</code></pre>\n</div>", "gildings": {}, "collapsed_reason": null, "associated_award": null, "stickied": false, "author_premium": false, "subreddit_type": "public", "can_gild": true, "subreddit": "statistics", "author_flair_text_color": null, "score_hidden": false, "permalink": "/r/statistics/comments/3j8ifc/my_analysis_of_a_new_study_suggests_people/cuob8pv/", "num_reports": null, "locked": false, "name": "t1_cuob8pv", "created": 1441242279.0, "author_flair_text": null, "treatment_tags": [], "created_utc": 1441213479.0, "subreddit_name_prefixed": "r/statistics", "controversiality": 0, "depth": 0, "author_flair_background_color": null, "collapsed_because_crowd_control": null, "mod_reports": [], "mod_note": null, "distinguished": null, "_fetched": true}, {"_replies": ["cuo3p22", "cunj58l"], "_submission": "3j8ifc", "_reddit": "_reddit", "total_awards_received": 0, "approved_at_utc": null, "ups": 5, "awarders": [], "mod_reason_by": null, "banned_by": null, "author_flair_type": "text", "removal_reason": null, "link_id": "t3_3j8ifc", "author_flair_template_id": null, "likes": null, "user_reports": [], "saved": false, "id": "cung01p", "banned_at_utc": null, "mod_reason_title": null, "gilded": 0, "archived": true, "no_follow": false, "author": "AllenDowney", "can_mod_post": false, "send_replies": true, "parent_id": "t1_cundit9", "score": 5, "author_fullname": "t2_4zfyx", "report_reasons": null, "approved_by": null, "all_awardings": [], "subreddit_id": "t5_2qhfi", "collapsed": false, "body": "Yes, my choice of 0.4 is based on the assumption that the people in the study believe that they are sensitive to gluten, so even if they are not, they are likely to experience symptoms (by a nocebo effect), and even if they don't experience symptoms, they are likely to identify one of the unlabeled samples as gluten, rather than say there was no difference.\n\nIf we assume that a truly non-sensitive subject would only identify the gluten flour correctly 10% of the time, the MAP is around 10, close to what the study authors conclude.", "edited": false, "author_flair_css_class": null, "is_submitter": true, "downs": 0, "author_flair_richtext": [], "author_patreon_flair": false, "body_html": "<div class=\"md\"><p>Yes, my choice of 0.4 is based on the assumption that the people in the study believe that they are sensitive to gluten, so even if they are not, they are likely to experience symptoms (by a nocebo effect), and even if they don&#39;t experience symptoms, they are likely to identify one of the unlabeled samples as gluten, rather than say there was no difference.</p>\n\n<p>If we assume that a truly non-sensitive subject would only identify the gluten flour correctly 10% of the time, the MAP is around 10, close to what the study authors conclude.</p>\n</div>", "gildings": {}, "collapsed_reason": null, "associated_award": null, "stickied": false, "author_premium": false, "subreddit_type": "public", "can_gild": true, "subreddit": "statistics", "author_flair_text_color": null, "score_hidden": false, "permalink": "/r/statistics/comments/3j8ifc/my_analysis_of_a_new_study_suggests_people/cung01p/", "num_reports": null, "locked": false, "name": "t1_cung01p", "created": 1441170453.0, "author_flair_text": null, "treatment_tags": [], "created_utc": 1441141653.0, "subreddit_name_prefixed": "r/statistics", "controversiality": 0, "depth": 1, "author_flair_background_color": null, "collapsed_because_crowd_control": null, "mod_reports": [], "mod_note": null, "distinguished": null, "_fetched": true}, {"_replies": [], "_submission": "3j8ifc", "_reddit": "_reddit", "total_awards_received": 0, "approved_at_utc": null, "ups": 5, "awarders": [], "mod_reason_by": null, "banned_by": null, "author_flair_type": "text", "removal_reason": null, "link_id": "t3_3j8ifc", "author_flair_template_id": null, "likes": null, "user_reports": [], "saved": false, "id": "cung4kc", "banned_at_utc": null, "mod_reason_title": null, "gilded": 0, "archived": true, "no_follow": false, "author": "AllenDowney", "can_mod_post": false, "send_replies": true, "parent_id": "t1_cuncwud", "score": 5, "author_fullname": "t2_4zfyx", "report_reasons": null, "approved_by": null, "all_awardings": [], "subreddit_id": "t5_2qhfi", "collapsed": false, "body": "Honestly, I chose the prior in this case to fit what I know about gluten sensitivity.  Prior to this study, I would have been about equally unsurprised by any number between 0 and 35.  Although I might have put a higher prior on 0.\n\nAnyway, since I chose a uniform prior, the posterior is basically the likelihood function, so you can get a sense of what effect any other prior would have just by looking.", "edited": false, "author_flair_css_class": null, "is_submitter": true, "downs": 0, "author_flair_richtext": [], "author_patreon_flair": false, "body_html": "<div class=\"md\"><p>Honestly, I chose the prior in this case to fit what I know about gluten sensitivity.  Prior to this study, I would have been about equally unsurprised by any number between 0 and 35.  Although I might have put a higher prior on 0.</p>\n\n<p>Anyway, since I chose a uniform prior, the posterior is basically the likelihood function, so you can get a sense of what effect any other prior would have just by looking.</p>\n</div>", "gildings": {}, "collapsed_reason": null, "associated_award": null, "stickied": false, "author_premium": false, "subreddit_type": "public", "can_gild": true, "subreddit": "statistics", "author_flair_text_color": null, "score_hidden": false, "permalink": "/r/statistics/comments/3j8ifc/my_analysis_of_a_new_study_suggests_people/cung4kc/", "num_reports": null, "locked": false, "name": "t1_cung4kc", "created": 1441170643.0, "author_flair_text": null, "treatment_tags": [], "created_utc": 1441141843.0, "subreddit_name_prefixed": "r/statistics", "controversiality": 0, "depth": 1, "author_flair_background_color": null, "collapsed_because_crowd_control": null, "mod_reports": [], "mod_note": null, "distinguished": null, "_fetched": true}, {"_replies": [], "_submission": "3j8ifc", "_reddit": "_reddit", "total_awards_received": 0, "approved_at_utc": null, "ups": 2, "awarders": [], "mod_reason_by": null, "banned_by": null, "author_flair_type": "text", "removal_reason": null, "link_id": "t3_3j8ifc", "author_flair_template_id": null, "likes": null, "user_reports": [], "saved": false, "id": "cuoih76", "banned_at_utc": null, "mod_reason_title": null, "gilded": 0, "archived": true, "no_follow": true, "author": "AllenDowney", "can_mod_post": false, "send_replies": true, "parent_id": "t1_cuob8pv", "score": 2, "author_fullname": "t2_4zfyx", "report_reasons": null, "approved_by": null, "all_awardings": [], "subreddit_id": "t5_2qhfi", "collapsed": false, "body": "Really interesting -- thanks very much!", "edited": false, "author_flair_css_class": null, "is_submitter": true, "downs": 0, "author_flair_richtext": [], "author_patreon_flair": false, "body_html": "<div class=\"md\"><p>Really interesting -- thanks very much!</p>\n</div>", "gildings": {}, "collapsed_reason": null, "associated_award": null, "stickied": false, "author_premium": false, "subreddit_type": "public", "can_gild": true, "subreddit": "statistics", "author_flair_text_color": null, "score_hidden": false, "permalink": "/r/statistics/comments/3j8ifc/my_analysis_of_a_new_study_suggests_people/cuoih76/", "num_reports": null, "locked": false, "name": "t1_cuoih76", "created": 1441253351.0, "author_flair_text": null, "treatment_tags": [], "created_utc": 1441224551.0, "subreddit_name_prefixed": "r/statistics", "controversiality": 0, "depth": 1, "author_flair_background_color": null, "collapsed_because_crowd_control": null, "mod_reports": [], "mod_note": null, "distinguished": null, "_fetched": true}, {"_replies": ["cuo6cqv"], "_submission": "3j8ifc", "_reddit": "_reddit", "total_awards_received": 0, "approved_at_utc": null, "ups": 3, "awarders": [], "mod_reason_by": null, "banned_by": null, "author_flair_type": "text", "removal_reason": null, "link_id": "t3_3j8ifc", "author_flair_template_id": null, "likes": null, "user_reports": [], "saved": false, "id": "cuo3p22", "banned_at_utc": null, "mod_reason_title": null, "gilded": 0, "archived": true, "no_follow": true, "author": "Adamworks", "can_mod_post": false, "created_utc": 1441200956.0, "send_replies": true, "parent_id": "t1_cung01p", "score": 3, "author_fullname": "t2_97scs", "report_reasons": null, "approved_by": null, "all_awardings": [], "subreddit_id": "t5_2qhfi", "body": "Generally speaking, how does one decided 0.4 vs. 0.3999 vs. 0.40001? Couldn't one just game any analysis to show what it wants if this apriori is arbitrary?", "edited": false, "author_flair_css_class": null, "is_submitter": false, "downs": 0, "author_flair_richtext": [], "author_patreon_flair": false, "body_html": "<div class=\"md\"><p>Generally speaking, how does one decided 0.4 vs. 0.3999 vs. 0.40001? Couldn&#39;t one just game any analysis to show what it wants if this apriori is arbitrary?</p>\n</div>", "gildings": {}, "collapsed_reason": null, "associated_award": null, "stickied": false, "author_premium": false, "subreddit_type": "public", "can_gild": true, "subreddit": "statistics", "author_flair_text_color": null, "score_hidden": false, "permalink": "/r/statistics/comments/3j8ifc/my_analysis_of_a_new_study_suggests_people/cuo3p22/", "num_reports": null, "locked": false, "name": "t1_cuo3p22", "created": 1441229756.0, "author_flair_text": null, "treatment_tags": [], "collapsed": false, "subreddit_name_prefixed": "r/statistics", "controversiality": 0, "depth": 2, "author_flair_background_color": null, "collapsed_because_crowd_control": null, "mod_reports": [], "mod_note": null, "distinguished": null, "_fetched": true}, {"_replies": [], "_submission": "3j8ifc", "_reddit": "_reddit", "total_awards_received": 0, "approved_at_utc": null, "ups": 1, "awarders": [], "mod_reason_by": null, "banned_by": null, "author_flair_type": "text", "removal_reason": null, "link_id": "t3_3j8ifc", "author_flair_template_id": null, "likes": null, "user_reports": [], "saved": false, "id": "cunj58l", "banned_at_utc": null, "mod_reason_title": null, "gilded": 0, "archived": true, "no_follow": true, "author": "PhaethonPrime", "can_mod_post": false, "created_utc": 1441146714.0, "send_replies": true, "parent_id": "t1_cung01p", "score": 1, "author_fullname": "t2_kej7e", "report_reasons": null, "approved_by": null, "all_awardings": [], "subreddit_id": "t5_2qhfi", "body": "Thanks!", "edited": false, "author_flair_css_class": null, "is_submitter": false, "downs": 0, "author_flair_richtext": [], "author_patreon_flair": false, "body_html": "<div class=\"md\"><p>Thanks!</p>\n</div>", "gildings": {}, "collapsed_reason": null, "associated_award": null, "stickied": false, "author_premium": false, "subreddit_type": "public", "can_gild": true, "subreddit": "statistics", "author_flair_text_color": null, "score_hidden": false, "permalink": "/r/statistics/comments/3j8ifc/my_analysis_of_a_new_study_suggests_people/cunj58l/", "num_reports": null, "locked": false, "name": "t1_cunj58l", "created": 1441175514.0, "author_flair_text": null, "treatment_tags": [], "collapsed": false, "subreddit_name_prefixed": "r/statistics", "controversiality": 0, "depth": 2, "author_flair_background_color": null, "collapsed_because_crowd_control": null, "mod_reports": [], "mod_note": null, "distinguished": null, "_fetched": true}, {"_replies": [], "_submission": "3j8ifc", "_reddit": "_reddit", "total_awards_received": 0, "approved_at_utc": null, "ups": 2, "awarders": [], "mod_reason_by": null, "banned_by": null, "author_flair_type": "text", "removal_reason": null, "link_id": "t3_3j8ifc", "author_flair_template_id": null, "likes": null, "user_reports": [], "saved": false, "id": "cuo6cqv", "banned_at_utc": null, "mod_reason_title": null, "gilded": 0, "archived": true, "no_follow": true, "author": "AllenDowney", "can_mod_post": false, "send_replies": true, "parent_id": "t1_cuo3p22", "score": 2, "author_fullname": "t2_4zfyx", "report_reasons": null, "approved_by": null, "all_awardings": [], "subreddit_id": "t5_2qhfi", "body": "It's a modelling decision, and the results are only as believable as the model.  However, some modelling decisions are more problematic than others.  If the choice is truly arbitrary and the results are sensitive to the choice, you have a problem.  In this case things are not so bad: we have background information that guides the choice (although reasonable people could disagree) and within a wide range of choices, the results are substantively the same.", "edited": false, "downs": 0, "author_flair_css_class": null, "is_submitter": true, "collapsed": false, "author_flair_richtext": [], "author_patreon_flair": false, "body_html": "<div class=\"md\"><p>It&#39;s a modelling decision, and the results are only as believable as the model.  However, some modelling decisions are more problematic than others.  If the choice is truly arbitrary and the results are sensitive to the choice, you have a problem.  In this case things are not so bad: we have background information that guides the choice (although reasonable people could disagree) and within a wide range of choices, the results are substantively the same.</p>\n</div>", "gildings": {}, "collapsed_reason": null, "associated_award": null, "stickied": false, "author_premium": false, "subreddit_type": "public", "can_gild": true, "subreddit": "statistics", "author_flair_text_color": null, "score_hidden": false, "permalink": "/r/statistics/comments/3j8ifc/my_analysis_of_a_new_study_suggests_people/cuo6cqv/", "num_reports": null, "locked": false, "name": "t1_cuo6cqv", "created": 1441234569.0, "author_flair_text": null, "treatment_tags": [], "created_utc": 1441205769.0, "subreddit_name_prefixed": "r/statistics", "controversiality": 0, "depth": 3, "author_flair_background_color": null, "collapsed_because_crowd_control": null, "mod_reports": [], "mod_note": null, "distinguished": null, "_fetched": true}]}