{"_reddit": "_reddit", "approved_at_utc": null, "subreddit": "statistics", "selftext": "", "author_fullname": "t2_3ra9k", "saved": false, "mod_reason_title": null, "gilded": 0, "clicked": false, "title": "A visual guide to improving pie charts", "link_flair_richtext": [], "subreddit_name_prefixed": "r/statistics", "hidden": false, "pwls": 6, "link_flair_css_class": null, "downs": 0, "hide_score": false, "name": "t3_35bbkd", "quarantine": false, "link_flair_text_color": "dark", "upvote_ratio": 0.93, "author_flair_background_color": null, "subreddit_type": "public", "ups": 183, "total_awards_received": 0, "media_embed": {}, "author_flair_template_id": null, "is_original_content": false, "user_reports": [], "secure_media": null, "is_reddit_media_domain": false, "is_meta": false, "category": null, "secure_media_embed": {}, "link_flair_text": null, "can_mod_post": false, "score": 183, "approved_by": null, "author_premium": false, "thumbnail": "", "edited": false, "author_flair_css_class": null, "author_flair_richtext": [], "gildings": {}, "content_categories": null, "is_self": false, "mod_note": null, "created": 1431136854.0, "link_flair_type": "text", "wls": 6, "removed_by_category": null, "banned_by": null, "author_flair_type": "text", "domain": "darkhorseanalytics.com", "allow_live_comments": false, "selftext_html": null, "likes": null, "suggested_sort": null, "banned_at_utc": null, "view_count": null, "archived": true, "no_follow": false, "is_crosspostable": true, "pinned": false, "over_18": false, "all_awardings": [], "awarders": [], "media_only": false, "can_gild": true, "spoiler": false, "locked": false, "author_flair_text": null, "treatment_tags": [], "visited": false, "removed_by": null, "num_reports": null, "distinguished": null, "subreddit_id": "t5_2qhfi", "mod_reason_by": null, "removal_reason": null, "link_flair_background_color": "", "id": "35bbkd", "is_robot_indexable": true, "report_reasons": null, "author": "gabjuasfijwee", "discussion_type": null, "num_comments": 35, "send_replies": true, "whitelist_status": "all_ads", "contest_mode": false, "mod_reports": [], "author_patreon_flair": false, "author_flair_text_color": null, "permalink": "/r/statistics/comments/35bbkd/a_visual_guide_to_improving_pie_charts/", "parent_whitelist_status": "all_ads", "stickied": false, "url": "https://darkhorseanalytics.com/blog/wp-content/uploads/2014/09/devourThePie3.gif", "subreddit_subscribers": 106208, "created_utc": 1431108054.0, "num_crossposts": 0, "media": null, "is_video": false, "_fetched": false, "comment_limit": 2048, "comment_sort": "best", "_comments_by_id": {}, "_comments": [{"_replies": ["cr2txxo"], "_submission": "35bbkd", "_reddit": "_reddit", "total_awards_received": 0, "approved_at_utc": null, "ups": 21, "awarders": [], "mod_reason_by": null, "banned_by": null, "author_flair_type": "text", "removal_reason": null, "link_id": "t3_35bbkd", "author_flair_template_id": null, "likes": null, "user_reports": [], "saved": false, "id": "cr2tns6", "banned_at_utc": null, "mod_reason_title": null, "gilded": 0, "archived": true, "no_follow": false, "author": "slammaster", "can_mod_post": false, "send_replies": true, "parent_id": "t3_35bbkd", "score": 21, "author_fullname": "t2_3t7ix", "report_reasons": null, "approved_by": null, "all_awardings": [], "subreddit_id": "t5_2qhfi", "body": "I've railed against pie charts so much in my department that I've started getting emails asking for help that open with \"I know you hate pie charts but...\"\n\nI'm going to get one of those digital picture frames so I can hang this on my office door, this is really excellent.", "edited": false, "downs": 0, "author_flair_css_class": null, "is_submitter": false, "collapsed": false, "author_flair_richtext": [], "author_patreon_flair": false, "body_html": "<div class=\"md\"><p>I&#39;ve railed against pie charts so much in my department that I&#39;ve started getting emails asking for help that open with &quot;I know you hate pie charts but...&quot;</p>\n\n<p>I&#39;m going to get one of those digital picture frames so I can hang this on my office door, this is really excellent.</p>\n</div>", "gildings": {}, "collapsed_reason": null, "associated_award": null, "stickied": false, "author_premium": false, "subreddit_type": "public", "can_gild": true, "subreddit": "statistics", "author_flair_text_color": null, "score_hidden": false, "permalink": "/r/statistics/comments/35bbkd/a_visual_guide_to_improving_pie_charts/cr2tns6/", "num_reports": null, "locked": false, "name": "t1_cr2tns6", "created": 1431140447.0, "author_flair_text": null, "treatment_tags": [], "created_utc": 1431111647.0, "subreddit_name_prefixed": "r/statistics", "controversiality": 0, "depth": 0, "author_flair_background_color": null, "collapsed_because_crowd_control": null, "mod_reports": [], "mod_note": null, "distinguished": null, "_fetched": true}, {"_replies": [], "_submission": "35bbkd", "_reddit": "_reddit", "total_awards_received": 0, "approved_at_utc": null, "ups": 13, "awarders": [], "mod_reason_by": null, "banned_by": null, "author_flair_type": "text", "removal_reason": null, "link_id": "t3_35bbkd", "author_flair_template_id": null, "likes": null, "user_reports": [], "saved": false, "id": "cr2v57z", "banned_at_utc": null, "mod_reason_title": null, "gilded": 0, "archived": true, "no_follow": false, "author": "mrdevlar", "can_mod_post": false, "send_replies": true, "parent_id": "t3_35bbkd", "score": 13, "author_fullname": "t2_4u8mb", "report_reasons": null, "approved_by": null, "all_awardings": [], "subreddit_id": "t5_2qhfi", "body": "I knew the troll was coming, but I held out either way, glad I did. ", "edited": false, "downs": 0, "author_flair_css_class": null, "is_submitter": false, "collapsed": false, "author_flair_richtext": [], "author_patreon_flair": false, "body_html": "<div class=\"md\"><p>I knew the troll was coming, but I held out either way, glad I did. </p>\n</div>", "gildings": {}, "collapsed_reason": null, "associated_award": null, "stickied": false, "author_premium": false, "subreddit_type": "public", "can_gild": true, "subreddit": "statistics", "author_flair_text_color": null, "score_hidden": false, "permalink": "/r/statistics/comments/35bbkd/a_visual_guide_to_improving_pie_charts/cr2v57z/", "num_reports": null, "locked": false, "name": "t1_cr2v57z", "created": 1431142935.0, "author_flair_text": null, "treatment_tags": [], "created_utc": 1431114135.0, "subreddit_name_prefixed": "r/statistics", "controversiality": 0, "depth": 0, "author_flair_background_color": null, "collapsed_because_crowd_control": null, "mod_reports": [], "mod_note": null, "distinguished": null, "_fetched": true}, {"_replies": ["cr5l49i"], "_submission": "35bbkd", "_reddit": "_reddit", "total_awards_received": 0, "approved_at_utc": null, "ups": 7, "awarders": [], "mod_reason_by": null, "banned_by": null, "author_flair_type": "text", "removal_reason": null, "link_id": "t3_35bbkd", "author_flair_template_id": null, "likes": null, "user_reports": [], "saved": false, "id": "cr30rnc", "banned_at_utc": null, "mod_reason_title": null, "gilded": 0, "archived": true, "no_follow": true, "author": "holtafd", "can_mod_post": false, "send_replies": true, "parent_id": "t3_35bbkd", "score": 7, "author_fullname": "t2_6cwyt", "report_reasons": null, "approved_by": null, "all_awardings": [], "subreddit_id": "t5_2qhfi", "body": "The Primary issue with pie charts is that people have a hard time determining difference in area. To  make it more difficult adding 3D effects further skews the data. Though it is easier to tell which line is longer still the best option is still a table for such a small data set. Depending on the message you could simply state that 42% of people prefer Bacon over other cuts from a pig.\n\nI'm sure most of you already know, but [Edward Tufte](http://www.edwardtufte.com/tufte/index) has many books on the subject of charts and even has a fun book on the evils of power point. ", "edited": false, "downs": 0, "author_flair_css_class": null, "is_submitter": false, "collapsed": false, "author_flair_richtext": [], "author_patreon_flair": false, "body_html": "<div class=\"md\"><p>The Primary issue with pie charts is that people have a hard time determining difference in area. To  make it more difficult adding 3D effects further skews the data. Though it is easier to tell which line is longer still the best option is still a table for such a small data set. Depending on the message you could simply state that 42% of people prefer Bacon over other cuts from a pig.</p>\n\n<p>I&#39;m sure most of you already know, but <a href=\"http://www.edwardtufte.com/tufte/index\">Edward Tufte</a> has many books on the subject of charts and even has a fun book on the evils of power point. </p>\n</div>", "gildings": {}, "collapsed_reason": null, "associated_award": null, "stickied": false, "author_premium": false, "subreddit_type": "public", "can_gild": true, "subreddit": "statistics", "author_flair_text_color": null, "score_hidden": false, "permalink": "/r/statistics/comments/35bbkd/a_visual_guide_to_improving_pie_charts/cr30rnc/", "num_reports": null, "locked": false, "name": "t1_cr30rnc", "created": 1431152795.0, "author_flair_text": null, "treatment_tags": [], "created_utc": 1431123995.0, "subreddit_name_prefixed": "r/statistics", "controversiality": 0, "depth": 0, "author_flair_background_color": null, "collapsed_because_crowd_control": null, "mod_reports": [], "mod_note": null, "distinguished": null, "_fetched": true}, {"_replies": ["cr3d8xu", "cr3fop7", "cr37qj8"], "_submission": "35bbkd", "_reddit": "_reddit", "total_awards_received": 0, "approved_at_utc": null, "ups": 6, "awarders": [], "mod_reason_by": null, "banned_by": null, "author_flair_type": "text", "removal_reason": null, "link_id": "t3_35bbkd", "author_flair_template_id": null, "likes": null, "user_reports": [], "saved": false, "id": "cr32djc", "banned_at_utc": null, "mod_reason_title": null, "gilded": 0, "archived": true, "no_follow": false, "author": "FullSharkAlligator", "can_mod_post": false, "send_replies": true, "parent_id": "t3_35bbkd", "score": 6, "author_fullname": "t2_82csi", "report_reasons": null, "approved_by": null, "all_awardings": [], "subreddit_id": "t5_2qhfi", "body": "If you are interested in learning the percentages of a categorical variable, why is a bar chart better than a pie chart?", "edited": false, "downs": 0, "author_flair_css_class": null, "is_submitter": false, "collapsed": false, "author_flair_richtext": [], "author_patreon_flair": false, "body_html": "<div class=\"md\"><p>If you are interested in learning the percentages of a categorical variable, why is a bar chart better than a pie chart?</p>\n</div>", "gildings": {}, "collapsed_reason": null, "associated_award": null, "stickied": false, "author_premium": false, "subreddit_type": "public", "can_gild": true, "subreddit": "statistics", "author_flair_text_color": null, "score_hidden": false, "permalink": "/r/statistics/comments/35bbkd/a_visual_guide_to_improving_pie_charts/cr32djc/", "num_reports": null, "locked": false, "name": "t1_cr32djc", "created": 1431155948.0, "author_flair_text": null, "treatment_tags": [], "created_utc": 1431127148.0, "subreddit_name_prefixed": "r/statistics", "controversiality": 0, "depth": 0, "author_flair_background_color": null, "collapsed_because_crowd_control": null, "mod_reports": [], "mod_note": null, "distinguished": null, "_fetched": true}, {"_replies": [], "_submission": "35bbkd", "_reddit": "_reddit", "total_awards_received": 0, "approved_at_utc": null, "ups": 5, "awarders": [], "mod_reason_by": null, "banned_by": null, "author_flair_type": "text", "removal_reason": null, "link_id": "t3_35bbkd", "author_flair_template_id": null, "likes": null, "user_reports": [], "saved": false, "id": "cr368sq", "banned_at_utc": null, "mod_reason_title": null, "gilded": 0, "archived": true, "no_follow": false, "author": "atomofconsumption", "can_mod_post": false, "send_replies": true, "parent_id": "t3_35bbkd", "score": 5, "author_fullname": "t2_33x4a", "report_reasons": null, "approved_by": null, "all_awardings": [], "subreddit_id": "t5_2qhfi", "body": "fuck i actually laughed out loud at this. very clever!", "edited": false, "downs": 0, "author_flair_css_class": null, "is_submitter": false, "collapsed": false, "author_flair_richtext": [], "author_patreon_flair": false, "body_html": "<div class=\"md\"><p>fuck i actually laughed out loud at this. very clever!</p>\n</div>", "gildings": {}, "collapsed_reason": null, "associated_award": null, "stickied": false, "author_premium": false, "subreddit_type": "public", "can_gild": true, "subreddit": "statistics", "author_flair_text_color": null, "score_hidden": false, "permalink": "/r/statistics/comments/35bbkd/a_visual_guide_to_improving_pie_charts/cr368sq/", "num_reports": null, "locked": false, "name": "t1_cr368sq", "created": 1431163468.0, "author_flair_text": null, "treatment_tags": [], "created_utc": 1431134668.0, "subreddit_name_prefixed": "r/statistics", "controversiality": 0, "depth": 0, "author_flair_background_color": null, "collapsed_because_crowd_control": null, "mod_reports": [], "mod_note": null, "distinguished": null, "_fetched": true}, {"_replies": ["cr2zbg6"], "_submission": "35bbkd", "_reddit": "_reddit", "total_awards_received": 0, "approved_at_utc": null, "ups": 2, "awarders": [], "mod_reason_by": null, "banned_by": null, "author_flair_type": "text", "removal_reason": null, "link_id": "t3_35bbkd", "author_flair_template_id": null, "likes": null, "user_reports": [], "saved": false, "id": "cr2wujg", "banned_at_utc": null, "mod_reason_title": null, "gilded": 0, "archived": true, "no_follow": true, "author": "Polycephal_Lee", "can_mod_post": false, "send_replies": true, "parent_id": "t3_35bbkd", "score": 2, "author_fullname": "t2_5iftz", "report_reasons": null, "approved_by": null, "all_awardings": [], "subreddit_id": "t5_2qhfi", "body": "Now do one for stacked bars.", "edited": false, "downs": 0, "author_flair_css_class": null, "is_submitter": false, "collapsed": false, "author_flair_richtext": [], "author_patreon_flair": false, "body_html": "<div class=\"md\"><p>Now do one for stacked bars.</p>\n</div>", "gildings": {}, "collapsed_reason": null, "associated_award": null, "stickied": false, "author_premium": false, "subreddit_type": "public", "can_gild": true, "subreddit": "statistics", "author_flair_text_color": null, "score_hidden": false, "permalink": "/r/statistics/comments/35bbkd/a_visual_guide_to_improving_pie_charts/cr2wujg/", "num_reports": null, "locked": false, "name": "t1_cr2wujg", "created": 1431145845.0, "author_flair_text": null, "treatment_tags": [], "created_utc": 1431117045.0, "subreddit_name_prefixed": "r/statistics", "controversiality": 0, "depth": 0, "author_flair_background_color": null, "collapsed_because_crowd_control": null, "mod_reports": [], "mod_note": null, "distinguished": null, "_fetched": true}, {"_replies": ["cr36v6r", "cr3b7f4"], "_submission": "35bbkd", "_reddit": "_reddit", "total_awards_received": 0, "approved_at_utc": null, "ups": -2, "awarders": [], "mod_reason_by": null, "banned_by": null, "author_flair_type": "text", "removal_reason": null, "link_id": "t3_35bbkd", "author_flair_template_id": null, "likes": null, "user_reports": [], "saved": false, "id": "cr2zvgu", "banned_at_utc": null, "mod_reason_title": null, "gilded": 0, "archived": true, "no_follow": true, "author": "carltoncarlton", "can_mod_post": false, "send_replies": true, "parent_id": "t3_35bbkd", "score": -2, "author_fullname": "t2_7zwvm", "report_reasons": null, "approved_by": null, "all_awardings": [], "subreddit_id": "t5_2qhfi", "body": "Is this a joke? Seems like really bad advice?", "edited": false, "downs": 0, "author_flair_css_class": null, "is_submitter": false, "collapsed": false, "author_flair_richtext": [], "author_patreon_flair": false, "body_html": "<div class=\"md\"><p>Is this a joke? Seems like really bad advice?</p>\n</div>", "gildings": {}, "collapsed_reason": null, "associated_award": null, "stickied": false, "author_premium": false, "subreddit_type": "public", "can_gild": true, "subreddit": "statistics", "author_flair_text_color": null, "score_hidden": false, "permalink": "/r/statistics/comments/35bbkd/a_visual_guide_to_improving_pie_charts/cr2zvgu/", "num_reports": null, "locked": false, "name": "t1_cr2zvgu", "created": 1431151245.0, "author_flair_text": null, "treatment_tags": [], "created_utc": 1431122445.0, "subreddit_name_prefixed": "r/statistics", "controversiality": 1, "depth": 0, "author_flair_background_color": null, "collapsed_because_crowd_control": null, "mod_reports": [], "mod_note": null, "distinguished": null, "_fetched": true}, {"_replies": [], "_submission": "35bbkd", "_reddit": "_reddit", "total_awards_received": 0, "approved_at_utc": null, "ups": -1, "awarders": [], "mod_reason_by": null, "banned_by": null, "author_flair_type": "text", "removal_reason": null, "link_id": "t3_35bbkd", "author_flair_template_id": null, "likes": null, "user_reports": [], "saved": false, "id": "cr39qce", "banned_at_utc": null, "mod_reason_title": null, "gilded": 0, "archived": true, "no_follow": true, "author": "Frogmarsh", "can_mod_post": false, "send_replies": true, "parent_id": "t3_35bbkd", "score": -1, "author_fullname": "t2_fwbbn", "report_reasons": null, "approved_by": null, "all_awardings": [], "subreddit_id": "t5_2qhfi", "body": "LOL!", "edited": false, "downs": 0, "author_flair_css_class": null, "is_submitter": false, "collapsed": false, "author_flair_richtext": [], "author_patreon_flair": false, "body_html": "<div class=\"md\"><p>LOL!</p>\n</div>", "gildings": {}, "collapsed_reason": null, "associated_award": null, "stickied": false, "author_premium": false, "subreddit_type": "public", "can_gild": true, "subreddit": "statistics", "author_flair_text_color": null, "score_hidden": false, "permalink": "/r/statistics/comments/35bbkd/a_visual_guide_to_improving_pie_charts/cr39qce/", "num_reports": null, "locked": false, "name": "t1_cr39qce", "created": 1431170510.0, "author_flair_text": null, "treatment_tags": [], "created_utc": 1431141710.0, "subreddit_name_prefixed": "r/statistics", "controversiality": 0, "depth": 0, "author_flair_background_color": null, "collapsed_because_crowd_control": null, "mod_reports": [], "mod_note": null, "distinguished": null, "_fetched": true}, {"_replies": [], "_submission": "35bbkd", "_reddit": "_reddit", "total_awards_received": 0, "approved_at_utc": null, "ups": 2, "awarders": [], "mod_reason_by": null, "banned_by": null, "author_flair_type": "text", "removal_reason": null, "link_id": "t3_35bbkd", "author_flair_template_id": null, "likes": null, "user_reports": [], "saved": false, "id": "cr2txxo", "banned_at_utc": null, "mod_reason_title": null, "gilded": 0, "archived": true, "no_follow": true, "author": "zdk", "can_mod_post": false, "send_replies": true, "parent_id": "t1_cr2tns6", "score": 2, "author_fullname": "t2_8sdv1", "report_reasons": null, "approved_by": null, "all_awardings": [], "subreddit_id": "t5_2qhfi", "collapsed": false, "body": "freeze frames of the before/after also works. Fellow pie chart hater here. A slight problem with the bar chart representation though... does it not suggest independents between the components? That's problematic for percentage data. Stacked barchart might be more appropriate here.", "edited": false, "author_flair_css_class": null, "is_submitter": false, "downs": 0, "author_flair_richtext": [], "author_patreon_flair": false, "body_html": "<div class=\"md\"><p>freeze frames of the before/after also works. Fellow pie chart hater here. A slight problem with the bar chart representation though... does it not suggest independents between the components? That&#39;s problematic for percentage data. Stacked barchart might be more appropriate here.</p>\n</div>", "gildings": {}, "collapsed_reason": null, "associated_award": null, "stickied": false, "author_premium": false, "subreddit_type": "public", "can_gild": true, "subreddit": "statistics", "author_flair_text_color": null, "score_hidden": false, "permalink": "/r/statistics/comments/35bbkd/a_visual_guide_to_improving_pie_charts/cr2txxo/", "num_reports": null, "locked": false, "name": "t1_cr2txxo", "created": 1431140910.0, "author_flair_text": null, "treatment_tags": [], "created_utc": 1431112110.0, "subreddit_name_prefixed": "r/statistics", "controversiality": 0, "depth": 1, "author_flair_background_color": null, "collapsed_because_crowd_control": null, "mod_reports": [], "mod_note": null, "distinguished": null, "_fetched": true}, {"_replies": [], "_submission": "35bbkd", "_reddit": "_reddit", "total_awards_received": 0, "approved_at_utc": null, "ups": 1, "awarders": [], "mod_reason_by": null, "banned_by": null, "author_flair_type": "text", "removal_reason": null, "link_id": "t3_35bbkd", "author_flair_template_id": null, "likes": null, "user_reports": [], "saved": false, "id": "cr5l49i", "banned_at_utc": null, "mod_reason_title": null, "gilded": 0, "archived": true, "no_follow": true, "author": "bartczernicki", "can_mod_post": false, "send_replies": true, "parent_id": "t1_cr30rnc", "score": 1, "author_fullname": "t2_349ga", "report_reasons": null, "approved_by": null, "all_awardings": [], "subreddit_id": "t5_2qhfi", "collapsed": false, "body": "Pie charts only work for \"part to whole\" analysis when the percentage is 100%.  Once you have data that can be \"over\" 100% the pie slices make no sense.\n\nIn demos, nice evenly double digit pie slices look nice.  When you have real data with pie slices that are 0.1% or a large number of them, then you start running into relying on color/pattern legends.  Those cause issues as well.\n\nThe other big challenge with pie charts is that they don't work really well for word-sized/sparkline type charts.  So pie charts end up taking a lot of real-estate on dashboards/infographics in order to convey information.\n\nYou mention Edward Tufte, however Stephen Few's books cover these reasons and more why pie charts should simply be avoided.", "edited": false, "author_flair_css_class": null, "is_submitter": false, "downs": 0, "author_flair_richtext": [], "author_patreon_flair": false, "body_html": "<div class=\"md\"><p>Pie charts only work for &quot;part to whole&quot; analysis when the percentage is 100%.  Once you have data that can be &quot;over&quot; 100% the pie slices make no sense.</p>\n\n<p>In demos, nice evenly double digit pie slices look nice.  When you have real data with pie slices that are 0.1% or a large number of them, then you start running into relying on color/pattern legends.  Those cause issues as well.</p>\n\n<p>The other big challenge with pie charts is that they don&#39;t work really well for word-sized/sparkline type charts.  So pie charts end up taking a lot of real-estate on dashboards/infographics in order to convey information.</p>\n\n<p>You mention Edward Tufte, however Stephen Few&#39;s books cover these reasons and more why pie charts should simply be avoided.</p>\n</div>", "gildings": {}, "collapsed_reason": null, "associated_award": null, "stickied": false, "author_premium": false, "subreddit_type": "public", "can_gild": true, "subreddit": "statistics", "author_flair_text_color": null, "score_hidden": false, "permalink": "/r/statistics/comments/35bbkd/a_visual_guide_to_improving_pie_charts/cr5l49i/", "num_reports": null, "locked": false, "name": "t1_cr5l49i", "created": 1431388611.0, "author_flair_text": null, "treatment_tags": [], "created_utc": 1431359811.0, "subreddit_name_prefixed": "r/statistics", "controversiality": 0, "depth": 1, "author_flair_background_color": null, "collapsed_because_crowd_control": null, "mod_reports": [], "mod_note": null, "distinguished": null, "_fetched": true}, {"_replies": [], "_submission": "35bbkd", "_reddit": "_reddit", "total_awards_received": 0, "approved_at_utc": null, "ups": 2, "awarders": [], "mod_reason_by": null, "banned_by": null, "author_flair_type": "text", "removal_reason": null, "link_id": "t3_35bbkd", "author_flair_template_id": null, "likes": null, "user_reports": [], "saved": false, "id": "cr37pxq", "banned_at_utc": null, "mod_reason_title": null, "gilded": 0, "archived": true, "no_follow": true, "author": "naught101", "can_mod_post": false, "send_replies": true, "parent_id": "t1_cr309zq", "score": 2, "author_fullname": "t2_9hcus", "report_reasons": null, "approved_by": null, "all_awardings": [], "subreddit_id": "t5_2qhfi", "collapsed": false, "body": "Yay for common sense!", "edited": false, "author_flair_css_class": null, "is_submitter": false, "downs": 0, "author_flair_richtext": [], "author_patreon_flair": false, "body_html": "<div class=\"md\"><p>Yay for common sense!</p>\n</div>", "gildings": {}, "collapsed_reason": null, "associated_award": null, "stickied": false, "author_premium": false, "subreddit_type": "public", "can_gild": true, "subreddit": "statistics", "author_flair_text_color": null, "score_hidden": false, "permalink": "/r/statistics/comments/35bbkd/a_visual_guide_to_improving_pie_charts/cr37pxq/", "num_reports": null, "locked": false, "name": "t1_cr37pxq", "created": 1431166395.0, "author_flair_text": null, "treatment_tags": [], "created_utc": 1431137595.0, "subreddit_name_prefixed": "r/statistics", "controversiality": 0, "depth": 1, "author_flair_background_color": null, "collapsed_because_crowd_control": null, "mod_reports": [], "mod_note": null, "distinguished": null, "_fetched": true}, {"_replies": ["cr3hvi3"], "_submission": "35bbkd", "_reddit": "_reddit", "total_awards_received": 0, "approved_at_utc": null, "ups": 2, "awarders": [], "mod_reason_by": null, "banned_by": null, "author_flair_type": "text", "removal_reason": null, "link_id": "t3_35bbkd", "author_flair_template_id": null, "likes": null, "user_reports": [], "saved": false, "id": "cr3gvpy", "banned_at_utc": null, "mod_reason_title": null, "gilded": 0, "archived": true, "no_follow": true, "author": "Bromskloss", "can_mod_post": false, "send_replies": true, "parent_id": "t1_cr309zq", "score": 2, "author_fullname": "t2_7uajy", "report_reasons": null, "approved_by": null, "all_awardings": [], "subreddit_id": "t5_2qhfi", "collapsed": false, "body": "> However, they do have their (limited) uses\n\nWon't you give us any examples?", "edited": false, "author_flair_css_class": null, "is_submitter": false, "downs": 0, "author_flair_richtext": [], "author_patreon_flair": false, "body_html": "<div class=\"md\"><blockquote>\n<p>However, they do have their (limited) uses</p>\n</blockquote>\n\n<p>Won&#39;t you give us any examples?</p>\n</div>", "gildings": {}, "collapsed_reason": null, "associated_award": null, "stickied": false, "author_premium": false, "subreddit_type": "public", "can_gild": true, "subreddit": "statistics", "author_flair_text_color": null, "score_hidden": false, "permalink": "/r/statistics/comments/35bbkd/a_visual_guide_to_improving_pie_charts/cr3gvpy/", "num_reports": null, "locked": false, "name": "t1_cr3gvpy", "created": 1431196250.0, "author_flair_text": null, "treatment_tags": [], "created_utc": 1431167450.0, "subreddit_name_prefixed": "r/statistics", "controversiality": 0, "depth": 1, "author_flair_background_color": null, "collapsed_because_crowd_control": null, "mod_reports": [], "mod_note": null, "distinguished": null, "_fetched": true}, {"_replies": [], "_submission": "35bbkd", "_reddit": "_reddit", "total_awards_received": 0, "approved_at_utc": null, "ups": -1, "awarders": [], "mod_reason_by": null, "banned_by": null, "author_flair_type": "text", "removal_reason": null, "link_id": "t3_35bbkd", "author_flair_template_id": null, "likes": null, "user_reports": [], "saved": false, "id": "cr3fp4x", "banned_at_utc": null, "mod_reason_title": null, "gilded": 0, "archived": true, "no_follow": true, "author": "bluecoffee", "can_mod_post": false, "send_replies": true, "parent_id": "t1_cr309zq", "score": -1, "author_fullname": "t2_3pqe5", "report_reasons": null, "approved_by": null, "all_awardings": [], "subreddit_id": "t5_2qhfi", "collapsed": false, "body": "They have no honest uses. The human visual system is bad at comparing angles and areas; the only reason to use a pie chart is if you want to disguise your data.", "edited": false, "author_flair_css_class": null, "is_submitter": false, "downs": 0, "author_flair_richtext": [], "author_patreon_flair": false, "body_html": "<div class=\"md\"><p>They have no honest uses. The human visual system is bad at comparing angles and areas; the only reason to use a pie chart is if you want to disguise your data.</p>\n</div>", "gildings": {}, "collapsed_reason": null, "associated_award": null, "stickied": false, "author_premium": false, "subreddit_type": "public", "can_gild": true, "subreddit": "statistics", "author_flair_text_color": null, "score_hidden": false, "permalink": "/r/statistics/comments/35bbkd/a_visual_guide_to_improving_pie_charts/cr3fp4x/", "num_reports": null, "locked": false, "name": "t1_cr3fp4x", "created": 1431190025.0, "author_flair_text": null, "treatment_tags": [], "created_utc": 1431161225.0, "subreddit_name_prefixed": "r/statistics", "controversiality": 1, "depth": 1, "author_flair_background_color": null, "collapsed_because_crowd_control": null, "mod_reports": [], "mod_note": null, "distinguished": null, "_fetched": true}, {"_replies": [], "_submission": "35bbkd", "_reddit": "_reddit", "total_awards_received": 0, "approved_at_utc": null, "ups": 0, "awarders": [], "mod_reason_by": null, "banned_by": null, "author_flair_type": "text", "removal_reason": null, "link_id": "t3_35bbkd", "author_flair_template_id": null, "likes": null, "user_reports": [], "saved": false, "id": "cr3etmq", "banned_at_utc": null, "mod_reason_title": null, "gilded": 0, "archived": true, "no_follow": true, "author": "Mitchfarino", "can_mod_post": false, "send_replies": true, "parent_id": "t1_cr309zq", "score": 0, "author_fullname": "t2_9cmyl", "report_reasons": null, "approved_by": null, "all_awardings": [], "subreddit_id": "t5_2qhfi", "collapsed": false, "body": "Its not reddits favourite advice, its general data visualisation best practice", "edited": false, "author_flair_css_class": null, "is_submitter": false, "downs": 0, "author_flair_richtext": [], "author_patreon_flair": false, "body_html": "<div class=\"md\"><p>Its not reddits favourite advice, its general data visualisation best practice</p>\n</div>", "gildings": {}, "collapsed_reason": null, "associated_award": null, "stickied": false, "author_premium": false, "subreddit_type": "public", "can_gild": true, "subreddit": "statistics", "author_flair_text_color": null, "score_hidden": false, "permalink": "/r/statistics/comments/35bbkd/a_visual_guide_to_improving_pie_charts/cr3etmq/", "num_reports": null, "locked": false, "name": "t1_cr3etmq", "created": 1431185748.0, "author_flair_text": null, "treatment_tags": [], "created_utc": 1431156948.0, "subreddit_name_prefixed": "r/statistics", "controversiality": 0, "depth": 1, "author_flair_background_color": null, "collapsed_because_crowd_control": null, "mod_reports": [], "mod_note": null, "distinguished": null, "_fetched": true}, {"_replies": [], "_submission": "35bbkd", "_reddit": "_reddit", "total_awards_received": 0, "approved_at_utc": null, "ups": 2, "awarders": [], "mod_reason_by": null, "banned_by": null, "author_flair_type": "text", "removal_reason": null, "link_id": "t3_35bbkd", "author_flair_template_id": null, "likes": null, "user_reports": [], "saved": false, "id": "cr3d8xu", "banned_at_utc": null, "mod_reason_title": null, "gilded": 0, "archived": true, "no_follow": true, "author": "samclifford", "can_mod_post": false, "send_replies": true, "parent_id": "t1_cr32djc", "score": 2, "author_fullname": "t2_63zs3", "report_reasons": null, "approved_by": null, "all_awardings": [], "subreddit_id": "t5_2qhfi", "collapsed": false, "body": "If you're only making one pie chart for a small number of levels of the categorical variable, you're better off using a table.\n\nIf you're making multiple pie charts, you're probably better off using stacked bars.", "edited": false, "author_flair_css_class": null, "is_submitter": false, "downs": 0, "author_flair_richtext": [], "author_patreon_flair": false, "body_html": "<div class=\"md\"><p>If you&#39;re only making one pie chart for a small number of levels of the categorical variable, you&#39;re better off using a table.</p>\n\n<p>If you&#39;re making multiple pie charts, you&#39;re probably better off using stacked bars.</p>\n</div>", "gildings": {}, "collapsed_reason": null, "associated_award": null, "stickied": false, "author_premium": false, "subreddit_type": "public", "can_gild": true, "subreddit": "statistics", "author_flair_text_color": null, "score_hidden": false, "permalink": "/r/statistics/comments/35bbkd/a_visual_guide_to_improving_pie_charts/cr3d8xu/", "num_reports": null, "locked": false, "name": "t1_cr3d8xu", "created": 1431179620.0, "author_flair_text": null, "treatment_tags": [], "created_utc": 1431150820.0, "subreddit_name_prefixed": "r/statistics", "controversiality": 0, "depth": 1, "author_flair_background_color": null, "collapsed_because_crowd_control": null, "mod_reports": [], "mod_note": null, "distinguished": null, "_fetched": true}, {"_replies": ["crc2wh7"], "_submission": "35bbkd", "_reddit": "_reddit", "total_awards_received": 0, "approved_at_utc": null, "ups": 4, "awarders": [], "mod_reason_by": null, "banned_by": null, "author_flair_type": "text", "removal_reason": null, "link_id": "t3_35bbkd", "author_flair_template_id": null, "likes": null, "user_reports": [], "saved": false, "id": "cr3fop7", "banned_at_utc": null, "mod_reason_title": null, "gilded": 0, "archived": true, "no_follow": true, "author": "bluecoffee", "can_mod_post": false, "send_replies": true, "parent_id": "t1_cr32djc", "score": 4, "author_fullname": "t2_3pqe5", "report_reasons": null, "approved_by": null, "all_awardings": [], "subreddit_id": "t5_2qhfi", "collapsed": false, "body": "Because the human visual system is bad at judging angle and area. It's best at comparing the lengths of things laid next to each other. ", "edited": false, "author_flair_css_class": null, "is_submitter": false, "downs": 0, "author_flair_richtext": [], "author_patreon_flair": false, "body_html": "<div class=\"md\"><p>Because the human visual system is bad at judging angle and area. It&#39;s best at comparing the lengths of things laid next to each other. </p>\n</div>", "gildings": {}, "collapsed_reason": null, "associated_award": null, "stickied": false, "author_premium": false, "subreddit_type": "public", "can_gild": true, "subreddit": "statistics", "author_flair_text_color": null, "score_hidden": false, "permalink": "/r/statistics/comments/35bbkd/a_visual_guide_to_improving_pie_charts/cr3fop7/", "num_reports": null, "locked": false, "name": "t1_cr3fop7", "created": 1431189957.0, "author_flair_text": null, "treatment_tags": [], "created_utc": 1431161157.0, "subreddit_name_prefixed": "r/statistics", "controversiality": 0, "depth": 1, "author_flair_background_color": null, "collapsed_because_crowd_control": null, "mod_reports": [], "mod_note": null, "distinguished": null, "_fetched": true}, {"_replies": ["cr3ex1d"], "_submission": "35bbkd", "_reddit": "_reddit", "total_awards_received": 0, "approved_at_utc": null, "ups": 3, "awarders": [], "mod_reason_by": null, "banned_by": null, "author_flair_type": "text", "removal_reason": null, "link_id": "t3_35bbkd", "author_flair_template_id": null, "likes": null, "user_reports": [], "saved": false, "id": "cr37qj8", "banned_at_utc": null, "mod_reason_title": null, "gilded": 0, "archived": true, "no_follow": true, "author": "naught101", "can_mod_post": false, "send_replies": true, "parent_id": "t1_cr32djc", "score": 3, "author_fullname": "t2_9hcus", "report_reasons": null, "approved_by": null, "all_awardings": [], "subreddit_id": "t5_2qhfi", "collapsed": false, "body": "It's not. ", "edited": false, "author_flair_css_class": null, "is_submitter": false, "downs": 0, "author_flair_richtext": [], "author_patreon_flair": false, "body_html": "<div class=\"md\"><p>It&#39;s not. </p>\n</div>", "gildings": {}, "collapsed_reason": null, "associated_award": null, "stickied": false, "author_premium": false, "subreddit_type": "public", "can_gild": true, "subreddit": "statistics", "author_flair_text_color": null, "score_hidden": false, "permalink": "/r/statistics/comments/35bbkd/a_visual_guide_to_improving_pie_charts/cr37qj8/", "num_reports": null, "locked": false, "name": "t1_cr37qj8", "created": 1431166426.0, "author_flair_text": null, "treatment_tags": [], "created_utc": 1431137626.0, "subreddit_name_prefixed": "r/statistics", "controversiality": 0, "depth": 1, "author_flair_background_color": null, "collapsed_because_crowd_control": null, "mod_reports": [], "mod_note": null, "distinguished": null, "_fetched": true}, {"_replies": ["cr30gf6"], "_submission": "35bbkd", "_reddit": "_reddit", "total_awards_received": 0, "approved_at_utc": null, "ups": 3, "awarders": [], "mod_reason_by": null, "banned_by": null, "author_flair_type": "text", "removal_reason": null, "link_id": "t3_35bbkd", "author_flair_template_id": null, "likes": null, "user_reports": [], "saved": false, "id": "cr2zbg6", "banned_at_utc": null, "mod_reason_title": null, "gilded": 0, "archived": true, "no_follow": false, "author": "AllezCannes", "can_mod_post": false, "send_replies": true, "parent_id": "t1_cr2wujg", "score": 3, "author_fullname": "t2_c9o7q", "report_reasons": null, "approved_by": null, "all_awardings": [], "subreddit_id": "t5_2qhfi", "collapsed": false, "body": "Stacked bars have their uses. For example, data involving agreement Likert scales in which you want to show the total % of agreement, broken down by \"strongly\" vs. \"somewhat\" agree.", "edited": false, "author_flair_css_class": null, "is_submitter": false, "downs": 0, "author_flair_richtext": [], "author_patreon_flair": false, "body_html": "<div class=\"md\"><p>Stacked bars have their uses. For example, data involving agreement Likert scales in which you want to show the total % of agreement, broken down by &quot;strongly&quot; vs. &quot;somewhat&quot; agree.</p>\n</div>", "gildings": {}, "collapsed_reason": null, "associated_award": null, "stickied": false, "author_premium": false, "subreddit_type": "public", "can_gild": true, "subreddit": "statistics", "author_flair_text_color": null, "score_hidden": false, "permalink": "/r/statistics/comments/35bbkd/a_visual_guide_to_improving_pie_charts/cr2zbg6/", "num_reports": null, "locked": false, "name": "t1_cr2zbg6", "created": 1431150239.0, "author_flair_text": null, "treatment_tags": [], "created_utc": 1431121439.0, "subreddit_name_prefixed": "r/statistics", "controversiality": 0, "depth": 1, "author_flair_background_color": null, "collapsed_because_crowd_control": null, "mod_reports": [], "mod_note": null, "distinguished": null, "_fetched": true}, {"_replies": [], "_submission": "35bbkd", "_reddit": "_reddit", "total_awards_received": 0, "approved_at_utc": null, "ups": 3, "awarders": [], "mod_reason_by": null, "banned_by": null, "author_flair_type": "text", "removal_reason": null, "link_id": "t3_35bbkd", "author_flair_template_id": null, "likes": null, "user_reports": [], "saved": false, "id": "cr3b7f4", "banned_at_utc": null, "mod_reason_title": null, "gilded": 0, "archived": true, "no_follow": true, "author": "factotumjack", "can_mod_post": false, "send_replies": true, "parent_id": "t1_cr2zvgu", "score": 3, "author_fullname": "t2_5s4ur", "report_reasons": null, "approved_by": null, "all_awardings": [], "subreddit_id": "t5_2qhfi", "collapsed": false, "body": "It's not bad advice. The general point is that pie charts are outdone by other options like bar charts in almost every situation.\n\nSo how do you improve a pie chart? You throw it out and try something different.", "edited": false, "author_flair_css_class": null, "is_submitter": false, "downs": 0, "author_flair_richtext": [], "author_patreon_flair": false, "body_html": "<div class=\"md\"><p>It&#39;s not bad advice. The general point is that pie charts are outdone by other options like bar charts in almost every situation.</p>\n\n<p>So how do you improve a pie chart? You throw it out and try something different.</p>\n</div>", "gildings": {}, "collapsed_reason": null, "associated_award": null, "stickied": false, "author_premium": false, "subreddit_type": "public", "can_gild": true, "subreddit": "statistics", "author_flair_text_color": null, "score_hidden": false, "permalink": "/r/statistics/comments/35bbkd/a_visual_guide_to_improving_pie_charts/cr3b7f4/", "num_reports": null, "locked": false, "name": "t1_cr3b7f4", "created": 1431173951.0, "author_flair_text": null, "treatment_tags": [], "created_utc": 1431145151.0, "subreddit_name_prefixed": "r/statistics", "controversiality": 0, "depth": 1, "author_flair_background_color": null, "collapsed_because_crowd_control": null, "mod_reports": [], "mod_note": null, "distinguished": null, "_fetched": true}, {"_replies": [], "_submission": "35bbkd", "_reddit": "_reddit", "total_awards_received": 0, "approved_at_utc": null, "ups": 0, "awarders": [], "mod_reason_by": null, "banned_by": null, "author_flair_type": "text", "removal_reason": null, "link_id": "t3_35bbkd", "author_flair_template_id": null, "likes": null, "user_reports": [], "saved": false, "id": "crc2wh7", "banned_at_utc": null, "mod_reason_title": null, "gilded": 0, "archived": true, "no_follow": true, "author": "DKTim", "can_mod_post": false, "created_utc": 1431883861.0, "send_replies": true, "parent_id": "t1_cr3fop7", "score": 0, "author_fullname": "t2_6igen", "report_reasons": null, "approved_by": null, "all_awardings": [], "subreddit_id": "t5_2qhfi", "body": "I would argue that ~50% of humans are bad a judging and comparing lengths.\n\n(that was a penis joke)", "edited": false, "author_flair_css_class": null, "is_submitter": false, "downs": 0, "author_flair_richtext": [], "author_patreon_flair": false, "body_html": "<div class=\"md\"><p>I would argue that ~50% of humans are bad a judging and comparing lengths.</p>\n\n<p>(that was a penis joke)</p>\n</div>", "gildings": {}, "collapsed_reason": null, "associated_award": null, "stickied": false, "author_premium": false, "subreddit_type": "public", "can_gild": true, "subreddit": "statistics", "author_flair_text_color": null, "score_hidden": false, "permalink": "/r/statistics/comments/35bbkd/a_visual_guide_to_improving_pie_charts/crc2wh7/", "num_reports": null, "locked": false, "name": "t1_crc2wh7", "created": 1431912661.0, "author_flair_text": null, "treatment_tags": [], "collapsed": false, "subreddit_name_prefixed": "r/statistics", "controversiality": 0, "depth": 2, "author_flair_background_color": null, "collapsed_because_crowd_control": null, "mod_reports": [], "mod_note": null, "distinguished": null, "_fetched": true}, {"_replies": ["cr3gz1u"], "_submission": "35bbkd", "_reddit": "_reddit", "total_awards_received": 0, "approved_at_utc": null, "ups": 8, "awarders": [], "mod_reason_by": null, "banned_by": null, "author_flair_type": "text", "removal_reason": null, "link_id": "t3_35bbkd", "author_flair_template_id": null, "likes": null, "user_reports": [], "saved": false, "id": "cr3ex1d", "banned_at_utc": null, "mod_reason_title": null, "gilded": 0, "archived": true, "no_follow": true, "author": "Mitchfarino", "can_mod_post": false, "created_utc": 1431157371.0, "send_replies": true, "parent_id": "t1_cr37qj8", "score": 8, "author_fullname": "t2_9cmyl", "report_reasons": null, "approved_by": null, "all_awardings": [], "subreddit_id": "t5_2qhfi", "body": "On a pie chart, it would be very difficult to see the difference between 13% and 14% without addition labels.\n\nUsing a column chart, sorted by magnitude, the user can quickly see the the difference", "edited": false, "author_flair_css_class": null, "is_submitter": false, "downs": 0, "author_flair_richtext": [], "author_patreon_flair": false, "body_html": "<div class=\"md\"><p>On a pie chart, it would be very difficult to see the difference between 13% and 14% without addition labels.</p>\n\n<p>Using a column chart, sorted by magnitude, the user can quickly see the the difference</p>\n</div>", "gildings": {}, "collapsed_reason": null, "associated_award": null, "stickied": false, "author_premium": false, "subreddit_type": "public", "can_gild": true, "subreddit": "statistics", "author_flair_text_color": null, "score_hidden": false, "permalink": "/r/statistics/comments/35bbkd/a_visual_guide_to_improving_pie_charts/cr3ex1d/", "num_reports": null, "locked": false, "name": "t1_cr3ex1d", "created": 1431186171.0, "author_flair_text": null, "treatment_tags": [], "collapsed": false, "subreddit_name_prefixed": "r/statistics", "controversiality": 0, "depth": 2, "author_flair_background_color": null, "collapsed_because_crowd_control": null, "mod_reports": [], "mod_note": null, "distinguished": null, "_fetched": true}, {"_replies": [], "_submission": "35bbkd", "_reddit": "_reddit", "total_awards_received": 0, "approved_at_utc": null, "ups": 1, "awarders": [], "mod_reason_by": null, "banned_by": null, "author_flair_type": "text", "removal_reason": null, "link_id": "t3_35bbkd", "author_flair_template_id": null, "likes": null, "user_reports": [], "saved": false, "id": "cr30gf6", "banned_at_utc": null, "mod_reason_title": null, "gilded": 0, "archived": true, "no_follow": true, "author": "hyperflare", "can_mod_post": false, "created_utc": 1431123413.0, "send_replies": true, "parent_id": "t1_cr2zbg6", "score": 1, "author_fullname": "t2_l2fbh", "report_reasons": null, "approved_by": null, "all_awardings": [], "subreddit_id": "t5_2qhfi", "body": "I've used them to compare water/sugarwater consumption ratios of mice.", "edited": false, "author_flair_css_class": null, "is_submitter": false, "downs": 0, "author_flair_richtext": [], "author_patreon_flair": false, "body_html": "<div class=\"md\"><p>I&#39;ve used them to compare water/sugarwater consumption ratios of mice.</p>\n</div>", "gildings": {}, "collapsed_reason": null, "associated_award": null, "stickied": false, "author_premium": true, "subreddit_type": "public", "can_gild": true, "subreddit": "statistics", "author_flair_text_color": null, "score_hidden": false, "permalink": "/r/statistics/comments/35bbkd/a_visual_guide_to_improving_pie_charts/cr30gf6/", "num_reports": null, "locked": false, "name": "t1_cr30gf6", "created": 1431152213.0, "author_flair_text": null, "treatment_tags": [], "collapsed": false, "subreddit_name_prefixed": "r/statistics", "controversiality": 0, "depth": 2, "author_flair_background_color": null, "collapsed_because_crowd_control": null, "mod_reports": [], "mod_note": null, "distinguished": null, "_fetched": true}, {"_replies": ["cr3vi4v"], "_submission": "35bbkd", "_reddit": "_reddit", "total_awards_received": 0, "approved_at_utc": null, "ups": -2, "awarders": [], "mod_reason_by": null, "banned_by": null, "author_flair_type": "text", "removal_reason": null, "link_id": "t3_35bbkd", "author_flair_template_id": null, "likes": null, "user_reports": [], "saved": false, "id": "cr3g2y3", "banned_at_utc": null, "mod_reason_title": null, "gilded": 0, "archived": true, "no_follow": true, "author": "carltoncarlton", "can_mod_post": false, "created_utc": 1431163229.0, "send_replies": true, "parent_id": "t1_cr36v6r", "score": -2, "author_fullname": "t2_7zwvm", "report_reasons": null, "approved_by": null, "all_awardings": [], "subreddit_id": "t5_2qhfi", "body": "You can downvote me if you like. Doesn't make any difference!", "edited": false, "author_flair_css_class": null, "is_submitter": false, "downs": 0, "author_flair_richtext": [], "author_patreon_flair": false, "body_html": "<div class=\"md\"><p>You can downvote me if you like. Doesn&#39;t make any difference!</p>\n</div>", "gildings": {}, "collapsed_reason": null, "associated_award": null, "stickied": false, "author_premium": false, "subreddit_type": "public", "can_gild": true, "subreddit": "statistics", "author_flair_text_color": null, "score_hidden": false, "permalink": "/r/statistics/comments/35bbkd/a_visual_guide_to_improving_pie_charts/cr3g2y3/", "num_reports": null, "locked": false, "name": "t1_cr3g2y3", "created": 1431192029.0, "author_flair_text": null, "treatment_tags": [], "collapsed": false, "subreddit_name_prefixed": "r/statistics", "controversiality": 0, "depth": 2, "author_flair_background_color": null, "collapsed_because_crowd_control": null, "mod_reports": [], "mod_note": null, "distinguished": null, "_fetched": true}, {"_replies": ["cr3r631"], "_submission": "35bbkd", "_reddit": "_reddit", "total_awards_received": 0, "approved_at_utc": null, "ups": 2, "awarders": [], "mod_reason_by": null, "banned_by": null, "author_flair_type": "text", "removal_reason": null, "link_id": "t3_35bbkd", "author_flair_template_id": null, "likes": null, "user_reports": [], "saved": false, "id": "cr3nl8p", "banned_at_utc": null, "mod_reason_title": null, "gilded": 0, "archived": true, "no_follow": true, "author": "Gastronomicus", "can_mod_post": false, "send_replies": true, "parent_id": "t1_cr3hvi3", "score": 2, "author_fullname": "t2_8145d", "report_reasons": null, "approved_by": null, "all_awardings": [], "subreddit_id": "t5_2qhfi", "body": "While I think the use is acceptable here, there are many categories and the colour choices are poor. If it was absolutely necessary to include so many categories, you should have used matching colour spectrums for periods e.g. shades of green to blue to purple for paleoindian archaic merging into archaic and into woodland. It would have made reading the figure much more intuitive.", "edited": false, "downs": 0, "author_flair_css_class": null, "is_submitter": false, "collapsed": false, "author_flair_richtext": [], "author_patreon_flair": false, "body_html": "<div class=\"md\"><p>While I think the use is acceptable here, there are many categories and the colour choices are poor. If it was absolutely necessary to include so many categories, you should have used matching colour spectrums for periods e.g. shades of green to blue to purple for paleoindian archaic merging into archaic and into woodland. It would have made reading the figure much more intuitive.</p>\n</div>", "gildings": {}, "collapsed_reason": null, "associated_award": null, "stickied": false, "author_premium": false, "subreddit_type": "public", "can_gild": true, "subreddit": "statistics", "author_flair_text_color": null, "score_hidden": false, "permalink": "/r/statistics/comments/35bbkd/a_visual_guide_to_improving_pie_charts/cr3nl8p/", "num_reports": null, "locked": false, "name": "t1_cr3nl8p", "created": 1431216185.0, "author_flair_text": null, "treatment_tags": [], "created_utc": 1431187385.0, "subreddit_name_prefixed": "r/statistics", "controversiality": 0, "depth": 3, "author_flair_background_color": null, "collapsed_because_crowd_control": null, "mod_reports": [], "mod_note": null, "distinguished": null, "_fetched": true}, {"_replies": ["cr3jkna", "cr3rcar"], "_submission": "35bbkd", "_reddit": "_reddit", "total_awards_received": 0, "approved_at_utc": null, "ups": 4, "awarders": [], "mod_reason_by": null, "banned_by": null, "author_flair_type": "text", "removal_reason": null, "link_id": "t3_35bbkd", "author_flair_template_id": null, "likes": null, "user_reports": [], "saved": false, "id": "cr3j4oi", "banned_at_utc": null, "mod_reason_title": null, "gilded": 0, "archived": true, "no_follow": true, "author": "kurokabau", "can_mod_post": false, "send_replies": true, "parent_id": "t1_cr3hvi3", "score": 4, "author_fullname": "t2_8fvj0", "report_reasons": null, "approved_by": null, "all_awardings": [], "subreddit_id": "t5_2qhfi", "body": "Why not 4 histograms instead?", "edited": false, "downs": 0, "author_flair_css_class": null, "is_submitter": false, "collapsed": false, "author_flair_richtext": [], "author_patreon_flair": false, "body_html": "<div class=\"md\"><p>Why not 4 histograms instead?</p>\n</div>", "gildings": {}, "collapsed_reason": null, "associated_award": null, "stickied": false, "author_premium": false, "subreddit_type": "public", "can_gild": true, "subreddit": "statistics", "author_flair_text_color": null, "score_hidden": false, "permalink": "/r/statistics/comments/35bbkd/a_visual_guide_to_improving_pie_charts/cr3j4oi/", "num_reports": null, "locked": false, "name": "t1_cr3j4oi", "created": 1431205327.0, "author_flair_text": null, "treatment_tags": [], "created_utc": 1431176527.0, "subreddit_name_prefixed": "r/statistics", "controversiality": 0, "depth": 3, "author_flair_background_color": null, "collapsed_because_crowd_control": null, "mod_reports": [], "mod_note": null, "distinguished": null, "_fetched": true}, {"_replies": ["cr3iklr"], "_submission": "35bbkd", "_reddit": "_reddit", "total_awards_received": 0, "approved_at_utc": null, "ups": 5, "awarders": [], "mod_reason_by": null, "banned_by": null, "author_flair_type": "text", "removal_reason": null, "link_id": "t3_35bbkd", "author_flair_template_id": null, "likes": null, "user_reports": [], "saved": false, "id": "cr3gz1u", "banned_at_utc": null, "mod_reason_title": null, "gilded": 0, "archived": true, "no_follow": false, "author": "naught101", "can_mod_post": false, "send_replies": true, "parent_id": "t1_cr3ex1d", "score": 5, "author_fullname": "t2_9hcus", "report_reasons": null, "approved_by": null, "all_awardings": [], "subreddit_id": "t5_2qhfi", "body": "Yes, it's easier to see relative differences on a bar chart. It's hard harder to see the *percentage* of the whole that each column makes up. Especially if there are a lot of columns.", "edited": false, "downs": 0, "author_flair_css_class": null, "is_submitter": false, "collapsed": false, "author_flair_richtext": [], "author_patreon_flair": false, "body_html": "<div class=\"md\"><p>Yes, it&#39;s easier to see relative differences on a bar chart. It&#39;s hard harder to see the <em>percentage</em> of the whole that each column makes up. Especially if there are a lot of columns.</p>\n</div>", "gildings": {}, "collapsed_reason": null, "associated_award": null, "stickied": false, "author_premium": false, "subreddit_type": "public", "can_gild": true, "subreddit": "statistics", "author_flair_text_color": null, "score_hidden": false, "permalink": "/r/statistics/comments/35bbkd/a_visual_guide_to_improving_pie_charts/cr3gz1u/", "num_reports": null, "locked": false, "name": "t1_cr3gz1u", "created": 1431196706.0, "author_flair_text": null, "treatment_tags": [], "created_utc": 1431167906.0, "subreddit_name_prefixed": "r/statistics", "controversiality": 0, "depth": 3, "author_flair_background_color": null, "collapsed_because_crowd_control": null, "mod_reports": [], "mod_note": null, "distinguished": null, "_fetched": true}, {"_replies": [], "_submission": "35bbkd", "_reddit": "_reddit", "total_awards_received": 0, "approved_at_utc": null, "ups": 1, "awarders": [], "mod_reason_by": null, "banned_by": null, "author_flair_type": "text", "removal_reason": null, "link_id": "t3_35bbkd", "author_flair_template_id": null, "likes": null, "user_reports": [], "saved": false, "id": "cr3vi4v", "banned_at_utc": null, "mod_reason_title": null, "gilded": 0, "archived": true, "no_follow": true, "author": "under_psychoanalyzer", "can_mod_post": false, "send_replies": true, "parent_id": "t1_cr3g2y3", "score": 1, "author_fullname": "t2_7ca9q", "report_reasons": null, "approved_by": null, "all_awardings": [], "subreddit_id": "t5_2qhfi", "body": "But but your imaginary Internet points??? ", "edited": false, "downs": 0, "author_flair_css_class": null, "is_submitter": false, "collapsed": false, "author_flair_richtext": [], "author_patreon_flair": false, "body_html": "<div class=\"md\"><p>But but your imaginary Internet points??? </p>\n</div>", "gildings": {}, "collapsed_reason": null, "associated_award": null, "stickied": false, "author_premium": false, "subreddit_type": "public", "can_gild": true, "subreddit": "statistics", "author_flair_text_color": null, "score_hidden": false, "permalink": "/r/statistics/comments/35bbkd/a_visual_guide_to_improving_pie_charts/cr3vi4v/", "num_reports": null, "locked": false, "name": "t1_cr3vi4v", "created": 1431232575.0, "author_flair_text": null, "treatment_tags": [], "created_utc": 1431203775.0, "subreddit_name_prefixed": "r/statistics", "controversiality": 0, "depth": 3, "author_flair_background_color": null, "collapsed_because_crowd_control": null, "mod_reports": [], "mod_note": null, "distinguished": null, "_fetched": true}, {"_replies": [], "_submission": "35bbkd", "_reddit": "_reddit", "total_awards_received": 0, "approved_at_utc": null, "ups": 2, "awarders": [], "mod_reason_by": null, "banned_by": null, "author_flair_type": "text", "removal_reason": null, "link_id": "t3_35bbkd", "author_flair_template_id": null, "likes": null, "user_reports": [], "saved": false, "id": "cr3jkna", "banned_at_utc": null, "mod_reason_title": null, "gilded": 0, "archived": true, "no_follow": true, "author": "Somebody1212", "can_mod_post": false, "send_replies": true, "parent_id": "t1_cr3j4oi", "score": 2, "author_fullname": "t2_m4p1z", "report_reasons": null, "approved_by": null, "all_awardings": [], "subreddit_id": "t5_2qhfi", "collapsed": false, "body": "Why not something like [this](http://betterevaluation.org/sites/default/files/line2.jpg)?", "edited": false, "author_flair_css_class": null, "is_submitter": false, "downs": 0, "author_flair_richtext": [], "author_patreon_flair": false, "body_html": "<div class=\"md\"><p>Why not something like <a href=\"http://betterevaluation.org/sites/default/files/line2.jpg\">this</a>?</p>\n</div>", "gildings": {}, "collapsed_reason": null, "associated_award": null, "stickied": false, "author_premium": false, "subreddit_type": "public", "can_gild": true, "subreddit": "statistics", "author_flair_text_color": null, "score_hidden": false, "permalink": "/r/statistics/comments/35bbkd/a_visual_guide_to_improving_pie_charts/cr3jkna/", "num_reports": null, "locked": false, "name": "t1_cr3jkna", "created": 1431206659.0, "author_flair_text": null, "treatment_tags": [], "created_utc": 1431177859.0, "subreddit_name_prefixed": "r/statistics", "controversiality": 0, "depth": 4, "author_flair_background_color": null, "collapsed_because_crowd_control": null, "mod_reports": [], "mod_note": null, "distinguished": null, "_fetched": true}, {"_replies": ["cr3jng0"], "_submission": "35bbkd", "_reddit": "_reddit", "total_awards_received": 0, "approved_at_utc": null, "ups": 1, "awarders": [], "mod_reason_by": null, "banned_by": null, "author_flair_type": "text", "removal_reason": null, "link_id": "t3_35bbkd", "author_flair_template_id": null, "likes": null, "user_reports": [], "saved": false, "id": "cr3iklr", "banned_at_utc": null, "mod_reason_title": null, "gilded": 0, "archived": true, "no_follow": true, "author": "Mitchfarino", "can_mod_post": false, "send_replies": true, "parent_id": "t1_cr3gz1u", "score": 1, "author_fullname": "t2_9cmyl", "report_reasons": null, "approved_by": null, "all_awardings": [], "subreddit_id": "t5_2qhfi", "collapsed": false, "body": "A pie doesn't show it any better without labels", "edited": false, "author_flair_css_class": null, "is_submitter": false, "downs": 0, "author_flair_richtext": [], "author_patreon_flair": false, "body_html": "<div class=\"md\"><p>A pie doesn&#39;t show it any better without labels</p>\n</div>", "gildings": {}, "collapsed_reason": null, "associated_award": null, "stickied": false, "author_premium": false, "subreddit_type": "public", "can_gild": true, "subreddit": "statistics", "author_flair_text_color": null, "score_hidden": false, "permalink": "/r/statistics/comments/35bbkd/a_visual_guide_to_improving_pie_charts/cr3iklr/", "num_reports": null, "locked": false, "name": "t1_cr3iklr", "created": 1431203473.0, "author_flair_text": null, "treatment_tags": [], "created_utc": 1431174673.0, "subreddit_name_prefixed": "r/statistics", "controversiality": 0, "depth": 4, "author_flair_background_color": null, "collapsed_because_crowd_control": null, "mod_reports": [], "mod_note": null, "distinguished": null, "_fetched": true}, {"_replies": [], "_submission": "35bbkd", "_reddit": "_reddit", "total_awards_received": 0, "approved_at_utc": null, "ups": 1, "awarders": [], "mod_reason_by": null, "banned_by": null, "author_flair_type": "text", "removal_reason": null, "link_id": "t3_35bbkd", "author_flair_template_id": null, "likes": null, "user_reports": [], "saved": false, "id": "cr3tpgf", "banned_at_utc": null, "mod_reason_title": null, "gilded": 0, "archived": true, "no_follow": true, "author": "Gastronomicus", "can_mod_post": false, "created_utc": 1431199928.0, "send_replies": true, "parent_id": "t1_cr3r631", "score": 1, "author_fullname": "t2_8145d", "report_reasons": null, "approved_by": null, "all_awardings": [], "subreddit_id": "t5_2qhfi", "body": "Your reasons may seem clear to you, but to the observer they are poor for distinguishing categories. Additionally, it's very clear that is is based on a progression of time, and using a colour scale that coincides with this change is sensible and considered appropriate.", "edited": 1431200132.0, "author_flair_css_class": null, "is_submitter": false, "downs": 0, "author_flair_richtext": [], "author_patreon_flair": false, "body_html": "<div class=\"md\"><p>Your reasons may seem clear to you, but to the observer they are poor for distinguishing categories. Additionally, it&#39;s very clear that is is based on a progression of time, and using a colour scale that coincides with this change is sensible and considered appropriate.</p>\n</div>", "gildings": {}, "collapsed_reason": null, "associated_award": null, "stickied": false, "author_premium": false, "subreddit_type": "public", "can_gild": true, "subreddit": "statistics", "author_flair_text_color": null, "score_hidden": false, "permalink": "/r/statistics/comments/35bbkd/a_visual_guide_to_improving_pie_charts/cr3tpgf/", "num_reports": null, "locked": false, "name": "t1_cr3tpgf", "created": 1431228728.0, "author_flair_text": null, "treatment_tags": [], "collapsed": false, "subreddit_name_prefixed": "r/statistics", "controversiality": 0, "depth": 5, "author_flair_background_color": null, "collapsed_because_crowd_control": null, "mod_reports": [], "mod_note": null, "distinguished": null, "_fetched": true}, {"_replies": ["cr3rq71"], "_submission": "35bbkd", "_reddit": "_reddit", "total_awards_received": 0, "approved_at_utc": null, "ups": 1, "awarders": [], "mod_reason_by": null, "banned_by": null, "author_flair_type": "text", "removal_reason": null, "link_id": "t3_35bbkd", "author_flair_template_id": null, "likes": null, "user_reports": [], "saved": false, "id": "cr3rit0", "banned_at_utc": null, "mod_reason_title": null, "gilded": 0, "archived": true, "no_follow": true, "author": "kurokabau", "can_mod_post": false, "created_utc": 1431195422.0, "send_replies": true, "parent_id": "t1_cr3rcar", "score": 1, "author_fullname": "t2_8fvj0", "report_reasons": null, "approved_by": null, "all_awardings": [], "subreddit_id": "t5_2qhfi", "body": "Gonna have to disagree with you there.", "edited": false, "author_flair_css_class": null, "is_submitter": false, "downs": 0, "author_flair_richtext": [], "author_patreon_flair": false, "body_html": "<div class=\"md\"><p>Gonna have to disagree with you there.</p>\n</div>", "gildings": {}, "collapsed_reason": null, "associated_award": null, "stickied": false, "author_premium": false, "subreddit_type": "public", "can_gild": true, "subreddit": "statistics", "author_flair_text_color": null, "score_hidden": false, "permalink": "/r/statistics/comments/35bbkd/a_visual_guide_to_improving_pie_charts/cr3rit0/", "num_reports": null, "locked": false, "name": "t1_cr3rit0", "created": 1431224222.0, "author_flair_text": null, "treatment_tags": [], "collapsed": false, "subreddit_name_prefixed": "r/statistics", "controversiality": 0, "depth": 5, "author_flair_background_color": null, "collapsed_because_crowd_control": null, "mod_reports": [], "mod_note": null, "distinguished": null, "_fetched": true}, {"_replies": ["cr3nnsr"], "_submission": "35bbkd", "_reddit": "_reddit", "total_awards_received": 0, "approved_at_utc": null, "ups": 1, "awarders": [], "mod_reason_by": null, "banned_by": null, "author_flair_type": "text", "removal_reason": null, "link_id": "t3_35bbkd", "author_flair_template_id": null, "likes": null, "user_reports": [], "saved": false, "id": "cr3jng0", "banned_at_utc": null, "mod_reason_title": null, "gilded": 0, "archived": true, "no_follow": true, "author": "naught101", "can_mod_post": false, "created_utc": 1431178081.0, "send_replies": true, "parent_id": "t1_cr3iklr", "score": 1, "author_fullname": "t2_9hcus", "report_reasons": null, "approved_by": null, "all_awardings": [], "subreddit_id": "t5_2qhfi", "body": "Yes, a pie chart *does* show *absolute differences* between between fractional differences better than a bar/column chart, in certain circumstances, e.g if the fractions are *not* similar, like 5%, 35%, 60%.", "edited": false, "author_flair_css_class": null, "is_submitter": false, "downs": 0, "author_flair_richtext": [], "author_patreon_flair": false, "body_html": "<div class=\"md\"><p>Yes, a pie chart <em>does</em> show <em>absolute differences</em> between between fractional differences better than a bar/column chart, in certain circumstances, e.g if the fractions are <em>not</em> similar, like 5%, 35%, 60%.</p>\n</div>", "gildings": {}, "collapsed_reason": null, "associated_award": null, "stickied": false, "author_premium": false, "subreddit_type": "public", "can_gild": true, "subreddit": "statistics", "author_flair_text_color": null, "score_hidden": false, "permalink": "/r/statistics/comments/35bbkd/a_visual_guide_to_improving_pie_charts/cr3jng0/", "num_reports": null, "locked": false, "name": "t1_cr3jng0", "created": 1431206881.0, "author_flair_text": null, "treatment_tags": [], "collapsed": false, "subreddit_name_prefixed": "r/statistics", "controversiality": 0, "depth": 5, "author_flair_background_color": null, "collapsed_because_crowd_control": null, "mod_reports": [], "mod_note": null, "distinguished": null, "_fetched": true}, {"_replies": [], "_submission": "35bbkd", "_reddit": "_reddit", "total_awards_received": 0, "approved_at_utc": null, "ups": 3, "awarders": [], "mod_reason_by": null, "banned_by": null, "author_flair_type": "text", "removal_reason": null, "link_id": "t3_35bbkd", "author_flair_template_id": null, "likes": null, "user_reports": [], "saved": false, "id": "cr3nnsr", "banned_at_utc": null, "mod_reason_title": null, "gilded": 0, "archived": true, "no_follow": true, "author": "Gastronomicus", "can_mod_post": false, "send_replies": true, "parent_id": "t1_cr3jng0", "score": 3, "author_fullname": "t2_8145d", "report_reasons": null, "approved_by": null, "all_awardings": [], "subreddit_id": "t5_2qhfi", "body": "If you're not interested in having a proportional sense of magnitude, only that there are categorical differences, yes. If you actually want to indicate to the viewer the importance of the magnitude, a bar chart is far more effective.", "edited": false, "downs": 0, "author_flair_css_class": null, "is_submitter": false, "collapsed": false, "author_flair_richtext": [], "author_patreon_flair": false, "body_html": "<div class=\"md\"><p>If you&#39;re not interested in having a proportional sense of magnitude, only that there are categorical differences, yes. If you actually want to indicate to the viewer the importance of the magnitude, a bar chart is far more effective.</p>\n</div>", "gildings": {}, "collapsed_reason": null, "associated_award": null, "stickied": false, "author_premium": false, "subreddit_type": "public", "can_gild": true, "subreddit": "statistics", "author_flair_text_color": null, "score_hidden": false, "permalink": "/r/statistics/comments/35bbkd/a_visual_guide_to_improving_pie_charts/cr3nnsr/", "num_reports": null, "locked": false, "name": "t1_cr3nnsr", "created": 1431216334.0, "author_flair_text": null, "treatment_tags": [], "created_utc": 1431187534.0, "subreddit_name_prefixed": "r/statistics", "controversiality": 0, "depth": 6, "author_flair_background_color": null, "collapsed_because_crowd_control": null, "mod_reports": [], "mod_note": null, "distinguished": null, "_fetched": true}, {"_replies": ["cr3rzd2"], "_submission": "35bbkd", "_reddit": "_reddit", "total_awards_received": 0, "approved_at_utc": null, "ups": 1, "awarders": [], "mod_reason_by": null, "banned_by": null, "author_flair_type": "text", "removal_reason": null, "link_id": "t3_35bbkd", "author_flair_template_id": null, "likes": null, "user_reports": [], "saved": false, "id": "cr3rued", "banned_at_utc": null, "mod_reason_title": null, "gilded": 0, "archived": true, "no_follow": true, "author": "kurokabau", "can_mod_post": false, "send_replies": true, "parent_id": "t1_cr3rq71", "score": 1, "author_fullname": "t2_8fvj0", "report_reasons": null, "approved_by": null, "all_awardings": [], "subreddit_id": "t5_2qhfi", "collapsed": false, "body": "Eh? I can see your graphs and visually the size of the sections are hard to comprehend. It would be easier to comprehend if it was in a bar chart. It's forcing me to guess the sizes of the sections which is unnecessary.", "edited": false, "author_flair_css_class": null, "is_submitter": false, "downs": 0, "author_flair_richtext": [], "author_patreon_flair": false, "body_html": "<div class=\"md\"><p>Eh? I can see your graphs and visually the size of the sections are hard to comprehend. It would be easier to comprehend if it was in a bar chart. It&#39;s forcing me to guess the sizes of the sections which is unnecessary.</p>\n</div>", "gildings": {}, "collapsed_reason": null, "associated_award": null, "stickied": false, "author_premium": false, "subreddit_type": "public", "can_gild": true, "subreddit": "statistics", "author_flair_text_color": null, "score_hidden": false, "permalink": "/r/statistics/comments/35bbkd/a_visual_guide_to_improving_pie_charts/cr3rued/", "num_reports": null, "locked": false, "name": "t1_cr3rued", "created": 1431224864.0, "author_flair_text": null, "treatment_tags": [], "created_utc": 1431196064.0, "subreddit_name_prefixed": "r/statistics", "controversiality": 0, "depth": 7, "author_flair_background_color": null, "collapsed_because_crowd_control": null, "mod_reports": [], "mod_note": null, "distinguished": null, "_fetched": true}, {"_replies": [], "_submission": "35bbkd", "_reddit": "_reddit", "total_awards_received": 0, "approved_at_utc": null, "ups": 1, "awarders": [], "mod_reason_by": null, "banned_by": null, "author_flair_type": "text", "removal_reason": null, "link_id": "t3_35bbkd", "author_flair_template_id": null, "likes": null, "user_reports": [], "saved": false, "id": "cr3s3f6", "banned_at_utc": null, "mod_reason_title": null, "gilded": 0, "archived": true, "no_follow": true, "author": "kurokabau", "can_mod_post": false, "send_replies": true, "parent_id": "t1_cr3rzd2", "score": 1, "author_fullname": "t2_8fvj0", "report_reasons": null, "approved_by": null, "all_awardings": [], "subreddit_id": "t5_2qhfi", "body": "But the proportions are still hard to comprehend. Let's take the last one, Late Archaic and middle archaic. I have no idea what the ratio between those two are. Literally no idea. I'm going to guess somewhere between 15 - 20 times as big? It would be so much easier to know the ratio between them with a bar chart and actual values labelled.\n\nDo you have the raw values you used for your plots to hand?", "edited": false, "downs": 0, "author_flair_css_class": null, "is_submitter": false, "collapsed": false, "author_flair_richtext": [], "author_patreon_flair": false, "body_html": "<div class=\"md\"><p>But the proportions are still hard to comprehend. Let&#39;s take the last one, Late Archaic and middle archaic. I have no idea what the ratio between those two are. Literally no idea. I&#39;m going to guess somewhere between 15 - 20 times as big? It would be so much easier to know the ratio between them with a bar chart and actual values labelled.</p>\n\n<p>Do you have the raw values you used for your plots to hand?</p>\n</div>", "gildings": {}, "collapsed_reason": null, "associated_award": null, "stickied": false, "author_premium": false, "subreddit_type": "public", "can_gild": true, "subreddit": "statistics", "author_flair_text_color": null, "score_hidden": false, "permalink": "/r/statistics/comments/35bbkd/a_visual_guide_to_improving_pie_charts/cr3s3f6/", "num_reports": null, "locked": false, "name": "t1_cr3s3f6", "created": 1431225353.0, "author_flair_text": null, "treatment_tags": [], "created_utc": 1431196553.0, "subreddit_name_prefixed": "r/statistics", "controversiality": 0, "depth": 9, "author_flair_background_color": null, "collapsed_because_crowd_control": null, "mod_reports": [], "mod_note": null, "distinguished": null, "_fetched": true}]}