{"_reddit": "_reddit", "approved_at_utc": null, "subreddit": "statistics", "selftext": "", "author_fullname": "t2_c9o7q", "saved": false, "mod_reason_title": null, "gilded": 0, "clicked": false, "title": "Sorry ARIMA, but I\u2019m Going Bayesian", "link_flair_richtext": [], "subreddit_name_prefixed": "r/statistics", "hidden": false, "pwls": 6, "link_flair_css_class": null, "downs": 0, "hide_score": false, "name": "t3_4fw1bn", "quarantine": false, "link_flair_text_color": "dark", "upvote_ratio": 0.96, "author_flair_background_color": null, "subreddit_type": "public", "ups": 105, "total_awards_received": 0, "media_embed": {}, "author_flair_template_id": null, "is_original_content": false, "user_reports": [], "secure_media": null, "is_reddit_media_domain": false, "is_meta": false, "category": null, "secure_media_embed": {}, "link_flair_text": null, "can_mod_post": false, "score": 105, "approved_by": null, "author_premium": false, "thumbnail": "", "edited": false, "author_flair_css_class": null, "author_flair_richtext": [], "gildings": {}, "content_categories": null, "is_self": false, "mod_note": null, "created": 1461314026.0, "link_flair_type": "text", "wls": 6, "removed_by_category": null, "banned_by": null, "author_flair_type": "text", "domain": "multithreaded.stitchfix.com", "allow_live_comments": false, "selftext_html": null, "likes": null, "suggested_sort": null, "banned_at_utc": null, "view_count": null, "archived": true, "no_follow": false, "is_crosspostable": true, "pinned": false, "over_18": false, "all_awardings": [], "awarders": [], "media_only": false, "can_gild": true, "spoiler": false, "locked": false, "author_flair_text": null, "treatment_tags": [], "visited": false, "removed_by": null, "num_reports": null, "distinguished": null, "subreddit_id": "t5_2qhfi", "mod_reason_by": null, "removal_reason": null, "link_flair_background_color": "", "id": "4fw1bn", "is_robot_indexable": true, "report_reasons": null, "author": "AllezCannes", "discussion_type": null, "num_comments": 20, "send_replies": true, "whitelist_status": "all_ads", "contest_mode": false, "mod_reports": [], "author_patreon_flair": false, "author_flair_text_color": null, "permalink": "/r/statistics/comments/4fw1bn/sorry_arima_but_im_going_bayesian/", "parent_whitelist_status": "all_ads", "stickied": false, "url": "http://multithreaded.stitchfix.com/blog/2016/04/21/forget-arima/", "subreddit_subscribers": 106208, "created_utc": 1461285226.0, "num_crossposts": 0, "media": null, "is_video": false, "_fetched": false, "comment_limit": 2048, "comment_sort": "best", "_comments_by_id": {}, "_comments": [{"_replies": ["d2difsj"], "_submission": "4fw1bn", "_reddit": "_reddit", "total_awards_received": 0, "approved_at_utc": null, "ups": 12, "awarders": [], "mod_reason_by": null, "banned_by": null, "author_flair_type": "text", "removal_reason": null, "link_id": "t3_4fw1bn", "author_flair_template_id": null, "likes": null, "user_reports": [], "saved": false, "id": "d2d44m9", "banned_at_utc": null, "mod_reason_title": null, "gilded": 0, "archived": true, "no_follow": false, "author": "noahpoah", "can_mod_post": false, "send_replies": true, "parent_id": "t3_4fw1bn", "score": 12, "author_fullname": "t2_6eeu6", "report_reasons": null, "approved_by": null, "all_awardings": [], "subreddit_id": "t5_2qhfi", "body": "Can't you estimate the parameters of an ARIMA model using Bayesian estimation? And couldn't you fit the (b)sts model using, say, maximum likelihood estimation?\n\nThe point being that there isn't a unidimensional contrast between ARIMA and Bayesian model fitting here. There's ARIMA vs structural time series modeling, and there's Bayesian vs non-Bayesian estimation.\n\n> the [ARIMA] model does not tell us much about the time series itself. In other words, we cannot visualize the \u201cstory\u201d of the model. All we know is that we can fit the data well using a combination of moving averages and lagged terms.\n\nWell, if you analyze the fitted ARIMA model, you can learn quite a bit more about what it's telling you than that the fit is good. I'm a bit less familiar with the I part of the model, but the autoregression and moving average components of an ARMA model can be used to visualize the spectral structure of the system in question. In this case, it would, if I'm not mistaken, give you a picture of the periodic seasonal variation.\n\nOf course, this might be a pain in the butt with the `arima()` function in R, but it's not an in-principle problem with these types of time series models.\n\n>Last, but not least, any ARIMA model can be recast as a structural model.\n\nOkay, so I guess I take back what I said above. There isn't even a contrast between ARIMA and structural time series modeling, apparently.", "edited": false, "downs": 0, "author_flair_css_class": null, "is_submitter": false, "collapsed": false, "author_flair_richtext": [], "author_patreon_flair": false, "body_html": "<div class=\"md\"><p>Can&#39;t you estimate the parameters of an ARIMA model using Bayesian estimation? And couldn&#39;t you fit the (b)sts model using, say, maximum likelihood estimation?</p>\n\n<p>The point being that there isn&#39;t a unidimensional contrast between ARIMA and Bayesian model fitting here. There&#39;s ARIMA vs structural time series modeling, and there&#39;s Bayesian vs non-Bayesian estimation.</p>\n\n<blockquote>\n<p>the [ARIMA] model does not tell us much about the time series itself. In other words, we cannot visualize the \u201cstory\u201d of the model. All we know is that we can fit the data well using a combination of moving averages and lagged terms.</p>\n</blockquote>\n\n<p>Well, if you analyze the fitted ARIMA model, you can learn quite a bit more about what it&#39;s telling you than that the fit is good. I&#39;m a bit less familiar with the I part of the model, but the autoregression and moving average components of an ARMA model can be used to visualize the spectral structure of the system in question. In this case, it would, if I&#39;m not mistaken, give you a picture of the periodic seasonal variation.</p>\n\n<p>Of course, this might be a pain in the butt with the <code>arima()</code> function in R, but it&#39;s not an in-principle problem with these types of time series models.</p>\n\n<blockquote>\n<p>Last, but not least, any ARIMA model can be recast as a structural model.</p>\n</blockquote>\n\n<p>Okay, so I guess I take back what I said above. There isn&#39;t even a contrast between ARIMA and structural time series modeling, apparently.</p>\n</div>", "gildings": {}, "collapsed_reason": null, "associated_award": null, "stickied": false, "author_premium": false, "subreddit_type": "public", "can_gild": true, "subreddit": "statistics", "author_flair_text_color": null, "score_hidden": false, "permalink": "/r/statistics/comments/4fw1bn/sorry_arima_but_im_going_bayesian/d2d44m9/", "num_reports": null, "locked": false, "name": "t1_d2d44m9", "created": 1461366028.0, "author_flair_text": null, "treatment_tags": [], "created_utc": 1461337228.0, "subreddit_name_prefixed": "r/statistics", "controversiality": 0, "depth": 0, "author_flair_background_color": null, "collapsed_because_crowd_control": null, "mod_reports": [], "mod_note": null, "distinguished": null, "_fetched": true}, {"_replies": ["d2cz6of"], "_submission": "4fw1bn", "_reddit": "_reddit", "total_awards_received": 0, "approved_at_utc": null, "ups": 8, "awarders": [], "mod_reason_by": null, "banned_by": null, "author_flair_type": "text", "removal_reason": null, "link_id": "t3_4fw1bn", "author_flair_template_id": null, "likes": null, "user_reports": [], "saved": false, "id": "d2cuyik", "banned_at_utc": null, "mod_reason_title": null, "gilded": 0, "archived": true, "no_follow": false, "author": "TheLogothete", "can_mod_post": false, "send_replies": true, "parent_id": "t3_4fw1bn", "score": 8, "author_fullname": "t2_n003n", "report_reasons": null, "approved_by": null, "all_awardings": [], "subreddit_id": "t5_2qhfi", "body": "That's a very unfair comparison. Why compare with arima? Compare with multi level models instead. ", "edited": false, "downs": 0, "author_flair_css_class": null, "is_submitter": false, "collapsed": false, "author_flair_richtext": [], "author_patreon_flair": false, "body_html": "<div class=\"md\"><p>That&#39;s a very unfair comparison. Why compare with arima? Compare with multi level models instead. </p>\n</div>", "gildings": {}, "collapsed_reason": null, "associated_award": null, "stickied": false, "author_premium": false, "subreddit_type": "public", "can_gild": true, "subreddit": "statistics", "author_flair_text_color": null, "score_hidden": false, "permalink": "/r/statistics/comments/4fw1bn/sorry_arima_but_im_going_bayesian/d2cuyik/", "num_reports": null, "locked": false, "name": "t1_d2cuyik", "created": 1461345514.0, "author_flair_text": null, "treatment_tags": [], "created_utc": 1461316714.0, "subreddit_name_prefixed": "r/statistics", "controversiality": 0, "depth": 0, "author_flair_background_color": null, "collapsed_because_crowd_control": null, "mod_reports": [], "mod_note": null, "distinguished": null, "_fetched": true}, {"_replies": ["d2dj7dh"], "_submission": "4fw1bn", "_reddit": "_reddit", "total_awards_received": 0, "approved_at_utc": null, "ups": 6, "awarders": [], "mod_reason_by": null, "banned_by": null, "author_flair_type": "text", "removal_reason": null, "link_id": "t3_4fw1bn", "author_flair_template_id": null, "likes": null, "user_reports": [], "saved": false, "id": "d2d533g", "banned_at_utc": null, "mod_reason_title": null, "gilded": 0, "archived": true, "no_follow": true, "author": "glen_moutrie", "can_mod_post": false, "send_replies": true, "parent_id": "t3_4fw1bn", "score": 6, "author_fullname": "t2_xde53", "report_reasons": null, "approved_by": null, "all_awardings": [], "subreddit_id": "t5_2qhfi", "body": "For one thing, this package has dependencies that are failing on CRAN, (https://cran.r-project.org/web/checks/check_results_Boom.html) so anyone trying this out for the first time they are likely to run into problems.\n\nSecondly Structural Time Series are a broad set of models which includes auto-regressive lags and moving average lags. In fact to quote the original paper that was associated with this R package states that \"a very large class of models can be expressed in state space form, including all ARIMA and VARMA models\" (http://people.ischool.berkeley.edu/~hal/Papers/2013/pred-present-with-bsts.pdf). BSTS models can have just as much if not more hidden complexity. Just because you get a decomposition plot doesn't mean you have transparency.\n\nARIMA has the advantage of being parsimonious (satisfying Occam's Razor), and can provide closed form solutions when there is no MA component. Don't get me wrong, I like BSTS, but don't throw the baby out with the bath water.", "edited": 1461338900.0, "downs": 0, "author_flair_css_class": null, "is_submitter": false, "collapsed": false, "author_flair_richtext": [], "author_patreon_flair": false, "body_html": "<div class=\"md\"><p>For one thing, this package has dependencies that are failing on CRAN, (<a href=\"https://cran.r-project.org/web/checks/check_results_Boom.html\">https://cran.r-project.org/web/checks/check_results_Boom.html</a>) so anyone trying this out for the first time they are likely to run into problems.</p>\n\n<p>Secondly Structural Time Series are a broad set of models which includes auto-regressive lags and moving average lags. In fact to quote the original paper that was associated with this R package states that &quot;a very large class of models can be expressed in state space form, including all ARIMA and VARMA models&quot; (<a href=\"http://people.ischool.berkeley.edu/%7Ehal/Papers/2013/pred-present-with-bsts.pdf\">http://people.ischool.berkeley.edu/~hal/Papers/2013/pred-present-with-bsts.pdf</a>). BSTS models can have just as much if not more hidden complexity. Just because you get a decomposition plot doesn&#39;t mean you have transparency.</p>\n\n<p>ARIMA has the advantage of being parsimonious (satisfying Occam&#39;s Razor), and can provide closed form solutions when there is no MA component. Don&#39;t get me wrong, I like BSTS, but don&#39;t throw the baby out with the bath water.</p>\n</div>", "gildings": {}, "collapsed_reason": null, "associated_award": null, "stickied": false, "author_premium": false, "subreddit_type": "public", "can_gild": true, "subreddit": "statistics", "author_flair_text_color": null, "score_hidden": false, "permalink": "/r/statistics/comments/4fw1bn/sorry_arima_but_im_going_bayesian/d2d533g/", "num_reports": null, "locked": false, "name": "t1_d2d533g", "created": 1461367352.0, "author_flair_text": null, "treatment_tags": [], "created_utc": 1461338552.0, "subreddit_name_prefixed": "r/statistics", "controversiality": 0, "depth": 0, "author_flair_background_color": null, "collapsed_because_crowd_control": null, "mod_reports": [], "mod_note": null, "distinguished": null, "_fetched": true}, {"_replies": [], "_submission": "4fw1bn", "_reddit": "_reddit", "total_awards_received": 0, "approved_at_utc": null, "ups": 4, "awarders": [], "mod_reason_by": null, "banned_by": null, "author_flair_type": "text", "removal_reason": null, "link_id": "t3_4fw1bn", "author_flair_template_id": null, "likes": null, "user_reports": [], "saved": false, "id": "d2cr47e", "banned_at_utc": null, "mod_reason_title": null, "gilded": 0, "archived": true, "no_follow": false, "author": "holycrapoctopus", "can_mod_post": false, "send_replies": true, "parent_id": "t3_4fw1bn", "score": 4, "author_fullname": "t2_c3009", "report_reasons": null, "approved_by": null, "all_awardings": [], "subreddit_id": "t5_2qhfi", "body": "I'm not sure how convinced I am that this method is better-suited to TSA than SARIMA(X), but I guess I'm used to having more/better data than the samples the author describes. Super interesting", "edited": false, "downs": 0, "author_flair_css_class": null, "is_submitter": false, "collapsed": false, "author_flair_richtext": [], "author_patreon_flair": false, "body_html": "<div class=\"md\"><p>I&#39;m not sure how convinced I am that this method is better-suited to TSA than SARIMA(X), but I guess I&#39;m used to having more/better data than the samples the author describes. Super interesting</p>\n</div>", "gildings": {}, "collapsed_reason": null, "associated_award": null, "stickied": false, "author_premium": false, "subreddit_type": "public", "can_gild": true, "subreddit": "statistics", "author_flair_text_color": null, "score_hidden": false, "permalink": "/r/statistics/comments/4fw1bn/sorry_arima_but_im_going_bayesian/d2cr47e/", "num_reports": null, "locked": false, "name": "t1_d2cr47e", "created": 1461332996.0, "author_flair_text": null, "treatment_tags": [], "created_utc": 1461304196.0, "subreddit_name_prefixed": "r/statistics", "controversiality": 0, "depth": 0, "author_flair_background_color": null, "collapsed_because_crowd_control": null, "mod_reports": [], "mod_note": null, "distinguished": null, "_fetched": true}, {"_replies": [], "_submission": "4fw1bn", "_reddit": "_reddit", "total_awards_received": 0, "approved_at_utc": null, "ups": 11, "awarders": [], "mod_reason_by": null, "banned_by": null, "author_flair_type": "text", "removal_reason": null, "link_id": "t3_4fw1bn", "author_flair_template_id": null, "likes": null, "user_reports": [], "saved": false, "id": "d2cxbhg", "banned_at_utc": null, "mod_reason_title": null, "gilded": 0, "archived": true, "no_follow": false, "author": "dafuqup", "can_mod_post": false, "send_replies": true, "parent_id": "t3_4fw1bn", "score": 11, "author_fullname": "t2_a5314", "report_reasons": null, "approved_by": null, "all_awardings": [], "subreddit_id": "t5_2qhfi", "body": "Everytime I read those titles I get excited only to see that the author uses R or some other program to prove a point instead of actually showing it using math.\nAnyways, ARIMA models still provide distributions of future values and not just a single answer. ", "edited": 1461330298.0, "downs": 0, "author_flair_css_class": null, "is_submitter": false, "collapsed": false, "author_flair_richtext": [], "author_patreon_flair": false, "body_html": "<div class=\"md\"><p>Everytime I read those titles I get excited only to see that the author uses R or some other program to prove a point instead of actually showing it using math.\nAnyways, ARIMA models still provide distributions of future values and not just a single answer. </p>\n</div>", "gildings": {}, "collapsed_reason": null, "associated_award": null, "stickied": false, "author_premium": false, "subreddit_type": "public", "can_gild": true, "subreddit": "statistics", "author_flair_text_color": null, "score_hidden": false, "permalink": "/r/statistics/comments/4fw1bn/sorry_arima_but_im_going_bayesian/d2cxbhg/", "num_reports": null, "locked": false, "name": "t1_d2cxbhg", "created": 1461353733.0, "author_flair_text": null, "treatment_tags": [], "created_utc": 1461324933.0, "subreddit_name_prefixed": "r/statistics", "controversiality": 0, "depth": 0, "author_flair_background_color": null, "collapsed_because_crowd_control": null, "mod_reports": [], "mod_note": null, "distinguished": null, "_fetched": true}, {"_replies": ["d2ejuio"], "_submission": "4fw1bn", "_reddit": "_reddit", "total_awards_received": 0, "approved_at_utc": null, "ups": 3, "awarders": [], "mod_reason_by": null, "banned_by": null, "author_flair_type": "text", "removal_reason": null, "link_id": "t3_4fw1bn", "author_flair_template_id": null, "likes": null, "user_reports": [], "saved": false, "id": "d2eeel9", "banned_at_utc": null, "mod_reason_title": null, "gilded": 0, "archived": true, "no_follow": true, "author": "dracheschreck", "can_mod_post": false, "send_replies": true, "parent_id": "t3_4fw1bn", "score": 3, "author_fullname": "t2_d7ehn", "report_reasons": null, "approved_by": null, "all_awardings": [], "subreddit_id": "t5_2qhfi", "body": "How about Gaussian process regression? I think it could be applied to this problem.", "edited": false, "downs": 0, "author_flair_css_class": null, "is_submitter": false, "collapsed": false, "author_flair_richtext": [], "author_patreon_flair": false, "body_html": "<div class=\"md\"><p>How about Gaussian process regression? I think it could be applied to this problem.</p>\n</div>", "gildings": {}, "collapsed_reason": null, "associated_award": null, "stickied": false, "author_premium": false, "subreddit_type": "public", "can_gild": true, "subreddit": "statistics", "author_flair_text_color": null, "score_hidden": false, "permalink": "/r/statistics/comments/4fw1bn/sorry_arima_but_im_going_bayesian/d2eeel9/", "num_reports": null, "locked": false, "name": "t1_d2eeel9", "created": 1461458560.0, "author_flair_text": null, "treatment_tags": [], "created_utc": 1461429760.0, "subreddit_name_prefixed": "r/statistics", "controversiality": 0, "depth": 0, "author_flair_background_color": null, "collapsed_because_crowd_control": null, "mod_reports": [], "mod_note": null, "distinguished": null, "_fetched": true}, {"_replies": [], "_submission": "4fw1bn", "_reddit": "_reddit", "total_awards_received": 0, "approved_at_utc": null, "ups": 1, "awarders": [], "mod_reason_by": null, "banned_by": null, "author_flair_type": "text", "removal_reason": null, "link_id": "t3_4fw1bn", "author_flair_template_id": null, "likes": null, "user_reports": [], "saved": false, "id": "d2dutjr", "banned_at_utc": null, "mod_reason_title": null, "gilded": 0, "archived": true, "no_follow": true, "author": "merlot85", "can_mod_post": false, "send_replies": true, "parent_id": "t3_4fw1bn", "score": 1, "author_fullname": "t2_ueabm", "report_reasons": null, "approved_by": null, "all_awardings": [], "subreddit_id": "t5_2qhfi", "body": "Very poor comparison. The oh so marvelous \"story\" the author wants is nothing that can't be found by regressing on time and with seasonal dummies. He spent a lot of effort doing something fancy and clearly doesn't know the basics of ARIMA. This is like saying \"histograms don't show me a trend, they shouldn't be used!\"\n\nAll fancy words and lack of basic understanding. Great example of why I avoid data science and data scientists.", "edited": false, "downs": 0, "author_flair_css_class": null, "is_submitter": false, "collapsed": false, "author_flair_richtext": [], "author_patreon_flair": false, "body_html": "<div class=\"md\"><p>Very poor comparison. The oh so marvelous &quot;story&quot; the author wants is nothing that can&#39;t be found by regressing on time and with seasonal dummies. He spent a lot of effort doing something fancy and clearly doesn&#39;t know the basics of ARIMA. This is like saying &quot;histograms don&#39;t show me a trend, they shouldn&#39;t be used!&quot;</p>\n\n<p>All fancy words and lack of basic understanding. Great example of why I avoid data science and data scientists.</p>\n</div>", "gildings": {}, "collapsed_reason": null, "associated_award": null, "stickied": false, "author_premium": false, "subreddit_type": "public", "can_gild": true, "subreddit": "statistics", "author_flair_text_color": null, "score_hidden": false, "permalink": "/r/statistics/comments/4fw1bn/sorry_arima_but_im_going_bayesian/d2dutjr/", "num_reports": null, "locked": false, "name": "t1_d2dutjr", "created": 1461406342.0, "author_flair_text": null, "treatment_tags": [], "created_utc": 1461377542.0, "subreddit_name_prefixed": "r/statistics", "controversiality": 0, "depth": 0, "author_flair_background_color": null, "collapsed_because_crowd_control": null, "mod_reports": [], "mod_note": null, "distinguished": null, "_fetched": true}, {"_replies": ["d2dqeh2"], "_submission": "4fw1bn", "_reddit": "_reddit", "total_awards_received": 0, "approved_at_utc": null, "ups": 3, "awarders": [], "mod_reason_by": null, "banned_by": null, "author_flair_type": "text", "removal_reason": null, "link_id": "t3_4fw1bn", "author_flair_template_id": null, "likes": null, "user_reports": [], "saved": false, "id": "d2difsj", "banned_at_utc": null, "mod_reason_title": null, "gilded": 0, "archived": true, "no_follow": true, "author": "holycrapoctopus", "can_mod_post": false, "send_replies": true, "parent_id": "t1_d2d44m9", "score": 3, "author_fullname": "t2_c3009", "report_reasons": null, "approved_by": null, "all_awardings": [], "subreddit_id": "t5_2qhfi", "collapsed": false, "body": "You can definitely control for seasonality with ARIMA, and the \"I\" implies differencing which can help with non-stationary data (i.e. trend). It's also fairly simple to include explanatory input variables (ARIMAX). The author seems to believe that you can't separate out these components in an ARIMA model, but you can. \n\nBy structural model, do you mean a stochastic linear difference equation or state space model? Because you can definitely represent an ARIMA model in those ways. I think the author is using the term in a Bayesian sense, but admittedly I'm not well versed in that stuff.", "edited": false, "author_flair_css_class": null, "is_submitter": false, "downs": 0, "author_flair_richtext": [], "author_patreon_flair": false, "body_html": "<div class=\"md\"><p>You can definitely control for seasonality with ARIMA, and the &quot;I&quot; implies differencing which can help with non-stationary data (i.e. trend). It&#39;s also fairly simple to include explanatory input variables (ARIMAX). The author seems to believe that you can&#39;t separate out these components in an ARIMA model, but you can. </p>\n\n<p>By structural model, do you mean a stochastic linear difference equation or state space model? Because you can definitely represent an ARIMA model in those ways. I think the author is using the term in a Bayesian sense, but admittedly I&#39;m not well versed in that stuff.</p>\n</div>", "gildings": {}, "collapsed_reason": null, "associated_award": null, "stickied": false, "author_premium": false, "subreddit_type": "public", "can_gild": true, "subreddit": "statistics", "author_flair_text_color": null, "score_hidden": false, "permalink": "/r/statistics/comments/4fw1bn/sorry_arima_but_im_going_bayesian/d2difsj/", "num_reports": null, "locked": false, "name": "t1_d2difsj", "created": 1461385597.0, "author_flair_text": null, "treatment_tags": [], "created_utc": 1461356797.0, "subreddit_name_prefixed": "r/statistics", "controversiality": 0, "depth": 1, "author_flair_background_color": null, "collapsed_because_crowd_control": null, "mod_reports": [], "mod_note": null, "distinguished": null, "_fetched": true}, {"_replies": ["d2d0pvf"], "_submission": "4fw1bn", "_reddit": "_reddit", "total_awards_received": 0, "approved_at_utc": null, "ups": 5, "awarders": [], "mod_reason_by": null, "banned_by": null, "author_flair_type": "text", "removal_reason": null, "link_id": "t3_4fw1bn", "author_flair_template_id": null, "likes": null, "user_reports": [], "saved": false, "id": "d2cz6of", "banned_at_utc": null, "mod_reason_title": null, "gilded": 0, "archived": true, "no_follow": false, "author": "holycrapoctopus", "can_mod_post": false, "send_replies": true, "parent_id": "t1_d2cuyik", "score": 5, "author_fullname": "t2_c3009", "report_reasons": null, "approved_by": null, "all_awardings": [], "subreddit_id": "t5_2qhfi", "collapsed": false, "body": "Can you really do the kind of detrending, differencing, or error-averaging with mixed fx that you do with ARIMA, though? Or even the same kind of seasonality adjustments? My understanding was that multilevel/hierarchical/mixed fx models are more geared toward panel data sampled from nested units, with exogenous predictors.", "edited": false, "author_flair_css_class": null, "is_submitter": false, "downs": 0, "author_flair_richtext": [], "author_patreon_flair": false, "body_html": "<div class=\"md\"><p>Can you really do the kind of detrending, differencing, or error-averaging with mixed fx that you do with ARIMA, though? Or even the same kind of seasonality adjustments? My understanding was that multilevel/hierarchical/mixed fx models are more geared toward panel data sampled from nested units, with exogenous predictors.</p>\n</div>", "gildings": {}, "collapsed_reason": null, "associated_award": null, "stickied": false, "author_premium": false, "subreddit_type": "public", "can_gild": true, "subreddit": "statistics", "author_flair_text_color": null, "score_hidden": false, "permalink": "/r/statistics/comments/4fw1bn/sorry_arima_but_im_going_bayesian/d2cz6of/", "num_reports": null, "locked": false, "name": "t1_d2cz6of", "created": 1461358143.0, "author_flair_text": null, "treatment_tags": [], "created_utc": 1461329343.0, "subreddit_name_prefixed": "r/statistics", "controversiality": 0, "depth": 1, "author_flair_background_color": null, "collapsed_because_crowd_control": null, "mod_reports": [], "mod_note": null, "distinguished": null, "_fetched": true}, {"_replies": ["d2gclqz"], "_submission": "4fw1bn", "_reddit": "_reddit", "total_awards_received": 0, "approved_at_utc": null, "ups": 2, "awarders": [], "mod_reason_by": null, "banned_by": null, "author_flair_type": "text", "removal_reason": null, "link_id": "t3_4fw1bn", "author_flair_template_id": null, "likes": null, "user_reports": [], "saved": false, "id": "d2dj7dh", "banned_at_utc": null, "mod_reason_title": null, "gilded": 0, "archived": true, "no_follow": true, "author": "coffeecoffeecoffeee", "can_mod_post": false, "send_replies": true, "parent_id": "t1_d2d533g", "score": 2, "author_fullname": "t2_fnb6r", "report_reasons": null, "approved_by": null, "all_awardings": [], "subreddit_id": "t5_2qhfi", "collapsed": false, "body": "> For one thing, this package has dependencies that are failing on CRAN, (https://cran.r-project.org/web/checks/check_results_Boom.html) so anyone trying this out for the first time they are likely to run into problems.\n\n[They're over here](http://multithreaded.stitchfix.com/blog/2016/01/13/market-watch/) in the \"How to Install\" section.", "edited": false, "author_flair_css_class": null, "is_submitter": false, "downs": 0, "author_flair_richtext": [], "author_patreon_flair": false, "body_html": "<div class=\"md\"><blockquote>\n<p>For one thing, this package has dependencies that are failing on CRAN, (<a href=\"https://cran.r-project.org/web/checks/check_results_Boom.html\">https://cran.r-project.org/web/checks/check_results_Boom.html</a>) so anyone trying this out for the first time they are likely to run into problems.</p>\n</blockquote>\n\n<p><a href=\"http://multithreaded.stitchfix.com/blog/2016/01/13/market-watch/\">They&#39;re over here</a> in the &quot;How to Install&quot; section.</p>\n</div>", "gildings": {}, "collapsed_reason": null, "associated_award": null, "stickied": false, "author_premium": false, "subreddit_type": "public", "can_gild": true, "subreddit": "statistics", "author_flair_text_color": null, "score_hidden": false, "permalink": "/r/statistics/comments/4fw1bn/sorry_arima_but_im_going_bayesian/d2dj7dh/", "num_reports": null, "locked": false, "name": "t1_d2dj7dh", "created": 1461386724.0, "author_flair_text": null, "treatment_tags": [], "created_utc": 1461357924.0, "subreddit_name_prefixed": "r/statistics", "controversiality": 0, "depth": 1, "author_flair_background_color": null, "collapsed_because_crowd_control": null, "mod_reports": [], "mod_note": null, "distinguished": null, "_fetched": true}, {"_replies": [], "_submission": "4fw1bn", "_reddit": "_reddit", "total_awards_received": 0, "approved_at_utc": null, "ups": 2, "awarders": [], "mod_reason_by": null, "banned_by": null, "author_flair_type": "text", "removal_reason": null, "link_id": "t3_4fw1bn", "author_flair_template_id": null, "likes": null, "user_reports": [], "saved": false, "id": "d2ejuio", "banned_at_utc": null, "mod_reason_title": null, "gilded": 0, "archived": true, "no_follow": true, "author": "merlot85", "can_mod_post": false, "send_replies": true, "parent_id": "t1_d2eeel9", "score": 2, "author_fullname": "t2_ueabm", "report_reasons": null, "approved_by": null, "all_awardings": [], "subreddit_id": "t5_2qhfi", "collapsed": false, "body": "Is this any different than a simple time trend and seasonal dummies?", "edited": false, "author_flair_css_class": null, "is_submitter": false, "downs": 0, "author_flair_richtext": [], "author_patreon_flair": false, "body_html": "<div class=\"md\"><p>Is this any different than a simple time trend and seasonal dummies?</p>\n</div>", "gildings": {}, "collapsed_reason": null, "associated_award": null, "stickied": false, "author_premium": false, "subreddit_type": "public", "can_gild": true, "subreddit": "statistics", "author_flair_text_color": null, "score_hidden": false, "permalink": "/r/statistics/comments/4fw1bn/sorry_arima_but_im_going_bayesian/d2ejuio/", "num_reports": null, "locked": false, "name": "t1_d2ejuio", "created": 1461467844.0, "author_flair_text": null, "treatment_tags": [], "created_utc": 1461439044.0, "subreddit_name_prefixed": "r/statistics", "controversiality": 0, "depth": 1, "author_flair_background_color": null, "collapsed_because_crowd_control": null, "mod_reports": [], "mod_note": null, "distinguished": null, "_fetched": true}, {"_replies": ["d2e0jfi"], "_submission": "4fw1bn", "_reddit": "_reddit", "total_awards_received": 0, "approved_at_utc": null, "ups": 2, "awarders": [], "mod_reason_by": null, "banned_by": null, "author_flair_type": "text", "removal_reason": null, "link_id": "t3_4fw1bn", "author_flair_template_id": null, "likes": null, "user_reports": [], "saved": false, "id": "d2dqeh2", "banned_at_utc": null, "mod_reason_title": null, "gilded": 0, "archived": true, "no_follow": true, "author": "noahpoah", "can_mod_post": false, "created_utc": 1461369771.0, "send_replies": true, "parent_id": "t1_d2difsj", "score": 2, "author_fullname": "t2_6eeu6", "report_reasons": null, "approved_by": null, "all_awardings": [], "subreddit_id": "t5_2qhfi", "body": "I was using the author's terminology, so I meant whatever he meant by \"structural model,\" which is maybe a weasel-y way to get out of defining it. I'm not totally sure what it means in this context, either. I'll take him at his word that the bsts and ARIMA models are equivalent in some relevant sense.\n\nThe **I** part of the model makes intuitive sense to me, but I haven't done anything hands-on with ARIMA models. I have a kind of eclectic statistical background. The ARMA stuff makes sense to me based on my familiarity with digital signal processing, but not so much with the **I** part.\n\nI gather that the **I** part of an ARIMA model means that, in addition to (possible) AR and MA components, the model can have a \"random walk with drift\" component. I'm fairly familiar with random-walk-with-drift models, but in the context of modeling response times in behavioral data. The point being that I can readily make sense of spectral analysis of AR and MA components, but I'm not sure what to do with the **I** part in a spectral analysis.", "edited": false, "author_flair_css_class": null, "is_submitter": false, "downs": 0, "author_flair_richtext": [], "author_patreon_flair": false, "body_html": "<div class=\"md\"><p>I was using the author&#39;s terminology, so I meant whatever he meant by &quot;structural model,&quot; which is maybe a weasel-y way to get out of defining it. I&#39;m not totally sure what it means in this context, either. I&#39;ll take him at his word that the bsts and ARIMA models are equivalent in some relevant sense.</p>\n\n<p>The <strong>I</strong> part of the model makes intuitive sense to me, but I haven&#39;t done anything hands-on with ARIMA models. I have a kind of eclectic statistical background. The ARMA stuff makes sense to me based on my familiarity with digital signal processing, but not so much with the <strong>I</strong> part.</p>\n\n<p>I gather that the <strong>I</strong> part of an ARIMA model means that, in addition to (possible) AR and MA components, the model can have a &quot;random walk with drift&quot; component. I&#39;m fairly familiar with random-walk-with-drift models, but in the context of modeling response times in behavioral data. The point being that I can readily make sense of spectral analysis of AR and MA components, but I&#39;m not sure what to do with the <strong>I</strong> part in a spectral analysis.</p>\n</div>", "gildings": {}, "collapsed_reason": null, "associated_award": null, "stickied": false, "author_premium": false, "subreddit_type": "public", "can_gild": true, "subreddit": "statistics", "author_flair_text_color": null, "score_hidden": false, "permalink": "/r/statistics/comments/4fw1bn/sorry_arima_but_im_going_bayesian/d2dqeh2/", "num_reports": null, "locked": false, "name": "t1_d2dqeh2", "created": 1461398571.0, "author_flair_text": null, "treatment_tags": [], "collapsed": false, "subreddit_name_prefixed": "r/statistics", "controversiality": 0, "depth": 2, "author_flair_background_color": null, "collapsed_because_crowd_control": null, "mod_reports": [], "mod_note": null, "distinguished": null, "_fetched": true}, {"_replies": ["d2d1pqa"], "_submission": "4fw1bn", "_reddit": "_reddit", "total_awards_received": 0, "approved_at_utc": null, "ups": 5, "awarders": [], "mod_reason_by": null, "banned_by": null, "author_flair_type": "text", "removal_reason": null, "link_id": "t3_4fw1bn", "author_flair_template_id": null, "likes": null, "user_reports": [], "saved": false, "id": "d2d0pvf", "banned_at_utc": null, "mod_reason_title": null, "gilded": 0, "archived": true, "no_follow": false, "author": "TheLogothete", "can_mod_post": false, "created_utc": 1461332169.0, "send_replies": true, "parent_id": "t1_d2cz6of", "score": 5, "author_fullname": "t2_n003n", "report_reasons": null, "approved_by": null, "all_awardings": [], "subreddit_id": "t5_2qhfi", "body": "Of course you can. You just decompose your time series and then use the components as predictors. So for seasonality, for example, you can use a sin/cos. ", "edited": 1461332793.0, "author_flair_css_class": null, "is_submitter": false, "downs": 0, "author_flair_richtext": [], "author_patreon_flair": false, "body_html": "<div class=\"md\"><p>Of course you can. You just decompose your time series and then use the components as predictors. So for seasonality, for example, you can use a sin/cos. </p>\n</div>", "gildings": {}, "collapsed_reason": null, "associated_award": null, "stickied": false, "author_premium": false, "subreddit_type": "public", "can_gild": true, "subreddit": "statistics", "author_flair_text_color": null, "score_hidden": false, "permalink": "/r/statistics/comments/4fw1bn/sorry_arima_but_im_going_bayesian/d2d0pvf/", "num_reports": null, "locked": false, "name": "t1_d2d0pvf", "created": 1461360969.0, "author_flair_text": null, "treatment_tags": [], "collapsed": false, "subreddit_name_prefixed": "r/statistics", "controversiality": 0, "depth": 2, "author_flair_background_color": null, "collapsed_because_crowd_control": null, "mod_reports": [], "mod_note": null, "distinguished": null, "_fetched": true}, {"_replies": ["d2gfkjn"], "_submission": "4fw1bn", "_reddit": "_reddit", "total_awards_received": 0, "approved_at_utc": null, "ups": 1, "awarders": [], "mod_reason_by": null, "banned_by": null, "author_flair_type": "text", "removal_reason": null, "link_id": "t3_4fw1bn", "author_flair_template_id": null, "likes": null, "user_reports": [], "saved": false, "id": "d2gclqz", "banned_at_utc": null, "mod_reason_title": null, "gilded": 0, "archived": true, "no_follow": true, "author": "glen_moutrie", "can_mod_post": false, "created_utc": 1461576426.0, "send_replies": true, "parent_id": "t1_d2dj7dh", "score": 1, "author_fullname": "t2_xde53", "report_reasons": null, "approved_by": null, "all_awardings": [], "subreddit_id": "t5_2qhfi", "body": "Those are only the links to the commands to install the packages. One of these packages, CausalImpact, depends on BSTS, which in turn depends on the package Boom. As I was saying Boom is failing CRAN checks due to compilation failures and has done so for almost a month now. These packages aren't being well maintained by Google.", "edited": false, "author_flair_css_class": null, "is_submitter": false, "downs": 0, "author_flair_richtext": [], "author_patreon_flair": false, "body_html": "<div class=\"md\"><p>Those are only the links to the commands to install the packages. One of these packages, CausalImpact, depends on BSTS, which in turn depends on the package Boom. As I was saying Boom is failing CRAN checks due to compilation failures and has done so for almost a month now. These packages aren&#39;t being well maintained by Google.</p>\n</div>", "gildings": {}, "collapsed_reason": null, "associated_award": null, "stickied": false, "author_premium": false, "subreddit_type": "public", "can_gild": true, "subreddit": "statistics", "author_flair_text_color": null, "score_hidden": false, "permalink": "/r/statistics/comments/4fw1bn/sorry_arima_but_im_going_bayesian/d2gclqz/", "num_reports": null, "locked": false, "name": "t1_d2gclqz", "created": 1461605226.0, "author_flair_text": null, "treatment_tags": [], "collapsed": false, "subreddit_name_prefixed": "r/statistics", "controversiality": 0, "depth": 2, "author_flair_background_color": null, "collapsed_because_crowd_control": null, "mod_reports": [], "mod_note": null, "distinguished": null, "_fetched": true}, {"_replies": [], "_submission": "4fw1bn", "_reddit": "_reddit", "total_awards_received": 0, "approved_at_utc": null, "ups": 3, "awarders": [], "mod_reason_by": null, "banned_by": null, "author_flair_type": "text", "removal_reason": null, "link_id": "t3_4fw1bn", "author_flair_template_id": null, "likes": null, "user_reports": [], "saved": false, "id": "d2e0jfi", "banned_at_utc": null, "mod_reason_title": null, "gilded": 0, "archived": true, "no_follow": true, "author": "holycrapoctopus", "can_mod_post": false, "send_replies": true, "parent_id": "t1_d2dqeh2", "score": 3, "author_fullname": "t2_c3009", "report_reasons": null, "approved_by": null, "all_awardings": [], "subreddit_id": "t5_2qhfi", "body": "It's actually even simpler than that; the I (it stands for integrated) implies differencing of the time series. So for ARIMA(0,1,1) you are estimating a moving average coefficient with a window of q=1, and your Y variable is the first difference of the time series (Yt minus Yt-1). This is typically done to transform non-stationary data into stationary data, and in the \"I\" context of ARIMA spectral analysis is just one of many ways to identify non-stationarity.", "edited": false, "downs": 0, "author_flair_css_class": null, "is_submitter": false, "collapsed": false, "author_flair_richtext": [], "author_patreon_flair": false, "body_html": "<div class=\"md\"><p>It&#39;s actually even simpler than that; the I (it stands for integrated) implies differencing of the time series. So for ARIMA(0,1,1) you are estimating a moving average coefficient with a window of q=1, and your Y variable is the first difference of the time series (Yt minus Yt-1). This is typically done to transform non-stationary data into stationary data, and in the &quot;I&quot; context of ARIMA spectral analysis is just one of many ways to identify non-stationarity.</p>\n</div>", "gildings": {}, "collapsed_reason": null, "associated_award": null, "stickied": false, "author_premium": false, "subreddit_type": "public", "can_gild": true, "subreddit": "statistics", "author_flair_text_color": null, "score_hidden": false, "permalink": "/r/statistics/comments/4fw1bn/sorry_arima_but_im_going_bayesian/d2e0jfi/", "num_reports": null, "locked": false, "name": "t1_d2e0jfi", "created": 1461418318.0, "author_flair_text": null, "treatment_tags": [], "created_utc": 1461389518.0, "subreddit_name_prefixed": "r/statistics", "controversiality": 0, "depth": 3, "author_flair_background_color": null, "collapsed_because_crowd_control": null, "mod_reports": [], "mod_note": null, "distinguished": null, "_fetched": true}, {"_replies": ["d2d27y1"], "_submission": "4fw1bn", "_reddit": "_reddit", "total_awards_received": 0, "approved_at_utc": null, "ups": 4, "awarders": [], "mod_reason_by": null, "banned_by": null, "author_flair_type": "text", "removal_reason": null, "link_id": "t3_4fw1bn", "author_flair_template_id": null, "likes": null, "user_reports": [], "saved": false, "id": "d2d1pqa", "banned_at_utc": null, "mod_reason_title": null, "gilded": 0, "archived": true, "no_follow": false, "author": "holycrapoctopus", "can_mod_post": false, "send_replies": true, "parent_id": "t1_d2d0pvf", "score": 4, "author_fullname": "t2_c3009", "report_reasons": null, "approved_by": null, "all_awardings": [], "subreddit_id": "t5_2qhfi", "body": "I used to try doing that all the time (mixed fx with periodic functions as regressors) in time series class and my profs always insisted that using sin/cos as predictors is bad practice compared to the seasonal autoregressive predictors. I don't have the math knowledge to really evaluate this, though", "edited": false, "downs": 0, "author_flair_css_class": null, "is_submitter": false, "collapsed": false, "author_flair_richtext": [], "author_patreon_flair": false, "body_html": "<div class=\"md\"><p>I used to try doing that all the time (mixed fx with periodic functions as regressors) in time series class and my profs always insisted that using sin/cos as predictors is bad practice compared to the seasonal autoregressive predictors. I don&#39;t have the math knowledge to really evaluate this, though</p>\n</div>", "gildings": {}, "collapsed_reason": null, "associated_award": null, "stickied": false, "author_premium": false, "subreddit_type": "public", "can_gild": true, "subreddit": "statistics", "author_flair_text_color": null, "score_hidden": false, "permalink": "/r/statistics/comments/4fw1bn/sorry_arima_but_im_going_bayesian/d2d1pqa/", "num_reports": null, "locked": false, "name": "t1_d2d1pqa", "created": 1461362558.0, "author_flair_text": null, "treatment_tags": [], "created_utc": 1461333758.0, "subreddit_name_prefixed": "r/statistics", "controversiality": 0, "depth": 3, "author_flair_background_color": null, "collapsed_because_crowd_control": null, "mod_reports": [], "mod_note": null, "distinguished": null, "_fetched": true}, {"_replies": [], "_submission": "4fw1bn", "_reddit": "_reddit", "total_awards_received": 0, "approved_at_utc": null, "ups": 1, "awarders": [], "mod_reason_by": null, "banned_by": null, "author_flair_type": "text", "removal_reason": null, "link_id": "t3_4fw1bn", "author_flair_template_id": null, "likes": null, "user_reports": [], "saved": false, "id": "d2gfkjn", "banned_at_utc": null, "mod_reason_title": null, "gilded": 0, "archived": true, "no_follow": true, "author": "coffeecoffeecoffeee", "can_mod_post": false, "send_replies": true, "parent_id": "t1_d2gclqz", "score": 1, "author_fullname": "t2_fnb6r", "report_reasons": null, "approved_by": null, "all_awardings": [], "subreddit_id": "t5_2qhfi", "body": "Ah okay.  For some reason it seems to be working for me.", "edited": false, "downs": 0, "author_flair_css_class": null, "is_submitter": false, "collapsed": false, "author_flair_richtext": [], "author_patreon_flair": false, "body_html": "<div class=\"md\"><p>Ah okay.  For some reason it seems to be working for me.</p>\n</div>", "gildings": {}, "collapsed_reason": null, "associated_award": null, "stickied": false, "author_premium": false, "subreddit_type": "public", "can_gild": true, "subreddit": "statistics", "author_flair_text_color": null, "score_hidden": false, "permalink": "/r/statistics/comments/4fw1bn/sorry_arima_but_im_going_bayesian/d2gfkjn/", "num_reports": null, "locked": false, "name": "t1_d2gfkjn", "created": 1461615297.0, "author_flair_text": null, "treatment_tags": [], "created_utc": 1461586497.0, "subreddit_name_prefixed": "r/statistics", "controversiality": 0, "depth": 3, "author_flair_background_color": null, "collapsed_because_crowd_control": null, "mod_reports": [], "mod_note": null, "distinguished": null, "_fetched": true}, {"_replies": ["d2dhkn6", "d2fas8l"], "_submission": "4fw1bn", "_reddit": "_reddit", "total_awards_received": 0, "approved_at_utc": null, "ups": 3, "awarders": [], "mod_reason_by": null, "banned_by": null, "author_flair_type": "text", "removal_reason": null, "link_id": "t3_4fw1bn", "author_flair_template_id": null, "likes": null, "user_reports": [], "saved": false, "id": "d2d27y1", "banned_at_utc": null, "mod_reason_title": null, "gilded": 0, "archived": true, "no_follow": true, "author": "TheLogothete", "can_mod_post": false, "send_replies": true, "parent_id": "t1_d2d1pqa", "score": 3, "author_fullname": "t2_n003n", "report_reasons": null, "approved_by": null, "all_awardings": [], "subreddit_id": "t5_2qhfi", "collapsed": false, "body": "It is definitely bruteforcing your way. Whether it is justfied or not depends on the process you are trying to model. This approach is wildly used in practice. ", "edited": 1461335259.0, "author_flair_css_class": null, "is_submitter": false, "downs": 0, "author_flair_richtext": [], "author_patreon_flair": false, "body_html": "<div class=\"md\"><p>It is definitely bruteforcing your way. Whether it is justfied or not depends on the process you are trying to model. This approach is wildly used in practice. </p>\n</div>", "gildings": {}, "collapsed_reason": null, "associated_award": null, "stickied": false, "author_premium": false, "subreddit_type": "public", "can_gild": true, "subreddit": "statistics", "author_flair_text_color": null, "score_hidden": false, "permalink": "/r/statistics/comments/4fw1bn/sorry_arima_but_im_going_bayesian/d2d27y1/", "num_reports": null, "locked": false, "name": "t1_d2d27y1", "created": 1461363315.0, "author_flair_text": null, "treatment_tags": [], "created_utc": 1461334515.0, "subreddit_name_prefixed": "r/statistics", "controversiality": 0, "depth": 4, "author_flair_background_color": null, "collapsed_because_crowd_control": null, "mod_reports": [], "mod_note": null, "distinguished": null, "_fetched": true}, {"_replies": [], "_submission": "4fw1bn", "_reddit": "_reddit", "total_awards_received": 0, "approved_at_utc": null, "ups": 2, "awarders": [], "mod_reason_by": null, "banned_by": null, "author_flair_type": "text", "removal_reason": null, "link_id": "t3_4fw1bn", "author_flair_template_id": null, "likes": null, "user_reports": [], "saved": false, "id": "d2dhkn6", "banned_at_utc": null, "mod_reason_title": null, "gilded": 0, "archived": true, "no_follow": true, "author": "holycrapoctopus", "can_mod_post": false, "created_utc": 1461355562.0, "send_replies": true, "parent_id": "t1_d2d27y1", "score": 2, "author_fullname": "t2_c3009", "report_reasons": null, "approved_by": null, "all_awardings": [], "subreddit_id": "t5_2qhfi", "body": "Neat. I'm doing a project right now where I'm modelling the amplitudes of musical instruments, so controlling for rhythmic cycles with periodic regressors seems really handy.", "edited": false, "author_flair_css_class": null, "is_submitter": false, "downs": 0, "author_flair_richtext": [], "author_patreon_flair": false, "body_html": "<div class=\"md\"><p>Neat. I&#39;m doing a project right now where I&#39;m modelling the amplitudes of musical instruments, so controlling for rhythmic cycles with periodic regressors seems really handy.</p>\n</div>", "gildings": {}, "collapsed_reason": null, "associated_award": null, "stickied": false, "author_premium": false, "subreddit_type": "public", "can_gild": true, "subreddit": "statistics", "author_flair_text_color": null, "score_hidden": false, "permalink": "/r/statistics/comments/4fw1bn/sorry_arima_but_im_going_bayesian/d2dhkn6/", "num_reports": null, "locked": false, "name": "t1_d2dhkn6", "created": 1461384362.0, "author_flair_text": null, "treatment_tags": [], "collapsed": false, "subreddit_name_prefixed": "r/statistics", "controversiality": 0, "depth": 5, "author_flair_background_color": null, "collapsed_because_crowd_control": null, "mod_reports": [], "mod_note": null, "distinguished": null, "_fetched": true}, {"_replies": [], "_submission": "4fw1bn", "_reddit": "_reddit", "total_awards_received": 0, "approved_at_utc": null, "ups": 2, "awarders": [], "mod_reason_by": null, "banned_by": null, "author_flair_type": "text", "removal_reason": null, "link_id": "t3_4fw1bn", "author_flair_template_id": null, "likes": null, "user_reports": [], "saved": false, "id": "d2fas8l", "banned_at_utc": null, "mod_reason_title": null, "gilded": 0, "archived": true, "no_follow": true, "author": "goodgrue", "can_mod_post": false, "created_utc": 1461503138.0, "send_replies": true, "parent_id": "t1_d2d27y1", "score": 2, "author_fullname": "t2_3gojb", "report_reasons": null, "approved_by": null, "all_awardings": [], "subreddit_id": "t5_2qhfi", "body": "Am I correct in assuming that if the seasonal trend in your data doesn't follow a smooth sinusoidal pattern you'd need to estimate parameters for a bunch of components with different phases and frequencies? I've never used this approach myself but it sounds interesting -- if you have any pointers to more detailed descriptions or case studies using it I'd definitely be interested!", "edited": false, "author_flair_css_class": null, "is_submitter": false, "downs": 0, "author_flair_richtext": [], "author_patreon_flair": false, "body_html": "<div class=\"md\"><p>Am I correct in assuming that if the seasonal trend in your data doesn&#39;t follow a smooth sinusoidal pattern you&#39;d need to estimate parameters for a bunch of components with different phases and frequencies? I&#39;ve never used this approach myself but it sounds interesting -- if you have any pointers to more detailed descriptions or case studies using it I&#39;d definitely be interested!</p>\n</div>", "gildings": {}, "collapsed_reason": null, "associated_award": null, "stickied": false, "author_premium": false, "subreddit_type": "public", "can_gild": true, "subreddit": "statistics", "author_flair_text_color": null, "score_hidden": false, "permalink": "/r/statistics/comments/4fw1bn/sorry_arima_but_im_going_bayesian/d2fas8l/", "num_reports": null, "locked": false, "name": "t1_d2fas8l", "created": 1461531938.0, "author_flair_text": null, "treatment_tags": [], "collapsed": false, "subreddit_name_prefixed": "r/statistics", "controversiality": 0, "depth": 5, "author_flair_background_color": null, "collapsed_because_crowd_control": null, "mod_reports": [], "mod_note": null, "distinguished": null, "_fetched": true}]}