{"_reddit": "_reddit", "approved_at_utc": null, "subreddit": "statistics", "selftext": "", "author_fullname": "t2_j7l60", "saved": false, "mod_reason_title": null, "gilded": 0, "clicked": false, "title": "I made an intro video to bayesian statistics for a presentation of bda3. I thought you might like it.", "link_flair_richtext": [], "subreddit_name_prefixed": "r/statistics", "hidden": false, "pwls": 6, "link_flair_css_class": null, "downs": 0, "hide_score": false, "name": "t3_4gnzo0", "quarantine": false, "link_flair_text_color": "dark", "upvote_ratio": 0.85, "author_flair_background_color": null, "subreddit_type": "public", "ups": 52, "total_awards_received": 0, "media_embed": {"content": "<iframe width=\"459\" height=\"344\" src=\"https://www.youtube.com/embed/XzJhggTP23Y?feature=oembed&enablejsapi=1\" frameborder=\"0\" allow=\"accelerometer; autoplay; encrypted-media; gyroscope; picture-in-picture\" allowfullscreen></iframe>", "width": 459, "scrolling": false, "height": 344}, "author_flair_template_id": null, "is_original_content": false, "user_reports": [], "secure_media": {"oembed": {"provider_url": "https://www.youtube.com/", "title": "intro for presentation of bda3 chapter 2.1 to 2.5", "html": "<iframe width=\"459\" height=\"344\" src=\"https://www.youtube.com/embed/XzJhggTP23Y?feature=oembed&enablejsapi=1\" frameborder=\"0\" allow=\"accelerometer; autoplay; encrypted-media; gyroscope; picture-in-picture\" allowfullscreen></iframe>", "thumbnail_width": 480, "height": 344, "width": 459, "version": "1.0", "author_name": "Pookpash", "provider_name": "YouTube", "thumbnail_url": "https://i.ytimg.com/vi/XzJhggTP23Y/hqdefault.jpg", "type": "video", "thumbnail_height": 360, "author_url": "https://www.youtube.com/user/Pookpash"}, "type": "youtube.com"}, "is_reddit_media_domain": false, "is_meta": false, "category": null, "secure_media_embed": {"content": "<iframe width=\"459\" height=\"344\" src=\"https://www.youtube.com/embed/XzJhggTP23Y?feature=oembed&enablejsapi=1\" frameborder=\"0\" allow=\"accelerometer; autoplay; encrypted-media; gyroscope; picture-in-picture\" allowfullscreen></iframe>", "width": 459, "scrolling": false, "media_domain_url": "https://www.redditmedia.com/mediaembed/4gnzo0", "height": 344}, "link_flair_text": null, "can_mod_post": false, "score": 52, "approved_by": null, "author_premium": false, "thumbnail": "", "edited": false, "author_flair_css_class": null, "author_flair_richtext": [], "gildings": {}, "content_categories": null, "is_self": false, "mod_note": null, "created": 1461784426.0, "link_flair_type": "text", "wls": 6, "removed_by_category": null, "banned_by": null, "author_flair_type": "text", "domain": "youtube.com", "allow_live_comments": false, "selftext_html": null, "likes": null, "suggested_sort": null, "banned_at_utc": null, "view_count": null, "archived": true, "no_follow": false, "is_crosspostable": true, "pinned": false, "over_18": false, "all_awardings": [], "awarders": [], "media_only": false, "can_gild": true, "spoiler": false, "locked": false, "author_flair_text": null, "treatment_tags": [], "visited": false, "removed_by": null, "num_reports": null, "distinguished": null, "subreddit_id": "t5_2qhfi", "mod_reason_by": null, "removal_reason": null, "link_flair_background_color": "", "id": "4gnzo0", "is_robot_indexable": true, "report_reasons": null, "author": "Pookpash", "discussion_type": null, "num_comments": 14, "send_replies": true, "whitelist_status": "all_ads", "contest_mode": false, "mod_reports": [], "author_patreon_flair": false, "author_flair_text_color": null, "permalink": "/r/statistics/comments/4gnzo0/i_made_an_intro_video_to_bayesian_statistics_for/", "parent_whitelist_status": "all_ads", "stickied": false, "url": "https://www.youtube.com/watch?v=XzJhggTP23Y", "subreddit_subscribers": 106209, "created_utc": 1461755626.0, "num_crossposts": 0, "media": {"oembed": {"provider_url": "https://www.youtube.com/", "title": "intro for presentation of bda3 chapter 2.1 to 2.5", "html": "<iframe width=\"459\" height=\"344\" src=\"https://www.youtube.com/embed/XzJhggTP23Y?feature=oembed&enablejsapi=1\" frameborder=\"0\" allow=\"accelerometer; autoplay; encrypted-media; gyroscope; picture-in-picture\" allowfullscreen></iframe>", "thumbnail_width": 480, "height": 344, "width": 459, "version": "1.0", "author_name": "Pookpash", "provider_name": "YouTube", "thumbnail_url": "https://i.ytimg.com/vi/XzJhggTP23Y/hqdefault.jpg", "type": "video", "thumbnail_height": 360, "author_url": "https://www.youtube.com/user/Pookpash"}, "type": "youtube.com"}, "is_video": false, "_fetched": false, "comment_limit": 2048, "comment_sort": "best", "_comments_by_id": {}, "_comments": [{"_replies": ["d2jdkpk"], "_submission": "4gnzo0", "_reddit": "_reddit", "total_awards_received": 0, "approved_at_utc": null, "ups": 9, "awarders": [], "mod_reason_by": null, "banned_by": null, "author_flair_type": "text", "removal_reason": null, "link_id": "t3_4gnzo0", "author_flair_template_id": null, "likes": null, "user_reports": [], "saved": false, "id": "d2jbszl", "banned_at_utc": null, "mod_reason_title": null, "gilded": 0, "archived": true, "no_follow": true, "author": "ProJus_4", "can_mod_post": false, "send_replies": true, "parent_id": "t3_4gnzo0", "score": 9, "author_fullname": "t2_vj553", "report_reasons": null, "approved_by": null, "all_awardings": [], "subreddit_id": "t5_2qhfi", "body": "VERY informative.  A critical must-watch for anyone interested in statistical theory.  Well done, OP.", "edited": false, "downs": 0, "author_flair_css_class": null, "is_submitter": false, "collapsed": false, "author_flair_richtext": [], "author_patreon_flair": false, "body_html": "<div class=\"md\"><p>VERY informative.  A critical must-watch for anyone interested in statistical theory.  Well done, OP.</p>\n</div>", "gildings": {}, "collapsed_reason": null, "associated_award": null, "stickied": false, "author_premium": false, "subreddit_type": "public", "can_gild": true, "subreddit": "statistics", "author_flair_text_color": null, "score_hidden": false, "permalink": "/r/statistics/comments/4gnzo0/i_made_an_intro_video_to_bayesian_statistics_for/d2jbszl/", "num_reports": null, "locked": false, "name": "t1_d2jbszl", "created": 1461795646.0, "author_flair_text": null, "treatment_tags": [], "created_utc": 1461766846.0, "subreddit_name_prefixed": "r/statistics", "controversiality": 0, "depth": 0, "author_flair_background_color": null, "collapsed_because_crowd_control": null, "mod_reports": [], "mod_note": null, "distinguished": null, "_fetched": true}, {"_replies": [], "_submission": "4gnzo0", "_reddit": "_reddit", "total_awards_received": 0, "approved_at_utc": null, "ups": 3, "awarders": [], "mod_reason_by": null, "banned_by": null, "author_flair_type": "text", "removal_reason": null, "link_id": "t3_4gnzo0", "author_flair_template_id": null, "likes": null, "user_reports": [], "saved": false, "id": "d2j9v2q", "banned_at_utc": null, "mod_reason_title": null, "gilded": 0, "archived": true, "no_follow": true, "author": "CMastication", "can_mod_post": false, "send_replies": true, "parent_id": "t3_4gnzo0", "score": 3, "author_fullname": "t2_3rny3", "report_reasons": null, "approved_by": null, "all_awardings": [], "subreddit_id": "t5_2qhfi", "body": "and I thought my headphones weren't working so I turned the volume up.... and now I'm deaf. \n", "edited": false, "downs": 0, "author_flair_css_class": null, "is_submitter": false, "collapsed": false, "author_flair_richtext": [], "author_patreon_flair": false, "body_html": "<div class=\"md\"><p>and I thought my headphones weren&#39;t working so I turned the volume up.... and now I&#39;m deaf. </p>\n</div>", "gildings": {}, "collapsed_reason": null, "associated_award": null, "stickied": false, "author_premium": false, "subreddit_type": "public", "can_gild": true, "subreddit": "statistics", "author_flair_text_color": null, "score_hidden": false, "permalink": "/r/statistics/comments/4gnzo0/i_made_an_intro_video_to_bayesian_statistics_for/d2j9v2q/", "num_reports": null, "locked": false, "name": "t1_d2j9v2q", "created": 1461792618.0, "author_flair_text": null, "treatment_tags": [], "created_utc": 1461763818.0, "subreddit_name_prefixed": "r/statistics", "controversiality": 0, "depth": 0, "author_flair_background_color": null, "collapsed_because_crowd_control": null, "mod_reports": [], "mod_note": null, "distinguished": null, "_fetched": true}, {"_replies": ["d2zubi2"], "_submission": "4gnzo0", "_reddit": "_reddit", "total_awards_received": 0, "approved_at_utc": null, "ups": 3, "awarders": [], "mod_reason_by": null, "banned_by": null, "author_flair_type": "text", "removal_reason": null, "link_id": "t3_4gnzo0", "author_flair_template_id": null, "likes": null, "user_reports": [], "saved": false, "id": "d2jbsmp", "banned_at_utc": null, "mod_reason_title": null, "gilded": 0, "archived": true, "no_follow": true, "author": "PhaethonPrime", "can_mod_post": false, "send_replies": true, "parent_id": "t3_4gnzo0", "score": 3, "author_fullname": "t2_kej7e", "report_reasons": null, "approved_by": null, "all_awardings": [], "subreddit_id": "t5_2qhfi", "body": "/r/montageparodies is leaking.", "edited": false, "downs": 0, "author_flair_css_class": null, "is_submitter": false, "collapsed": false, "author_flair_richtext": [], "author_patreon_flair": false, "body_html": "<div class=\"md\"><p><a href=\"/r/montageparodies\">/r/montageparodies</a> is leaking.</p>\n</div>", "gildings": {}, "collapsed_reason": null, "associated_award": null, "stickied": false, "author_premium": false, "subreddit_type": "public", "can_gild": true, "subreddit": "statistics", "author_flair_text_color": null, "score_hidden": false, "permalink": "/r/statistics/comments/4gnzo0/i_made_an_intro_video_to_bayesian_statistics_for/d2jbsmp/", "num_reports": null, "locked": false, "name": "t1_d2jbsmp", "created": 1461795632.0, "author_flair_text": null, "treatment_tags": [], "created_utc": 1461766832.0, "subreddit_name_prefixed": "r/statistics", "controversiality": 0, "depth": 0, "author_flair_background_color": null, "collapsed_because_crowd_control": null, "mod_reports": [], "mod_note": null, "distinguished": null, "_fetched": true}, {"_replies": ["d2jdi19"], "_submission": "4gnzo0", "_reddit": "_reddit", "total_awards_received": 0, "approved_at_utc": null, "ups": 2, "awarders": [], "mod_reason_by": null, "banned_by": null, "author_flair_type": "text", "removal_reason": null, "link_id": "t3_4gnzo0", "author_flair_template_id": null, "likes": null, "user_reports": [], "saved": false, "id": "d2j7t86", "banned_at_utc": null, "mod_reason_title": null, "gilded": 0, "archived": true, "no_follow": true, "author": "Bromskloss", "can_mod_post": false, "send_replies": true, "parent_id": "t3_4gnzo0", "score": 2, "author_fullname": "t2_7uajy", "report_reasons": null, "approved_by": null, "all_awardings": [], "subreddit_id": "t5_2qhfi", "body": "Any video of the presentation?", "edited": false, "downs": 0, "author_flair_css_class": null, "is_submitter": false, "collapsed": false, "author_flair_richtext": [], "author_patreon_flair": false, "body_html": "<div class=\"md\"><p>Any video of the presentation?</p>\n</div>", "gildings": {}, "collapsed_reason": null, "associated_award": null, "stickied": false, "author_premium": false, "subreddit_type": "public", "can_gild": true, "subreddit": "statistics", "author_flair_text_color": null, "score_hidden": false, "permalink": "/r/statistics/comments/4gnzo0/i_made_an_intro_video_to_bayesian_statistics_for/d2j7t86/", "num_reports": null, "locked": false, "name": "t1_d2j7t86", "created": 1461788701.0, "author_flair_text": null, "treatment_tags": [], "created_utc": 1461759901.0, "subreddit_name_prefixed": "r/statistics", "controversiality": 0, "depth": 0, "author_flair_background_color": null, "collapsed_because_crowd_control": null, "mod_reports": [], "mod_note": null, "distinguished": null, "_fetched": true}, {"_replies": [], "_submission": "4gnzo0", "_reddit": "_reddit", "total_awards_received": 0, "approved_at_utc": null, "ups": 1, "awarders": [], "mod_reason_by": null, "banned_by": null, "author_flair_type": "text", "removal_reason": null, "link_id": "t3_4gnzo0", "author_flair_template_id": null, "likes": null, "user_reports": [], "saved": false, "id": "d2k0fx0", "banned_at_utc": null, "mod_reason_title": null, "gilded": 0, "archived": true, "no_follow": true, "author": "AllenDowney", "can_mod_post": false, "send_replies": true, "parent_id": "t3_4gnzo0", "score": 1, "author_fullname": "t2_4zfyx", "report_reasons": null, "approved_by": null, "all_awardings": [], "subreddit_id": "t5_2qhfi", "body": "Nice job, and thanks for the Think Bayes cameo!", "edited": false, "downs": 0, "author_flair_css_class": null, "is_submitter": false, "collapsed": false, "author_flair_richtext": [], "author_patreon_flair": false, "body_html": "<div class=\"md\"><p>Nice job, and thanks for the Think Bayes cameo!</p>\n</div>", "gildings": {}, "collapsed_reason": null, "associated_award": null, "stickied": false, "author_premium": false, "subreddit_type": "public", "can_gild": true, "subreddit": "statistics", "author_flair_text_color": null, "score_hidden": false, "permalink": "/r/statistics/comments/4gnzo0/i_made_an_intro_video_to_bayesian_statistics_for/d2k0fx0/", "num_reports": null, "locked": false, "name": "t1_d2k0fx0", "created": 1461829060.0, "author_flair_text": null, "treatment_tags": [], "created_utc": 1461800260.0, "subreddit_name_prefixed": "r/statistics", "controversiality": 0, "depth": 0, "author_flair_background_color": null, "collapsed_because_crowd_control": null, "mod_reports": [], "mod_note": null, "distinguished": null, "_fetched": true}, {"_replies": [], "_submission": "4gnzo0", "_reddit": "_reddit", "total_awards_received": 0, "approved_at_utc": null, "ups": 1, "awarders": [], "mod_reason_by": null, "banned_by": null, "author_flair_type": "text", "removal_reason": null, "link_id": "t3_4gnzo0", "author_flair_template_id": null, "likes": null, "user_reports": [], "saved": false, "id": "d2k36gp", "banned_at_utc": null, "mod_reason_title": null, "gilded": 0, "archived": true, "no_follow": true, "author": "hurhurdedur", "can_mod_post": false, "send_replies": true, "parent_id": "t3_4gnzo0", "score": 1, "author_fullname": "t2_fv9tc", "report_reasons": null, "approved_by": null, "all_awardings": [], "subreddit_id": "t5_2qhfi", "body": "I can't believe I wasted so much time reading Jaynes' Logic when I could've just watched this video instead- thanks OP!", "edited": false, "downs": 0, "author_flair_css_class": null, "is_submitter": false, "collapsed": false, "author_flair_richtext": [], "author_patreon_flair": false, "body_html": "<div class=\"md\"><p>I can&#39;t believe I wasted so much time reading Jaynes&#39; Logic when I could&#39;ve just watched this video instead- thanks OP!</p>\n</div>", "gildings": {}, "collapsed_reason": null, "associated_award": null, "stickied": false, "author_premium": false, "subreddit_type": "public", "can_gild": true, "subreddit": "statistics", "author_flair_text_color": null, "score_hidden": false, "permalink": "/r/statistics/comments/4gnzo0/i_made_an_intro_video_to_bayesian_statistics_for/d2k36gp/", "num_reports": null, "locked": false, "name": "t1_d2k36gp", "created": 1461833326.0, "author_flair_text": null, "treatment_tags": [], "created_utc": 1461804526.0, "subreddit_name_prefixed": "r/statistics", "controversiality": 0, "depth": 0, "author_flair_background_color": null, "collapsed_because_crowd_control": null, "mod_reports": [], "mod_note": null, "distinguished": null, "_fetched": true}, {"_replies": [], "_submission": "4gnzo0", "_reddit": "_reddit", "total_awards_received": 0, "approved_at_utc": null, "ups": 1, "awarders": [], "mod_reason_by": null, "banned_by": null, "author_flair_type": "text", "removal_reason": null, "link_id": "t3_4gnzo0", "author_flair_template_id": null, "likes": null, "user_reports": [], "saved": false, "id": "d2jdkpk", "banned_at_utc": null, "mod_reason_title": null, "gilded": 0, "archived": true, "no_follow": true, "author": "Pookpash", "can_mod_post": false, "send_replies": true, "parent_id": "t1_d2jbszl", "score": 1, "author_fullname": "t2_j7l60", "report_reasons": null, "approved_by": null, "all_awardings": [], "subreddit_id": "t5_2qhfi", "collapsed": false, "body": "Thank you! Even my frequentist Professor kinda liked it.", "edited": false, "author_flair_css_class": null, "is_submitter": true, "downs": 0, "author_flair_richtext": [], "author_patreon_flair": false, "body_html": "<div class=\"md\"><p>Thank you! Even my frequentist Professor kinda liked it.</p>\n</div>", "gildings": {}, "collapsed_reason": null, "associated_award": null, "stickied": false, "author_premium": false, "subreddit_type": "public", "can_gild": true, "subreddit": "statistics", "author_flair_text_color": null, "score_hidden": false, "permalink": "/r/statistics/comments/4gnzo0/i_made_an_intro_video_to_bayesian_statistics_for/d2jdkpk/", "num_reports": null, "locked": false, "name": "t1_d2jdkpk", "created": 1461798132.0, "author_flair_text": null, "treatment_tags": [], "created_utc": 1461769332.0, "subreddit_name_prefixed": "r/statistics", "controversiality": 0, "depth": 1, "author_flair_background_color": null, "collapsed_because_crowd_control": null, "mod_reports": [], "mod_note": null, "distinguished": null, "_fetched": true}, {"_replies": [], "_submission": "4gnzo0", "_reddit": "_reddit", "total_awards_received": 0, "approved_at_utc": null, "ups": 5, "awarders": [], "mod_reason_by": null, "banned_by": null, "author_flair_type": "text", "removal_reason": null, "link_id": "t3_4gnzo0", "author_flair_template_id": null, "likes": null, "user_reports": [], "saved": false, "id": "d2jdh9q", "banned_at_utc": null, "mod_reason_title": null, "gilded": 0, "archived": true, "no_follow": false, "author": "Pookpash", "can_mod_post": false, "send_replies": true, "parent_id": "t1_d2j6tu6", "score": 5, "author_fullname": "t2_j7l60", "report_reasons": null, "approved_by": null, "all_awardings": [], "subreddit_id": "t5_2qhfi", "collapsed": false, "body": "Thanks a lot ;)", "edited": false, "author_flair_css_class": null, "is_submitter": true, "downs": 0, "author_flair_richtext": [], "author_patreon_flair": false, "body_html": "<div class=\"md\"><p>Thanks a lot ;)</p>\n</div>", "gildings": {}, "collapsed_reason": null, "associated_award": null, "stickied": false, "author_premium": false, "subreddit_type": "public", "can_gild": true, "subreddit": "statistics", "author_flair_text_color": null, "score_hidden": false, "permalink": "/r/statistics/comments/4gnzo0/i_made_an_intro_video_to_bayesian_statistics_for/d2jdh9q/", "num_reports": null, "locked": false, "name": "t1_d2jdh9q", "created": 1461798004.0, "author_flair_text": null, "treatment_tags": [], "created_utc": 1461769204.0, "subreddit_name_prefixed": "r/statistics", "controversiality": 0, "depth": 1, "author_flair_background_color": null, "collapsed_because_crowd_control": null, "mod_reports": [], "mod_note": null, "distinguished": null, "_fetched": true}, {"_replies": [], "_submission": "4gnzo0", "_reddit": "_reddit", "total_awards_received": 0, "approved_at_utc": null, "ups": 2, "awarders": [], "mod_reason_by": null, "banned_by": null, "author_flair_type": "text", "removal_reason": null, "link_id": "t3_4gnzo0", "author_flair_template_id": null, "likes": null, "user_reports": [], "saved": false, "id": "d2jkxe8", "banned_at_utc": null, "mod_reason_title": null, "gilded": 0, "archived": true, "no_follow": true, "author": "TrandaBear", "can_mod_post": false, "send_replies": true, "parent_id": "t1_d2j6tu6", "score": 2, "author_fullname": "t2_528i1", "report_reasons": null, "approved_by": null, "all_awardings": [], "subreddit_id": "t5_2qhfi", "collapsed": false, "body": "So uh... you mean well, but... the first reading of that comment came off as one of the most backhanded compliments I've seen today lol. But at least OP digs it.", "edited": false, "author_flair_css_class": null, "is_submitter": false, "downs": 0, "author_flair_richtext": [], "author_patreon_flair": false, "body_html": "<div class=\"md\"><p>So uh... you mean well, but... the first reading of that comment came off as one of the most backhanded compliments I&#39;ve seen today lol. But at least OP digs it.</p>\n</div>", "gildings": {}, "collapsed_reason": null, "associated_award": null, "stickied": false, "author_premium": false, "subreddit_type": "public", "can_gild": true, "subreddit": "statistics", "author_flair_text_color": null, "score_hidden": false, "permalink": "/r/statistics/comments/4gnzo0/i_made_an_intro_video_to_bayesian_statistics_for/d2jkxe8/", "num_reports": null, "locked": false, "name": "t1_d2jkxe8", "created": 1461807780.0, "author_flair_text": null, "treatment_tags": [], "created_utc": 1461778980.0, "subreddit_name_prefixed": "r/statistics", "controversiality": 0, "depth": 1, "author_flair_background_color": null, "collapsed_because_crowd_control": null, "mod_reports": [], "mod_note": null, "distinguished": null, "_fetched": true}, {"_replies": ["d2k4fhg"], "_submission": "4gnzo0", "_reddit": "_reddit", "total_awards_received": 0, "approved_at_utc": null, "ups": 2, "awarders": [], "mod_reason_by": null, "banned_by": null, "author_flair_type": "text", "removal_reason": null, "link_id": "t3_4gnzo0", "author_flair_template_id": null, "likes": null, "user_reports": [], "saved": false, "id": "d2jdi19", "banned_at_utc": null, "mod_reason_title": null, "gilded": 0, "archived": true, "no_follow": true, "author": "Pookpash", "can_mod_post": false, "send_replies": true, "parent_id": "t1_d2j7t86", "score": 2, "author_fullname": "t2_j7l60", "report_reasons": null, "approved_by": null, "all_awardings": [], "subreddit_id": "t5_2qhfi", "collapsed": false, "body": "sadly no, only slides and some R-code, but nothing of interest.", "edited": false, "author_flair_css_class": null, "is_submitter": true, "downs": 0, "author_flair_richtext": [], "author_patreon_flair": false, "body_html": "<div class=\"md\"><p>sadly no, only slides and some R-code, but nothing of interest.</p>\n</div>", "gildings": {}, "collapsed_reason": null, "associated_award": null, "stickied": false, "author_premium": false, "subreddit_type": "public", "can_gild": true, "subreddit": "statistics", "author_flair_text_color": null, "score_hidden": false, "permalink": "/r/statistics/comments/4gnzo0/i_made_an_intro_video_to_bayesian_statistics_for/d2jdi19/", "num_reports": null, "locked": false, "name": "t1_d2jdi19", "created": 1461798031.0, "author_flair_text": null, "treatment_tags": [], "created_utc": 1461769231.0, "subreddit_name_prefixed": "r/statistics", "controversiality": 0, "depth": 1, "author_flair_background_color": null, "collapsed_because_crowd_control": null, "mod_reports": [], "mod_note": null, "distinguished": null, "_fetched": true}, {"_replies": ["d2kfknz"], "_submission": "4gnzo0", "_reddit": "_reddit", "total_awards_received": 0, "approved_at_utc": null, "ups": 1, "awarders": [], "mod_reason_by": null, "banned_by": null, "author_flair_type": "text", "removal_reason": null, "link_id": "t3_4gnzo0", "author_flair_template_id": null, "likes": null, "user_reports": [], "saved": false, "id": "d2k4fhg", "banned_at_utc": null, "mod_reason_title": null, "gilded": 0, "archived": true, "no_follow": true, "author": "AllezCannes", "can_mod_post": false, "created_utc": 1461806442.0, "send_replies": true, "parent_id": "t1_d2jdi19", "score": 1, "author_fullname": "t2_c9o7q", "report_reasons": null, "approved_by": null, "all_awardings": [], "subreddit_id": "t5_2qhfi", "body": "Where can I get my hands on the R code and data that produces the 3D posterior distribution? \n\nPS: I'm glad I'm part of the video. :)", "edited": false, "author_flair_css_class": null, "is_submitter": false, "downs": 0, "author_flair_richtext": [], "author_patreon_flair": false, "body_html": "<div class=\"md\"><p>Where can I get my hands on the R code and data that produces the 3D posterior distribution? </p>\n\n<p>PS: I&#39;m glad I&#39;m part of the video. :)</p>\n</div>", "gildings": {}, "collapsed_reason": null, "associated_award": null, "stickied": false, "author_premium": false, "subreddit_type": "public", "can_gild": true, "subreddit": "statistics", "author_flair_text_color": null, "score_hidden": false, "permalink": "/r/statistics/comments/4gnzo0/i_made_an_intro_video_to_bayesian_statistics_for/d2k4fhg/", "num_reports": null, "locked": false, "name": "t1_d2k4fhg", "created": 1461835242.0, "author_flair_text": null, "treatment_tags": [], "collapsed": false, "subreddit_name_prefixed": "r/statistics", "controversiality": 0, "depth": 2, "author_flair_background_color": null, "collapsed_because_crowd_control": null, "mod_reports": [], "mod_note": null, "distinguished": null, "_fetched": true}, {"_replies": [], "_submission": "4gnzo0", "_reddit": "_reddit", "total_awards_received": 0, "approved_at_utc": null, "ups": 1, "awarders": [], "mod_reason_by": null, "banned_by": null, "author_flair_type": "text", "removal_reason": null, "link_id": "t3_4gnzo0", "author_flair_template_id": null, "likes": null, "user_reports": [], "saved": false, "id": "d2kfknz", "banned_at_utc": null, "mod_reason_title": null, "gilded": 0, "archived": true, "no_follow": true, "author": "Pookpash", "can_mod_post": false, "send_replies": true, "parent_id": "t1_d2k4fhg", "score": 1, "author_fullname": "t2_j7l60", "report_reasons": null, "approved_by": null, "all_awardings": [], "subreddit_id": "t5_2qhfi", "body": "Well tbh. it is not an actual posterior distribution. It is just a 3D plot that uses the RGL package and the volcano data. However you should be able to produce posteriors with it if you plot theta1, theta2 and pthetagivendata.\n\nhttp://statisticsr.blogspot.de/2008/10/some-r-functions.html\n", "edited": false, "downs": 0, "author_flair_css_class": null, "is_submitter": true, "collapsed": false, "author_flair_richtext": [], "author_patreon_flair": false, "body_html": "<div class=\"md\"><p>Well tbh. it is not an actual posterior distribution. It is just a 3D plot that uses the RGL package and the volcano data. However you should be able to produce posteriors with it if you plot theta1, theta2 and pthetagivendata.</p>\n\n<p><a href=\"http://statisticsr.blogspot.de/2008/10/some-r-functions.html\">http://statisticsr.blogspot.de/2008/10/some-r-functions.html</a></p>\n</div>", "gildings": {}, "collapsed_reason": null, "associated_award": null, "stickied": false, "author_premium": false, "subreddit_type": "public", "can_gild": true, "subreddit": "statistics", "author_flair_text_color": null, "score_hidden": false, "permalink": "/r/statistics/comments/4gnzo0/i_made_an_intro_video_to_bayesian_statistics_for/d2kfknz/", "num_reports": null, "locked": false, "name": "t1_d2kfknz", "created": 1461856686.0, "author_flair_text": null, "treatment_tags": [], "created_utc": 1461827886.0, "subreddit_name_prefixed": "r/statistics", "controversiality": 0, "depth": 3, "author_flair_background_color": null, "collapsed_because_crowd_control": null, "mod_reports": [], "mod_note": null, "distinguished": null, "_fetched": true}]}