{"_reddit": "_reddit", "approved_at_utc": null, "subreddit": "statistics", "selftext": "", "author_fullname": "t2_12pik5", "saved": false, "mod_reason_title": null, "gilded": 0, "clicked": false, "title": "Dr. Rebecca Goldin of STATS.org - Ask Me Anything about statistics in the media (xpost /r/IAmA)", "link_flair_richtext": [], "subreddit_name_prefixed": "r/statistics", "hidden": false, "pwls": 6, "link_flair_css_class": null, "downs": 0, "hide_score": false, "name": "t3_5e5604", "quarantine": false, "link_flair_text_color": "dark", "upvote_ratio": 0.98, "author_flair_background_color": null, "subreddit_type": "public", "ups": 45, "total_awards_received": 0, "media_embed": {}, "author_flair_template_id": null, "is_original_content": false, "user_reports": [], "secure_media": null, "is_reddit_media_domain": false, "is_meta": false, "category": null, "secure_media_embed": {}, "link_flair_text": null, "can_mod_post": false, "score": 45, "approved_by": null, "author_premium": false, "thumbnail": "", "edited": false, "author_flair_css_class": null, "author_flair_richtext": [], "gildings": {}, "content_categories": null, "is_self": false, "mod_note": null, "created": 1479777217.0, "link_flair_type": "text", "wls": 6, "removed_by_category": null, "banned_by": null, "author_flair_type": "text", "domain": "reddit.com", "allow_live_comments": false, "selftext_html": null, "likes": null, "suggested_sort": null, "banned_at_utc": null, "view_count": null, "archived": true, "no_follow": false, "is_crosspostable": true, "pinned": false, "over_18": false, "all_awardings": [], "awarders": [], "media_only": false, "can_gild": true, "spoiler": false, "locked": false, "author_flair_text": null, "treatment_tags": [], "visited": false, "removed_by": null, "num_reports": null, "distinguished": null, "subreddit_id": "t5_2qhfi", "mod_reason_by": null, "removal_reason": null, "link_flair_background_color": "", "id": "5e5604", "is_robot_indexable": true, "report_reasons": null, "author": "RebeccaGoldin", "discussion_type": null, "num_comments": 7, "send_replies": true, "whitelist_status": "all_ads", "contest_mode": false, "mod_reports": [], "author_patreon_flair": false, "author_flair_text_color": null, "permalink": "/r/statistics/comments/5e5604/dr_rebecca_goldin_of_statsorg_ask_me_anything/", "parent_whitelist_status": "all_ads", "stickied": false, "url": "https://www.reddit.com/r/IAmA/comments/5e4x8t/i_am_rebecca_goldin_mathematician_and_the/", "subreddit_subscribers": 106209, "created_utc": 1479748417.0, "num_crossposts": 0, "media": null, "is_video": false, "_fetched": false, "comment_limit": 2048, "comment_sort": "best", "_comments_by_id": {}, "_comments": [{"_replies": ["daa76cq", "dackmc3"], "_submission": "5e5604", "_reddit": "_reddit", "total_awards_received": 0, "approved_at_utc": null, "ups": 3, "awarders": [], "mod_reason_by": null, "banned_by": null, "author_flair_type": "text", "removal_reason": null, "link_id": "t3_5e5604", "author_flair_template_id": null, "likes": null, "user_reports": [], "saved": false, "id": "daa36nd", "banned_at_utc": null, "mod_reason_title": null, "gilded": 0, "archived": true, "no_follow": true, "author": "bridge_view", "can_mod_post": false, "send_replies": true, "parent_id": "t3_5e5604", "score": 3, "author_fullname": "t2_yrrtt", "report_reasons": null, "approved_by": null, "all_awardings": [], "subreddit_id": "t5_2qhfi", "body": "What happened to the polls in the presidential predictions?", "edited": false, "downs": 0, "author_flair_css_class": null, "is_submitter": false, "collapsed": false, "author_flair_richtext": [], "author_patreon_flair": false, "body_html": "<div class=\"md\"><p>What happened to the polls in the presidential predictions?</p>\n</div>", "gildings": {}, "collapsed_reason": null, "associated_award": null, "stickied": false, "author_premium": false, "subreddit_type": "public", "can_gild": true, "subreddit": "statistics", "author_flair_text_color": null, "score_hidden": false, "permalink": "/r/statistics/comments/5e5604/dr_rebecca_goldin_of_statsorg_ask_me_anything/daa36nd/", "num_reports": null, "locked": false, "name": "t1_daa36nd", "created": 1479793305.0, "author_flair_text": null, "treatment_tags": [], "created_utc": 1479764505.0, "subreddit_name_prefixed": "r/statistics", "controversiality": 0, "depth": 0, "author_flair_background_color": null, "collapsed_because_crowd_control": null, "mod_reports": [], "mod_note": null, "distinguished": null, "_fetched": true}, {"_replies": ["daagf0z"], "_submission": "5e5604", "_reddit": "_reddit", "total_awards_received": 0, "approved_at_utc": null, "ups": 1, "awarders": [], "mod_reason_by": null, "banned_by": null, "author_flair_type": "text", "removal_reason": null, "link_id": "t3_5e5604", "author_flair_template_id": null, "likes": null, "user_reports": [], "saved": false, "id": "daa76cq", "banned_at_utc": null, "mod_reason_title": null, "gilded": 0, "archived": true, "no_follow": true, "author": "Pejorativez", "can_mod_post": false, "send_replies": true, "parent_id": "t1_daa36nd", "score": 1, "author_fullname": "t2_9b6v6", "report_reasons": null, "approved_by": null, "all_awardings": [], "subreddit_id": "t5_2qhfi", "collapsed": false, "body": "Something I've wondered about polls; they show what people say they will do but do polls accurately reflect what people *actually* do?", "edited": false, "author_flair_css_class": null, "is_submitter": false, "downs": 0, "author_flair_richtext": [], "author_patreon_flair": false, "body_html": "<div class=\"md\"><p>Something I&#39;ve wondered about polls; they show what people say they will do but do polls accurately reflect what people <em>actually</em> do?</p>\n</div>", "gildings": {}, "collapsed_reason": null, "associated_award": null, "stickied": false, "author_premium": false, "subreddit_type": "public", "can_gild": true, "subreddit": "statistics", "author_flair_text_color": null, "score_hidden": false, "permalink": "/r/statistics/comments/5e5604/dr_rebecca_goldin_of_statsorg_ask_me_anything/daa76cq/", "num_reports": null, "locked": false, "name": "t1_daa76cq", "created": 1479798403.0, "author_flair_text": null, "treatment_tags": [], "created_utc": 1479769603.0, "subreddit_name_prefixed": "r/statistics", "controversiality": 0, "depth": 1, "author_flair_background_color": null, "collapsed_because_crowd_control": null, "mod_reports": [], "mod_note": null, "distinguished": null, "_fetched": true}, {"_replies": ["dacqpwa"], "_submission": "5e5604", "_reddit": "_reddit", "total_awards_received": 0, "approved_at_utc": null, "ups": 1, "awarders": [], "mod_reason_by": null, "banned_by": null, "author_flair_type": "text", "removal_reason": null, "link_id": "t3_5e5604", "author_flair_template_id": null, "likes": null, "user_reports": [], "saved": false, "id": "dackmc3", "banned_at_utc": null, "mod_reason_title": null, "gilded": 0, "archived": true, "no_follow": true, "author": "Adamworks", "can_mod_post": false, "send_replies": true, "parent_id": "t1_daa36nd", "score": 1, "author_fullname": "t2_97scs", "report_reasons": null, "approved_by": null, "all_awardings": [], "subreddit_id": "t5_2qhfi", "collapsed": false, "body": "I posted this somewhere else, I figure it would be helpful here too:\n\nI am a survey (sampling) statistician, I think I can offer some insight.\n\nEssentially, there are series of qualitative decisions that need to be made by the methodologists/statisticians before the actual results can be analyzed. There is so much coverage bias (finding the right people), non-response bias (getting the right people to respond), and measurement bias (did they understand and answer the question correctly?), that you can make legitimate decisions on how to correct for it that can swing the results wildly in either direction. You can't simple weight to the Census totals, because not all US adults vote, so you are left to define \"likely voters\" yourself.\n\nBasically from the discussions I've been apart of, pollsters got the turnout models wrong, they assumed more voters would come out for Clinton, when in reality she under performed in almost every demographic. Also, Undecided Voters split more towards Trump in the end (which calls into question what it means to be an \"Undecided\"). On top of that State polls tend to be of poorer quality and tend to have more error.\n\nA talk I recently attended with both Republican and Democratic pollsters, pointed out they were both shocked by the results. Both lamenting that with a different set of assumptions they would have predicted the election perfectly.\n\nTL;DR They probably made assumptions and they were wrong.\n", "edited": false, "author_flair_css_class": null, "is_submitter": false, "downs": 0, "author_flair_richtext": [], "author_patreon_flair": false, "body_html": "<div class=\"md\"><p>I posted this somewhere else, I figure it would be helpful here too:</p>\n\n<p>I am a survey (sampling) statistician, I think I can offer some insight.</p>\n\n<p>Essentially, there are series of qualitative decisions that need to be made by the methodologists/statisticians before the actual results can be analyzed. There is so much coverage bias (finding the right people), non-response bias (getting the right people to respond), and measurement bias (did they understand and answer the question correctly?), that you can make legitimate decisions on how to correct for it that can swing the results wildly in either direction. You can&#39;t simple weight to the Census totals, because not all US adults vote, so you are left to define &quot;likely voters&quot; yourself.</p>\n\n<p>Basically from the discussions I&#39;ve been apart of, pollsters got the turnout models wrong, they assumed more voters would come out for Clinton, when in reality she under performed in almost every demographic. Also, Undecided Voters split more towards Trump in the end (which calls into question what it means to be an &quot;Undecided&quot;). On top of that State polls tend to be of poorer quality and tend to have more error.</p>\n\n<p>A talk I recently attended with both Republican and Democratic pollsters, pointed out they were both shocked by the results. Both lamenting that with a different set of assumptions they would have predicted the election perfectly.</p>\n\n<p>TL;DR They probably made assumptions and they were wrong.</p>\n</div>", "gildings": {}, "collapsed_reason": null, "associated_award": null, "stickied": false, "author_premium": false, "subreddit_type": "public", "can_gild": true, "subreddit": "statistics", "author_flair_text_color": null, "score_hidden": false, "permalink": "/r/statistics/comments/5e5604/dr_rebecca_goldin_of_statsorg_ask_me_anything/dackmc3/", "num_reports": null, "locked": false, "name": "t1_dackmc3", "created": 1479947500.0, "author_flair_text": null, "treatment_tags": [], "created_utc": 1479918700.0, "subreddit_name_prefixed": "r/statistics", "controversiality": 0, "depth": 1, "author_flair_background_color": null, "collapsed_because_crowd_control": null, "mod_reports": [], "mod_note": null, "distinguished": null, "_fetched": true}, {"_replies": [], "_submission": "5e5604", "_reddit": "_reddit", "total_awards_received": 0, "approved_at_utc": null, "ups": 1, "awarders": [], "mod_reason_by": null, "banned_by": null, "author_flair_type": "text", "removal_reason": null, "link_id": "t3_5e5604", "author_flair_template_id": null, "likes": null, "user_reports": [], "saved": false, "id": "daagf0z", "banned_at_utc": null, "mod_reason_title": null, "gilded": 0, "archived": true, "no_follow": true, "author": "BlueSky1877", "can_mod_post": false, "created_utc": 1479782644.0, "send_replies": true, "parent_id": "t1_daa76cq", "score": 1, "author_fullname": "t2_ko0uv", "report_reasons": null, "approved_by": null, "all_awardings": [], "subreddit_id": "t5_2qhfi", "body": "Polls have a huge issue with data being accurate which comes from the source(s) of data. \n\nBeyond that, yes, what someone says and what they do are often different!\n\nBeyond even that point, even the loudest person on social media or the news gets **one** vote. Granted, they can influence others but millions of Americans keep their political views off the public eye and don't answer polls.\n\nI have a feeling this last election really questions journalistic integrity and the quality of stats with elections.", "edited": false, "author_flair_css_class": null, "is_submitter": false, "downs": 0, "author_flair_richtext": [], "author_patreon_flair": false, "body_html": "<div class=\"md\"><p>Polls have a huge issue with data being accurate which comes from the source(s) of data. </p>\n\n<p>Beyond that, yes, what someone says and what they do are often different!</p>\n\n<p>Beyond even that point, even the loudest person on social media or the news gets <strong>one</strong> vote. Granted, they can influence others but millions of Americans keep their political views off the public eye and don&#39;t answer polls.</p>\n\n<p>I have a feeling this last election really questions journalistic integrity and the quality of stats with elections.</p>\n</div>", "gildings": {}, "collapsed_reason": null, "associated_award": null, "stickied": false, "author_premium": true, "subreddit_type": "public", "can_gild": true, "subreddit": "statistics", "author_flair_text_color": null, "score_hidden": false, "permalink": "/r/statistics/comments/5e5604/dr_rebecca_goldin_of_statsorg_ask_me_anything/daagf0z/", "num_reports": null, "locked": false, "name": "t1_daagf0z", "created": 1479811444.0, "author_flair_text": null, "treatment_tags": [], "collapsed": false, "subreddit_name_prefixed": "r/statistics", "controversiality": 0, "depth": 2, "author_flair_background_color": null, "collapsed_because_crowd_control": null, "mod_reports": [], "mod_note": null, "distinguished": null, "_fetched": true}, {"_replies": [], "_submission": "5e5604", "_reddit": "_reddit", "total_awards_received": 0, "approved_at_utc": null, "ups": 1, "awarders": [], "mod_reason_by": null, "banned_by": null, "author_flair_type": "text", "removal_reason": null, "link_id": "t3_5e5604", "author_flair_template_id": null, "likes": null, "user_reports": [], "saved": false, "id": "dacqpwa", "banned_at_utc": null, "mod_reason_title": null, "gilded": 0, "archived": true, "no_follow": true, "author": "bridge_view", "can_mod_post": false, "created_utc": 1479926220.0, "send_replies": true, "parent_id": "t1_dackmc3", "score": 1, "author_fullname": "t2_yrrtt", "report_reasons": null, "approved_by": null, "all_awardings": [], "subreddit_id": "t5_2qhfi", "body": "Thank you for the discussion, especially on the challenges of sorting through bias.  ", "edited": false, "author_flair_css_class": null, "is_submitter": false, "downs": 0, "author_flair_richtext": [], "author_patreon_flair": false, "body_html": "<div class=\"md\"><p>Thank you for the discussion, especially on the challenges of sorting through bias.  </p>\n</div>", "gildings": {}, "collapsed_reason": null, "associated_award": null, "stickied": false, "author_premium": false, "subreddit_type": "public", "can_gild": true, "subreddit": "statistics", "author_flair_text_color": null, "score_hidden": false, "permalink": "/r/statistics/comments/5e5604/dr_rebecca_goldin_of_statsorg_ask_me_anything/dacqpwa/", "num_reports": null, "locked": false, "name": "t1_dacqpwa", "created": 1479955020.0, "author_flair_text": null, "treatment_tags": [], "collapsed": false, "subreddit_name_prefixed": "r/statistics", "controversiality": 0, "depth": 2, "author_flair_background_color": null, "collapsed_because_crowd_control": null, "mod_reports": [], "mod_note": null, "distinguished": null, "_fetched": true}]}