{"_reddit": "_reddit", "approved_at_utc": null, "subreddit": "statistics", "selftext": "Roses are red.\n\nViolets are blue.\n\nIf you were a null hypothesis\n\nI'd fail to reject you.\n\n---\n\nNot mine. Shared by a friend on Facebook from an unknown source.", "author_fullname": "t2_7z8ao", "saved": false, "mod_reason_title": null, "gilded": 0, "clicked": false, "title": "A Valentine's Day poem for a statistician", "link_flair_richtext": [], "subreddit_name_prefixed": "r/statistics", "hidden": false, "pwls": 6, "link_flair_css_class": null, "downs": 0, "hide_score": false, "name": "t3_5u5koo", "quarantine": false, "link_flair_text_color": "dark", "upvote_ratio": 0.94, "author_flair_background_color": null, "subreddit_type": "public", "ups": 75, "total_awards_received": 0, "media_embed": {}, "author_flair_template_id": null, "is_original_content": false, "user_reports": [], "secure_media": null, "is_reddit_media_domain": false, "is_meta": false, "category": null, "secure_media_embed": {}, "link_flair_text": null, "can_mod_post": false, "score": 75, "approved_by": null, "author_premium": false, "thumbnail": "", "edited": false, "author_flair_css_class": null, "author_flair_richtext": [], "gildings": {}, "content_categories": null, "is_self": true, "mod_note": null, "created": 1487164582.0, "link_flair_type": "text", "wls": 6, "removed_by_category": null, "banned_by": null, "author_flair_type": "text", "domain": "self.statistics", "allow_live_comments": false, "selftext_html": "<!-- SC_OFF --><div class=\"md\"><p>Roses are red.</p>\n\n<p>Violets are blue.</p>\n\n<p>If you were a null hypothesis</p>\n\n<p>I&#39;d fail to reject you.</p>\n\n<hr/>\n\n<p>Not mine. Shared by a friend on Facebook from an unknown source.</p>\n</div><!-- SC_ON -->", "likes": null, "suggested_sort": null, "banned_at_utc": null, "view_count": null, "archived": true, "no_follow": false, "is_crosspostable": true, "pinned": false, "over_18": false, "all_awardings": [], "awarders": [], "media_only": false, "can_gild": true, "spoiler": false, "locked": false, "author_flair_text": null, "treatment_tags": [], "visited": false, "removed_by": null, "num_reports": null, "distinguished": null, "subreddit_id": "t5_2qhfi", "mod_reason_by": null, "removal_reason": null, "link_flair_background_color": "", "id": "5u5koo", "is_robot_indexable": true, "report_reasons": null, "author": "cassius_longinus", "discussion_type": null, "num_comments": 7, "send_replies": false, "whitelist_status": "all_ads", "contest_mode": false, "mod_reports": [], "author_patreon_flair": false, "author_flair_text_color": null, "permalink": "/r/statistics/comments/5u5koo/a_valentines_day_poem_for_a_statistician/", "parent_whitelist_status": "all_ads", "stickied": false, "url": "https://www.reddit.com/r/statistics/comments/5u5koo/a_valentines_day_poem_for_a_statistician/", "subreddit_subscribers": 106209, "created_utc": 1487135782.0, "num_crossposts": 0, "media": null, "is_video": false, "_fetched": false, "comment_limit": 2048, "comment_sort": "best", "_comments_by_id": {}, "_comments": [{"_replies": ["ddrzaro", "dds4ajy"], "_submission": "5u5koo", "_reddit": "_reddit", "total_awards_received": 0, "approved_at_utc": null, "ups": 34, "awarders": [], "mod_reason_by": null, "banned_by": null, "author_flair_type": "text", "removal_reason": null, "link_id": "t3_5u5koo", "author_flair_template_id": null, "likes": null, "user_reports": [], "saved": false, "id": "ddru4gw", "banned_at_utc": null, "mod_reason_title": null, "gilded": 0, "archived": true, "no_follow": false, "author": "adamjeffson", "can_mod_post": false, "send_replies": true, "parent_id": "t3_5u5koo", "score": 34, "author_fullname": "t2_kuuvm", "report_reasons": null, "approved_by": null, "all_awardings": [], "subreddit_id": "t5_2qhfi", "body": "Bayesians triggered", "edited": false, "downs": 0, "author_flair_css_class": null, "is_submitter": false, "collapsed": false, "author_flair_richtext": [], "author_patreon_flair": false, "body_html": "<div class=\"md\"><p>Bayesians triggered</p>\n</div>", "gildings": {}, "collapsed_reason": null, "associated_award": null, "stickied": false, "author_premium": false, "subreddit_type": "public", "can_gild": true, "subreddit": "statistics", "author_flair_text_color": null, "score_hidden": false, "permalink": "/r/statistics/comments/5u5koo/a_valentines_day_poem_for_a_statistician/ddru4gw/", "num_reports": null, "locked": false, "name": "t1_ddru4gw", "created": 1487193487.0, "author_flair_text": null, "treatment_tags": [], "created_utc": 1487164687.0, "subreddit_name_prefixed": "r/statistics", "controversiality": 0, "depth": 0, "author_flair_background_color": null, "collapsed_because_crowd_control": null, "mod_reports": [], "mod_note": null, "distinguished": null, "_fetched": true}, {"_replies": ["ddsuc8r"], "_submission": "5u5koo", "_reddit": "_reddit", "total_awards_received": 0, "approved_at_utc": null, "ups": 18, "awarders": [], "mod_reason_by": null, "banned_by": null, "author_flair_type": "text", "removal_reason": null, "link_id": "t3_5u5koo", "author_flair_template_id": null, "likes": null, "user_reports": [], "saved": false, "id": "ddrrjlm", "banned_at_utc": null, "mod_reason_title": null, "gilded": 0, "archived": true, "no_follow": false, "author": "Awkward_underscore", "can_mod_post": false, "send_replies": true, "parent_id": "t3_5u5koo", "score": 18, "author_fullname": "t2_cmgjk", "report_reasons": null, "approved_by": null, "all_awardings": [], "subreddit_id": "t5_2qhfi", "body": "Roses are red\nViolets are blue\nIf you have a 2-sample t-test\nDf = n\u20132", "edited": false, "downs": 0, "author_flair_css_class": null, "is_submitter": false, "collapsed": false, "author_flair_richtext": [], "author_patreon_flair": false, "body_html": "<div class=\"md\"><p>Roses are red\nViolets are blue\nIf you have a 2-sample t-test\nDf = n\u20132</p>\n</div>", "gildings": {}, "collapsed_reason": null, "associated_award": null, "stickied": false, "author_premium": false, "subreddit_type": "public", "can_gild": true, "subreddit": "statistics", "author_flair_text_color": null, "score_hidden": false, "permalink": "/r/statistics/comments/5u5koo/a_valentines_day_poem_for_a_statistician/ddrrjlm/", "num_reports": null, "locked": false, "name": "t1_ddrrjlm", "created": 1487187569.0, "author_flair_text": null, "treatment_tags": [], "created_utc": 1487158769.0, "subreddit_name_prefixed": "r/statistics", "controversiality": 0, "depth": 0, "author_flair_background_color": null, "collapsed_because_crowd_control": null, "mod_reports": [], "mod_note": null, "distinguished": null, "_fetched": true}, {"_replies": [], "_submission": "5u5koo", "_reddit": "_reddit", "total_awards_received": 0, "approved_at_utc": null, "ups": 11, "awarders": [], "mod_reason_by": null, "banned_by": null, "author_flair_type": "text", "removal_reason": null, "link_id": "t3_5u5koo", "author_flair_template_id": null, "likes": null, "user_reports": [], "saved": false, "id": "dds6yp1", "banned_at_utc": null, "mod_reason_title": null, "gilded": 0, "archived": true, "no_follow": false, "author": "All_Halibut", "can_mod_post": false, "send_replies": true, "parent_id": "t3_5u5koo", "score": 11, "author_fullname": "t2_7llag", "report_reasons": null, "approved_by": null, "all_awardings": [], "subreddit_id": "t5_2qhfi", "body": "Probably type 2 error", "edited": false, "downs": 0, "author_flair_css_class": null, "is_submitter": false, "collapsed": false, "author_flair_richtext": [], "author_patreon_flair": false, "body_html": "<div class=\"md\"><p>Probably type 2 error</p>\n</div>", "gildings": {}, "collapsed_reason": null, "associated_award": null, "stickied": false, "author_premium": false, "subreddit_type": "public", "can_gild": true, "subreddit": "statistics", "author_flair_text_color": null, "score_hidden": false, "permalink": "/r/statistics/comments/5u5koo/a_valentines_day_poem_for_a_statistician/dds6yp1/", "num_reports": null, "locked": false, "name": "t1_dds6yp1", "created": 1487209810.0, "author_flair_text": null, "treatment_tags": [], "created_utc": 1487181010.0, "subreddit_name_prefixed": "r/statistics", "controversiality": 0, "depth": 0, "author_flair_background_color": null, "collapsed_because_crowd_control": null, "mod_reports": [], "mod_note": null, "distinguished": null, "_fetched": true}, {"_replies": [], "_submission": "5u5koo", "_reddit": "_reddit", "total_awards_received": 0, "approved_at_utc": null, "ups": 9, "awarders": [], "mod_reason_by": null, "banned_by": null, "author_flair_type": "text", "removal_reason": null, "link_id": "t3_5u5koo", "author_flair_template_id": null, "likes": null, "user_reports": [], "saved": false, "id": "dds7y11", "banned_at_utc": null, "mod_reason_title": null, "gilded": 0, "archived": true, "no_follow": true, "author": "Beau_Nash", "can_mod_post": false, "send_replies": true, "parent_id": "t3_5u5koo", "score": 9, "author_fullname": "t2_wtvzw", "report_reasons": null, "approved_by": null, "all_awardings": [], "subreddit_id": "t5_2qhfi", "body": "Roses are red -- Violets are blue -- I am bang average -- You're well above mu\n\n", "edited": 1487182278.0, "downs": 0, "author_flair_css_class": null, "is_submitter": false, "collapsed": false, "author_flair_richtext": [], "author_patreon_flair": false, "body_html": "<div class=\"md\"><p>Roses are red -- Violets are blue -- I am bang average -- You&#39;re well above mu</p>\n</div>", "gildings": {}, "collapsed_reason": null, "associated_award": null, "stickied": false, "author_premium": false, "subreddit_type": "public", "can_gild": true, "subreddit": "statistics", "author_flair_text_color": null, "score_hidden": false, "permalink": "/r/statistics/comments/5u5koo/a_valentines_day_poem_for_a_statistician/dds7y11/", "num_reports": null, "locked": false, "name": "t1_dds7y11", "created": 1487210883.0, "author_flair_text": null, "treatment_tags": [], "created_utc": 1487182083.0, "subreddit_name_prefixed": "r/statistics", "controversiality": 0, "depth": 0, "author_flair_background_color": null, "collapsed_because_crowd_control": null, "mod_reports": [], "mod_note": null, "distinguished": null, "_fetched": true}, {"_replies": [], "_submission": "5u5koo", "_reddit": "_reddit", "total_awards_received": 0, "approved_at_utc": null, "ups": 9, "awarders": [], "mod_reason_by": null, "banned_by": null, "author_flair_type": "text", "removal_reason": null, "link_id": "t3_5u5koo", "author_flair_template_id": null, "likes": null, "user_reports": [], "saved": false, "id": "ddrzaro", "banned_at_utc": null, "mod_reason_title": null, "gilded": 0, "archived": true, "no_follow": false, "author": "Bromskloss", "can_mod_post": false, "send_replies": true, "parent_id": "t1_ddru4gw", "score": 9, "author_fullname": "t2_7uajy", "report_reasons": null, "approved_by": null, "all_awardings": [], "subreddit_id": "t5_2qhfi", "collapsed": false, "body": "With this new evidence, poem author gets disregarded due to having to small a posterior.", "edited": false, "author_flair_css_class": null, "is_submitter": false, "downs": 0, "author_flair_richtext": [], "author_patreon_flair": false, "body_html": "<div class=\"md\"><p>With this new evidence, poem author gets disregarded due to having to small a posterior.</p>\n</div>", "gildings": {}, "collapsed_reason": null, "associated_award": null, "stickied": false, "author_premium": false, "subreddit_type": "public", "can_gild": true, "subreddit": "statistics", "author_flair_text_color": null, "score_hidden": false, "permalink": "/r/statistics/comments/5u5koo/a_valentines_day_poem_for_a_statistician/ddrzaro/", "num_reports": null, "locked": false, "name": "t1_ddrzaro", "created": 1487201037.0, "author_flair_text": null, "treatment_tags": [], "created_utc": 1487172237.0, "subreddit_name_prefixed": "r/statistics", "controversiality": 0, "depth": 1, "author_flair_background_color": null, "collapsed_because_crowd_control": null, "mod_reports": [], "mod_note": null, "distinguished": null, "_fetched": true}, {"_replies": [], "_submission": "5u5koo", "_reddit": "_reddit", "total_awards_received": 0, "approved_at_utc": null, "ups": 8, "awarders": [], "mod_reason_by": null, "banned_by": null, "author_flair_type": "text", "removal_reason": null, "link_id": "t3_5u5koo", "author_flair_template_id": null, "likes": null, "user_reports": [], "saved": false, "id": "dds4ajy", "banned_at_utc": null, "mod_reason_title": null, "gilded": 0, "archived": true, "no_follow": false, "author": "shaggorama", "can_mod_post": false, "send_replies": true, "parent_id": "t1_ddru4gw", "score": 8, "author_fullname": "t2_3d829", "report_reasons": null, "approved_by": null, "all_awardings": [], "subreddit_id": "t5_2qhfi", "collapsed": false, "body": "Hey babe, can I sample your posterior? ", "edited": false, "author_flair_css_class": null, "is_submitter": false, "downs": 0, "author_flair_richtext": [], "author_patreon_flair": false, "body_html": "<div class=\"md\"><p>Hey babe, can I sample your posterior? </p>\n</div>", "gildings": {}, "collapsed_reason": null, "associated_award": null, "stickied": false, "author_premium": false, "subreddit_type": "public", "can_gild": true, "subreddit": "statistics", "author_flair_text_color": null, "score_hidden": false, "permalink": "/r/statistics/comments/5u5koo/a_valentines_day_poem_for_a_statistician/dds4ajy/", "num_reports": null, "locked": false, "name": "t1_dds4ajy", "created": 1487206848.0, "author_flair_text": null, "treatment_tags": [], "created_utc": 1487178048.0, "subreddit_name_prefixed": "r/statistics", "controversiality": 0, "depth": 1, "author_flair_background_color": null, "collapsed_because_crowd_control": null, "mod_reports": [], "mod_note": null, "distinguished": null, "_fetched": true}, {"_replies": [], "_submission": "5u5koo", "_reddit": "_reddit", "total_awards_received": 0, "approved_at_utc": null, "ups": 1, "awarders": [], "mod_reason_by": null, "banned_by": null, "author_flair_type": "text", "removal_reason": null, "link_id": "t3_5u5koo", "author_flair_template_id": null, "likes": null, "user_reports": [], "saved": false, "id": "ddsuc8r", "banned_at_utc": null, "mod_reason_title": null, "gilded": 0, "archived": true, "no_follow": true, "author": "ice_wendell", "can_mod_post": false, "send_replies": true, "parent_id": "t1_ddrrjlm", "score": 1, "author_fullname": "t2_50tdf", "report_reasons": null, "approved_by": null, "all_awardings": [], "subreddit_id": "t5_2qhfi", "collapsed": false, "body": "oooooh. nice", "edited": false, "author_flair_css_class": null, "is_submitter": false, "downs": 0, "author_flair_richtext": [], "author_patreon_flair": false, "body_html": "<div class=\"md\"><p>oooooh. nice</p>\n</div>", "gildings": {}, "collapsed_reason": null, "associated_award": null, "stickied": false, "author_premium": false, "subreddit_type": "public", "can_gild": true, "subreddit": "statistics", "author_flair_text_color": null, "score_hidden": false, "permalink": "/r/statistics/comments/5u5koo/a_valentines_day_poem_for_a_statistician/ddsuc8r/", "num_reports": null, "locked": false, "name": "t1_ddsuc8r", "created": 1487237099.0, "author_flair_text": null, "treatment_tags": [], "created_utc": 1487208299.0, "subreddit_name_prefixed": "r/statistics", "controversiality": 0, "depth": 1, "author_flair_background_color": null, "collapsed_because_crowd_control": null, "mod_reports": [], "mod_note": null, "distinguished": null, "_fetched": true}]}