{"_reddit": "_reddit", "approved_at_utc": null, "subreddit": "statistics", "selftext": "", "author_fullname": "t2_6qly5", "saved": false, "mod_reason_title": null, "gilded": 0, "clicked": false, "title": "Statistically, the 13th is more likely to be a Friday than any other day of the week", "link_flair_richtext": [], "subreddit_name_prefixed": "r/statistics", "hidden": false, "pwls": 6, "link_flair_css_class": null, "downs": 0, "hide_score": false, "name": "t3_5nsno2", "quarantine": false, "link_flair_text_color": "dark", "upvote_ratio": 0.85, "author_flair_background_color": null, "subreddit_type": "public", "ups": 49, "total_awards_received": 0, "media_embed": {}, "author_flair_template_id": null, "is_original_content": false, "user_reports": [], "secure_media": null, "is_reddit_media_domain": false, "is_meta": false, "category": null, "secure_media_embed": {}, "link_flair_text": null, "can_mod_post": false, "score": 49, "approved_by": null, "author_premium": false, "thumbnail": "", "edited": false, "author_flair_css_class": null, "author_flair_richtext": [], "gildings": {}, "content_categories": null, "is_self": false, "mod_note": null, "created": 1484364206.0, "link_flair_type": "text", "wls": 6, "removed_by_category": null, "banned_by": null, "author_flair_type": "text", "domain": "datagenetics.com", "allow_live_comments": false, "selftext_html": null, "likes": null, "suggested_sort": null, "banned_at_utc": null, "view_count": null, "archived": true, "no_follow": false, "is_crosspostable": true, "pinned": false, "over_18": false, "all_awardings": [], "awarders": [], "media_only": false, "can_gild": true, "spoiler": false, "locked": false, "author_flair_text": null, "treatment_tags": [], "visited": false, "removed_by": null, "num_reports": null, "distinguished": null, "subreddit_id": "t5_2qhfi", "mod_reason_by": null, "removal_reason": null, "link_flair_background_color": "", "id": "5nsno2", "is_robot_indexable": true, "report_reasons": null, "author": "NickBerry", "discussion_type": null, "num_comments": 11, "send_replies": true, "whitelist_status": "all_ads", "contest_mode": false, "mod_reports": [], "author_patreon_flair": false, "author_flair_text_color": null, "permalink": "/r/statistics/comments/5nsno2/statistically_the_13th_is_more_likely_to_be_a/", "parent_whitelist_status": "all_ads", "stickied": false, "url": "http://www.datagenetics.com/blog/may32014/index.html", "subreddit_subscribers": 106209, "created_utc": 1484335406.0, "num_crossposts": 0, "media": null, "is_video": false, "_fetched": false, "comment_limit": 2048, "comment_sort": "best", "_comments_by_id": {}, "_comments": [{"_replies": [], "_submission": "5nsno2", "_reddit": "_reddit", "total_awards_received": 0, "approved_at_utc": null, "ups": 3, "awarders": [], "mod_reason_by": null, "banned_by": null, "author_flair_type": "text", "removal_reason": null, "link_id": "t3_5nsno2", "author_flair_template_id": null, "likes": null, "user_reports": [], "saved": false, "id": "dcf0bpf", "banned_at_utc": null, "mod_reason_title": null, "gilded": 0, "archived": true, "no_follow": true, "author": "mfb-", "can_mod_post": false, "send_replies": true, "parent_id": "t3_5nsno2", "score": 3, "author_fullname": "t2_q81tq", "report_reasons": null, "approved_by": null, "all_awardings": [], "subreddit_id": "t5_2qhfi", "body": "It is more frequent by 0.05% (14.333% instead of 14.286%). One more Friday the 13th every 200 years compared to the 1/7 ratio.\n\nYeah... technically correct.", "edited": false, "downs": 0, "author_flair_css_class": null, "is_submitter": false, "collapsed": false, "author_flair_richtext": [], "author_patreon_flair": false, "body_html": "<div class=\"md\"><p>It is more frequent by 0.05% (14.333% instead of 14.286%). One more Friday the 13th every 200 years compared to the 1/7 ratio.</p>\n\n<p>Yeah... technically correct.</p>\n</div>", "gildings": {}, "collapsed_reason": null, "associated_award": null, "stickied": false, "author_premium": false, "subreddit_type": "public", "can_gild": true, "subreddit": "statistics", "author_flair_text_color": null, "score_hidden": false, "permalink": "/r/statistics/comments/5nsno2/statistically_the_13th_is_more_likely_to_be_a/dcf0bpf/", "num_reports": null, "locked": false, "name": "t1_dcf0bpf", "created": 1484431930.0, "author_flair_text": null, "treatment_tags": [], "created_utc": 1484403130.0, "subreddit_name_prefixed": "r/statistics", "controversiality": 0, "depth": 0, "author_flair_background_color": null, "collapsed_because_crowd_control": null, "mod_reports": [], "mod_note": null, "distinguished": null, "_fetched": true}, {"_replies": [], "_submission": "5nsno2", "_reddit": "_reddit", "total_awards_received": 0, "approved_at_utc": null, "ups": 45, "awarders": [], "mod_reason_by": null, "banned_by": null, "author_flair_type": "text", "removal_reason": null, "link_id": "t3_5nsno2", "author_flair_template_id": null, "likes": null, "user_reports": [], "saved": false, "id": "dcebksz", "banned_at_utc": null, "mod_reason_title": null, "gilded": 0, "archived": true, "no_follow": false, "author": "apliens", "can_mod_post": false, "send_replies": true, "parent_id": "t1_dceacjm", "score": 45, "author_fullname": "t2_lgdoh", "report_reasons": null, "approved_by": null, "all_awardings": [], "subreddit_id": "t5_2qhfi", "collapsed": false, "body": "A statistic has nothing to do with uncertainty, it is just a function of the data. The constant that you described is a statistic. ", "edited": false, "author_flair_css_class": null, "is_submitter": false, "downs": 0, "author_flair_richtext": [], "author_patreon_flair": false, "body_html": "<div class=\"md\"><p>A statistic has nothing to do with uncertainty, it is just a function of the data. The constant that you described is a statistic. </p>\n</div>", "gildings": {}, "collapsed_reason": null, "associated_award": null, "stickied": false, "author_premium": false, "subreddit_type": "public", "can_gild": true, "subreddit": "statistics", "author_flair_text_color": null, "score_hidden": false, "permalink": "/r/statistics/comments/5nsno2/statistically_the_13th_is_more_likely_to_be_a/dcebksz/", "num_reports": null, "locked": false, "name": "t1_dcebksz", "created": 1484379100.0, "author_flair_text": null, "treatment_tags": [], "created_utc": 1484350300.0, "subreddit_name_prefixed": "r/statistics", "controversiality": 0, "depth": 1, "author_flair_background_color": null, "collapsed_because_crowd_control": null, "mod_reports": [], "mod_note": null, "distinguished": null, "_fetched": true}, {"_replies": ["dcenkme"], "_submission": "5nsno2", "_reddit": "_reddit", "total_awards_received": 0, "approved_at_utc": null, "ups": 5, "awarders": [], "mod_reason_by": null, "banned_by": null, "author_flair_type": "text", "removal_reason": null, "link_id": "t3_5nsno2", "author_flair_template_id": null, "likes": null, "user_reports": [], "saved": false, "id": "dcefco9", "banned_at_utc": null, "mod_reason_title": null, "gilded": 0, "archived": true, "no_follow": false, "author": "mickskitz", "can_mod_post": false, "send_replies": true, "parent_id": "t1_dceacjm", "score": 5, "author_fullname": "t2_9uzoc", "report_reasons": null, "approved_by": null, "all_awardings": [], "subreddit_id": "t5_2qhfi", "collapsed": false, "body": "But the chances of any particular 13th falling on a friday is a likelyhood is 14.3% (based on your 688, i didnt check this). ", "edited": false, "author_flair_css_class": null, "is_submitter": false, "downs": 0, "author_flair_richtext": [], "author_patreon_flair": false, "body_html": "<div class=\"md\"><p>But the chances of any particular 13th falling on a friday is a likelyhood is 14.3% (based on your 688, i didnt check this). </p>\n</div>", "gildings": {}, "collapsed_reason": null, "associated_award": null, "stickied": false, "author_premium": false, "subreddit_type": "public", "can_gild": true, "subreddit": "statistics", "author_flair_text_color": null, "score_hidden": false, "permalink": "/r/statistics/comments/5nsno2/statistically_the_13th_is_more_likely_to_be_a/dcefco9/", "num_reports": null, "locked": false, "name": "t1_dcefco9", "created": 1484384516.0, "author_flair_text": null, "treatment_tags": [], "created_utc": 1484355716.0, "subreddit_name_prefixed": "r/statistics", "controversiality": 0, "depth": 1, "author_flair_background_color": null, "collapsed_because_crowd_control": null, "mod_reports": [], "mod_note": null, "distinguished": null, "_fetched": true}, {"_replies": ["dceqx02"], "_submission": "5nsno2", "_reddit": "_reddit", "total_awards_received": 0, "approved_at_utc": null, "ups": 5, "awarders": [], "mod_reason_by": null, "banned_by": null, "author_flair_type": "text", "removal_reason": null, "link_id": "t3_5nsno2", "author_flair_template_id": null, "likes": null, "user_reports": [], "saved": false, "id": "dceoxc4", "banned_at_utc": null, "mod_reason_title": null, "gilded": 0, "archived": true, "no_follow": false, "author": "ManofManyTalentz", "can_mod_post": false, "send_replies": true, "parent_id": "t1_dceacjm", "score": 5, "author_fullname": "t2_9n2ak", "report_reasons": null, "approved_by": null, "all_awardings": [], "subreddit_id": "t5_2qhfi", "collapsed": false, "body": "are you confusing \"Statistically\" with \"probabilistically\"?", "edited": false, "author_flair_css_class": null, "is_submitter": false, "downs": 0, "author_flair_richtext": [], "author_patreon_flair": false, "body_html": "<div class=\"md\"><p>are you confusing &quot;Statistically&quot; with &quot;probabilistically&quot;?</p>\n</div>", "gildings": {}, "collapsed_reason": null, "associated_award": null, "stickied": false, "author_premium": false, "subreddit_type": "public", "can_gild": true, "subreddit": "statistics", "author_flair_text_color": null, "score_hidden": false, "permalink": "/r/statistics/comments/5nsno2/statistically_the_13th_is_more_likely_to_be_a/dceoxc4/", "num_reports": null, "locked": false, "name": "t1_dceoxc4", "created": 1484400192.0, "author_flair_text": null, "treatment_tags": [], "created_utc": 1484371392.0, "subreddit_name_prefixed": "r/statistics", "controversiality": 0, "depth": 1, "author_flair_background_color": null, "collapsed_because_crowd_control": null, "mod_reports": [], "mod_note": null, "distinguished": null, "_fetched": true}, {"_replies": [], "_submission": "5nsno2", "_reddit": "_reddit", "total_awards_received": 0, "approved_at_utc": null, "ups": 1, "awarders": [], "mod_reason_by": null, "banned_by": null, "author_flair_type": "text", "removal_reason": null, "link_id": "t3_5nsno2", "author_flair_template_id": null, "likes": null, "user_reports": [], "saved": false, "id": "dcef812", "banned_at_utc": null, "mod_reason_title": null, "gilded": 0, "archived": true, "no_follow": true, "author": "mickskitz", "can_mod_post": false, "created_utc": 1484355525.0, "send_replies": true, "parent_id": "t1_dcec0ik", "score": 1, "author_fullname": "t2_9uzoc", "report_reasons": null, "approved_by": null, "all_awardings": [], "subreddit_id": "t5_2qhfi", "body": "Not quite, the other way around. If you know it is the 13th how confident are you that it is a friday", "edited": false, "author_flair_css_class": null, "is_submitter": false, "downs": 0, "author_flair_richtext": [], "author_patreon_flair": false, "body_html": "<div class=\"md\"><p>Not quite, the other way around. If you know it is the 13th how confident are you that it is a friday</p>\n</div>", "gildings": {}, "collapsed_reason": null, "associated_award": null, "stickied": false, "author_premium": false, "subreddit_type": "public", "can_gild": true, "subreddit": "statistics", "author_flair_text_color": null, "score_hidden": false, "permalink": "/r/statistics/comments/5nsno2/statistically_the_13th_is_more_likely_to_be_a/dcef812/", "num_reports": null, "locked": false, "name": "t1_dcef812", "created": 1484384325.0, "author_flair_text": null, "treatment_tags": [], "collapsed": false, "subreddit_name_prefixed": "r/statistics", "controversiality": 0, "depth": 2, "author_flair_background_color": null, "collapsed_because_crowd_control": null, "mod_reports": [], "mod_note": null, "distinguished": null, "_fetched": true}, {"_replies": [], "_submission": "5nsno2", "_reddit": "_reddit", "total_awards_received": 0, "approved_at_utc": null, "ups": 6, "awarders": [], "mod_reason_by": null, "banned_by": null, "author_flair_type": "text", "removal_reason": null, "link_id": "t3_5nsno2", "author_flair_template_id": null, "likes": null, "user_reports": [], "saved": false, "id": "dceo59h", "banned_at_utc": null, "mod_reason_title": null, "gilded": 0, "archived": true, "no_follow": false, "author": "Neurokeen", "can_mod_post": false, "send_replies": true, "parent_id": "t1_dcenkme", "score": 6, "author_fullname": "t2_5cu5r", "report_reasons": null, "approved_by": null, "all_awardings": [], "subreddit_id": "t5_2qhfi", "body": "We still do proofs by probabilistic methods in other areas math (such as number theory), so it's not really that bizarre.", "edited": false, "downs": 0, "author_flair_css_class": null, "is_submitter": false, "collapsed": false, "author_flair_richtext": [], "author_patreon_flair": false, "body_html": "<div class=\"md\"><p>We still do proofs by probabilistic methods in other areas math (such as number theory), so it&#39;s not really that bizarre.</p>\n</div>", "gildings": {}, "collapsed_reason": null, "associated_award": null, "stickied": false, "author_premium": false, "subreddit_type": "public", "can_gild": true, "subreddit": "statistics", "author_flair_text_color": null, "score_hidden": false, "permalink": "/r/statistics/comments/5nsno2/statistically_the_13th_is_more_likely_to_be_a/dceo59h/", "num_reports": null, "locked": false, "name": "t1_dceo59h", "created": 1484398724.0, "author_flair_text": null, "treatment_tags": [], "created_utc": 1484369924.0, "subreddit_name_prefixed": "r/statistics", "controversiality": 0, "depth": 3, "author_flair_background_color": null, "collapsed_because_crowd_control": null, "mod_reports": [], "mod_note": null, "distinguished": null, "_fetched": true}, {"_replies": ["dceyc1e"], "_submission": "5nsno2", "_reddit": "_reddit", "total_awards_received": 0, "approved_at_utc": null, "ups": 3, "awarders": [], "mod_reason_by": null, "banned_by": null, "author_flair_type": "text", "removal_reason": null, "link_id": "t3_5nsno2", "author_flair_template_id": null, "likes": null, "user_reports": [], "saved": false, "id": "dcevat0", "banned_at_utc": null, "mod_reason_title": null, "gilded": 0, "archived": true, "no_follow": true, "author": "clvnmllr", "can_mod_post": false, "send_replies": true, "parent_id": "t1_dcenkme", "score": 3, "author_fullname": "t2_9u496", "report_reasons": null, "approved_by": null, "all_awardings": [], "subreddit_id": "t5_2qhfi", "body": "Likelihood, right?", "edited": false, "downs": 0, "author_flair_css_class": null, "is_submitter": false, "collapsed": false, "author_flair_richtext": [], "author_patreon_flair": false, "body_html": "<div class=\"md\"><p>Likelihood, right?</p>\n</div>", "gildings": {}, "collapsed_reason": null, "associated_award": null, "stickied": false, "author_premium": false, "subreddit_type": "public", "can_gild": true, "subreddit": "statistics", "author_flair_text_color": null, "score_hidden": false, "permalink": "/r/statistics/comments/5nsno2/statistically_the_13th_is_more_likely_to_be_a/dcevat0/", "num_reports": null, "locked": false, "name": "t1_dcevat0", "created": 1484416952.0, "author_flair_text": null, "treatment_tags": [], "created_utc": 1484388152.0, "subreddit_name_prefixed": "r/statistics", "controversiality": 0, "depth": 3, "author_flair_background_color": null, "collapsed_because_crowd_control": null, "mod_reports": [], "mod_note": null, "distinguished": null, "_fetched": true}, {"_replies": [], "_submission": "5nsno2", "_reddit": "_reddit", "total_awards_received": 0, "approved_at_utc": null, "ups": 7, "awarders": [], "mod_reason_by": null, "banned_by": null, "author_flair_type": "text", "removal_reason": null, "link_id": "t3_5nsno2", "author_flair_template_id": null, "likes": null, "user_reports": [], "saved": false, "id": "dceu1q9", "banned_at_utc": null, "mod_reason_title": null, "gilded": 0, "archived": true, "no_follow": false, "author": "ManofManyTalentz", "can_mod_post": false, "send_replies": true, "parent_id": "t1_dceqx02", "score": 7, "author_fullname": "t2_9n2ak", "report_reasons": null, "approved_by": null, "all_awardings": [], "subreddit_id": "t5_2qhfi", "body": "I think you are: a statistic doesn't need to be uncertain; descriptive statistics are a whole branch and have nothing to do with probability. Telling people how many Fridays land on 13 is a descriptive statistic.", "edited": false, "downs": 0, "author_flair_css_class": null, "is_submitter": false, "collapsed": false, "author_flair_richtext": [], "author_patreon_flair": false, "body_html": "<div class=\"md\"><p>I think you are: a statistic doesn&#39;t need to be uncertain; descriptive statistics are a whole branch and have nothing to do with probability. Telling people how many Fridays land on 13 is a descriptive statistic.</p>\n</div>", "gildings": {}, "collapsed_reason": null, "associated_award": null, "stickied": false, "author_premium": false, "subreddit_type": "public", "can_gild": true, "subreddit": "statistics", "author_flair_text_color": null, "score_hidden": false, "permalink": "/r/statistics/comments/5nsno2/statistically_the_13th_is_more_likely_to_be_a/dceu1q9/", "num_reports": null, "locked": false, "name": "t1_dceu1q9", "created": 1484412782.0, "author_flair_text": null, "treatment_tags": [], "created_utc": 1484383982.0, "subreddit_name_prefixed": "r/statistics", "controversiality": 0, "depth": 3, "author_flair_background_color": null, "collapsed_because_crowd_control": null, "mod_reports": [], "mod_note": null, "distinguished": null, "_fetched": true}, {"_replies": ["dcf2ywx"], "_submission": "5nsno2", "_reddit": "_reddit", "total_awards_received": 0, "approved_at_utc": null, "ups": 5, "awarders": [], "mod_reason_by": null, "banned_by": null, "author_flair_type": "text", "removal_reason": null, "link_id": "t3_5nsno2", "author_flair_template_id": null, "likes": null, "user_reports": [], "saved": false, "id": "dceyc1e", "banned_at_utc": null, "mod_reason_title": null, "gilded": 0, "archived": true, "no_follow": false, "author": "samclifford", "can_mod_post": false, "send_replies": true, "parent_id": "t1_dcevat0", "score": 5, "author_fullname": "t2_63zs3", "report_reasons": null, "approved_by": null, "all_awardings": [], "subreddit_id": "t5_2qhfi", "collapsed": false, "body": "Probability, probably.", "edited": false, "author_flair_css_class": null, "is_submitter": false, "downs": 0, "author_flair_richtext": [], "author_patreon_flair": false, "body_html": "<div class=\"md\"><p>Probability, probably.</p>\n</div>", "gildings": {}, "collapsed_reason": null, "associated_award": null, "stickied": false, "author_premium": false, "subreddit_type": "public", "can_gild": true, "subreddit": "statistics", "author_flair_text_color": null, "score_hidden": false, "permalink": "/r/statistics/comments/5nsno2/statistically_the_13th_is_more_likely_to_be_a/dceyc1e/", "num_reports": null, "locked": false, "name": "t1_dceyc1e", "created": 1484427043.0, "author_flair_text": null, "treatment_tags": [], "created_utc": 1484398243.0, "subreddit_name_prefixed": "r/statistics", "controversiality": 0, "depth": 4, "author_flair_background_color": null, "collapsed_because_crowd_control": null, "mod_reports": [], "mod_note": null, "distinguished": null, "_fetched": true}, {"_replies": [], "_submission": "5nsno2", "_reddit": "_reddit", "total_awards_received": 0, "approved_at_utc": null, "ups": 1, "awarders": [], "mod_reason_by": null, "banned_by": null, "author_flair_type": "text", "removal_reason": null, "link_id": "t3_5nsno2", "author_flair_template_id": null, "likes": null, "user_reports": [], "saved": false, "id": "dcf2ywx", "banned_at_utc": null, "mod_reason_title": null, "gilded": 0, "archived": true, "no_follow": true, "author": "Astromike23", "can_mod_post": false, "created_utc": 1484408004.0, "send_replies": true, "parent_id": "t1_dceyc1e", "score": 1, "author_fullname": "t2_6spco", "report_reasons": null, "approved_by": null, "all_awardings": [], "subreddit_id": "t5_2qhfi", "body": "This is more technically correct.\n\nProbability would be, \"What are the chances these particular Fridays are on the 13th, given the true mean of Fridays falling on the 13th?\"\n\nLikelihood would be, \"What is the true mean of Fridays falling on the 13th, given these particular Fridays fall on the 13th?\"", "edited": false, "author_flair_css_class": null, "is_submitter": false, "downs": 0, "author_flair_richtext": [], "author_patreon_flair": false, "body_html": "<div class=\"md\"><p>This is more technically correct.</p>\n\n<p>Probability would be, &quot;What are the chances these particular Fridays are on the 13th, given the true mean of Fridays falling on the 13th?&quot;</p>\n\n<p>Likelihood would be, &quot;What is the true mean of Fridays falling on the 13th, given these particular Fridays fall on the 13th?&quot;</p>\n</div>", "gildings": {}, "collapsed_reason": null, "associated_award": null, "stickied": false, "author_premium": false, "subreddit_type": "public", "can_gild": true, "subreddit": "statistics", "author_flair_text_color": null, "score_hidden": false, "permalink": "/r/statistics/comments/5nsno2/statistically_the_13th_is_more_likely_to_be_a/dcf2ywx/", "num_reports": null, "locked": false, "name": "t1_dcf2ywx", "created": 1484436804.0, "author_flair_text": null, "treatment_tags": [], "collapsed": false, "subreddit_name_prefixed": "r/statistics", "controversiality": 0, "depth": 5, "author_flair_background_color": null, "collapsed_because_crowd_control": null, "mod_reports": [], "mod_note": null, "distinguished": null, "_fetched": true}]}