{"_reddit": "_reddit", "approved_at_utc": null, "subreddit": "statistics", "selftext": "I have a lot of experience using SPSS and some experience with SYSTAT, but seeing as R is free and everyone is starting to use it, I feel like it would be better to learn it now versus while I'm in grad school. ", "author_fullname": "t2_zc2jn", "saved": false, "mod_reason_title": null, "gilded": 0, "clicked": false, "title": "I'm pursing graduate school in social psychology and want to learn R to improve my application and overall statistics skills. What's the best way to learn R for beginners with no background in programming?", "link_flair_richtext": [], "subreddit_name_prefixed": "r/statistics", "hidden": false, "pwls": 6, "link_flair_css_class": null, "downs": 0, "hide_score": false, "name": "t3_5677zi", "quarantine": false, "link_flair_text_color": "dark", "upvote_ratio": 0.88, "author_flair_background_color": null, "subreddit_type": "public", "ups": 48, "total_awards_received": 0, "media_embed": {}, "author_flair_template_id": null, "is_original_content": false, "user_reports": [], "secure_media": null, "is_reddit_media_domain": false, "is_meta": false, "category": null, "secure_media_embed": {}, "link_flair_text": null, "can_mod_post": false, "score": 48, "approved_by": null, "author_premium": false, "thumbnail": "", "edited": false, "author_flair_css_class": null, "author_flair_richtext": [], "gildings": {}, "content_categories": null, "is_self": true, "mod_note": null, "created": 1475811035.0, "link_flair_type": "text", "wls": 6, "removed_by_category": null, "banned_by": null, "author_flair_type": "text", "domain": "self.statistics", "allow_live_comments": false, "selftext_html": "<!-- SC_OFF --><div class=\"md\"><p>I have a lot of experience using SPSS and some experience with SYSTAT, but seeing as R is free and everyone is starting to use it, I feel like it would be better to learn it now versus while I&#39;m in grad school. </p>\n</div><!-- SC_ON -->", "likes": null, "suggested_sort": null, "banned_at_utc": null, "view_count": null, "archived": true, "no_follow": false, "is_crosspostable": true, "pinned": false, "over_18": false, "all_awardings": [], "awarders": [], "media_only": false, "can_gild": true, "spoiler": false, "locked": false, "author_flair_text": null, "treatment_tags": [], "visited": false, "removed_by": null, "num_reports": null, "distinguished": null, "subreddit_id": "t5_2qhfi", "mod_reason_by": null, "removal_reason": null, "link_flair_background_color": "", "id": "5677zi", "is_robot_indexable": true, "report_reasons": null, "author": "erikjj1324", "discussion_type": null, "num_comments": 38, "send_replies": true, "whitelist_status": "all_ads", "contest_mode": false, "mod_reports": [], "author_patreon_flair": false, "author_flair_text_color": null, "permalink": "/r/statistics/comments/5677zi/im_pursing_graduate_school_in_social_psychology/", "parent_whitelist_status": "all_ads", "stickied": false, "url": "https://www.reddit.com/r/statistics/comments/5677zi/im_pursing_graduate_school_in_social_psychology/", "subreddit_subscribers": 106209, "created_utc": 1475782235.0, "num_crossposts": 0, "media": null, "is_video": false, "_fetched": false, "comment_limit": 2048, "comment_sort": "best", "_comments_by_id": {}, "_comments": [{"_replies": ["d8he92u", "d8hut1e", "d8i3klx", "d8hqg20"], "_submission": "5677zi", "_reddit": "_reddit", "total_awards_received": 0, "approved_at_utc": null, "ups": 40, "awarders": [], "mod_reason_by": null, "banned_by": null, "author_flair_type": "text", "removal_reason": null, "link_id": "t3_5677zi", "author_flair_template_id": null, "likes": null, "user_reports": [], "saved": false, "id": "d8hbbne", "banned_at_utc": null, "mod_reason_title": null, "gilded": 0, "archived": true, "no_follow": false, "author": "The_Old_Wise_One", "can_mod_post": false, "send_replies": true, "parent_id": "t3_5677zi", "score": 40, "author_fullname": "t2_nj2xy", "report_reasons": null, "approved_by": null, "all_awardings": [], "subreddit_id": "t5_2qhfi", "body": "Get Rstudio.\n\n\nThen run this command: \n\n\ninstall.packages(\"swirl\")\n\n\nFollowed by this one:\n\n\nlibrary(swirl)\n\n\nNow, just follow the instructions! The \"swirl\" package was created to teach people R within the R environment. I highly recommend it to anyone who wants to learn R.", "edited": false, "downs": 0, "author_flair_css_class": null, "is_submitter": false, "collapsed": false, "author_flair_richtext": [], "author_patreon_flair": false, "body_html": "<div class=\"md\"><p>Get Rstudio.</p>\n\n<p>Then run this command: </p>\n\n<p>install.packages(&quot;swirl&quot;)</p>\n\n<p>Followed by this one:</p>\n\n<p>library(swirl)</p>\n\n<p>Now, just follow the instructions! The &quot;swirl&quot; package was created to teach people R within the R environment. I highly recommend it to anyone who wants to learn R.</p>\n</div>", "gildings": {}, "collapsed_reason": null, "associated_award": null, "stickied": false, "author_premium": false, "subreddit_type": "public", "can_gild": true, "subreddit": "statistics", "author_flair_text_color": null, "score_hidden": false, "permalink": "/r/statistics/comments/5677zi/im_pursing_graduate_school_in_social_psychology/d8hbbne/", "num_reports": null, "locked": false, "name": "t1_d8hbbne", "created": 1475833236.0, "author_flair_text": null, "treatment_tags": [], "created_utc": 1475804436.0, "subreddit_name_prefixed": "r/statistics", "controversiality": 0, "depth": 0, "author_flair_background_color": null, "collapsed_because_crowd_control": null, "mod_reports": [], "mod_note": null, "distinguished": null, "_fetched": true}, {"_replies": ["d8h809n"], "_submission": "5677zi", "_reddit": "_reddit", "total_awards_received": 0, "approved_at_utc": null, "ups": 16, "awarders": [], "mod_reason_by": null, "banned_by": null, "author_flair_type": "text", "removal_reason": null, "link_id": "t3_5677zi", "author_flair_template_id": null, "likes": null, "user_reports": [], "saved": false, "id": "d8gwin0", "banned_at_utc": null, "mod_reason_title": null, "gilded": 0, "archived": true, "no_follow": false, "author": "IllmaticGOAT", "can_mod_post": false, "send_replies": true, "parent_id": "t3_5677zi", "score": 16, "author_fullname": "t2_4n3os", "report_reasons": null, "approved_by": null, "all_awardings": [], "subreddit_id": "t5_2qhfi", "body": "This is not how I learn R, but [Hadley Wickham's new book](http://r4ds.had.co.nz/) seems pretty good, and some of his other books have been great. You can tell he has a good feel for what's really important and what saves time when working with data.", "edited": false, "downs": 0, "author_flair_css_class": null, "is_submitter": false, "collapsed": false, "author_flair_richtext": [], "author_patreon_flair": false, "body_html": "<div class=\"md\"><p>This is not how I learn R, but <a href=\"http://r4ds.had.co.nz/\">Hadley Wickham&#39;s new book</a> seems pretty good, and some of his other books have been great. You can tell he has a good feel for what&#39;s really important and what saves time when working with data.</p>\n</div>", "gildings": {}, "collapsed_reason": null, "associated_award": null, "stickied": false, "author_premium": false, "subreddit_type": "public", "can_gild": true, "subreddit": "statistics", "author_flair_text_color": null, "score_hidden": false, "permalink": "/r/statistics/comments/5677zi/im_pursing_graduate_school_in_social_psychology/d8gwin0/", "num_reports": null, "locked": false, "name": "t1_d8gwin0", "created": 1475812682.0, "author_flair_text": null, "treatment_tags": [], "created_utc": 1475783882.0, "subreddit_name_prefixed": "r/statistics", "controversiality": 0, "depth": 0, "author_flair_background_color": null, "collapsed_because_crowd_control": null, "mod_reports": [], "mod_note": null, "distinguished": null, "_fetched": true}, {"_replies": ["d8hgzul"], "_submission": "5677zi", "_reddit": "_reddit", "total_awards_received": 0, "approved_at_utc": null, "ups": 10, "awarders": [], "mod_reason_by": null, "banned_by": null, "author_flair_type": "text", "removal_reason": null, "link_id": "t3_5677zi", "author_flair_template_id": null, "likes": null, "user_reports": [], "saved": false, "id": "d8h0hav", "banned_at_utc": null, "mod_reason_title": null, "gilded": 0, "archived": true, "no_follow": false, "author": "arvi1000", "can_mod_post": false, "send_replies": true, "parent_id": "t3_5677zi", "score": 10, "author_fullname": "t2_7uyjm", "report_reasons": null, "approved_by": null, "all_awardings": [], "subreddit_id": "t5_2qhfi", "body": "Nothing beats practice with meaningful context. Maybe start by taking an analysis you did in SPSS and reproduce it in R", "edited": false, "downs": 0, "author_flair_css_class": null, "is_submitter": false, "collapsed": false, "author_flair_richtext": [], "author_patreon_flair": false, "body_html": "<div class=\"md\"><p>Nothing beats practice with meaningful context. Maybe start by taking an analysis you did in SPSS and reproduce it in R</p>\n</div>", "gildings": {}, "collapsed_reason": null, "associated_award": null, "stickied": false, "author_premium": false, "subreddit_type": "public", "can_gild": true, "subreddit": "statistics", "author_flair_text_color": null, "score_hidden": false, "permalink": "/r/statistics/comments/5677zi/im_pursing_graduate_school_in_social_psychology/d8h0hav/", "num_reports": null, "locked": false, "name": "t1_d8h0hav", "created": 1475817542.0, "author_flair_text": null, "treatment_tags": [], "created_utc": 1475788742.0, "subreddit_name_prefixed": "r/statistics", "controversiality": 0, "depth": 0, "author_flair_background_color": null, "collapsed_because_crowd_control": null, "mod_reports": [], "mod_note": null, "distinguished": null, "_fetched": true}, {"_replies": [], "_submission": "5677zi", "_reddit": "_reddit", "total_awards_received": 0, "approved_at_utc": null, "ups": 9, "awarders": [], "mod_reason_by": null, "banned_by": null, "author_flair_type": "text", "removal_reason": null, "link_id": "t3_5677zi", "author_flair_template_id": null, "likes": null, "user_reports": [], "saved": false, "id": "d8h3nat", "banned_at_utc": null, "mod_reason_title": null, "gilded": 0, "archived": true, "no_follow": false, "author": "jeremymiles", "can_mod_post": false, "send_replies": true, "parent_id": "t3_5677zi", "score": 9, "author_fullname": "t2_62b13", "report_reasons": null, "approved_by": null, "all_awardings": [], "subreddit_id": "t5_2qhfi", "body": "R has lots of uses, and 'learning R' means different things to different people.\n\nIf your data are straightforward, and you don't need to do a lot of manipulation, you might just use R for statistical analysis. Or you might use R to sort out and combine messy data from different sources - in which case you might do no statistical analysis. (Or most people are somewhere in between). \n\nIf you know how to do stuff in SPSS (particularly statistics), then this book: http://r4stats.com/books/r4sas-spss/ is pretty good.\n\nIf you want to do some of the more data science stuff, then what /u/kristofersen /u/IllmaticGOAT and /u/lojunqueira said is the way to go. (Also, what u/arvi1000 said - ue data that have meaning for you - ideally your data.) ", "edited": false, "downs": 0, "author_flair_css_class": null, "is_submitter": false, "collapsed": false, "author_flair_richtext": [], "author_patreon_flair": false, "body_html": "<div class=\"md\"><p>R has lots of uses, and &#39;learning R&#39; means different things to different people.</p>\n\n<p>If your data are straightforward, and you don&#39;t need to do a lot of manipulation, you might just use R for statistical analysis. Or you might use R to sort out and combine messy data from different sources - in which case you might do no statistical analysis. (Or most people are somewhere in between). </p>\n\n<p>If you know how to do stuff in SPSS (particularly statistics), then this book: <a href=\"http://r4stats.com/books/r4sas-spss/\">http://r4stats.com/books/r4sas-spss/</a> is pretty good.</p>\n\n<p>If you want to do some of the more data science stuff, then what <a href=\"/u/kristofersen\">/u/kristofersen</a> <a href=\"/u/IllmaticGOAT\">/u/IllmaticGOAT</a> and <a href=\"/u/lojunqueira\">/u/lojunqueira</a> said is the way to go. (Also, what <a href=\"/u/arvi1000\">u/arvi1000</a> said - ue data that have meaning for you - ideally your data.) </p>\n</div>", "gildings": {}, "collapsed_reason": null, "associated_award": null, "stickied": false, "author_premium": false, "subreddit_type": "public", "can_gild": true, "subreddit": "statistics", "author_flair_text_color": null, "score_hidden": false, "permalink": "/r/statistics/comments/5677zi/im_pursing_graduate_school_in_social_psychology/d8h3nat/", "num_reports": null, "locked": false, "name": "t1_d8h3nat", "created": 1475822210.0, "author_flair_text": null, "treatment_tags": [], "created_utc": 1475793410.0, "subreddit_name_prefixed": "r/statistics", "controversiality": 0, "depth": 0, "author_flair_background_color": null, "collapsed_because_crowd_control": null, "mod_reports": [], "mod_note": null, "distinguished": null, "_fetched": true}, {"_replies": [], "_submission": "5677zi", "_reddit": "_reddit", "total_awards_received": 0, "approved_at_utc": null, "ups": 8, "awarders": [], "mod_reason_by": null, "banned_by": null, "author_flair_type": "text", "removal_reason": null, "link_id": "t3_5677zi", "author_flair_template_id": null, "likes": null, "user_reports": [], "saved": false, "id": "d8gycd8", "banned_at_utc": null, "mod_reason_title": null, "gilded": 0, "archived": true, "no_follow": false, "author": "kristofersen", "can_mod_post": false, "send_replies": true, "parent_id": "t3_5677zi", "score": 8, "author_fullname": "t2_e497t", "report_reasons": null, "approved_by": null, "all_awardings": [], "subreddit_id": "t5_2qhfi", "body": "Datacamp has a pretty good intro. I wouldn't worry too much about learning it while in grad school. I didn't learn until I started my grad program, which was the same as most students there, and it was pretty easy to pick up.   You could always grab some data sets and practice simple things like loading in the data, writing the data, fitting a linear model though. \n\nIf you think you'll be working with large data sets take some time to explore the data.table package. This will make your life a lot easier since it's so much faster. ", "edited": false, "downs": 0, "author_flair_css_class": null, "is_submitter": false, "collapsed": false, "author_flair_richtext": [], "author_patreon_flair": false, "body_html": "<div class=\"md\"><p>Datacamp has a pretty good intro. I wouldn&#39;t worry too much about learning it while in grad school. I didn&#39;t learn until I started my grad program, which was the same as most students there, and it was pretty easy to pick up.   You could always grab some data sets and practice simple things like loading in the data, writing the data, fitting a linear model though. </p>\n\n<p>If you think you&#39;ll be working with large data sets take some time to explore the data.table package. This will make your life a lot easier since it&#39;s so much faster. </p>\n</div>", "gildings": {}, "collapsed_reason": null, "associated_award": null, "stickied": false, "author_premium": false, "subreddit_type": "public", "can_gild": true, "subreddit": "statistics", "author_flair_text_color": null, "score_hidden": false, "permalink": "/r/statistics/comments/5677zi/im_pursing_graduate_school_in_social_psychology/d8gycd8/", "num_reports": null, "locked": false, "name": "t1_d8gycd8", "created": 1475814912.0, "author_flair_text": null, "treatment_tags": [], "created_utc": 1475786112.0, "subreddit_name_prefixed": "r/statistics", "controversiality": 0, "depth": 0, "author_flair_background_color": null, "collapsed_because_crowd_control": null, "mod_reports": [], "mod_note": null, "distinguished": null, "_fetched": true}, {"_replies": ["d8h87ko"], "_submission": "5677zi", "_reddit": "_reddit", "total_awards_received": 0, "approved_at_utc": null, "ups": 7, "awarders": [], "mod_reason_by": null, "banned_by": null, "author_flair_type": "text", "removal_reason": null, "link_id": "t3_5677zi", "author_flair_template_id": null, "likes": null, "user_reports": [], "saved": false, "id": "d8h7b90", "banned_at_utc": null, "mod_reason_title": null, "gilded": 0, "archived": true, "no_follow": true, "author": "Magical_Destroyer", "can_mod_post": false, "send_replies": true, "parent_id": "t3_5677zi", "score": 7, "author_fullname": "t2_htc9q", "report_reasons": null, "approved_by": null, "all_awardings": [], "subreddit_id": "t5_2qhfi", "body": "I am going through this free book ->[Learning Statistics with R](https://health.adelaide.edu.au/psychology/ccs/teaching/lsr/)", "edited": false, "downs": 0, "author_flair_css_class": null, "is_submitter": false, "collapsed": false, "author_flair_richtext": [], "author_patreon_flair": false, "body_html": "<div class=\"md\"><p>I am going through this free book -&gt;<a href=\"https://health.adelaide.edu.au/psychology/ccs/teaching/lsr/\">Learning Statistics with R</a></p>\n</div>", "gildings": {}, "collapsed_reason": null, "associated_award": null, "stickied": false, "author_premium": false, "subreddit_type": "public", "can_gild": true, "subreddit": "statistics", "author_flair_text_color": null, "score_hidden": false, "permalink": "/r/statistics/comments/5677zi/im_pursing_graduate_school_in_social_psychology/d8h7b90/", "num_reports": null, "locked": false, "name": "t1_d8h7b90", "created": 1475827648.0, "author_flair_text": null, "treatment_tags": [], "created_utc": 1475798848.0, "subreddit_name_prefixed": "r/statistics", "controversiality": 0, "depth": 0, "author_flair_background_color": null, "collapsed_because_crowd_control": null, "mod_reports": [], "mod_note": null, "distinguished": null, "_fetched": true}, {"_replies": [], "_submission": "5677zi", "_reddit": "_reddit", "total_awards_received": 0, "approved_at_utc": null, "ups": 7, "awarders": [], "mod_reason_by": null, "banned_by": null, "author_flair_type": "text", "removal_reason": null, "link_id": "t3_5677zi", "author_flair_template_id": null, "likes": null, "user_reports": [], "saved": false, "id": "d8hdpdw", "banned_at_utc": null, "mod_reason_title": null, "gilded": 0, "archived": true, "no_follow": false, "author": "pippo9", "can_mod_post": false, "send_replies": true, "parent_id": "t3_5677zi", "score": 7, "author_fullname": "t2_dsp6j", "report_reasons": null, "approved_by": null, "all_awardings": [], "subreddit_id": "t5_2qhfi", "body": "I teach a course on R Programming at UChicago. You can refer to my tutorials for a list of topics that are good for a beginner and find the materials to create your own learning map.\n\nhttps://github.com/nvenkataraman1/RProgrammingWorkshop", "edited": false, "downs": 0, "author_flair_css_class": null, "is_submitter": false, "collapsed": false, "author_flair_richtext": [], "author_patreon_flair": false, "body_html": "<div class=\"md\"><p>I teach a course on R Programming at UChicago. You can refer to my tutorials for a list of topics that are good for a beginner and find the materials to create your own learning map.</p>\n\n<p><a href=\"https://github.com/nvenkataraman1/RProgrammingWorkshop\">https://github.com/nvenkataraman1/RProgrammingWorkshop</a></p>\n</div>", "gildings": {}, "collapsed_reason": null, "associated_award": null, "stickied": false, "author_premium": false, "subreddit_type": "public", "can_gild": true, "subreddit": "statistics", "author_flair_text_color": null, "score_hidden": false, "permalink": "/r/statistics/comments/5677zi/im_pursing_graduate_school_in_social_psychology/d8hdpdw/", "num_reports": null, "locked": false, "name": "t1_d8hdpdw", "created": 1475836746.0, "author_flair_text": null, "treatment_tags": [], "created_utc": 1475807946.0, "subreddit_name_prefixed": "r/statistics", "controversiality": 0, "depth": 0, "author_flair_background_color": null, "collapsed_because_crowd_control": null, "mod_reports": [], "mod_note": null, "distinguished": null, "_fetched": true}, {"_replies": ["d8hap05"], "_submission": "5677zi", "_reddit": "_reddit", "total_awards_received": 0, "approved_at_utc": null, "ups": 3, "awarders": [], "mod_reason_by": null, "banned_by": null, "author_flair_type": "text", "removal_reason": null, "link_id": "t3_5677zi", "author_flair_template_id": null, "likes": null, "user_reports": [], "saved": false, "id": "d8h2nfh", "banned_at_utc": null, "mod_reason_title": null, "gilded": 0, "archived": true, "no_follow": true, "author": "lojunqueira", "can_mod_post": false, "send_replies": true, "parent_id": "t3_5677zi", "score": 3, "author_fullname": "t2_gu67o", "report_reasons": null, "approved_by": null, "all_awardings": [], "subreddit_id": "t5_2qhfi", "body": "You should be able to find a R course in coursera. Learning from a book is possible, but it probably takes more time for someone with no background in programming.", "edited": false, "downs": 0, "author_flair_css_class": null, "is_submitter": false, "collapsed": false, "author_flair_richtext": [], "author_patreon_flair": false, "body_html": "<div class=\"md\"><p>You should be able to find a R course in coursera. Learning from a book is possible, but it probably takes more time for someone with no background in programming.</p>\n</div>", "gildings": {}, "collapsed_reason": null, "associated_award": null, "stickied": false, "author_premium": false, "subreddit_type": "public", "can_gild": true, "subreddit": "statistics", "author_flair_text_color": null, "score_hidden": false, "permalink": "/r/statistics/comments/5677zi/im_pursing_graduate_school_in_social_psychology/d8h2nfh/", "num_reports": null, "locked": false, "name": "t1_d8h2nfh", "created": 1475820327.0, "author_flair_text": null, "treatment_tags": [], "created_utc": 1475791527.0, "subreddit_name_prefixed": "r/statistics", "controversiality": 0, "depth": 0, "author_flair_background_color": null, "collapsed_because_crowd_control": null, "mod_reports": [], "mod_note": null, "distinguished": null, "_fetched": true}, {"_replies": [], "_submission": "5677zi", "_reddit": "_reddit", "total_awards_received": 0, "approved_at_utc": null, "ups": 2, "awarders": [], "mod_reason_by": null, "banned_by": null, "author_flair_type": "text", "removal_reason": null, "link_id": "t3_5677zi", "author_flair_template_id": null, "likes": null, "user_reports": [], "saved": false, "id": "d8hmjiu", "banned_at_utc": null, "mod_reason_title": null, "gilded": 0, "archived": true, "no_follow": true, "author": "Alhoshka", "can_mod_post": false, "send_replies": true, "parent_id": "t3_5677zi", "score": 2, "author_fullname": "t2_bb570", "report_reasons": null, "approved_by": null, "all_awardings": [], "subreddit_id": "t5_2qhfi", "body": "I helped a friend in a similar situation (SocPsy Major going from SPSS to R) last year. I had a look around for example-driven tutorials and found this: http://personality-project.org/r/ \nIt's not exactly socPsy but the tutorial cases are very similar to your typical SocPsy research paradigms. My friend found it very helpful.", "edited": false, "downs": 0, "author_flair_css_class": null, "is_submitter": false, "collapsed": false, "author_flair_richtext": [], "author_patreon_flair": false, "body_html": "<div class=\"md\"><p>I helped a friend in a similar situation (SocPsy Major going from SPSS to R) last year. I had a look around for example-driven tutorials and found this: <a href=\"http://personality-project.org/r/\">http://personality-project.org/r/</a> \nIt&#39;s not exactly socPsy but the tutorial cases are very similar to your typical SocPsy research paradigms. My friend found it very helpful.</p>\n</div>", "gildings": {}, "collapsed_reason": null, "associated_award": null, "stickied": false, "author_premium": true, "subreddit_type": "public", "can_gild": true, "subreddit": "statistics", "author_flair_text_color": null, "score_hidden": false, "permalink": "/r/statistics/comments/5677zi/im_pursing_graduate_school_in_social_psychology/d8hmjiu/", "num_reports": null, "locked": false, "name": "t1_d8hmjiu", "created": 1475855251.0, "author_flair_text": null, "treatment_tags": [], "created_utc": 1475826451.0, "subreddit_name_prefixed": "r/statistics", "controversiality": 0, "depth": 0, "author_flair_background_color": null, "collapsed_because_crowd_control": null, "mod_reports": [], "mod_note": null, "distinguished": null, "_fetched": true}, {"_replies": [], "_submission": "5677zi", "_reddit": "_reddit", "total_awards_received": 0, "approved_at_utc": null, "ups": 1, "awarders": [], "mod_reason_by": null, "banned_by": null, "author_flair_type": "text", "removal_reason": null, "link_id": "t3_5677zi", "author_flair_template_id": null, "likes": null, "user_reports": [], "saved": false, "id": "d8heck9", "banned_at_utc": null, "mod_reason_title": null, "gilded": 0, "archived": true, "no_follow": true, "author": "OsakaWilson", "can_mod_post": false, "send_replies": true, "parent_id": "t3_5677zi", "score": 1, "author_fullname": "t2_1z6t", "report_reasons": null, "approved_by": null, "all_awardings": [], "subreddit_id": "t5_2qhfi", "body": "I'm curious about how much time it takes to go from the \"hello world\" level of R to practical use.", "edited": false, "downs": 0, "author_flair_css_class": null, "is_submitter": false, "collapsed": false, "author_flair_richtext": [], "author_patreon_flair": false, "body_html": "<div class=\"md\"><p>I&#39;m curious about how much time it takes to go from the &quot;hello world&quot; level of R to practical use.</p>\n</div>", "gildings": {}, "collapsed_reason": null, "associated_award": null, "stickied": false, "author_premium": false, "subreddit_type": "public", "can_gild": true, "subreddit": "statistics", "author_flair_text_color": null, "score_hidden": false, "permalink": "/r/statistics/comments/5677zi/im_pursing_graduate_school_in_social_psychology/d8heck9/", "num_reports": null, "locked": false, "name": "t1_d8heck9", "created": 1475837738.0, "author_flair_text": null, "treatment_tags": [], "created_utc": 1475808938.0, "subreddit_name_prefixed": "r/statistics", "controversiality": 0, "depth": 0, "author_flair_background_color": null, "collapsed_because_crowd_control": null, "mod_reports": [], "mod_note": null, "distinguished": null, "_fetched": true}, {"_replies": [], "_submission": "5677zi", "_reddit": "_reddit", "total_awards_received": 0, "approved_at_utc": null, "ups": 1, "awarders": [], "mod_reason_by": null, "banned_by": null, "author_flair_type": "text", "removal_reason": null, "link_id": "t3_5677zi", "author_flair_template_id": null, "likes": null, "user_reports": [], "saved": false, "id": "d8htyt5", "banned_at_utc": null, "mod_reason_title": null, "gilded": 0, "archived": true, "no_follow": true, "author": "adriannikolov", "can_mod_post": false, "send_replies": true, "parent_id": "t3_5677zi", "score": 1, "author_fullname": "t2_a9f4j", "report_reasons": null, "approved_by": null, "all_awardings": [], "subreddit_id": "t5_2qhfi", "body": "I second the recommendation for Datacamp. This summer (in the middle of my MA studies in political science) I took all the courses they currently offer in about 2 months. They cover all the basics - the syntax, control structures, functions, importing/cleaning data, visualization, the more common stats methods like regression and anova, and also some basic machine learning and text mining. Also, it is very helpful that they have the online implementation of R, so that you can write your code in their website directly and get immediate feedback.\nWhen you get the basics, there are tons of forums and resources on the net that will help you with your particular problems; not being afraid to read a little, I am yet to find a problem that I cannot solve with a little help.\nAs you mentioned that you are a student, you also get a discount, to about 9$ a month.", "edited": false, "downs": 0, "author_flair_css_class": null, "is_submitter": false, "collapsed": false, "author_flair_richtext": [], "author_patreon_flair": false, "body_html": "<div class=\"md\"><p>I second the recommendation for Datacamp. This summer (in the middle of my MA studies in political science) I took all the courses they currently offer in about 2 months. They cover all the basics - the syntax, control structures, functions, importing/cleaning data, visualization, the more common stats methods like regression and anova, and also some basic machine learning and text mining. Also, it is very helpful that they have the online implementation of R, so that you can write your code in their website directly and get immediate feedback.\nWhen you get the basics, there are tons of forums and resources on the net that will help you with your particular problems; not being afraid to read a little, I am yet to find a problem that I cannot solve with a little help.\nAs you mentioned that you are a student, you also get a discount, to about 9$ a month.</p>\n</div>", "gildings": {}, "collapsed_reason": null, "associated_award": null, "stickied": false, "author_premium": false, "subreddit_type": "public", "can_gild": true, "subreddit": "statistics", "author_flair_text_color": null, "score_hidden": false, "permalink": "/r/statistics/comments/5677zi/im_pursing_graduate_school_in_social_psychology/d8htyt5/", "num_reports": null, "locked": false, "name": "t1_d8htyt5", "created": 1475876019.0, "author_flair_text": null, "treatment_tags": [], "created_utc": 1475847219.0, "subreddit_name_prefixed": "r/statistics", "controversiality": 0, "depth": 0, "author_flair_background_color": null, "collapsed_because_crowd_control": null, "mod_reports": [], "mod_note": null, "distinguished": null, "_fetched": true}, {"_replies": [], "_submission": "5677zi", "_reddit": "_reddit", "total_awards_received": 0, "approved_at_utc": null, "ups": 1, "awarders": [], "mod_reason_by": null, "banned_by": null, "author_flair_type": "text", "removal_reason": null, "link_id": "t3_5677zi", "author_flair_template_id": null, "likes": null, "user_reports": [], "saved": false, "id": "d8hx3jd", "banned_at_utc": null, "mod_reason_title": null, "gilded": 0, "archived": true, "no_follow": true, "author": "lesmuse", "can_mod_post": false, "send_replies": true, "parent_id": "t3_5677zi", "score": 1, "author_fullname": "t2_n97hv", "report_reasons": null, "approved_by": null, "all_awardings": [], "subreddit_id": "t5_2qhfi", "body": "http://r-exercises.com/ A good site to practice and learn.", "edited": false, "downs": 0, "author_flair_css_class": null, "is_submitter": false, "collapsed": false, "author_flair_richtext": [], "author_patreon_flair": false, "body_html": "<div class=\"md\"><p><a href=\"http://r-exercises.com/\">http://r-exercises.com/</a> A good site to practice and learn.</p>\n</div>", "gildings": {}, "collapsed_reason": null, "associated_award": null, "stickied": false, "author_premium": false, "subreddit_type": "public", "can_gild": true, "subreddit": "statistics", "author_flair_text_color": null, "score_hidden": false, "permalink": "/r/statistics/comments/5677zi/im_pursing_graduate_school_in_social_psychology/d8hx3jd/", "num_reports": null, "locked": false, "name": "t1_d8hx3jd", "created": 1475880636.0, "author_flair_text": null, "treatment_tags": [], "created_utc": 1475851836.0, "subreddit_name_prefixed": "r/statistics", "controversiality": 0, "depth": 0, "author_flair_background_color": null, "collapsed_because_crowd_control": null, "mod_reports": [], "mod_note": null, "distinguished": null, "_fetched": true}, {"_replies": [], "_submission": "5677zi", "_reddit": "_reddit", "total_awards_received": 0, "approved_at_utc": null, "ups": 0, "awarders": [], "mod_reason_by": null, "banned_by": null, "author_flair_type": "text", "removal_reason": null, "link_id": "t3_5677zi", "author_flair_template_id": null, "likes": null, "user_reports": [], "saved": false, "id": "d8hm4ww", "banned_at_utc": null, "mod_reason_title": null, "gilded": 0, "archived": true, "no_follow": true, "author": "Nymeria2015", "can_mod_post": false, "send_replies": true, "parent_id": "t3_5677zi", "score": 0, "author_fullname": "t2_11kgwz", "report_reasons": null, "approved_by": null, "all_awardings": [], "subreddit_id": "t5_2qhfi", "body": "You don't need programming skills.  People who write codes are not programmers. It is not hard. You just need to practice and keep a cheat sheet.\n\nSomeone mentioned Data Camp, I agree.\n\nhttp://www.kdnuggets.com\n\nThis has good information.\n", "edited": false, "downs": 0, "author_flair_css_class": null, "is_submitter": false, "collapsed": false, "author_flair_richtext": [], "author_patreon_flair": false, "body_html": "<div class=\"md\"><p>You don&#39;t need programming skills.  People who write codes are not programmers. It is not hard. You just need to practice and keep a cheat sheet.</p>\n\n<p>Someone mentioned Data Camp, I agree.</p>\n\n<p><a href=\"http://www.kdnuggets.com\">http://www.kdnuggets.com</a></p>\n\n<p>This has good information.</p>\n</div>", "gildings": {}, "collapsed_reason": null, "associated_award": null, "stickied": false, "author_premium": false, "subreddit_type": "public", "can_gild": true, "subreddit": "statistics", "author_flair_text_color": null, "score_hidden": false, "permalink": "/r/statistics/comments/5677zi/im_pursing_graduate_school_in_social_psychology/d8hm4ww/", "num_reports": null, "locked": false, "name": "t1_d8hm4ww", "created": 1475853927.0, "author_flair_text": null, "treatment_tags": [], "created_utc": 1475825127.0, "subreddit_name_prefixed": "r/statistics", "controversiality": 0, "depth": 0, "author_flair_background_color": null, "collapsed_because_crowd_control": null, "mod_reports": [], "mod_note": null, "distinguished": null, "_fetched": true}, {"_replies": [], "_submission": "5677zi", "_reddit": "_reddit", "total_awards_received": 0, "approved_at_utc": null, "ups": -2, "awarders": [], "mod_reason_by": null, "banned_by": null, "author_flair_type": "text", "removal_reason": null, "link_id": "t3_5677zi", "author_flair_template_id": null, "likes": null, "user_reports": [], "saved": false, "id": "d8hgewi", "banned_at_utc": null, "mod_reason_title": null, "gilded": 0, "archived": true, "no_follow": true, "author": "hugrate", "can_mod_post": false, "send_replies": true, "parent_id": "t3_5677zi", "score": -2, "author_fullname": "t2_oagy4", "report_reasons": null, "approved_by": null, "all_awardings": [], "subreddit_id": "t5_2qhfi", "body": "R is built on top of C and Scheme with a lot of libraries enabled by  FFI with fortran and CPP. So, the more you know about these languages, the more comfortable you'll be with R.\n\nLearn a lisp-like language first (like client-side JavaScript) and the basics in R will make sense to you.\nThe more you treat R like a functional programming language, the more productive you'll be with its libraries.", "edited": false, "downs": 0, "author_flair_css_class": null, "is_submitter": false, "collapsed": false, "author_flair_richtext": [], "author_patreon_flair": false, "body_html": "<div class=\"md\"><p>R is built on top of C and Scheme with a lot of libraries enabled by  FFI with fortran and CPP. So, the more you know about these languages, the more comfortable you&#39;ll be with R.</p>\n\n<p>Learn a lisp-like language first (like client-side JavaScript) and the basics in R will make sense to you.\nThe more you treat R like a functional programming language, the more productive you&#39;ll be with its libraries.</p>\n</div>", "gildings": {}, "collapsed_reason": null, "associated_award": null, "stickied": false, "author_premium": false, "subreddit_type": "public", "can_gild": true, "subreddit": "statistics", "author_flair_text_color": null, "score_hidden": false, "permalink": "/r/statistics/comments/5677zi/im_pursing_graduate_school_in_social_psychology/d8hgewi/", "num_reports": null, "locked": false, "name": "t1_d8hgewi", "created": 1475840895.0, "author_flair_text": null, "treatment_tags": [], "created_utc": 1475812095.0, "subreddit_name_prefixed": "r/statistics", "controversiality": 0, "depth": 0, "author_flair_background_color": null, "collapsed_because_crowd_control": null, "mod_reports": [], "mod_note": null, "distinguished": null, "_fetched": true}, {"_replies": [], "_submission": "5677zi", "_reddit": "_reddit", "total_awards_received": 0, "approved_at_utc": null, "ups": -4, "awarders": [], "mod_reason_by": null, "banned_by": null, "author_flair_type": "text", "removal_reason": null, "link_id": "t3_5677zi", "author_flair_template_id": null, "likes": null, "user_reports": [], "saved": false, "id": "d8hl2ca", "banned_at_utc": null, "mod_reason_title": null, "gilded": 0, "archived": true, "no_follow": true, "author": "AshleighHughes", "can_mod_post": false, "send_replies": true, "parent_id": "t3_5677zi", "score": -4, "author_fullname": "t2_wneb9", "report_reasons": null, "approved_by": null, "all_awardings": [], "subreddit_id": "t5_2qhfi", "body": "Just learn the formula. Maybe start with algebra. You social psychologists and your pseudo statistics. Tsk tsk. I'm a real stats pro. I think I got a 100.", "edited": false, "downs": 0, "author_flair_css_class": null, "is_submitter": false, "collapsed": false, "author_flair_richtext": [], "author_patreon_flair": false, "body_html": "<div class=\"md\"><p>Just learn the formula. Maybe start with algebra. You social psychologists and your pseudo statistics. Tsk tsk. I&#39;m a real stats pro. I think I got a 100.</p>\n</div>", "gildings": {}, "collapsed_reason": null, "associated_award": null, "stickied": false, "author_premium": false, "subreddit_type": "public", "can_gild": true, "subreddit": "statistics", "author_flair_text_color": null, "score_hidden": false, "permalink": "/r/statistics/comments/5677zi/im_pursing_graduate_school_in_social_psychology/d8hl2ca/", "num_reports": null, "locked": false, "name": "t1_d8hl2ca", "created": 1475850854.0, "author_flair_text": null, "treatment_tags": [], "created_utc": 1475822054.0, "subreddit_name_prefixed": "r/statistics", "controversiality": 0, "depth": 0, "author_flair_background_color": null, "collapsed_because_crowd_control": null, "mod_reports": [], "mod_note": null, "distinguished": null, "_fetched": true}, {"_replies": [], "_submission": "5677zi", "_reddit": "_reddit", "total_awards_received": 0, "approved_at_utc": null, "ups": 10, "awarders": [], "mod_reason_by": null, "banned_by": null, "author_flair_type": "text", "removal_reason": null, "link_id": "t3_5677zi", "author_flair_template_id": null, "likes": null, "user_reports": [], "saved": false, "id": "d8he92u", "banned_at_utc": null, "mod_reason_title": null, "gilded": 0, "archived": true, "no_follow": true, "author": "lurkinglinguist", "can_mod_post": false, "send_replies": true, "parent_id": "t1_d8hbbne", "score": 10, "author_fullname": "t2_4vktn", "report_reasons": null, "approved_by": null, "all_awardings": [], "subreddit_id": "t5_2qhfi", "collapsed": false, "body": "The swirl() package was how I learned, seconding this recommendation. ", "edited": false, "author_flair_css_class": null, "is_submitter": false, "downs": 0, "author_flair_richtext": [], "author_patreon_flair": false, "body_html": "<div class=\"md\"><p>The swirl() package was how I learned, seconding this recommendation. </p>\n</div>", "gildings": {}, "collapsed_reason": null, "associated_award": null, "stickied": false, "author_premium": false, "subreddit_type": "public", "can_gild": true, "subreddit": "statistics", "author_flair_text_color": null, "score_hidden": false, "permalink": "/r/statistics/comments/5677zi/im_pursing_graduate_school_in_social_psychology/d8he92u/", "num_reports": null, "locked": false, "name": "t1_d8he92u", "created": 1475837587.0, "author_flair_text": null, "treatment_tags": [], "created_utc": 1475808787.0, "subreddit_name_prefixed": "r/statistics", "controversiality": 0, "depth": 1, "author_flair_background_color": null, "collapsed_because_crowd_control": null, "mod_reports": [], "mod_note": null, "distinguished": null, "_fetched": true}, {"_replies": [], "_submission": "5677zi", "_reddit": "_reddit", "total_awards_received": 0, "approved_at_utc": null, "ups": 3, "awarders": [], "mod_reason_by": null, "banned_by": null, "author_flair_type": "text", "removal_reason": null, "link_id": "t3_5677zi", "author_flair_template_id": null, "likes": null, "user_reports": [], "saved": false, "id": "d8hut1e", "banned_at_utc": null, "mod_reason_title": null, "gilded": 0, "archived": true, "no_follow": true, "author": "erikjj1324", "can_mod_post": false, "send_replies": true, "parent_id": "t1_d8hbbne", "score": 3, "author_fullname": "t2_zc2jn", "report_reasons": null, "approved_by": null, "all_awardings": [], "subreddit_id": "t5_2qhfi", "collapsed": false, "body": "Will definitely check this out, along with the other suggestions, thank you! ", "edited": false, "author_flair_css_class": null, "is_submitter": true, "downs": 0, "author_flair_richtext": [], "author_patreon_flair": false, "body_html": "<div class=\"md\"><p>Will definitely check this out, along with the other suggestions, thank you! </p>\n</div>", "gildings": {}, "collapsed_reason": null, "associated_award": null, "stickied": false, "author_premium": false, "subreddit_type": "public", "can_gild": true, "subreddit": "statistics", "author_flair_text_color": null, "score_hidden": false, "permalink": "/r/statistics/comments/5677zi/im_pursing_graduate_school_in_social_psychology/d8hut1e/", "num_reports": null, "locked": false, "name": "t1_d8hut1e", "created": 1475877345.0, "author_flair_text": null, "treatment_tags": [], "created_utc": 1475848545.0, "subreddit_name_prefixed": "r/statistics", "controversiality": 0, "depth": 1, "author_flair_background_color": null, "collapsed_because_crowd_control": null, "mod_reports": [], "mod_note": null, "distinguished": null, "_fetched": true}, {"_replies": [], "_submission": "5677zi", "_reddit": "_reddit", "total_awards_received": 0, "approved_at_utc": null, "ups": 1, "awarders": [], "mod_reason_by": null, "banned_by": null, "author_flair_type": "text", "removal_reason": null, "link_id": "t3_5677zi", "author_flair_template_id": null, "likes": null, "user_reports": [], "saved": false, "id": "d8hqg20", "banned_at_utc": null, "mod_reason_title": null, "gilded": 0, "archived": true, "no_follow": true, "author": "Nyxtoggler", "can_mod_post": false, "send_replies": true, "parent_id": "t1_d8hbbne", "score": 1, "author_fullname": "t2_beoyo", "report_reasons": null, "approved_by": null, "all_awardings": [], "subreddit_id": "t5_2qhfi", "collapsed": false, "body": "commenting for later use", "edited": false, "author_flair_css_class": null, "is_submitter": false, "downs": 0, "author_flair_richtext": [], "author_patreon_flair": false, "body_html": "<div class=\"md\"><p>commenting for later use</p>\n</div>", "gildings": {}, "collapsed_reason": null, "associated_award": null, "stickied": false, "author_premium": false, "subreddit_type": "public", "can_gild": true, "subreddit": "statistics", "author_flair_text_color": null, "score_hidden": false, "permalink": "/r/statistics/comments/5677zi/im_pursing_graduate_school_in_social_psychology/d8hqg20/", "num_reports": null, "locked": false, "name": "t1_d8hqg20", "created": 1475868712.0, "author_flair_text": null, "treatment_tags": [], "created_utc": 1475839912.0, "subreddit_name_prefixed": "r/statistics", "controversiality": 0, "depth": 1, "author_flair_background_color": null, "collapsed_because_crowd_control": null, "mod_reports": [], "mod_note": null, "distinguished": null, "_fetched": true}, {"_replies": ["d8h900w"], "_submission": "5677zi", "_reddit": "_reddit", "total_awards_received": 0, "approved_at_utc": null, "ups": 5, "awarders": [], "mod_reason_by": null, "banned_by": null, "author_flair_type": "text", "removal_reason": null, "link_id": "t3_5677zi", "author_flair_template_id": null, "likes": null, "user_reports": [], "saved": false, "id": "d8h809n", "banned_at_utc": null, "mod_reason_title": null, "gilded": 0, "archived": true, "no_follow": false, "author": "coffeecoffeecoffeee", "can_mod_post": false, "send_replies": true, "parent_id": "t1_d8gwin0", "score": 5, "author_fullname": "t2_fnb6r", "report_reasons": null, "approved_by": null, "all_awardings": [], "subreddit_id": "t5_2qhfi", "collapsed": false, "body": "It's great because it jumps past all the bizarre Base R stuff and goes right into the \"tidyverse\", which behaves much better.", "edited": false, "author_flair_css_class": null, "is_submitter": false, "downs": 0, "author_flair_richtext": [], "author_patreon_flair": false, "body_html": "<div class=\"md\"><p>It&#39;s great because it jumps past all the bizarre Base R stuff and goes right into the &quot;tidyverse&quot;, which behaves much better.</p>\n</div>", "gildings": {}, "collapsed_reason": null, "associated_award": null, "stickied": false, "author_premium": false, "subreddit_type": "public", "can_gild": true, "subreddit": "statistics", "author_flair_text_color": null, "score_hidden": false, "permalink": "/r/statistics/comments/5677zi/im_pursing_graduate_school_in_social_psychology/d8h809n/", "num_reports": null, "locked": false, "name": "t1_d8h809n", "created": 1475828645.0, "author_flair_text": null, "treatment_tags": [], "created_utc": 1475799845.0, "subreddit_name_prefixed": "r/statistics", "controversiality": 0, "depth": 1, "author_flair_background_color": null, "collapsed_because_crowd_control": null, "mod_reports": [], "mod_note": null, "distinguished": null, "_fetched": true}, {"_replies": [], "_submission": "5677zi", "_reddit": "_reddit", "total_awards_received": 0, "approved_at_utc": null, "ups": 3, "awarders": [], "mod_reason_by": null, "banned_by": null, "author_flair_type": "text", "removal_reason": null, "link_id": "t3_5677zi", "author_flair_template_id": null, "likes": null, "user_reports": [], "saved": false, "id": "d8hgzul", "banned_at_utc": null, "mod_reason_title": null, "gilded": 0, "archived": true, "no_follow": true, "author": "arguewithnumbers", "can_mod_post": false, "send_replies": true, "parent_id": "t1_d8h0hav", "score": 3, "author_fullname": "t2_s1szr", "report_reasons": null, "approved_by": null, "all_awardings": [], "subreddit_id": "t5_2qhfi", "collapsed": false, "body": "While I can't speak on the SPSS portion, I think meaningful context helps a lot. I learned by doing in my senior design project last fall. You can't know a bunch of functions and some syntax from reading documentation and books and expect to be good with them if you don't have context to associate them with.", "edited": false, "author_flair_css_class": null, "is_submitter": false, "downs": 0, "author_flair_richtext": [], "author_patreon_flair": false, "body_html": "<div class=\"md\"><p>While I can&#39;t speak on the SPSS portion, I think meaningful context helps a lot. I learned by doing in my senior design project last fall. You can&#39;t know a bunch of functions and some syntax from reading documentation and books and expect to be good with them if you don&#39;t have context to associate them with.</p>\n</div>", "gildings": {}, "collapsed_reason": null, "associated_award": null, "stickied": false, "author_premium": false, "subreddit_type": "public", "can_gild": true, "subreddit": "statistics", "author_flair_text_color": null, "score_hidden": false, "permalink": "/r/statistics/comments/5677zi/im_pursing_graduate_school_in_social_psychology/d8hgzul/", "num_reports": null, "locked": false, "name": "t1_d8hgzul", "created": 1475841911.0, "author_flair_text": null, "treatment_tags": [], "created_utc": 1475813111.0, "subreddit_name_prefixed": "r/statistics", "controversiality": 0, "depth": 1, "author_flair_background_color": null, "collapsed_because_crowd_control": null, "mod_reports": [], "mod_note": null, "distinguished": null, "_fetched": true}, {"_replies": [], "_submission": "5677zi", "_reddit": "_reddit", "total_awards_received": 0, "approved_at_utc": null, "ups": 2, "awarders": [], "mod_reason_by": null, "banned_by": null, "author_flair_type": "text", "removal_reason": null, "link_id": "t3_5677zi", "author_flair_template_id": null, "likes": null, "user_reports": [], "saved": false, "id": "d8h87ko", "banned_at_utc": null, "mod_reason_title": null, "gilded": 0, "archived": true, "no_follow": true, "author": "deathsun12", "can_mod_post": false, "send_replies": true, "parent_id": "t1_d8h7b90", "score": 2, "author_fullname": "t2_6jzru", "report_reasons": null, "approved_by": null, "all_awardings": [], "subreddit_id": "t5_2qhfi", "collapsed": false, "body": "Going to second this. Very good book. Noob friendly for both stats and R. The author also made his own R package (\"lsr\") that makes things really convenient for beginners. ", "edited": false, "author_flair_css_class": null, "is_submitter": false, "downs": 0, "author_flair_richtext": [], "author_patreon_flair": false, "body_html": "<div class=\"md\"><p>Going to second this. Very good book. Noob friendly for both stats and R. The author also made his own R package (&quot;lsr&quot;) that makes things really convenient for beginners. </p>\n</div>", "gildings": {}, "collapsed_reason": null, "associated_award": null, "stickied": false, "author_premium": false, "subreddit_type": "public", "can_gild": true, "subreddit": "statistics", "author_flair_text_color": null, "score_hidden": false, "permalink": "/r/statistics/comments/5677zi/im_pursing_graduate_school_in_social_psychology/d8h87ko/", "num_reports": null, "locked": false, "name": "t1_d8h87ko", "created": 1475828943.0, "author_flair_text": null, "treatment_tags": [], "created_utc": 1475800143.0, "subreddit_name_prefixed": "r/statistics", "controversiality": 0, "depth": 1, "author_flair_background_color": null, "collapsed_because_crowd_control": null, "mod_reports": [], "mod_note": null, "distinguished": null, "_fetched": true}, {"_replies": ["d8hnxq3"], "_submission": "5677zi", "_reddit": "_reddit", "total_awards_received": 0, "approved_at_utc": null, "ups": 3, "awarders": [], "mod_reason_by": null, "banned_by": null, "author_flair_type": "text", "removal_reason": null, "link_id": "t3_5677zi", "author_flair_template_id": null, "likes": null, "user_reports": [], "saved": false, "id": "d8hap05", "banned_at_utc": null, "mod_reason_title": null, "gilded": 0, "archived": true, "no_follow": true, "author": "Nofnenamgal", "can_mod_post": false, "send_replies": true, "parent_id": "t1_d8h2nfh", "score": 3, "author_fullname": "t2_4b9kg", "report_reasons": null, "approved_by": null, "all_awardings": [], "subreddit_id": "t5_2qhfi", "collapsed": false, "body": "Coursera does have a few, but the learning curve would be pretty steep for someone with no programming experience. Based on my experience, you have to be very determined and resourceful to make it through. Not ideal. ", "edited": false, "author_flair_css_class": null, "is_submitter": false, "downs": 0, "author_flair_richtext": [], "author_patreon_flair": false, "body_html": "<div class=\"md\"><p>Coursera does have a few, but the learning curve would be pretty steep for someone with no programming experience. Based on my experience, you have to be very determined and resourceful to make it through. Not ideal. </p>\n</div>", "gildings": {}, "collapsed_reason": null, "associated_award": null, "stickied": false, "author_premium": false, "subreddit_type": "public", "can_gild": true, "subreddit": "statistics", "author_flair_text_color": null, "score_hidden": false, "permalink": "/r/statistics/comments/5677zi/im_pursing_graduate_school_in_social_psychology/d8hap05/", "num_reports": null, "locked": false, "name": "t1_d8hap05", "created": 1475832345.0, "author_flair_text": null, "treatment_tags": [], "created_utc": 1475803545.0, "subreddit_name_prefixed": "r/statistics", "controversiality": 0, "depth": 1, "author_flair_background_color": null, "collapsed_because_crowd_control": null, "mod_reports": [], "mod_note": null, "distinguished": null, "_fetched": true}, {"_replies": ["d8hds4o", "d8hhwae"], "_submission": "5677zi", "_reddit": "_reddit", "total_awards_received": 0, "approved_at_utc": null, "ups": 3, "awarders": [], "mod_reason_by": null, "banned_by": null, "author_flair_type": "text", "removal_reason": null, "link_id": "t3_5677zi", "author_flair_template_id": null, "likes": null, "user_reports": [], "saved": false, "id": "d8h900w", "banned_at_utc": null, "mod_reason_title": null, "gilded": 0, "archived": true, "no_follow": true, "author": "IllmaticGOAT", "can_mod_post": false, "created_utc": 1475801295.0, "send_replies": true, "parent_id": "t1_d8h809n", "score": 3, "author_fullname": "t2_4n3os", "report_reasons": null, "approved_by": null, "all_awardings": [], "subreddit_id": "t5_2qhfi", "body": "Yup. I wish non-R-users judged R based on the tidyverse and not base R.", "edited": false, "author_flair_css_class": null, "is_submitter": false, "downs": 0, "author_flair_richtext": [], "author_patreon_flair": false, "body_html": "<div class=\"md\"><p>Yup. I wish non-R-users judged R based on the tidyverse and not base R.</p>\n</div>", "gildings": {}, "collapsed_reason": null, "associated_award": null, "stickied": false, "author_premium": false, "subreddit_type": "public", "can_gild": true, "subreddit": "statistics", "author_flair_text_color": null, "score_hidden": false, "permalink": "/r/statistics/comments/5677zi/im_pursing_graduate_school_in_social_psychology/d8h900w/", "num_reports": null, "locked": false, "name": "t1_d8h900w", "created": 1475830095.0, "author_flair_text": null, "treatment_tags": [], "collapsed": false, "subreddit_name_prefixed": "r/statistics", "controversiality": 0, "depth": 2, "author_flair_background_color": null, "collapsed_because_crowd_control": null, "mod_reports": [], "mod_note": null, "distinguished": null, "_fetched": true}, {"_replies": [], "_submission": "5677zi", "_reddit": "_reddit", "total_awards_received": 0, "approved_at_utc": null, "ups": 3, "awarders": [], "mod_reason_by": null, "banned_by": null, "author_flair_type": "text", "removal_reason": null, "link_id": "t3_5677zi", "author_flair_template_id": null, "likes": null, "user_reports": [], "saved": false, "id": "d8hnxq3", "banned_at_utc": null, "mod_reason_title": null, "gilded": 0, "archived": true, "no_follow": true, "author": "lojunqueira", "can_mod_post": false, "created_utc": 1475831381.0, "send_replies": true, "parent_id": "t1_d8hap05", "score": 3, "author_fullname": "t2_gu67o", "report_reasons": null, "approved_by": null, "all_awardings": [], "subreddit_id": "t5_2qhfi", "body": "From my experience most \"data science\" courses in coursera seem pretty friendly to people with no programming exprience. Of course, everything is easier if you have it, but still beats learning from a book.\n\nI learned some R from a coursera course with close to none previous programming experience. It wasn't that hard to pick up.\n\nThis specialization seems to explain most of the basics of programming before going into the statistics\nhttps://www.coursera.org/specializations/jhu-data-science", "edited": false, "author_flair_css_class": null, "is_submitter": false, "downs": 0, "author_flair_richtext": [], "author_patreon_flair": false, "body_html": "<div class=\"md\"><p>From my experience most &quot;data science&quot; courses in coursera seem pretty friendly to people with no programming exprience. Of course, everything is easier if you have it, but still beats learning from a book.</p>\n\n<p>I learned some R from a coursera course with close to none previous programming experience. It wasn&#39;t that hard to pick up.</p>\n\n<p>This specialization seems to explain most of the basics of programming before going into the statistics\n<a href=\"https://www.coursera.org/specializations/jhu-data-science\">https://www.coursera.org/specializations/jhu-data-science</a></p>\n</div>", "gildings": {}, "collapsed_reason": null, "associated_award": null, "stickied": false, "author_premium": false, "subreddit_type": "public", "can_gild": true, "subreddit": "statistics", "author_flair_text_color": null, "score_hidden": false, "permalink": "/r/statistics/comments/5677zi/im_pursing_graduate_school_in_social_psychology/d8hnxq3/", "num_reports": null, "locked": false, "name": "t1_d8hnxq3", "created": 1475860181.0, "author_flair_text": null, "treatment_tags": [], "collapsed": false, "subreddit_name_prefixed": "r/statistics", "controversiality": 0, "depth": 2, "author_flair_background_color": null, "collapsed_because_crowd_control": null, "mod_reports": [], "mod_note": null, "distinguished": null, "_fetched": true}, {"_replies": ["d8hep3k", "d8hi8ot"], "_submission": "5677zi", "_reddit": "_reddit", "total_awards_received": 0, "approved_at_utc": null, "ups": 7, "awarders": [], "mod_reason_by": null, "banned_by": null, "author_flair_type": "text", "removal_reason": null, "link_id": "t3_5677zi", "author_flair_template_id": null, "likes": null, "user_reports": [], "saved": false, "id": "d8hds4o", "banned_at_utc": null, "mod_reason_title": null, "gilded": 0, "archived": true, "no_follow": false, "author": "pippo9", "can_mod_post": false, "send_replies": true, "parent_id": "t1_d8h900w", "score": 7, "author_fullname": "t2_dsp6j", "report_reasons": null, "approved_by": null, "all_awardings": [], "subreddit_id": "t5_2qhfi", "body": "tidyverse is good for beginners but starts breaking down on larger volumes of data (first hand experience). This is where knowing base R pays off.\n\nI'm a big fan of Hadley but I don't think abstracting out the under-the-hood work done by base R will be helpful in the long run for users of R doing serious work.", "edited": false, "downs": 0, "author_flair_css_class": null, "is_submitter": false, "collapsed": false, "author_flair_richtext": [], "author_patreon_flair": false, "body_html": "<div class=\"md\"><p>tidyverse is good for beginners but starts breaking down on larger volumes of data (first hand experience). This is where knowing base R pays off.</p>\n\n<p>I&#39;m a big fan of Hadley but I don&#39;t think abstracting out the under-the-hood work done by base R will be helpful in the long run for users of R doing serious work.</p>\n</div>", "gildings": {}, "collapsed_reason": null, "associated_award": null, "stickied": false, "author_premium": false, "subreddit_type": "public", "can_gild": true, "subreddit": "statistics", "author_flair_text_color": null, "score_hidden": false, "permalink": "/r/statistics/comments/5677zi/im_pursing_graduate_school_in_social_psychology/d8hds4o/", "num_reports": null, "locked": false, "name": "t1_d8hds4o", "created": 1475836864.0, "author_flair_text": null, "treatment_tags": [], "created_utc": 1475808064.0, "subreddit_name_prefixed": "r/statistics", "controversiality": 0, "depth": 3, "author_flair_background_color": null, "collapsed_because_crowd_control": null, "mod_reports": [], "mod_note": null, "distinguished": null, "_fetched": true}, {"_replies": [], "_submission": "5677zi", "_reddit": "_reddit", "total_awards_received": 0, "approved_at_utc": null, "ups": 1, "awarders": [], "mod_reason_by": null, "banned_by": null, "author_flair_type": "text", "removal_reason": null, "link_id": "t3_5677zi", "author_flair_template_id": null, "likes": null, "user_reports": [], "saved": false, "id": "d8hhwae", "banned_at_utc": null, "mod_reason_title": null, "gilded": 0, "archived": true, "no_follow": true, "author": "fasnoosh", "can_mod_post": false, "send_replies": true, "parent_id": "t1_d8h900w", "score": 1, "author_fullname": "t2_c7zuf", "report_reasons": null, "approved_by": null, "all_awardings": [], "subreddit_id": "t5_2qhfi", "body": "I assumed they did. Man, they're missing out", "edited": false, "downs": 0, "author_flair_css_class": null, "is_submitter": false, "collapsed": false, "author_flair_richtext": [], "author_patreon_flair": false, "body_html": "<div class=\"md\"><p>I assumed they did. Man, they&#39;re missing out</p>\n</div>", "gildings": {}, "collapsed_reason": null, "associated_award": null, "stickied": false, "author_premium": false, "subreddit_type": "public", "can_gild": true, "subreddit": "statistics", "author_flair_text_color": null, "score_hidden": false, "permalink": "/r/statistics/comments/5677zi/im_pursing_graduate_school_in_social_psychology/d8hhwae/", "num_reports": null, "locked": false, "name": "t1_d8hhwae", "created": 1475843571.0, "author_flair_text": null, "treatment_tags": [], "created_utc": 1475814771.0, "subreddit_name_prefixed": "r/statistics", "controversiality": 0, "depth": 3, "author_flair_background_color": null, "collapsed_because_crowd_control": null, "mod_reports": [], "mod_note": null, "distinguished": null, "_fetched": true}, {"_replies": ["d8hex9l"], "_submission": "5677zi", "_reddit": "_reddit", "total_awards_received": 0, "approved_at_utc": null, "ups": 1, "awarders": [], "mod_reason_by": null, "banned_by": null, "author_flair_type": "text", "removal_reason": null, "link_id": "t3_5677zi", "author_flair_template_id": null, "likes": null, "user_reports": [], "saved": false, "id": "d8hep3k", "banned_at_utc": null, "mod_reason_title": null, "gilded": 0, "archived": true, "no_follow": true, "author": "IllmaticGOAT", "can_mod_post": false, "send_replies": true, "parent_id": "t1_d8hds4o", "score": 1, "author_fullname": "t2_4n3os", "report_reasons": null, "approved_by": null, "all_awardings": [], "subreddit_id": "t5_2qhfi", "collapsed": false, "body": "Good point, and thanks for the personal anecdote. How much data did you start to see a breakdown?", "edited": false, "author_flair_css_class": null, "is_submitter": false, "downs": 0, "author_flair_richtext": [], "author_patreon_flair": false, "body_html": "<div class=\"md\"><p>Good point, and thanks for the personal anecdote. How much data did you start to see a breakdown?</p>\n</div>", "gildings": {}, "collapsed_reason": null, "associated_award": null, "stickied": false, "author_premium": false, "subreddit_type": "public", "can_gild": true, "subreddit": "statistics", "author_flair_text_color": null, "score_hidden": false, "permalink": "/r/statistics/comments/5677zi/im_pursing_graduate_school_in_social_psychology/d8hep3k/", "num_reports": null, "locked": false, "name": "t1_d8hep3k", "created": 1475838290.0, "author_flair_text": null, "treatment_tags": [], "created_utc": 1475809490.0, "subreddit_name_prefixed": "r/statistics", "controversiality": 0, "depth": 4, "author_flair_background_color": null, "collapsed_because_crowd_control": null, "mod_reports": [], "mod_note": null, "distinguished": null, "_fetched": true}, {"_replies": ["d8hh3ye", "d8hgxcg"], "_submission": "5677zi", "_reddit": "_reddit", "total_awards_received": 0, "approved_at_utc": null, "ups": 3, "awarders": [], "mod_reason_by": null, "banned_by": null, "author_flair_type": "text", "removal_reason": null, "link_id": "t3_5677zi", "author_flair_template_id": null, "likes": null, "user_reports": [], "saved": false, "id": "d8hex9l", "banned_at_utc": null, "mod_reason_title": null, "gilded": 0, "archived": true, "no_follow": true, "author": "pippo9", "can_mod_post": false, "created_utc": 1475809842.0, "send_replies": true, "parent_id": "t1_d8hep3k", "score": 3, "author_fullname": "t2_dsp6j", "report_reasons": null, "approved_by": null, "all_awardings": [], "subreddit_id": "t5_2qhfi", "body": "Depending on the machine specs, starts from around 4-5 GB.\n\nSample: try reading in 5 GB of real world, messy data using readr.\n\nEdit: also, I hate tibbles", "edited": 1475810970.0, "author_flair_css_class": null, "is_submitter": false, "downs": 0, "author_flair_richtext": [], "author_patreon_flair": false, "body_html": "<div class=\"md\"><p>Depending on the machine specs, starts from around 4-5 GB.</p>\n\n<p>Sample: try reading in 5 GB of real world, messy data using readr.</p>\n\n<p>Edit: also, I hate tibbles</p>\n</div>", "gildings": {}, "collapsed_reason": null, "associated_award": null, "stickied": false, "author_premium": false, "subreddit_type": "public", "can_gild": true, "subreddit": "statistics", "author_flair_text_color": null, "score_hidden": false, "permalink": "/r/statistics/comments/5677zi/im_pursing_graduate_school_in_social_psychology/d8hex9l/", "num_reports": null, "locked": false, "name": "t1_d8hex9l", "created": 1475838642.0, "author_flair_text": null, "treatment_tags": [], "collapsed": false, "subreddit_name_prefixed": "r/statistics", "controversiality": 0, "depth": 5, "author_flair_background_color": null, "collapsed_because_crowd_control": null, "mod_reports": [], "mod_note": null, "distinguished": null, "_fetched": true}, {"_replies": [], "_submission": "5677zi", "_reddit": "_reddit", "total_awards_received": 0, "approved_at_utc": null, "ups": 1, "awarders": [], "mod_reason_by": null, "banned_by": null, "author_flair_type": "text", "removal_reason": null, "link_id": "t3_5677zi", "author_flair_template_id": null, "likes": null, "user_reports": [], "saved": false, "id": "d8hintm", "banned_at_utc": null, "mod_reason_title": null, "gilded": 0, "archived": true, "no_follow": true, "author": "pippo9", "can_mod_post": false, "created_utc": 1475816317.0, "send_replies": true, "parent_id": "t1_d8hi8ot", "score": 1, "author_fullname": "t2_dsp6j", "report_reasons": null, "approved_by": null, "all_awardings": [], "subreddit_id": "t5_2qhfi", "body": "Definitelly. Art of R Programming by Norman Matloff is my #1 recommendation to really understand R technically http://bit.ly/ArtRProg. Pay special attention to data structures. It's tough learning but very helpful and will hold you in good stead\n\nDepending on the need, I'd also recommend these books:\n\n1. [Statistics intro using R](https://www.amazon.com/Beginning-R-Statistical-Programming-Language/dp/111816430X/ref=sr_1_1?ie=UTF8&qid=1475816087&sr=8-1&keywords=beginning+r+mark+gardener)\n2. [Modeling using R](https://www.amazon.com/R-Companion-Applied-Regression/dp/141297514X/ref=sr_1_1?ie=UTF8&qid=1475816184&sr=8-1&keywords=companion+to+applied+regression)\n3. [caret package, advanced modeling use cases](https://www.amazon.com/Applied-Predictive-Modeling-Max-Kuhn/dp/1461468485/ref=sr_1_1?ie=UTF8&qid=1475816213&sr=8-1&keywords=applied+predictive+modeling)", "edited": false, "author_flair_css_class": null, "is_submitter": false, "downs": 0, "author_flair_richtext": [], "author_patreon_flair": false, "body_html": "<div class=\"md\"><p>Definitelly. Art of R Programming by Norman Matloff is my #1 recommendation to really understand R technically <a href=\"http://bit.ly/ArtRProg\">http://bit.ly/ArtRProg</a>. Pay special attention to data structures. It&#39;s tough learning but very helpful and will hold you in good stead</p>\n\n<p>Depending on the need, I&#39;d also recommend these books:</p>\n\n<ol>\n<li><a href=\"https://www.amazon.com/Beginning-R-Statistical-Programming-Language/dp/111816430X/ref=sr_1_1?ie=UTF8&amp;qid=1475816087&amp;sr=8-1&amp;keywords=beginning+r+mark+gardener\">Statistics intro using R</a></li>\n<li><a href=\"https://www.amazon.com/R-Companion-Applied-Regression/dp/141297514X/ref=sr_1_1?ie=UTF8&amp;qid=1475816184&amp;sr=8-1&amp;keywords=companion+to+applied+regression\">Modeling using R</a></li>\n<li><a href=\"https://www.amazon.com/Applied-Predictive-Modeling-Max-Kuhn/dp/1461468485/ref=sr_1_1?ie=UTF8&amp;qid=1475816213&amp;sr=8-1&amp;keywords=applied+predictive+modeling\">caret package, advanced modeling use cases</a></li>\n</ol>\n</div>", "gildings": {}, "collapsed_reason": null, "associated_award": null, "stickied": false, "author_premium": false, "subreddit_type": "public", "can_gild": true, "subreddit": "statistics", "author_flair_text_color": null, "score_hidden": false, "permalink": "/r/statistics/comments/5677zi/im_pursing_graduate_school_in_social_psychology/d8hintm/", "num_reports": null, "locked": false, "name": "t1_d8hintm", "created": 1475845117.0, "author_flair_text": null, "treatment_tags": [], "collapsed": false, "subreddit_name_prefixed": "r/statistics", "controversiality": 0, "depth": 5, "author_flair_background_color": null, "collapsed_because_crowd_control": null, "mod_reports": [], "mod_note": null, "distinguished": null, "_fetched": true}, {"_replies": ["d8hhddi"], "_submission": "5677zi", "_reddit": "_reddit", "total_awards_received": 0, "approved_at_utc": null, "ups": 4, "awarders": [], "mod_reason_by": null, "banned_by": null, "author_flair_type": "text", "removal_reason": null, "link_id": "t3_5677zi", "author_flair_template_id": null, "likes": null, "user_reports": [], "saved": false, "id": "d8hh3ye", "banned_at_utc": null, "mod_reason_title": null, "gilded": 0, "archived": true, "no_follow": false, "author": "coffeecoffeecoffeee", "can_mod_post": false, "send_replies": true, "parent_id": "t1_d8hex9l", "score": 4, "author_fullname": "t2_fnb6r", "report_reasons": null, "approved_by": null, "all_awardings": [], "subreddit_id": "t5_2qhfi", "body": "Tibbles just suck to print and break so many other things.  If I need to work with that much data I go straight to data.tables.", "edited": false, "downs": 0, "author_flair_css_class": null, "is_submitter": false, "collapsed": false, "author_flair_richtext": [], "author_patreon_flair": false, "body_html": "<div class=\"md\"><p>Tibbles just suck to print and break so many other things.  If I need to work with that much data I go straight to data.tables.</p>\n</div>", "gildings": {}, "collapsed_reason": null, "associated_award": null, "stickied": false, "author_premium": false, "subreddit_type": "public", "can_gild": true, "subreddit": "statistics", "author_flair_text_color": null, "score_hidden": false, "permalink": "/r/statistics/comments/5677zi/im_pursing_graduate_school_in_social_psychology/d8hh3ye/", "num_reports": null, "locked": false, "name": "t1_d8hh3ye", "created": 1475842121.0, "author_flair_text": null, "treatment_tags": [], "created_utc": 1475813321.0, "subreddit_name_prefixed": "r/statistics", "controversiality": 0, "depth": 6, "author_flair_background_color": null, "collapsed_because_crowd_control": null, "mod_reports": [], "mod_note": null, "distinguished": null, "_fetched": true}, {"_replies": ["d8hhhcu"], "_submission": "5677zi", "_reddit": "_reddit", "total_awards_received": 0, "approved_at_utc": null, "ups": 1, "awarders": [], "mod_reason_by": null, "banned_by": null, "author_flair_type": "text", "removal_reason": null, "link_id": "t3_5677zi", "author_flair_template_id": null, "likes": null, "user_reports": [], "saved": false, "id": "d8hgxcg", "banned_at_utc": null, "mod_reason_title": null, "gilded": 0, "archived": true, "no_follow": true, "author": "IllmaticGOAT", "can_mod_post": false, "send_replies": true, "parent_id": "t1_d8hex9l", "score": 1, "author_fullname": "t2_4n3os", "report_reasons": null, "approved_by": null, "all_awardings": [], "subreddit_id": "t5_2qhfi", "body": "Ah ok, yeah I usually don't deal with that much data, occasionally some text. In those case do you use the apply family of functions?", "edited": false, "downs": 0, "author_flair_css_class": null, "is_submitter": false, "collapsed": false, "author_flair_richtext": [], "author_patreon_flair": false, "body_html": "<div class=\"md\"><p>Ah ok, yeah I usually don&#39;t deal with that much data, occasionally some text. In those case do you use the apply family of functions?</p>\n</div>", "gildings": {}, "collapsed_reason": null, "associated_award": null, "stickied": false, "author_premium": false, "subreddit_type": "public", "can_gild": true, "subreddit": "statistics", "author_flair_text_color": null, "score_hidden": false, "permalink": "/r/statistics/comments/5677zi/im_pursing_graduate_school_in_social_psychology/d8hgxcg/", "num_reports": null, "locked": false, "name": "t1_d8hgxcg", "created": 1475841782.0, "author_flair_text": null, "treatment_tags": [], "created_utc": 1475812982.0, "subreddit_name_prefixed": "r/statistics", "controversiality": 0, "depth": 6, "author_flair_background_color": null, "collapsed_because_crowd_control": null, "mod_reports": [], "mod_note": null, "distinguished": null, "_fetched": true}, {"_replies": ["d8hijzy"], "_submission": "5677zi", "_reddit": "_reddit", "total_awards_received": 0, "approved_at_utc": null, "ups": 1, "awarders": [], "mod_reason_by": null, "banned_by": null, "author_flair_type": "text", "removal_reason": null, "link_id": "t3_5677zi", "author_flair_template_id": null, "likes": null, "user_reports": [], "saved": false, "id": "d8hhddi", "banned_at_utc": null, "mod_reason_title": null, "gilded": 0, "archived": true, "no_follow": true, "author": "pippo9", "can_mod_post": false, "send_replies": true, "parent_id": "t1_d8hh3ye", "score": 1, "author_fullname": "t2_dsp6j", "report_reasons": null, "approved_by": null, "all_awardings": [], "subreddit_id": "t5_2qhfi", "collapsed": false, "body": "Yeah, data.tables and fread are awesome. Just used them on a time critical project and they came thru.", "edited": false, "author_flair_css_class": null, "is_submitter": false, "downs": 0, "author_flair_richtext": [], "author_patreon_flair": false, "body_html": "<div class=\"md\"><p>Yeah, data.tables and fread are awesome. Just used them on a time critical project and they came thru.</p>\n</div>", "gildings": {}, "collapsed_reason": null, "associated_award": null, "stickied": false, "author_premium": false, "subreddit_type": "public", "can_gild": true, "subreddit": "statistics", "author_flair_text_color": null, "score_hidden": false, "permalink": "/r/statistics/comments/5677zi/im_pursing_graduate_school_in_social_psychology/d8hhddi/", "num_reports": null, "locked": false, "name": "t1_d8hhddi", "created": 1475842599.0, "author_flair_text": null, "treatment_tags": [], "created_utc": 1475813799.0, "subreddit_name_prefixed": "r/statistics", "controversiality": 0, "depth": 7, "author_flair_background_color": null, "collapsed_because_crowd_control": null, "mod_reports": [], "mod_note": null, "distinguished": null, "_fetched": true}, {"_replies": [], "_submission": "5677zi", "_reddit": "_reddit", "total_awards_received": 0, "approved_at_utc": null, "ups": 1, "awarders": [], "mod_reason_by": null, "banned_by": null, "author_flair_type": "text", "removal_reason": null, "link_id": "t3_5677zi", "author_flair_template_id": null, "likes": null, "user_reports": [], "saved": false, "id": "d8hhhcu", "banned_at_utc": null, "mod_reason_title": null, "gilded": 0, "archived": true, "no_follow": true, "author": "pippo9", "can_mod_post": false, "send_replies": true, "parent_id": "t1_d8hgxcg", "score": 1, "author_fullname": "t2_dsp6j", "report_reasons": null, "approved_by": null, "all_awardings": [], "subreddit_id": "t5_2qhfi", "collapsed": false, "body": "Yeah, the apply family is great. Other tactics include sub-sampling the data to create more manageable and smaller datasets, using SQL to pre-sample the data (although that has its own issues).\n\nIn real-world terms, here's where designing an approach and solution based on practical considerations comes in handy. Knowing how to execute using base R syntax saves a lot of time and effort, especially wrt data interchanges, processing and modeling (eg. unsupervised clustering).\n\ntidyverse is great for basic stuff but does none of this heavy lifting. In motor sports terms, I look at tidyverse as riding a go kart and knowing base R as driving a Formula 1 car.", "edited": false, "author_flair_css_class": null, "is_submitter": false, "downs": 0, "author_flair_richtext": [], "author_patreon_flair": false, "body_html": "<div class=\"md\"><p>Yeah, the apply family is great. Other tactics include sub-sampling the data to create more manageable and smaller datasets, using SQL to pre-sample the data (although that has its own issues).</p>\n\n<p>In real-world terms, here&#39;s where designing an approach and solution based on practical considerations comes in handy. Knowing how to execute using base R syntax saves a lot of time and effort, especially wrt data interchanges, processing and modeling (eg. unsupervised clustering).</p>\n\n<p>tidyverse is great for basic stuff but does none of this heavy lifting. In motor sports terms, I look at tidyverse as riding a go kart and knowing base R as driving a Formula 1 car.</p>\n</div>", "gildings": {}, "collapsed_reason": null, "associated_award": null, "stickied": false, "author_premium": false, "subreddit_type": "public", "can_gild": true, "subreddit": "statistics", "author_flair_text_color": null, "score_hidden": false, "permalink": "/r/statistics/comments/5677zi/im_pursing_graduate_school_in_social_psychology/d8hhhcu/", "num_reports": null, "locked": false, "name": "t1_d8hhhcu", "created": 1475842800.0, "author_flair_text": null, "treatment_tags": [], "created_utc": 1475814000.0, "subreddit_name_prefixed": "r/statistics", "controversiality": 0, "depth": 7, "author_flair_background_color": null, "collapsed_because_crowd_control": null, "mod_reports": [], "mod_note": null, "distinguished": null, "_fetched": true}, {"_replies": ["d8hm2e6"], "_submission": "5677zi", "_reddit": "_reddit", "total_awards_received": 0, "approved_at_utc": null, "ups": 2, "awarders": [], "mod_reason_by": null, "banned_by": null, "author_flair_type": "text", "removal_reason": null, "link_id": "t3_5677zi", "author_flair_template_id": null, "likes": null, "user_reports": [], "saved": false, "id": "d8hijzy", "banned_at_utc": null, "mod_reason_title": null, "gilded": 0, "archived": true, "no_follow": true, "author": "coffeecoffeecoffeee", "can_mod_post": false, "created_utc": 1475816092.0, "send_replies": true, "parent_id": "t1_d8hhddi", "score": 2, "author_fullname": "t2_fnb6r", "report_reasons": null, "approved_by": null, "all_awardings": [], "subreddit_id": "t5_2qhfi", "body": "I got a script that took four hours with tibbles to take 2 minutes with data.tables.", "edited": false, "author_flair_css_class": null, "is_submitter": false, "downs": 0, "author_flair_richtext": [], "author_patreon_flair": false, "body_html": "<div class=\"md\"><p>I got a script that took four hours with tibbles to take 2 minutes with data.tables.</p>\n</div>", "gildings": {}, "collapsed_reason": null, "associated_award": null, "stickied": false, "author_premium": false, "subreddit_type": "public", "can_gild": true, "subreddit": "statistics", "author_flair_text_color": null, "score_hidden": false, "permalink": "/r/statistics/comments/5677zi/im_pursing_graduate_school_in_social_psychology/d8hijzy/", "num_reports": null, "locked": false, "name": "t1_d8hijzy", "created": 1475844892.0, "author_flair_text": null, "treatment_tags": [], "collapsed": false, "subreddit_name_prefixed": "r/statistics", "controversiality": 0, "depth": 8, "author_flair_background_color": null, "collapsed_because_crowd_control": null, "mod_reports": [], "mod_note": null, "distinguished": null, "_fetched": true}, {"_replies": ["d8i8mgp"], "_submission": "5677zi", "_reddit": "_reddit", "total_awards_received": 0, "approved_at_utc": null, "ups": 1, "awarders": [], "mod_reason_by": null, "banned_by": null, "author_flair_type": "text", "removal_reason": null, "link_id": "t3_5677zi", "author_flair_template_id": null, "likes": null, "user_reports": [], "saved": false, "id": "d8hm2e6", "banned_at_utc": null, "mod_reason_title": null, "gilded": 0, "archived": true, "no_follow": true, "author": "pippo9", "can_mod_post": false, "send_replies": true, "parent_id": "t1_d8hijzy", "score": 1, "author_fullname": "t2_dsp6j", "report_reasons": null, "approved_by": null, "all_awardings": [], "subreddit_id": "t5_2qhfi", "body": "That's crazy! What type and size of data were you working with?", "edited": false, "downs": 0, "author_flair_css_class": null, "is_submitter": false, "collapsed": false, "author_flair_richtext": [], "author_patreon_flair": false, "body_html": "<div class=\"md\"><p>That&#39;s crazy! What type and size of data were you working with?</p>\n</div>", "gildings": {}, "collapsed_reason": null, "associated_award": null, "stickied": false, "author_premium": false, "subreddit_type": "public", "can_gild": true, "subreddit": "statistics", "author_flair_text_color": null, "score_hidden": false, "permalink": "/r/statistics/comments/5677zi/im_pursing_graduate_school_in_social_psychology/d8hm2e6/", "num_reports": null, "locked": false, "name": "t1_d8hm2e6", "created": 1475853704.0, "author_flair_text": null, "treatment_tags": [], "created_utc": 1475824904.0, "subreddit_name_prefixed": "r/statistics", "controversiality": 0, "depth": 9, "author_flair_background_color": null, "collapsed_because_crowd_control": null, "mod_reports": [], "mod_note": null, "distinguished": null, "_fetched": true}, {"_replies": [], "_submission": "5677zi", "_reddit": "_reddit", "total_awards_received": 0, "approved_at_utc": null, "ups": 1, "awarders": [], "mod_reason_by": null, "banned_by": null, "author_flair_type": "text", "removal_reason": null, "link_id": "t3_5677zi", "author_flair_template_id": null, "likes": null, "user_reports": [], "saved": false, "id": "d8i8mgp", "banned_at_utc": null, "mod_reason_title": null, "gilded": 0, "archived": true, "no_follow": true, "author": "coffeecoffeecoffeee", "can_mod_post": false, "send_replies": true, "parent_id": "t1_d8hm2e6", "score": 1, "author_fullname": "t2_fnb6r", "report_reasons": null, "approved_by": null, "all_awardings": [], "subreddit_id": "t5_2qhfi", "collapsed": false, "body": "Around 30000 rows, but I was making a ton of features (ended with like 50 columns).  I think what helped more than data.table was recognizing where bottlenecks were and rewriting them.  Like sticking day(date) into a dplyr function was much slower than making a day_date = day(date) column and working with that instead.", "edited": false, "author_flair_css_class": null, "is_submitter": false, "downs": 0, "author_flair_richtext": [], "author_patreon_flair": false, "body_html": "<div class=\"md\"><p>Around 30000 rows, but I was making a ton of features (ended with like 50 columns).  I think what helped more than data.table was recognizing where bottlenecks were and rewriting them.  Like sticking day(date) into a dplyr function was much slower than making a day_date = day(date) column and working with that instead.</p>\n</div>", "gildings": {}, "collapsed_reason": null, "associated_award": null, "stickied": false, "author_premium": false, "subreddit_type": "public", "can_gild": true, "subreddit": "statistics", "author_flair_text_color": null, "score_hidden": false, "permalink": "/r/statistics/comments/5677zi/im_pursing_graduate_school_in_social_psychology/d8i8mgp/", "num_reports": null, "locked": false, "name": "t1_d8i8mgp", "created": 1475894987.0, "author_flair_text": null, "treatment_tags": [], "created_utc": 1475866187.0, "subreddit_name_prefixed": "r/statistics", "controversiality": 0, "depth": 1, "author_flair_background_color": null, "collapsed_because_crowd_control": null, "mod_reports": [], "mod_note": null, "distinguished": null, "_fetched": true}]}