{"_reddit": "_reddit", "approved_at_utc": null, "subreddit": "statistics", "selftext": "", "author_fullname": "t2_rfam5", "saved": false, "mod_reason_title": null, "gilded": 0, "clicked": false, "title": "Some targeted marketing directed at baseball fans in New York and DC. Maybe this is why SAS licenses are so expensive?", "link_flair_richtext": [], "subreddit_name_prefixed": "r/statistics", "hidden": false, "pwls": 6, "link_flair_css_class": null, "downs": 0, "hide_score": false, "name": "t3_66wbcu", "quarantine": false, "link_flair_text_color": "dark", "upvote_ratio": 0.91, "author_flair_background_color": null, "subreddit_type": "public", "ups": 80, "total_awards_received": 0, "media_embed": {}, "author_flair_template_id": null, "is_original_content": false, "user_reports": [], "secure_media": null, "is_reddit_media_domain": false, "is_meta": false, "category": null, "secure_media_embed": {}, "link_flair_text": null, "can_mod_post": false, "score": 80, "approved_by": null, "author_premium": false, "thumbnail": "", "edited": false, "author_flair_css_class": null, "author_flair_richtext": [], "gildings": {}, "content_categories": null, "is_self": false, "mod_note": null, "created": 1492901246.0, "link_flair_type": "text", "wls": 6, "removed_by_category": null, "banned_by": null, "author_flair_type": "text", "domain": "imgur.com", "allow_live_comments": false, "selftext_html": null, "likes": null, "suggested_sort": null, "banned_at_utc": null, "view_count": null, "archived": true, "no_follow": false, "is_crosspostable": true, "pinned": false, "over_18": false, "all_awardings": [], "awarders": [], "media_only": false, "can_gild": true, "spoiler": false, "locked": false, "author_flair_text": null, "treatment_tags": [], "visited": false, "removed_by": null, "num_reports": null, "distinguished": null, "subreddit_id": "t5_2qhfi", "mod_reason_by": null, "removal_reason": null, "link_flair_background_color": "", "id": "66wbcu", "is_robot_indexable": true, "report_reasons": null, "author": "new_account_5009", "discussion_type": null, "num_comments": 16, "send_replies": true, "whitelist_status": "all_ads", "contest_mode": false, "mod_reports": [], "author_patreon_flair": false, "author_flair_text_color": null, "permalink": "/r/statistics/comments/66wbcu/some_targeted_marketing_directed_at_baseball_fans/", "parent_whitelist_status": "all_ads", "stickied": false, "url": "http://imgur.com/1Mw1eEQ", "subreddit_subscribers": 106209, "created_utc": 1492872446.0, "num_crossposts": 0, "media": null, "is_video": false, "_fetched": false, "comment_limit": 2048, "comment_sort": "best", "_comments_by_id": {}, "_comments": [{"_replies": ["dgm1vnp", "dgm3gvc"], "_submission": "66wbcu", "_reddit": "_reddit", "total_awards_received": 0, "approved_at_utc": null, "ups": 29, "awarders": [], "mod_reason_by": null, "banned_by": null, "author_flair_type": "text", "removal_reason": null, "link_id": "t3_66wbcu", "author_flair_template_id": null, "likes": null, "user_reports": [], "saved": false, "id": "dgm0n7a", "banned_at_utc": null, "mod_reason_title": null, "gilded": 0, "archived": true, "no_follow": false, "author": "wil_dogg", "can_mod_post": false, "send_replies": true, "parent_id": "t3_66wbcu", "score": 29, "author_fullname": "t2_3mlrf", "report_reasons": null, "approved_by": null, "all_awardings": [], "subreddit_id": "t5_2qhfi", "body": "More likely that SAS is licensed by the MLB team for their own analytics and part of the licensing deal is signage.", "edited": false, "downs": 0, "author_flair_css_class": null, "is_submitter": false, "collapsed": false, "author_flair_richtext": [], "author_patreon_flair": false, "body_html": "<div class=\"md\"><p>More likely that SAS is licensed by the MLB team for their own analytics and part of the licensing deal is signage.</p>\n</div>", "gildings": {}, "collapsed_reason": null, "associated_award": null, "stickied": false, "author_premium": false, "subreddit_type": "public", "can_gild": true, "subreddit": "statistics", "author_flair_text_color": null, "score_hidden": false, "permalink": "/r/statistics/comments/66wbcu/some_targeted_marketing_directed_at_baseball_fans/dgm0n7a/", "num_reports": null, "locked": false, "name": "t1_dgm0n7a", "created": 1492915261.0, "author_flair_text": null, "treatment_tags": [], "created_utc": 1492886461.0, "subreddit_name_prefixed": "r/statistics", "controversiality": 0, "depth": 0, "author_flair_background_color": null, "collapsed_because_crowd_control": null, "mod_reports": [], "mod_note": null, "distinguished": null, "_fetched": true}, {"_replies": ["dgmonko", "dgm3y6c", "dgmo39i"], "_submission": "66wbcu", "_reddit": "_reddit", "total_awards_received": 0, "approved_at_utc": null, "ups": 2, "awarders": [], "mod_reason_by": null, "banned_by": null, "author_flair_type": "text", "removal_reason": null, "link_id": "t3_66wbcu", "author_flair_template_id": null, "likes": null, "user_reports": [], "saved": false, "id": "dgm23cn", "banned_at_utc": null, "mod_reason_title": null, "gilded": 0, "archived": true, "no_follow": true, "author": "middledeck", "can_mod_post": false, "send_replies": true, "parent_id": "t3_66wbcu", "score": 2, "author_fullname": "t2_6pauh", "report_reasons": null, "approved_by": null, "all_awardings": [], "subreddit_id": "t5_2qhfi", "body": "Can anyone explain to me what SAS offers that SPSS and Stata don't? \n\nI've never used SAS, mostly bevause none of my graduate advisors or colleagues use it, so I've learned basically exclusively on SPSS and Stata.", "edited": false, "downs": 0, "author_flair_css_class": null, "is_submitter": false, "collapsed": false, "author_flair_richtext": [], "author_patreon_flair": false, "body_html": "<div class=\"md\"><p>Can anyone explain to me what SAS offers that SPSS and Stata don&#39;t? </p>\n\n<p>I&#39;ve never used SAS, mostly bevause none of my graduate advisors or colleagues use it, so I&#39;ve learned basically exclusively on SPSS and Stata.</p>\n</div>", "gildings": {}, "collapsed_reason": null, "associated_award": null, "stickied": false, "author_premium": false, "subreddit_type": "public", "can_gild": true, "subreddit": "statistics", "author_flair_text_color": null, "score_hidden": false, "permalink": "/r/statistics/comments/66wbcu/some_targeted_marketing_directed_at_baseball_fans/dgm23cn/", "num_reports": null, "locked": false, "name": "t1_dgm23cn", "created": 1492917262.0, "author_flair_text": null, "treatment_tags": [], "created_utc": 1492888462.0, "subreddit_name_prefixed": "r/statistics", "controversiality": 0, "depth": 0, "author_flair_background_color": null, "collapsed_because_crowd_control": null, "mod_reports": [], "mod_note": null, "distinguished": null, "_fetched": true}, {"_replies": ["dglz0n2"], "_submission": "66wbcu", "_reddit": "_reddit", "total_awards_received": 0, "approved_at_utc": null, "ups": -6, "awarders": [], "mod_reason_by": null, "banned_by": null, "author_flair_type": "text", "removal_reason": null, "link_id": "t3_66wbcu", "author_flair_template_id": null, "likes": null, "user_reports": [], "saved": false, "id": "dglrawb", "banned_at_utc": null, "mod_reason_title": null, "gilded": 0, "archived": true, "no_follow": true, "author": "drivenbycaffein", "can_mod_post": false, "send_replies": true, "parent_id": "t3_66wbcu", "score": -6, "author_fullname": "t2_17b1fh", "report_reasons": null, "approved_by": null, "all_awardings": [], "subreddit_id": "t5_2qhfi", "body": "It will make SAS cheaper--if it works.", "edited": false, "downs": 0, "author_flair_css_class": null, "is_submitter": false, "collapsed": true, "author_flair_richtext": [], "author_patreon_flair": false, "body_html": "<div class=\"md\"><p>It will make SAS cheaper--if it works.</p>\n</div>", "gildings": {}, "collapsed_reason": "comment score below threshold", "associated_award": null, "stickied": false, "author_premium": false, "subreddit_type": "public", "can_gild": true, "subreddit": "statistics", "author_flair_text_color": null, "score_hidden": false, "permalink": "/r/statistics/comments/66wbcu/some_targeted_marketing_directed_at_baseball_fans/dglrawb/", "num_reports": null, "locked": false, "name": "t1_dglrawb", "created": 1492902421.0, "author_flair_text": null, "treatment_tags": [], "created_utc": 1492873621.0, "subreddit_name_prefixed": "r/statistics", "controversiality": 0, "depth": 0, "author_flair_background_color": null, "collapsed_because_crowd_control": null, "mod_reports": [], "mod_note": null, "distinguished": null, "_fetched": true}, {"_replies": ["dgm3ras"], "_submission": "66wbcu", "_reddit": "_reddit", "total_awards_received": 0, "approved_at_utc": null, "ups": 5, "awarders": [], "mod_reason_by": null, "banned_by": null, "author_flair_type": "text", "removal_reason": null, "link_id": "t3_66wbcu", "author_flair_template_id": null, "likes": null, "user_reports": [], "saved": false, "id": "dgm3gvc", "banned_at_utc": null, "mod_reason_title": null, "gilded": 0, "archived": true, "no_follow": false, "author": "MistaPickle", "can_mod_post": false, "send_replies": true, "parent_id": "t1_dgm0n7a", "score": 5, "author_fullname": "t2_8tyqz", "report_reasons": null, "approved_by": null, "all_awardings": [], "subreddit_id": "t5_2qhfi", "collapsed": false, "body": "Which is still interesting seeing as most teams use R for their in-house analytics ", "edited": false, "author_flair_css_class": null, "is_submitter": false, "downs": 0, "author_flair_richtext": [], "author_patreon_flair": false, "body_html": "<div class=\"md\"><p>Which is still interesting seeing as most teams use R for their in-house analytics </p>\n</div>", "gildings": {}, "collapsed_reason": null, "associated_award": null, "stickied": false, "author_premium": false, "subreddit_type": "public", "can_gild": true, "subreddit": "statistics", "author_flair_text_color": null, "score_hidden": false, "permalink": "/r/statistics/comments/66wbcu/some_targeted_marketing_directed_at_baseball_fans/dgm3gvc/", "num_reports": null, "locked": false, "name": "t1_dgm3gvc", "created": 1492919129.0, "author_flair_text": null, "treatment_tags": [], "created_utc": 1492890329.0, "subreddit_name_prefixed": "r/statistics", "controversiality": 0, "depth": 1, "author_flair_background_color": null, "collapsed_because_crowd_control": null, "mod_reports": [], "mod_note": null, "distinguished": null, "_fetched": true}, {"_replies": ["dgmpir0", "dgrxocv"], "_submission": "66wbcu", "_reddit": "_reddit", "total_awards_received": 0, "approved_at_utc": null, "ups": 4, "awarders": [], "mod_reason_by": null, "banned_by": null, "author_flair_type": "text", "removal_reason": null, "link_id": "t3_66wbcu", "author_flair_template_id": null, "likes": null, "user_reports": [], "saved": false, "id": "dgmonko", "banned_at_utc": null, "mod_reason_title": null, "gilded": 0, "archived": true, "no_follow": false, "author": "sturg1dj", "can_mod_post": false, "send_replies": true, "parent_id": "t1_dgm23cn", "score": 4, "author_fullname": "t2_5nfy0", "report_reasons": null, "approved_by": null, "all_awardings": [], "subreddit_id": "t5_2qhfi", "collapsed": false, "body": "SAS is what it used in government for one. Also in my opinion SAS handles big data better than SPSS, Stata, or R. \n\nThe argument below that sas is the old r really misses the point of both pieces of software though.  \n\nEdit: what is your field of study btw?", "edited": false, "author_flair_css_class": null, "is_submitter": false, "downs": 0, "author_flair_richtext": [], "author_patreon_flair": false, "body_html": "<div class=\"md\"><p>SAS is what it used in government for one. Also in my opinion SAS handles big data better than SPSS, Stata, or R. </p>\n\n<p>The argument below that sas is the old r really misses the point of both pieces of software though.  </p>\n\n<p>Edit: what is your field of study btw?</p>\n</div>", "gildings": {}, "collapsed_reason": null, "associated_award": null, "stickied": false, "author_premium": false, "subreddit_type": "public", "can_gild": true, "subreddit": "statistics", "author_flair_text_color": null, "score_hidden": false, "permalink": "/r/statistics/comments/66wbcu/some_targeted_marketing_directed_at_baseball_fans/dgmonko/", "num_reports": null, "locked": false, "name": "t1_dgmonko", "created": 1492949088.0, "author_flair_text": null, "treatment_tags": [], "created_utc": 1492920288.0, "subreddit_name_prefixed": "r/statistics", "controversiality": 0, "depth": 1, "author_flair_background_color": null, "collapsed_because_crowd_control": null, "mod_reports": [], "mod_note": null, "distinguished": null, "_fetched": true}, {"_replies": [], "_submission": "66wbcu", "_reddit": "_reddit", "total_awards_received": 0, "approved_at_utc": null, "ups": 0, "awarders": [], "mod_reason_by": null, "banned_by": null, "author_flair_type": "text", "removal_reason": null, "link_id": "t3_66wbcu", "author_flair_template_id": null, "likes": null, "user_reports": [], "saved": false, "id": "dgmo39i", "banned_at_utc": null, "mod_reason_title": null, "gilded": 0, "archived": true, "no_follow": true, "author": "P-S-E-D", "can_mod_post": false, "send_replies": true, "parent_id": "t1_dgm23cn", "score": 0, "author_fullname": "t2_y3q4s", "report_reasons": null, "approved_by": null, "all_awardings": [], "subreddit_id": "t5_2qhfi", "collapsed": false, "body": "SAS is basically yesterday's R and still the preferred language in many fields. ", "edited": false, "author_flair_css_class": null, "is_submitter": false, "downs": 0, "author_flair_richtext": [], "author_patreon_flair": false, "body_html": "<div class=\"md\"><p>SAS is basically yesterday&#39;s R and still the preferred language in many fields. </p>\n</div>", "gildings": {}, "collapsed_reason": null, "associated_award": null, "stickied": false, "author_premium": false, "subreddit_type": "public", "can_gild": true, "subreddit": "statistics", "author_flair_text_color": null, "score_hidden": false, "permalink": "/r/statistics/comments/66wbcu/some_targeted_marketing_directed_at_baseball_fans/dgmo39i/", "num_reports": null, "locked": false, "name": "t1_dgmo39i", "created": 1492948179.0, "author_flair_text": null, "treatment_tags": [], "created_utc": 1492919379.0, "subreddit_name_prefixed": "r/statistics", "controversiality": 0, "depth": 1, "author_flair_background_color": null, "collapsed_because_crowd_control": null, "mod_reports": [], "mod_note": null, "distinguished": null, "_fetched": true}, {"_replies": ["dgmix87", "dgoceeb"], "_submission": "66wbcu", "_reddit": "_reddit", "total_awards_received": 0, "approved_at_utc": null, "ups": 1, "awarders": [], "mod_reason_by": null, "banned_by": null, "author_flair_type": "text", "removal_reason": null, "link_id": "t3_66wbcu", "author_flair_template_id": null, "likes": null, "user_reports": [], "saved": false, "id": "dglz0n2", "banned_at_utc": null, "mod_reason_title": null, "gilded": 0, "archived": true, "no_follow": true, "author": "Patrizsche", "can_mod_post": false, "send_replies": true, "parent_id": "t1_dglrawb", "score": 1, "author_fullname": "t2_je9q5", "report_reasons": null, "approved_by": null, "all_awardings": [], "subreddit_id": "t5_2qhfi", "collapsed": false, "body": "How does that even work? More popular products are cheaper? Richer companies reduce their prices over time? What?", "edited": false, "author_flair_css_class": null, "is_submitter": false, "downs": 0, "author_flair_richtext": [], "author_patreon_flair": false, "body_html": "<div class=\"md\"><p>How does that even work? More popular products are cheaper? Richer companies reduce their prices over time? What?</p>\n</div>", "gildings": {}, "collapsed_reason": null, "associated_award": null, "stickied": false, "author_premium": false, "subreddit_type": "public", "can_gild": true, "subreddit": "statistics", "author_flair_text_color": null, "score_hidden": false, "permalink": "/r/statistics/comments/66wbcu/some_targeted_marketing_directed_at_baseball_fans/dglz0n2/", "num_reports": null, "locked": false, "name": "t1_dglz0n2", "created": 1492913077.0, "author_flair_text": null, "treatment_tags": [], "created_utc": 1492884277.0, "subreddit_name_prefixed": "r/statistics", "controversiality": 0, "depth": 1, "author_flair_background_color": null, "collapsed_because_crowd_control": null, "mod_reports": [], "mod_note": null, "distinguished": null, "_fetched": true}, {"_replies": ["dgm499c"], "_submission": "66wbcu", "_reddit": "_reddit", "total_awards_received": 0, "approved_at_utc": null, "ups": 16, "awarders": [], "mod_reason_by": null, "banned_by": null, "author_flair_type": "text", "removal_reason": null, "link_id": "t3_66wbcu", "author_flair_template_id": null, "likes": null, "user_reports": [], "saved": false, "id": "dgm3ras", "banned_at_utc": null, "mod_reason_title": null, "gilded": 0, "archived": true, "no_follow": false, "author": "wil_dogg", "can_mod_post": false, "created_utc": 1492890722.0, "send_replies": true, "parent_id": "t1_dgm3gvc", "score": 16, "author_fullname": "t2_3mlrf", "report_reasons": null, "approved_by": null, "all_awardings": [], "subreddit_id": "t5_2qhfi", "body": "I don't know that to be the case.  My firm has a major league sports team as a client.  The client is extremely secretive with regard to their analytical processes.  I really doubt there's any good metrics on who is using what.\n\nAlso that signage could reflect advertising decision of the sports franchise, or the venue, teams don't always own their own venue, or the space may have been auctioned to the highest bidder.  It could also be that SAS has a corporate suite at that venue and the signage comes as part of that package.\n\nSimply stated, it's hard to know why that sign is there, but it worked, it got your attention.", "edited": false, "author_flair_css_class": null, "is_submitter": false, "downs": 0, "author_flair_richtext": [], "author_patreon_flair": false, "body_html": "<div class=\"md\"><p>I don&#39;t know that to be the case.  My firm has a major league sports team as a client.  The client is extremely secretive with regard to their analytical processes.  I really doubt there&#39;s any good metrics on who is using what.</p>\n\n<p>Also that signage could reflect advertising decision of the sports franchise, or the venue, teams don&#39;t always own their own venue, or the space may have been auctioned to the highest bidder.  It could also be that SAS has a corporate suite at that venue and the signage comes as part of that package.</p>\n\n<p>Simply stated, it&#39;s hard to know why that sign is there, but it worked, it got your attention.</p>\n</div>", "gildings": {}, "collapsed_reason": null, "associated_award": null, "stickied": false, "author_premium": false, "subreddit_type": "public", "can_gild": true, "subreddit": "statistics", "author_flair_text_color": null, "score_hidden": false, "permalink": "/r/statistics/comments/66wbcu/some_targeted_marketing_directed_at_baseball_fans/dgm3ras/", "num_reports": null, "locked": false, "name": "t1_dgm3ras", "created": 1492919522.0, "author_flair_text": null, "treatment_tags": [], "collapsed": false, "subreddit_name_prefixed": "r/statistics", "controversiality": 0, "depth": 2, "author_flair_background_color": null, "collapsed_because_crowd_control": null, "mod_reports": [], "mod_note": null, "distinguished": null, "_fetched": true}, {"_replies": [], "_submission": "66wbcu", "_reddit": "_reddit", "total_awards_received": 0, "approved_at_utc": null, "ups": 1, "awarders": [], "mod_reason_by": null, "banned_by": null, "author_flair_type": "text", "removal_reason": null, "link_id": "t3_66wbcu", "author_flair_template_id": null, "likes": null, "user_reports": [], "saved": false, "id": "dgrxocv", "banned_at_utc": null, "mod_reason_title": null, "gilded": 0, "archived": true, "no_follow": true, "author": "middledeck", "can_mod_post": false, "created_utc": 1493217114.0, "send_replies": true, "parent_id": "t1_dgmonko", "score": 1, "author_fullname": "t2_6pauh", "report_reasons": null, "approved_by": null, "all_awardings": [], "subreddit_id": "t5_2qhfi", "body": "Interesting. I'm in criminology. We don't (typically) deal in 'big data' the same way economists and the medical fields do, although there certainly are exceptions. \n\nCurrently I'm working with a data set with roughly 1.5 million observations but fewer than 100 variables...most of which aren't actually being analyzed. ", "edited": false, "author_flair_css_class": null, "is_submitter": false, "downs": 0, "author_flair_richtext": [], "author_patreon_flair": false, "body_html": "<div class=\"md\"><p>Interesting. I&#39;m in criminology. We don&#39;t (typically) deal in &#39;big data&#39; the same way economists and the medical fields do, although there certainly are exceptions. </p>\n\n<p>Currently I&#39;m working with a data set with roughly 1.5 million observations but fewer than 100 variables...most of which aren&#39;t actually being analyzed. </p>\n</div>", "gildings": {}, "collapsed_reason": null, "associated_award": null, "stickied": false, "author_premium": false, "subreddit_type": "public", "can_gild": true, "subreddit": "statistics", "author_flair_text_color": null, "score_hidden": false, "permalink": "/r/statistics/comments/66wbcu/some_targeted_marketing_directed_at_baseball_fans/dgrxocv/", "num_reports": null, "locked": false, "name": "t1_dgrxocv", "created": 1493245914.0, "author_flair_text": null, "treatment_tags": [], "collapsed": false, "subreddit_name_prefixed": "r/statistics", "controversiality": 0, "depth": 2, "author_flair_background_color": null, "collapsed_because_crowd_control": null, "mod_reports": [], "mod_note": null, "distinguished": null, "_fetched": true}, {"_replies": [], "_submission": "66wbcu", "_reddit": "_reddit", "total_awards_received": 0, "approved_at_utc": null, "ups": 3, "awarders": [], "mod_reason_by": null, "banned_by": null, "author_flair_type": "text", "removal_reason": null, "link_id": "t3_66wbcu", "author_flair_template_id": null, "likes": null, "user_reports": [], "saved": false, "id": "dgmix87", "banned_at_utc": null, "mod_reason_title": null, "gilded": 0, "archived": true, "no_follow": true, "author": "atomofconsumption", "can_mod_post": false, "created_utc": 1492911966.0, "send_replies": true, "parent_id": "t1_dglz0n2", "score": 3, "author_fullname": "t2_33x4a", "report_reasons": null, "approved_by": null, "all_awardings": [], "subreddit_id": "t5_2qhfi", "body": "clearly op did not perform his analysis using SAS!", "edited": false, "author_flair_css_class": null, "is_submitter": false, "downs": 0, "author_flair_richtext": [], "author_patreon_flair": false, "body_html": "<div class=\"md\"><p>clearly op did not perform his analysis using SAS!</p>\n</div>", "gildings": {}, "collapsed_reason": null, "associated_award": null, "stickied": false, "author_premium": false, "subreddit_type": "public", "can_gild": true, "subreddit": "statistics", "author_flair_text_color": null, "score_hidden": false, "permalink": "/r/statistics/comments/66wbcu/some_targeted_marketing_directed_at_baseball_fans/dgmix87/", "num_reports": null, "locked": false, "name": "t1_dgmix87", "created": 1492940766.0, "author_flair_text": null, "treatment_tags": [], "collapsed": false, "subreddit_name_prefixed": "r/statistics", "controversiality": 0, "depth": 2, "author_flair_background_color": null, "collapsed_because_crowd_control": null, "mod_reports": [], "mod_note": null, "distinguished": null, "_fetched": true}, {"_replies": [], "_submission": "66wbcu", "_reddit": "_reddit", "total_awards_received": 0, "approved_at_utc": null, "ups": 1, "awarders": [], "mod_reason_by": null, "banned_by": null, "author_flair_type": "text", "removal_reason": null, "link_id": "t3_66wbcu", "author_flair_template_id": null, "likes": null, "user_reports": [], "saved": false, "id": "dgoceeb", "banned_at_utc": null, "mod_reason_title": null, "gilded": 0, "archived": true, "no_follow": true, "author": "drivenbycaffein", "can_mod_post": false, "created_utc": 1493022868.0, "send_replies": true, "parent_id": "t1_dglz0n2", "score": 1, "author_fullname": "t2_17b1fh", "report_reasons": null, "approved_by": null, "all_awardings": [], "subreddit_id": "t5_2qhfi", "body": "If it generates more profit than the cost of the advertizing then you can amortize the R&D cost over more customers. Blockbuster video games cost more to develop than SAS but are cheaper because they are mass market.\nThe real issue is in the \"if it works\" part. If it doesn't then the niche audience of SAS customer have to pay for bad marketing as well as R&D and the company's profit desire.", "edited": false, "author_flair_css_class": null, "is_submitter": false, "downs": 0, "author_flair_richtext": [], "author_patreon_flair": false, "body_html": "<div class=\"md\"><p>If it generates more profit than the cost of the advertizing then you can amortize the R&amp;D cost over more customers. Blockbuster video games cost more to develop than SAS but are cheaper because they are mass market.\nThe real issue is in the &quot;if it works&quot; part. If it doesn&#39;t then the niche audience of SAS customer have to pay for bad marketing as well as R&amp;D and the company&#39;s profit desire.</p>\n</div>", "gildings": {}, "collapsed_reason": null, "associated_award": null, "stickied": false, "author_premium": false, "subreddit_type": "public", "can_gild": true, "subreddit": "statistics", "author_flair_text_color": null, "score_hidden": false, "permalink": "/r/statistics/comments/66wbcu/some_targeted_marketing_directed_at_baseball_fans/dgoceeb/", "num_reports": null, "locked": false, "name": "t1_dgoceeb", "created": 1493051668.0, "author_flair_text": null, "treatment_tags": [], "collapsed": false, "subreddit_name_prefixed": "r/statistics", "controversiality": 0, "depth": 2, "author_flair_background_color": null, "collapsed_because_crowd_control": null, "mod_reports": [], "mod_note": null, "distinguished": null, "_fetched": true}, {"_replies": ["dgmfmyv"], "_submission": "66wbcu", "_reddit": "_reddit", "total_awards_received": 0, "approved_at_utc": null, "ups": 5, "awarders": [], "mod_reason_by": null, "banned_by": null, "author_flair_type": "text", "removal_reason": null, "link_id": "t3_66wbcu", "author_flair_template_id": null, "likes": null, "user_reports": [], "saved": false, "id": "dgm499c", "banned_at_utc": null, "mod_reason_title": null, "gilded": 0, "archived": true, "no_follow": false, "author": "MistaPickle", "can_mod_post": false, "send_replies": true, "parent_id": "t1_dgm3ras", "score": 5, "author_fullname": "t2_8tyqz", "report_reasons": null, "approved_by": null, "all_awardings": [], "subreddit_id": "t5_2qhfi", "body": "I have spoken with a few major league teams' quantitative analysis departments (as well as interned with a team) and knowledge of R almost always seems to be stressed over SAS.\n\nRegardless, you're right, the fact that we're talking about it means the advertisement worked. ", "edited": false, "downs": 0, "author_flair_css_class": null, "is_submitter": false, "collapsed": false, "author_flair_richtext": [], "author_patreon_flair": false, "body_html": "<div class=\"md\"><p>I have spoken with a few major league teams&#39; quantitative analysis departments (as well as interned with a team) and knowledge of R almost always seems to be stressed over SAS.</p>\n\n<p>Regardless, you&#39;re right, the fact that we&#39;re talking about it means the advertisement worked. </p>\n</div>", "gildings": {}, "collapsed_reason": null, "associated_award": null, "stickied": false, "author_premium": false, "subreddit_type": "public", "can_gild": true, "subreddit": "statistics", "author_flair_text_color": null, "score_hidden": false, "permalink": "/r/statistics/comments/66wbcu/some_targeted_marketing_directed_at_baseball_fans/dgm499c/", "num_reports": null, "locked": false, "name": "t1_dgm499c", "created": 1492920186.0, "author_flair_text": null, "treatment_tags": [], "created_utc": 1492891386.0, "subreddit_name_prefixed": "r/statistics", "controversiality": 0, "depth": 3, "author_flair_background_color": null, "collapsed_because_crowd_control": null, "mod_reports": [], "mod_note": null, "distinguished": null, "_fetched": true}, {"_replies": [], "_submission": "66wbcu", "_reddit": "_reddit", "total_awards_received": 0, "approved_at_utc": null, "ups": 1, "awarders": [], "mod_reason_by": null, "banned_by": null, "author_flair_type": "text", "removal_reason": null, "link_id": "t3_66wbcu", "author_flair_template_id": null, "likes": null, "user_reports": [], "saved": false, "id": "dgn15yl", "banned_at_utc": null, "mod_reason_title": null, "gilded": 0, "archived": true, "no_follow": true, "author": "sturg1dj", "can_mod_post": false, "send_replies": true, "parent_id": "t1_dgmpir0", "score": 1, "author_fullname": "t2_5nfy0", "report_reasons": null, "approved_by": null, "all_awardings": [], "subreddit_id": "t5_2qhfi", "body": "I guess it depends how you define it. Right now I am using SAS with medicare data which is hundreds of millions rows.", "edited": false, "downs": 0, "author_flair_css_class": null, "is_submitter": false, "collapsed": false, "author_flair_richtext": [], "author_patreon_flair": false, "body_html": "<div class=\"md\"><p>I guess it depends how you define it. Right now I am using SAS with medicare data which is hundreds of millions rows.</p>\n</div>", "gildings": {}, "collapsed_reason": null, "associated_award": null, "stickied": false, "author_premium": false, "subreddit_type": "public", "can_gild": true, "subreddit": "statistics", "author_flair_text_color": null, "score_hidden": false, "permalink": "/r/statistics/comments/66wbcu/some_targeted_marketing_directed_at_baseball_fans/dgn15yl/", "num_reports": null, "locked": false, "name": "t1_dgn15yl", "created": 1492980181.0, "author_flair_text": null, "treatment_tags": [], "created_utc": 1492951381.0, "subreddit_name_prefixed": "r/statistics", "controversiality": 0, "depth": 3, "author_flair_background_color": null, "collapsed_because_crowd_control": null, "mod_reports": [], "mod_note": null, "distinguished": null, "_fetched": true}, {"_replies": [], "_submission": "66wbcu", "_reddit": "_reddit", "total_awards_received": 0, "approved_at_utc": null, "ups": 4, "awarders": [], "mod_reason_by": null, "banned_by": null, "author_flair_type": "text", "removal_reason": null, "link_id": "t3_66wbcu", "author_flair_template_id": null, "likes": null, "user_reports": [], "saved": false, "id": "dgmfmyv", "banned_at_utc": null, "mod_reason_title": null, "gilded": 0, "archived": true, "no_follow": false, "author": "MindPsy", "can_mod_post": false, "send_replies": true, "parent_id": "t1_dgm499c", "score": 4, "author_fullname": "t2_5kv2f", "report_reasons": null, "approved_by": null, "all_awardings": [], "subreddit_id": "t5_2qhfi", "collapsed": false, "body": "I find that the best teams that I've worked with in data science are tool agnostic.  Even if they're technically bound to use proprietary software like SAS, I've seen teams dip back into Python or R to replicate or supplement results.\n\nI am interested to see how SAS will change in the coming years.  People are getting hyped about less expensive options for analytics.", "edited": false, "author_flair_css_class": null, "is_submitter": false, "downs": 0, "author_flair_richtext": [], "author_patreon_flair": false, "body_html": "<div class=\"md\"><p>I find that the best teams that I&#39;ve worked with in data science are tool agnostic.  Even if they&#39;re technically bound to use proprietary software like SAS, I&#39;ve seen teams dip back into Python or R to replicate or supplement results.</p>\n\n<p>I am interested to see how SAS will change in the coming years.  People are getting hyped about less expensive options for analytics.</p>\n</div>", "gildings": {}, "collapsed_reason": null, "associated_award": null, "stickied": false, "author_premium": false, "subreddit_type": "public", "can_gild": true, "subreddit": "statistics", "author_flair_text_color": null, "score_hidden": false, "permalink": "/r/statistics/comments/66wbcu/some_targeted_marketing_directed_at_baseball_fans/dgmfmyv/", "num_reports": null, "locked": false, "name": "t1_dgmfmyv", "created": 1492935866.0, "author_flair_text": null, "treatment_tags": [], "created_utc": 1492907066.0, "subreddit_name_prefixed": "r/statistics", "controversiality": 0, "depth": 4, "author_flair_background_color": null, "collapsed_because_crowd_control": null, "mod_reports": [], "mod_note": null, "distinguished": null, "_fetched": true}]}