{"_reddit": "_reddit", "approved_at_utc": null, "subreddit": "statistics", "selftext": "", "author_fullname": "t2_60j6t", "saved": false, "mod_reason_title": null, "gilded": 0, "clicked": false, "title": "Don't use deep learning your data isn't that big \u00b7 Simply Statistics", "link_flair_richtext": [], "subreddit_name_prefixed": "r/statistics", "hidden": false, "pwls": 6, "link_flair_css_class": null, "downs": 0, "hide_score": false, "name": "t3_6egg1h", "quarantine": false, "link_flair_text_color": "dark", "upvote_ratio": 0.86, "author_flair_background_color": null, "subreddit_type": "public", "ups": 71, "total_awards_received": 0, "media_embed": {}, "author_flair_template_id": null, "is_original_content": false, "user_reports": [], "secure_media": null, "is_reddit_media_domain": false, "is_meta": false, "category": null, "secure_media_embed": {}, "link_flair_text": null, "can_mod_post": false, "score": 71, "approved_by": null, "author_premium": false, "thumbnail": "", "edited": false, "author_flair_css_class": null, "author_flair_richtext": [], "gildings": {}, "content_categories": null, "is_self": false, "mod_note": null, "created": 1496280067.0, "link_flair_type": "text", "wls": 6, "removed_by_category": null, "banned_by": null, "author_flair_type": "text", "domain": "simplystatistics.org", "allow_live_comments": false, "selftext_html": null, "likes": null, "suggested_sort": null, "banned_at_utc": null, "view_count": null, "archived": true, "no_follow": false, "is_crosspostable": true, "pinned": false, "over_18": false, "all_awardings": [], "awarders": [], "media_only": false, "can_gild": true, "spoiler": false, "locked": false, "author_flair_text": null, "treatment_tags": [], "visited": false, "removed_by": null, "num_reports": null, "distinguished": null, "subreddit_id": "t5_2qhfi", "mod_reason_by": null, "removal_reason": null, "link_flair_background_color": "", "id": "6egg1h", "is_robot_indexable": true, "report_reasons": null, "author": "t_rex_tullis", "discussion_type": null, "num_comments": 17, "send_replies": true, "whitelist_status": "all_ads", "contest_mode": false, "mod_reports": [], "author_patreon_flair": false, "author_flair_text_color": null, "permalink": "/r/statistics/comments/6egg1h/dont_use_deep_learning_your_data_isnt_that_big/", "parent_whitelist_status": "all_ads", "stickied": false, "url": "https://simplystatistics.org/2017/05/31/deeplearning-vs-leekasso/", "subreddit_subscribers": 106209, "created_utc": 1496251267.0, "num_crossposts": 0, "media": null, "is_video": false, "_fetched": false, "comment_limit": 2048, "comment_sort": "best", "_comments_by_id": {}, "_comments": [{"_replies": [], "_submission": "6egg1h", "_reddit": "_reddit", "total_awards_received": 0, "approved_at_utc": null, "ups": 17, "awarders": [], "mod_reason_by": null, "banned_by": null, "author_flair_type": "text", "removal_reason": null, "link_id": "t3_6egg1h", "author_flair_template_id": null, "likes": null, "user_reports": [], "saved": false, "id": "diawujw", "banned_at_utc": null, "mod_reason_title": null, "gilded": 0, "archived": true, "no_follow": false, "author": "cctap", "can_mod_post": false, "send_replies": true, "parent_id": "t3_6egg1h", "score": 17, "author_fullname": "t2_zbjvj", "report_reasons": null, "approved_by": null, "all_awardings": [], "subreddit_id": "t5_2qhfi", "body": "Computer vision is like the worst choice as an example of where not to use deep learning. ", "edited": false, "downs": 0, "author_flair_css_class": null, "is_submitter": false, "collapsed": false, "author_flair_richtext": [], "author_patreon_flair": false, "body_html": "<div class=\"md\"><p>Computer vision is like the worst choice as an example of where not to use deep learning. </p>\n</div>", "gildings": {}, "collapsed_reason": null, "associated_award": null, "stickied": false, "author_premium": false, "subreddit_type": "public", "can_gild": true, "subreddit": "statistics", "author_flair_text_color": null, "score_hidden": false, "permalink": "/r/statistics/comments/6egg1h/dont_use_deep_learning_your_data_isnt_that_big/diawujw/", "num_reports": null, "locked": false, "name": "t1_diawujw", "created": 1496316563.0, "author_flair_text": null, "treatment_tags": [], "created_utc": 1496287763.0, "subreddit_name_prefixed": "r/statistics", "controversiality": 0, "depth": 0, "author_flair_background_color": null, "collapsed_because_crowd_control": null, "mod_reports": [], "mod_note": null, "distinguished": null, "_fetched": true}, {"_replies": ["dialxng"], "_submission": "6egg1h", "_reddit": "_reddit", "total_awards_received": 0, "approved_at_utc": null, "ups": 28, "awarders": [], "mod_reason_by": null, "banned_by": null, "author_flair_type": "text", "removal_reason": null, "link_id": "t3_6egg1h", "author_flair_template_id": null, "likes": null, "user_reports": [], "saved": false, "id": "diaic5c", "banned_at_utc": null, "mod_reason_title": null, "gilded": 0, "archived": true, "no_follow": false, "author": "dairyproduct", "can_mod_post": false, "send_replies": true, "parent_id": "t3_6egg1h", "score": 28, "author_fullname": "t2_5cwli", "report_reasons": null, "approved_by": null, "all_awardings": [], "subreddit_id": "t5_2qhfi", "body": "I'm not going to disagree with the article's title. There are frequently better or at least much much easier options than deep learning when you don't have tens of thousands of samples. Furthermore, interpretability is really nice, and that's frequently hard to find with deep learning.\n\nThat said, the results presented in the article aren't using any of the techniques that make deep learning so powerful. What they used really doesn't even classify as deep learning in my mind -- none of the advances in the last 10 years were used. These techniques are all the more important with a small data size.\n\n\n* They should definitely be using dropout.\n\n* They should probably be using data augmentation.\n\n* If data augmentation isn't used, 5 layers of 160 neurons is almost definitely too big. >100,000 parameters is not going to work on 80 training samples.\n\n* They should probably be using L2 regularization on the weights.\n\n* They should be using early stopping or at least doing some testing on how many epochs are needed. Running for a set 20 epochs with no analysis of validation results is a very bad decision. The model could easily be over- or under- fitting needlessly. \n\n* ReLU or one of its derivatives is usually better than tanh for these types of applications, though that is highly variable.\n\n* Transfer learning would probably be the route to success if this was done for real-- plenty of similar problems have been solved and have publicly available models.", "edited": 1496268866.0, "downs": 0, "author_flair_css_class": null, "is_submitter": false, "collapsed": false, "author_flair_richtext": [], "author_patreon_flair": false, "body_html": "<div class=\"md\"><p>I&#39;m not going to disagree with the article&#39;s title. There are frequently better or at least much much easier options than deep learning when you don&#39;t have tens of thousands of samples. Furthermore, interpretability is really nice, and that&#39;s frequently hard to find with deep learning.</p>\n\n<p>That said, the results presented in the article aren&#39;t using any of the techniques that make deep learning so powerful. What they used really doesn&#39;t even classify as deep learning in my mind -- none of the advances in the last 10 years were used. These techniques are all the more important with a small data size.</p>\n\n<ul>\n<li><p>They should definitely be using dropout.</p></li>\n<li><p>They should probably be using data augmentation.</p></li>\n<li><p>If data augmentation isn&#39;t used, 5 layers of 160 neurons is almost definitely too big. &gt;100,000 parameters is not going to work on 80 training samples.</p></li>\n<li><p>They should probably be using L2 regularization on the weights.</p></li>\n<li><p>They should be using early stopping or at least doing some testing on how many epochs are needed. Running for a set 20 epochs with no analysis of validation results is a very bad decision. The model could easily be over- or under- fitting needlessly. </p></li>\n<li><p>ReLU or one of its derivatives is usually better than tanh for these types of applications, though that is highly variable.</p></li>\n<li><p>Transfer learning would probably be the route to success if this was done for real-- plenty of similar problems have been solved and have publicly available models.</p></li>\n</ul>\n</div>", "gildings": {}, "collapsed_reason": null, "associated_award": null, "stickied": false, "author_premium": false, "subreddit_type": "public", "can_gild": true, "subreddit": "statistics", "author_flair_text_color": null, "score_hidden": false, "permalink": "/r/statistics/comments/6egg1h/dont_use_deep_learning_your_data_isnt_that_big/diaic5c/", "num_reports": null, "locked": false, "name": "t1_diaic5c", "created": 1496297433.0, "author_flair_text": null, "treatment_tags": [], "created_utc": 1496268633.0, "subreddit_name_prefixed": "r/statistics", "controversiality": 0, "depth": 0, "author_flair_background_color": null, "collapsed_because_crowd_control": null, "mod_reports": [], "mod_note": null, "distinguished": null, "_fetched": true}, {"_replies": ["diasjhf"], "_submission": "6egg1h", "_reddit": "_reddit", "total_awards_received": 0, "approved_at_utc": null, "ups": 2, "awarders": [], "mod_reason_by": null, "banned_by": null, "author_flair_type": "text", "removal_reason": null, "link_id": "t3_6egg1h", "author_flair_template_id": null, "likes": null, "user_reports": [], "saved": false, "id": "dia34tu", "banned_at_utc": null, "mod_reason_title": null, "gilded": 0, "archived": true, "no_follow": true, "author": "Hellkyte", "can_mod_post": false, "send_replies": true, "parent_id": "t3_6egg1h", "score": 2, "author_fullname": "t2_b9q6b", "report_reasons": null, "approved_by": null, "all_awardings": [], "subreddit_id": "t5_2qhfi", "body": "Is 80 points considered a \"large\" sample set?  That's barely enough for a 6 parameter respense surface.", "edited": false, "downs": 0, "author_flair_css_class": null, "is_submitter": false, "collapsed": false, "author_flair_richtext": [], "author_patreon_flair": false, "body_html": "<div class=\"md\"><p>Is 80 points considered a &quot;large&quot; sample set?  That&#39;s barely enough for a 6 parameter respense surface.</p>\n</div>", "gildings": {}, "collapsed_reason": null, "associated_award": null, "stickied": false, "author_premium": false, "subreddit_type": "public", "can_gild": true, "subreddit": "statistics", "author_flair_text_color": null, "score_hidden": false, "permalink": "/r/statistics/comments/6egg1h/dont_use_deep_learning_your_data_isnt_that_big/dia34tu/", "num_reports": null, "locked": false, "name": "t1_dia34tu", "created": 1496280921.0, "author_flair_text": null, "treatment_tags": [], "created_utc": 1496252121.0, "subreddit_name_prefixed": "r/statistics", "controversiality": 1, "depth": 0, "author_flair_background_color": null, "collapsed_because_crowd_control": null, "mod_reports": [], "mod_note": null, "distinguished": null, "_fetched": true}, {"_replies": [], "_submission": "6egg1h", "_reddit": "_reddit", "total_awards_received": 0, "approved_at_utc": null, "ups": 1, "awarders": [], "mod_reason_by": null, "banned_by": null, "author_flair_type": "text", "removal_reason": null, "link_id": "t3_6egg1h", "author_flair_template_id": null, "likes": null, "user_reports": [], "saved": false, "id": "diazkff", "banned_at_utc": null, "mod_reason_title": null, "gilded": 0, "archived": true, "no_follow": true, "author": "nrs02004", "can_mod_post": false, "send_replies": true, "parent_id": "t3_6egg1h", "score": 1, "author_fullname": "t2_blckn", "report_reasons": null, "approved_by": null, "all_awardings": [], "subreddit_id": "t5_2qhfi", "body": "My issue is that the digits problem is notoriously easy... so yes, for problems where classification is extremely easy, we don't need a complicated method to do well. There are plenty of problems however where neural networks do uncannily well; for example, they have been critical for getting reinforcement learning to work and developing things like AlphaGo.\n\nI do agree however, that one generally needs a _lot_ of data to effectively model non-linearities --- that is the heart of the curse of dimensionality.", "edited": false, "downs": 0, "author_flair_css_class": null, "is_submitter": false, "collapsed": false, "author_flair_richtext": [], "author_patreon_flair": false, "body_html": "<div class=\"md\"><p>My issue is that the digits problem is notoriously easy... so yes, for problems where classification is extremely easy, we don&#39;t need a complicated method to do well. There are plenty of problems however where neural networks do uncannily well; for example, they have been critical for getting reinforcement learning to work and developing things like AlphaGo.</p>\n\n<p>I do agree however, that one generally needs a <em>lot</em> of data to effectively model non-linearities --- that is the heart of the curse of dimensionality.</p>\n</div>", "gildings": {}, "collapsed_reason": null, "associated_award": null, "stickied": false, "author_premium": false, "subreddit_type": "public", "can_gild": true, "subreddit": "statistics", "author_flair_text_color": null, "score_hidden": false, "permalink": "/r/statistics/comments/6egg1h/dont_use_deep_learning_your_data_isnt_that_big/diazkff/", "num_reports": null, "locked": false, "name": "t1_diazkff", "created": 1496321000.0, "author_flair_text": null, "treatment_tags": [], "created_utc": 1496292200.0, "subreddit_name_prefixed": "r/statistics", "controversiality": 0, "depth": 0, "author_flair_background_color": null, "collapsed_because_crowd_control": null, "mod_reports": [], "mod_note": null, "distinguished": null, "_fetched": true}, {"_replies": ["diafono"], "_submission": "6egg1h", "_reddit": "_reddit", "total_awards_received": 0, "approved_at_utc": null, "ups": 1, "awarders": [], "mod_reason_by": null, "banned_by": null, "author_flair_type": "text", "removal_reason": null, "link_id": "t3_6egg1h", "author_flair_template_id": null, "likes": null, "user_reports": [], "saved": false, "id": "diad8fn", "banned_at_utc": null, "mod_reason_title": null, "gilded": 0, "archived": true, "no_follow": true, "author": "semsr", "can_mod_post": false, "send_replies": true, "parent_id": "t3_6egg1h", "score": 1, "author_fullname": "t2_ghi4z", "report_reasons": null, "approved_by": null, "all_awardings": [], "subreddit_id": "t5_2qhfi", "body": "If you use regularization techniques to mitigate overfitting, shouldn't the deep model just automatically reduce to the simple linear model as the optimal parameters are learned?   ", "edited": false, "downs": 0, "author_flair_css_class": null, "is_submitter": false, "collapsed": false, "author_flair_richtext": [], "author_patreon_flair": false, "body_html": "<div class=\"md\"><p>If you use regularization techniques to mitigate overfitting, shouldn&#39;t the deep model just automatically reduce to the simple linear model as the optimal parameters are learned?   </p>\n</div>", "gildings": {}, "collapsed_reason": null, "associated_award": null, "stickied": false, "author_premium": false, "subreddit_type": "public", "can_gild": true, "subreddit": "statistics", "author_flair_text_color": null, "score_hidden": false, "permalink": "/r/statistics/comments/6egg1h/dont_use_deep_learning_your_data_isnt_that_big/diad8fn/", "num_reports": null, "locked": false, "name": "t1_diad8fn", "created": 1496291536.0, "author_flair_text": null, "treatment_tags": [], "created_utc": 1496262736.0, "subreddit_name_prefixed": "r/statistics", "controversiality": 0, "depth": 0, "author_flair_background_color": null, "collapsed_because_crowd_control": null, "mod_reports": [], "mod_note": null, "distinguished": null, "_fetched": true}, {"_replies": [], "_submission": "6egg1h", "_reddit": "_reddit", "total_awards_received": 0, "approved_at_utc": null, "ups": -4, "awarders": [], "mod_reason_by": null, "banned_by": null, "author_flair_type": "text", "removal_reason": null, "link_id": "t3_6egg1h", "author_flair_template_id": null, "likes": null, "user_reports": [], "saved": false, "id": "diad186", "banned_at_utc": null, "mod_reason_title": null, "gilded": 0, "archived": true, "no_follow": true, "author": "kiwiheretic", "can_mod_post": false, "send_replies": true, "parent_id": "t3_6egg1h", "score": -4, "author_fullname": "t2_i03pp", "report_reasons": null, "approved_by": null, "all_awardings": [], "subreddit_id": "t5_2qhfi", "body": "I've never used deep learning.  It appears as though its use cases are way oversold which I suspected.", "edited": false, "downs": 0, "author_flair_css_class": null, "is_submitter": false, "collapsed": false, "author_flair_richtext": [], "author_patreon_flair": false, "body_html": "<div class=\"md\"><p>I&#39;ve never used deep learning.  It appears as though its use cases are way oversold which I suspected.</p>\n</div>", "gildings": {}, "collapsed_reason": null, "associated_award": null, "stickied": false, "author_premium": false, "subreddit_type": "public", "can_gild": true, "subreddit": "statistics", "author_flair_text_color": null, "score_hidden": false, "permalink": "/r/statistics/comments/6egg1h/dont_use_deep_learning_your_data_isnt_that_big/diad186/", "num_reports": null, "locked": false, "name": "t1_diad186", "created": 1496291319.0, "author_flair_text": null, "treatment_tags": [], "created_utc": 1496262519.0, "subreddit_name_prefixed": "r/statistics", "controversiality": 0, "depth": 0, "author_flair_background_color": null, "collapsed_because_crowd_control": null, "mod_reports": [], "mod_note": null, "distinguished": null, "_fetched": true}, {"_replies": ["dib4s1m"], "_submission": "6egg1h", "_reddit": "_reddit", "total_awards_received": 0, "approved_at_utc": null, "ups": -1, "awarders": [], "mod_reason_by": null, "banned_by": null, "author_flair_type": "text", "removal_reason": null, "link_id": "t3_6egg1h", "author_flair_template_id": null, "likes": null, "user_reports": [], "saved": false, "id": "diacrkx", "banned_at_utc": null, "mod_reason_title": null, "gilded": 0, "archived": true, "no_follow": true, "author": "FutureIsMine", "can_mod_post": false, "send_replies": true, "parent_id": "t3_6egg1h", "score": -1, "author_fullname": "t2_8fbrt", "report_reasons": null, "approved_by": null, "all_awardings": [], "subreddit_id": "t5_2qhfi", "body": "I use deep learning as my smallest dataset has 400,000 data points. ", "edited": false, "downs": 0, "author_flair_css_class": null, "is_submitter": false, "collapsed": false, "author_flair_richtext": [], "author_patreon_flair": false, "body_html": "<div class=\"md\"><p>I use deep learning as my smallest dataset has 400,000 data points. </p>\n</div>", "gildings": {}, "collapsed_reason": null, "associated_award": null, "stickied": false, "author_premium": false, "subreddit_type": "public", "can_gild": true, "subreddit": "statistics", "author_flair_text_color": null, "score_hidden": false, "permalink": "/r/statistics/comments/6egg1h/dont_use_deep_learning_your_data_isnt_that_big/diacrkx/", "num_reports": null, "locked": false, "name": "t1_diacrkx", "created": 1496291033.0, "author_flair_text": null, "treatment_tags": [], "created_utc": 1496262233.0, "subreddit_name_prefixed": "r/statistics", "controversiality": 0, "depth": 0, "author_flair_background_color": null, "collapsed_because_crowd_control": null, "mod_reports": [], "mod_note": null, "distinguished": null, "_fetched": true}, {"_replies": ["dianvu3"], "_submission": "6egg1h", "_reddit": "_reddit", "total_awards_received": 0, "approved_at_utc": null, "ups": 5, "awarders": [], "mod_reason_by": null, "banned_by": null, "author_flair_type": "text", "removal_reason": null, "link_id": "t3_6egg1h", "author_flair_template_id": null, "likes": null, "user_reports": [], "saved": false, "id": "dialxng", "banned_at_utc": null, "mod_reason_title": null, "gilded": 0, "archived": true, "no_follow": false, "author": "Floydthechimp", "can_mod_post": false, "send_replies": true, "parent_id": "t1_diaic5c", "score": 5, "author_fullname": "t2_ghj5t", "report_reasons": null, "approved_by": null, "all_awardings": [], "subreddit_id": "t5_2qhfi", "collapsed": false, "body": "I think that is part of the point.  Real deep-learning methods need to be tuned.  Whereas the proposed method is so simple it needs no tuning to beat out-of-the-box methods.\n\nThis was not an post saying \"leekso>deep learning\".  It was just trying to show that out-of-the-box deep learning is not magic.\n\nAt least my interpretation.\n\n\nSide note: screw that hack commentator on the first post.  If they can use ad-hominem attacks, I will as well.  That post is the definition of the non-academic bullsh*t deep learning researchers are always accused of.", "edited": 1496273520.0, "author_flair_css_class": null, "is_submitter": false, "downs": 0, "author_flair_richtext": [], "author_patreon_flair": false, "body_html": "<div class=\"md\"><p>I think that is part of the point.  Real deep-learning methods need to be tuned.  Whereas the proposed method is so simple it needs no tuning to beat out-of-the-box methods.</p>\n\n<p>This was not an post saying &quot;leekso&gt;deep learning&quot;.  It was just trying to show that out-of-the-box deep learning is not magic.</p>\n\n<p>At least my interpretation.</p>\n\n<p>Side note: screw that hack commentator on the first post.  If they can use ad-hominem attacks, I will as well.  That post is the definition of the non-academic bullsh*t deep learning researchers are always accused of.</p>\n</div>", "gildings": {}, "collapsed_reason": null, "associated_award": null, "stickied": false, "author_premium": false, "subreddit_type": "public", "can_gild": true, "subreddit": "statistics", "author_flair_text_color": null, "score_hidden": false, "permalink": "/r/statistics/comments/6egg1h/dont_use_deep_learning_your_data_isnt_that_big/dialxng/", "num_reports": null, "locked": false, "name": "t1_dialxng", "created": 1496302073.0, "author_flair_text": null, "treatment_tags": [], "created_utc": 1496273273.0, "subreddit_name_prefixed": "r/statistics", "controversiality": 0, "depth": 1, "author_flair_background_color": null, "collapsed_because_crowd_control": null, "mod_reports": [], "mod_note": null, "distinguished": null, "_fetched": true}, {"_replies": ["dib1fzv"], "_submission": "6egg1h", "_reddit": "_reddit", "total_awards_received": 0, "approved_at_utc": null, "ups": 3, "awarders": [], "mod_reason_by": null, "banned_by": null, "author_flair_type": "text", "removal_reason": null, "link_id": "t3_6egg1h", "author_flair_template_id": null, "likes": null, "user_reports": [], "saved": false, "id": "diasjhf", "banned_at_utc": null, "mod_reason_title": null, "gilded": 0, "archived": true, "no_follow": false, "author": "rockinghigh", "can_mod_post": false, "send_replies": true, "parent_id": "t1_dia34tu", "score": 3, "author_fullname": "t2_heee8", "report_reasons": null, "approved_by": null, "all_awardings": [], "subreddit_id": "t5_2qhfi", "collapsed": false, "body": "80 is very tiny. You need millions of observations if you have millions of weights. ", "edited": false, "author_flair_css_class": null, "is_submitter": false, "downs": 0, "author_flair_richtext": [], "author_patreon_flair": false, "body_html": "<div class=\"md\"><p>80 is very tiny. You need millions of observations if you have millions of weights. </p>\n</div>", "gildings": {}, "collapsed_reason": null, "associated_award": null, "stickied": false, "author_premium": false, "subreddit_type": "public", "can_gild": true, "subreddit": "statistics", "author_flair_text_color": null, "score_hidden": false, "permalink": "/r/statistics/comments/6egg1h/dont_use_deep_learning_your_data_isnt_that_big/diasjhf/", "num_reports": null, "locked": false, "name": "t1_diasjhf", "created": 1496310829.0, "author_flair_text": null, "treatment_tags": [], "created_utc": 1496282029.0, "subreddit_name_prefixed": "r/statistics", "controversiality": 0, "depth": 1, "author_flair_background_color": null, "collapsed_because_crowd_control": null, "mod_reports": [], "mod_note": null, "distinguished": null, "_fetched": true}, {"_replies": [], "_submission": "6egg1h", "_reddit": "_reddit", "total_awards_received": 0, "approved_at_utc": null, "ups": 1, "awarders": [], "mod_reason_by": null, "banned_by": null, "author_flair_type": "text", "removal_reason": null, "link_id": "t3_6egg1h", "author_flair_template_id": null, "likes": null, "user_reports": [], "saved": false, "id": "dib4s1m", "banned_at_utc": null, "mod_reason_title": null, "gilded": 0, "archived": true, "no_follow": true, "author": "keithwaits", "can_mod_post": false, "send_replies": true, "parent_id": "t1_diacrkx", "score": 1, "author_fullname": "t2_d3ti9", "report_reasons": null, "approved_by": null, "all_awardings": [], "subreddit_id": "t5_2qhfi", "collapsed": false, "body": "Its not only the dataset size, but also the type of question you want to answer.\n\nI work with datasets with 4e+06 datapoints and many questions can easily be answered with ML.\n", "edited": false, "author_flair_css_class": null, "is_submitter": false, "downs": 0, "author_flair_richtext": [], "author_patreon_flair": false, "body_html": "<div class=\"md\"><p>Its not only the dataset size, but also the type of question you want to answer.</p>\n\n<p>I work with datasets with 4e+06 datapoints and many questions can easily be answered with ML.</p>\n</div>", "gildings": {}, "collapsed_reason": null, "associated_award": null, "stickied": false, "author_premium": false, "subreddit_type": "public", "can_gild": true, "subreddit": "statistics", "author_flair_text_color": null, "score_hidden": false, "permalink": "/r/statistics/comments/6egg1h/dont_use_deep_learning_your_data_isnt_that_big/dib4s1m/", "num_reports": null, "locked": false, "name": "t1_dib4s1m", "created": 1496332661.0, "author_flair_text": null, "treatment_tags": [], "created_utc": 1496303861.0, "subreddit_name_prefixed": "r/statistics", "controversiality": 0, "depth": 1, "author_flair_background_color": null, "collapsed_because_crowd_control": null, "mod_reports": [], "mod_note": null, "distinguished": null, "_fetched": true}, {"_replies": ["diazny4"], "_submission": "6egg1h", "_reddit": "_reddit", "total_awards_received": 0, "approved_at_utc": null, "ups": 4, "awarders": [], "mod_reason_by": null, "banned_by": null, "author_flair_type": "text", "removal_reason": null, "link_id": "t3_6egg1h", "author_flair_template_id": null, "likes": null, "user_reports": [], "saved": false, "id": "dianvu3", "banned_at_utc": null, "mod_reason_title": null, "gilded": 0, "archived": true, "no_follow": false, "author": "dairyproduct", "can_mod_post": false, "created_utc": 1496275876.0, "send_replies": true, "parent_id": "t1_dialxng", "score": 4, "author_fullname": "t2_5cwli", "report_reasons": null, "approved_by": null, "all_awardings": [], "subreddit_id": "t5_2qhfi", "body": "Yeah, I agree completely. Naively applied neural networks are going to perform poorly compared to many other classifiers. Tuning deep networks is costly and time consuming, and is frequently not worth the effort.\n\nMy main beef is that it really wasn't \"Deep Learning\" that they were comparing at all, it was more \"Old School Neural Networks\". Using dropout, early stopping, etc. is a core part of why deep learning works well, and really doesn't take much more time to use (maybe a couple of extra lines of codes in Keras, for example). You'll rarely go wrong with 50% dropout on fully connected layers and early stopping with a patience of 10+. I would have at least liked to see that much to call it \"Deep Learning\". Model search and hyperparameter search is where the real time investment comes in, generally.\n\nOn the side note: I agree, he was overly harsh. I do agree with his basic idea, though... Digit recognition is the one thing that neural networks did well as far back as the 90s (check out LeCun's work from that period). It was an unfortunate choice of example.", "edited": false, "author_flair_css_class": null, "is_submitter": false, "downs": 0, "author_flair_richtext": [], "author_patreon_flair": false, "body_html": "<div class=\"md\"><p>Yeah, I agree completely. Naively applied neural networks are going to perform poorly compared to many other classifiers. Tuning deep networks is costly and time consuming, and is frequently not worth the effort.</p>\n\n<p>My main beef is that it really wasn&#39;t &quot;Deep Learning&quot; that they were comparing at all, it was more &quot;Old School Neural Networks&quot;. Using dropout, early stopping, etc. is a core part of why deep learning works well, and really doesn&#39;t take much more time to use (maybe a couple of extra lines of codes in Keras, for example). You&#39;ll rarely go wrong with 50% dropout on fully connected layers and early stopping with a patience of 10+. I would have at least liked to see that much to call it &quot;Deep Learning&quot;. Model search and hyperparameter search is where the real time investment comes in, generally.</p>\n\n<p>On the side note: I agree, he was overly harsh. I do agree with his basic idea, though... Digit recognition is the one thing that neural networks did well as far back as the 90s (check out LeCun&#39;s work from that period). It was an unfortunate choice of example.</p>\n</div>", "gildings": {}, "collapsed_reason": null, "associated_award": null, "stickied": false, "author_premium": false, "subreddit_type": "public", "can_gild": true, "subreddit": "statistics", "author_flair_text_color": null, "score_hidden": false, "permalink": "/r/statistics/comments/6egg1h/dont_use_deep_learning_your_data_isnt_that_big/dianvu3/", "num_reports": null, "locked": false, "name": "t1_dianvu3", "created": 1496304676.0, "author_flair_text": null, "treatment_tags": [], "collapsed": false, "subreddit_name_prefixed": "r/statistics", "controversiality": 0, "depth": 2, "author_flair_background_color": null, "collapsed_because_crowd_control": null, "mod_reports": [], "mod_note": null, "distinguished": null, "_fetched": true}, {"_replies": ["dib8xf1"], "_submission": "6egg1h", "_reddit": "_reddit", "total_awards_received": 0, "approved_at_utc": null, "ups": 1, "awarders": [], "mod_reason_by": null, "banned_by": null, "author_flair_type": "text", "removal_reason": null, "link_id": "t3_6egg1h", "author_flair_template_id": null, "likes": null, "user_reports": [], "saved": false, "id": "dib1fzv", "banned_at_utc": null, "mod_reason_title": null, "gilded": 0, "archived": true, "no_follow": true, "author": "WiggleBooks", "can_mod_post": false, "created_utc": 1496295832.0, "send_replies": true, "parent_id": "t1_diasjhf", "score": 1, "author_fullname": "t2_e66wt", "report_reasons": null, "approved_by": null, "all_awardings": [], "subreddit_id": "t5_2qhfi", "body": "Is there any literature on this?", "edited": false, "author_flair_css_class": null, "is_submitter": false, "downs": 0, "author_flair_richtext": [], "author_patreon_flair": false, "body_html": "<div class=\"md\"><p>Is there any literature on this?</p>\n</div>", "gildings": {}, "collapsed_reason": null, "associated_award": null, "stickied": false, "author_premium": false, "subreddit_type": "public", "can_gild": true, "subreddit": "statistics", "author_flair_text_color": null, "score_hidden": false, "permalink": "/r/statistics/comments/6egg1h/dont_use_deep_learning_your_data_isnt_that_big/dib1fzv/", "num_reports": null, "locked": false, "name": "t1_dib1fzv", "created": 1496324632.0, "author_flair_text": null, "treatment_tags": [], "collapsed": false, "subreddit_name_prefixed": "r/statistics", "controversiality": 0, "depth": 2, "author_flair_background_color": null, "collapsed_because_crowd_control": null, "mod_reports": [], "mod_note": null, "distinguished": null, "_fetched": true}, {"_replies": ["diar3ba"], "_submission": "6egg1h", "_reddit": "_reddit", "total_awards_received": 0, "approved_at_utc": null, "ups": 1, "awarders": [], "mod_reason_by": null, "banned_by": null, "author_flair_type": "text", "removal_reason": null, "link_id": "t3_6egg1h", "author_flair_template_id": null, "likes": null, "user_reports": [], "saved": false, "id": "dialjka", "banned_at_utc": null, "mod_reason_title": null, "gilded": 0, "archived": true, "no_follow": true, "author": "zmjones", "can_mod_post": false, "created_utc": 1496272760.0, "send_replies": true, "parent_id": "t1_diafono", "score": 1, "author_fullname": "t2_887qc", "report_reasons": null, "approved_by": null, "all_awardings": [], "subreddit_id": "t5_2qhfi", "body": "I mean it really depends on how good the estimate of generalization error is, which of course is better as the noise level goes down and sample size goes up. ", "edited": false, "author_flair_css_class": null, "is_submitter": false, "downs": 0, "author_flair_richtext": [], "author_patreon_flair": false, "body_html": "<div class=\"md\"><p>I mean it really depends on how good the estimate of generalization error is, which of course is better as the noise level goes down and sample size goes up. </p>\n</div>", "gildings": {}, "collapsed_reason": null, "associated_award": null, "stickied": false, "author_premium": false, "subreddit_type": "public", "can_gild": true, "subreddit": "statistics", "author_flair_text_color": null, "score_hidden": false, "permalink": "/r/statistics/comments/6egg1h/dont_use_deep_learning_your_data_isnt_that_big/dialjka/", "num_reports": null, "locked": false, "name": "t1_dialjka", "created": 1496301560.0, "author_flair_text": null, "treatment_tags": [], "collapsed": false, "subreddit_name_prefixed": "r/statistics", "controversiality": 0, "depth": 2, "author_flair_background_color": null, "collapsed_because_crowd_control": null, "mod_reports": [], "mod_note": null, "distinguished": null, "_fetched": true}, {"_replies": [], "_submission": "6egg1h", "_reddit": "_reddit", "total_awards_received": 0, "approved_at_utc": null, "ups": 2, "awarders": [], "mod_reason_by": null, "banned_by": null, "author_flair_type": "text", "removal_reason": null, "link_id": "t3_6egg1h", "author_flair_template_id": null, "likes": null, "user_reports": [], "saved": false, "id": "diazny4", "banned_at_utc": null, "mod_reason_title": null, "gilded": 0, "archived": true, "no_follow": true, "author": "nrs02004", "can_mod_post": false, "send_replies": true, "parent_id": "t1_dianvu3", "score": 2, "author_fullname": "t2_blckn", "report_reasons": null, "approved_by": null, "all_awardings": [], "subreddit_id": "t5_2qhfi", "body": "Yeah, I mean the first commenter clearly doesn't understand biostatistics. But as you say/imply, I don't think that Jeff has expertise in deep learning. ", "edited": false, "downs": 0, "author_flair_css_class": null, "is_submitter": false, "collapsed": false, "author_flair_richtext": [], "author_patreon_flair": false, "body_html": "<div class=\"md\"><p>Yeah, I mean the first commenter clearly doesn&#39;t understand biostatistics. But as you say/imply, I don&#39;t think that Jeff has expertise in deep learning. </p>\n</div>", "gildings": {}, "collapsed_reason": null, "associated_award": null, "stickied": false, "author_premium": false, "subreddit_type": "public", "can_gild": true, "subreddit": "statistics", "author_flair_text_color": null, "score_hidden": false, "permalink": "/r/statistics/comments/6egg1h/dont_use_deep_learning_your_data_isnt_that_big/diazny4/", "num_reports": null, "locked": false, "name": "t1_diazny4", "created": 1496321178.0, "author_flair_text": null, "treatment_tags": [], "created_utc": 1496292378.0, "subreddit_name_prefixed": "r/statistics", "controversiality": 0, "depth": 3, "author_flair_background_color": null, "collapsed_because_crowd_control": null, "mod_reports": [], "mod_note": null, "distinguished": null, "_fetched": true}]}