{"_reddit": "_reddit", "approved_at_utc": null, "subreddit": "statistics", "selftext": "", "author_fullname": "t2_4e11i", "saved": false, "mod_reason_title": null, "gilded": 0, "clicked": false, "title": "Daniel Kahneman replies to a critique of studies on priming", "link_flair_richtext": [], "subreddit_name_prefixed": "r/statistics", "hidden": false, "pwls": 6, "link_flair_css_class": null, "downs": 0, "hide_score": false, "name": "t3_6zryqo", "quarantine": false, "link_flair_text_color": "dark", "upvote_ratio": 0.97, "author_flair_background_color": null, "subreddit_type": "public", "ups": 78, "total_awards_received": 0, "media_embed": {}, "author_flair_template_id": null, "is_original_content": false, "user_reports": [], "secure_media": null, "is_reddit_media_domain": false, "is_meta": false, "category": null, "secure_media_embed": {}, "link_flair_text": null, "can_mod_post": false, "score": 78, "approved_by": null, "author_premium": false, "thumbnail": "", "edited": false, "author_flair_css_class": null, "author_flair_richtext": [], "gildings": {}, "content_categories": null, "is_self": false, "mod_note": null, "created": 1505300627.0, "link_flair_type": "text", "wls": 6, "removed_by_category": null, "banned_by": null, "author_flair_type": "text", "domain": "replicationindex.wordpress.com", "allow_live_comments": false, "selftext_html": null, "likes": null, "suggested_sort": null, "banned_at_utc": null, "view_count": null, "archived": true, "no_follow": false, "is_crosspostable": true, "pinned": false, "over_18": false, "all_awardings": [], "awarders": [], "media_only": false, "can_gild": true, "spoiler": false, "locked": false, "author_flair_text": null, "treatment_tags": [], "visited": false, "removed_by": null, "num_reports": null, "distinguished": null, "subreddit_id": "t5_2qhfi", "mod_reason_by": null, "removal_reason": null, "link_flair_background_color": "", "id": "6zryqo", "is_robot_indexable": true, "report_reasons": null, "author": "oreo_fanboy", "discussion_type": null, "num_comments": 14, "send_replies": true, "whitelist_status": "all_ads", "contest_mode": false, "mod_reports": [], "author_patreon_flair": false, "author_flair_text_color": null, "permalink": "/r/statistics/comments/6zryqo/daniel_kahneman_replies_to_a_critique_of_studies/", "parent_whitelist_status": "all_ads", "stickied": false, "url": "https://replicationindex.wordpress.com/2017/02/02/reconstruction-of-a-train-wreck-how-priming-research-went-of-the-rails/#comment-1454", "subreddit_subscribers": 106209, "created_utc": 1505271827.0, "num_crossposts": 0, "media": null, "is_video": false, "_fetched": false, "comment_limit": 2048, "comment_sort": "best", "_comments_by_id": {}, "_comments": [{"_replies": [], "_submission": "6zryqo", "_reddit": "_reddit", "total_awards_received": 0, "approved_at_utc": null, "ups": 18, "awarders": [], "mod_reason_by": null, "banned_by": null, "author_flair_type": "text", "removal_reason": null, "link_id": "t3_6zryqo", "author_flair_template_id": null, "likes": null, "user_reports": [], "saved": false, "id": "dmxnn19", "banned_at_utc": null, "mod_reason_title": null, "gilded": 0, "archived": true, "no_follow": false, "author": "efrique", "can_mod_post": false, "send_replies": true, "parent_id": "t3_6zryqo", "score": 18, "author_fullname": "t2_38629", "report_reasons": null, "approved_by": null, "all_awardings": [], "subreddit_id": "t5_2qhfi", "body": "That's a classy reply.  ", "edited": false, "downs": 0, "author_flair_css_class": null, "is_submitter": false, "collapsed": false, "author_flair_richtext": [], "author_patreon_flair": false, "body_html": "<div class=\"md\"><p>That&#39;s a classy reply.  </p>\n</div>", "gildings": {}, "collapsed_reason": null, "associated_award": null, "stickied": false, "author_premium": true, "subreddit_type": "public", "can_gild": true, "subreddit": "statistics", "author_flair_text_color": null, "score_hidden": false, "permalink": "/r/statistics/comments/6zryqo/daniel_kahneman_replies_to_a_critique_of_studies/dmxnn19/", "num_reports": null, "locked": false, "name": "t1_dmxnn19", "created": 1505303784.0, "author_flair_text": null, "treatment_tags": [], "created_utc": 1505274984.0, "subreddit_name_prefixed": "r/statistics", "controversiality": 0, "depth": 0, "author_flair_background_color": null, "collapsed_because_crowd_control": null, "mod_reports": [], "mod_note": null, "distinguished": null, "_fetched": true}, {"_replies": ["dmy8i90"], "_submission": "6zryqo", "_reddit": "_reddit", "total_awards_received": 0, "approved_at_utc": null, "ups": 29, "awarders": [], "mod_reason_by": null, "banned_by": null, "author_flair_type": "text", "removal_reason": null, "link_id": "t3_6zryqo", "author_flair_template_id": null, "likes": null, "user_reports": [], "saved": false, "id": "dmxnhs0", "banned_at_utc": null, "mod_reason_title": null, "gilded": 0, "archived": true, "no_follow": false, "author": "Gymrat777", "can_mod_post": false, "send_replies": true, "parent_id": "t3_6zryqo", "score": 29, "author_fullname": "t2_5zf96", "report_reasons": null, "approved_by": null, "all_awardings": [], "subreddit_id": "t5_2qhfi", "body": "That is fantastic that Kahneman replied to a blog post. What a time to be alive that someone can critique a brilliant academic on the web, and then have them respond. All for the world to see, in full transparency. I love it.", "edited": false, "downs": 0, "author_flair_css_class": null, "is_submitter": false, "collapsed": false, "author_flair_richtext": [], "author_patreon_flair": false, "body_html": "<div class=\"md\"><p>That is fantastic that Kahneman replied to a blog post. What a time to be alive that someone can critique a brilliant academic on the web, and then have them respond. All for the world to see, in full transparency. I love it.</p>\n</div>", "gildings": {}, "collapsed_reason": null, "associated_award": null, "stickied": false, "author_premium": false, "subreddit_type": "public", "can_gild": true, "subreddit": "statistics", "author_flair_text_color": null, "score_hidden": false, "permalink": "/r/statistics/comments/6zryqo/daniel_kahneman_replies_to_a_critique_of_studies/dmxnhs0/", "num_reports": null, "locked": false, "name": "t1_dmxnhs0", "created": 1505303552.0, "author_flair_text": null, "treatment_tags": [], "created_utc": 1505274752.0, "subreddit_name_prefixed": "r/statistics", "controversiality": 0, "depth": 0, "author_flair_background_color": null, "collapsed_because_crowd_control": null, "mod_reports": [], "mod_note": null, "distinguished": null, "_fetched": true}, {"_replies": ["dmynhjn"], "_submission": "6zryqo", "_reddit": "_reddit", "total_awards_received": 0, "approved_at_utc": null, "ups": 7, "awarders": [], "mod_reason_by": null, "banned_by": null, "author_flair_type": "text", "removal_reason": null, "link_id": "t3_6zryqo", "author_flair_template_id": null, "likes": null, "user_reports": [], "saved": false, "id": "dmxpokb", "banned_at_utc": null, "mod_reason_title": null, "gilded": 0, "archived": true, "no_follow": false, "author": "arvi1000", "can_mod_post": false, "send_replies": true, "parent_id": "t3_6zryqo", "score": 7, "author_fullname": "t2_7uyjm", "report_reasons": null, "approved_by": null, "all_awardings": [], "subreddit_id": "t5_2qhfi", "body": "Wow, fascinating and although this is from February, I hadn't heard anything about it until now. Thanks /r/statistics and /u/oreo_fanboy", "edited": false, "downs": 0, "author_flair_css_class": null, "is_submitter": false, "collapsed": false, "author_flair_richtext": [], "author_patreon_flair": false, "body_html": "<div class=\"md\"><p>Wow, fascinating and although this is from February, I hadn&#39;t heard anything about it until now. Thanks <a href=\"/r/statistics\">/r/statistics</a> and <a href=\"/u/oreo_fanboy\">/u/oreo_fanboy</a></p>\n</div>", "gildings": {}, "collapsed_reason": null, "associated_award": null, "stickied": false, "author_premium": false, "subreddit_type": "public", "can_gild": true, "subreddit": "statistics", "author_flair_text_color": null, "score_hidden": false, "permalink": "/r/statistics/comments/6zryqo/daniel_kahneman_replies_to_a_critique_of_studies/dmxpokb/", "num_reports": null, "locked": false, "name": "t1_dmxpokb", "created": 1505307265.0, "author_flair_text": null, "treatment_tags": [], "created_utc": 1505278465.0, "subreddit_name_prefixed": "r/statistics", "controversiality": 0, "depth": 0, "author_flair_background_color": null, "collapsed_because_crowd_control": null, "mod_reports": [], "mod_note": null, "distinguished": null, "_fetched": true}, {"_replies": ["dmy9k2b", "dmy4tj3"], "_submission": "6zryqo", "_reddit": "_reddit", "total_awards_received": 0, "approved_at_utc": null, "ups": 4, "awarders": [], "mod_reason_by": null, "banned_by": null, "author_flair_type": "text", "removal_reason": null, "link_id": "t3_6zryqo", "author_flair_template_id": null, "likes": null, "user_reports": [], "saved": false, "id": "dmxwi56", "banned_at_utc": null, "mod_reason_title": null, "gilded": 0, "archived": true, "no_follow": false, "author": "2249061", "can_mod_post": false, "send_replies": true, "parent_id": "t3_6zryqo", "score": 4, "author_fullname": "t2_33aiga6", "report_reasons": null, "approved_by": null, "all_awardings": [], "subreddit_id": "t5_2qhfi", "body": "Very nice reply.\nI am wondering what the R-index really is though, will have to look into it a bit!", "edited": false, "downs": 0, "author_flair_css_class": null, "is_submitter": false, "collapsed": false, "author_flair_richtext": [], "author_patreon_flair": false, "body_html": "<div class=\"md\"><p>Very nice reply.\nI am wondering what the R-index really is though, will have to look into it a bit!</p>\n</div>", "gildings": {}, "collapsed_reason": null, "associated_award": null, "stickied": false, "author_premium": false, "subreddit_type": "public", "can_gild": true, "subreddit": "statistics", "author_flair_text_color": null, "score_hidden": false, "permalink": "/r/statistics/comments/6zryqo/daniel_kahneman_replies_to_a_critique_of_studies/dmxwi56/", "num_reports": null, "locked": false, "name": "t1_dmxwi56", "created": 1505324699.0, "author_flair_text": null, "treatment_tags": [], "created_utc": 1505295899.0, "subreddit_name_prefixed": "r/statistics", "controversiality": 0, "depth": 0, "author_flair_background_color": null, "collapsed_because_crowd_control": null, "mod_reports": [], "mod_note": null, "distinguished": null, "_fetched": true}, {"_replies": [], "_submission": "6zryqo", "_reddit": "_reddit", "total_awards_received": 0, "approved_at_utc": null, "ups": 3, "awarders": [], "mod_reason_by": null, "banned_by": null, "author_flair_type": "text", "removal_reason": null, "link_id": "t3_6zryqo", "author_flair_template_id": null, "likes": null, "user_reports": [], "saved": false, "id": "dmxrky6", "banned_at_utc": null, "mod_reason_title": null, "gilded": 0, "archived": true, "no_follow": true, "author": "Beetlejuicez", "can_mod_post": false, "send_replies": true, "parent_id": "t3_6zryqo", "score": 3, "author_fullname": "t2_ezmnb", "report_reasons": null, "approved_by": null, "all_awardings": [], "subreddit_id": "t5_2qhfi", "body": "Very cool! ", "edited": false, "downs": 0, "author_flair_css_class": null, "is_submitter": false, "collapsed": false, "author_flair_richtext": [], "author_patreon_flair": false, "body_html": "<div class=\"md\"><p>Very cool! </p>\n</div>", "gildings": {}, "collapsed_reason": null, "associated_award": null, "stickied": false, "author_premium": false, "subreddit_type": "public", "can_gild": true, "subreddit": "statistics", "author_flair_text_color": null, "score_hidden": false, "permalink": "/r/statistics/comments/6zryqo/daniel_kahneman_replies_to_a_critique_of_studies/dmxrky6/", "num_reports": null, "locked": false, "name": "t1_dmxrky6", "created": 1505311031.0, "author_flair_text": null, "treatment_tags": [], "created_utc": 1505282231.0, "subreddit_name_prefixed": "r/statistics", "controversiality": 0, "depth": 0, "author_flair_background_color": null, "collapsed_because_crowd_control": null, "mod_reports": [], "mod_note": null, "distinguished": null, "_fetched": true}, {"_replies": [], "_submission": "6zryqo", "_reddit": "_reddit", "total_awards_received": 0, "approved_at_utc": null, "ups": 2, "awarders": [], "mod_reason_by": null, "banned_by": null, "author_flair_type": "text", "removal_reason": null, "link_id": "t3_6zryqo", "author_flair_template_id": null, "likes": null, "user_reports": [], "saved": false, "id": "dmy8vtn", "banned_at_utc": null, "mod_reason_title": null, "gilded": 0, "archived": true, "no_follow": true, "author": "Adamworks", "can_mod_post": false, "send_replies": true, "parent_id": "t3_6zryqo", "score": 2, "author_fullname": "t2_97scs", "report_reasons": null, "approved_by": null, "all_awardings": [], "subreddit_id": "t5_2qhfi", "body": "Huh... my undergraduate research was on the effects of thinking fast and slow through priming. I couldn't get any significant effects out of the experiment so it was file drawer-ed!\n", "edited": false, "downs": 0, "author_flair_css_class": null, "is_submitter": false, "collapsed": false, "author_flair_richtext": [], "author_patreon_flair": false, "body_html": "<div class=\"md\"><p>Huh... my undergraduate research was on the effects of thinking fast and slow through priming. I couldn&#39;t get any significant effects out of the experiment so it was file drawer-ed!</p>\n</div>", "gildings": {}, "collapsed_reason": null, "associated_award": null, "stickied": false, "author_premium": false, "subreddit_type": "public", "can_gild": true, "subreddit": "statistics", "author_flair_text_color": null, "score_hidden": false, "permalink": "/r/statistics/comments/6zryqo/daniel_kahneman_replies_to_a_critique_of_studies/dmy8vtn/", "num_reports": null, "locked": false, "name": "t1_dmy8vtn", "created": 1505344926.0, "author_flair_text": null, "treatment_tags": [], "created_utc": 1505316126.0, "subreddit_name_prefixed": "r/statistics", "controversiality": 0, "depth": 0, "author_flair_background_color": null, "collapsed_because_crowd_control": null, "mod_reports": [], "mod_note": null, "distinguished": null, "_fetched": true}, {"_replies": [], "_submission": "6zryqo", "_reddit": "_reddit", "total_awards_received": 0, "approved_at_utc": null, "ups": 1, "awarders": [], "mod_reason_by": null, "banned_by": null, "author_flair_type": "text", "removal_reason": null, "link_id": "t3_6zryqo", "author_flair_template_id": null, "likes": null, "user_reports": [], "saved": false, "id": "dmysguk", "banned_at_utc": null, "mod_reason_title": null, "gilded": 0, "archived": true, "no_follow": true, "author": "millenniumpianist", "can_mod_post": false, "send_replies": true, "parent_id": "t3_6zryqo", "score": 1, "author_fullname": "t2_z84dq", "report_reasons": null, "approved_by": null, "all_awardings": [], "subreddit_id": "t5_2qhfi", "body": "Thanks for linking this. I'm reading Kahneman's book right now, so this discussion is much appreciated.", "edited": false, "downs": 0, "author_flair_css_class": null, "is_submitter": false, "collapsed": false, "author_flair_richtext": [], "author_patreon_flair": false, "body_html": "<div class=\"md\"><p>Thanks for linking this. I&#39;m reading Kahneman&#39;s book right now, so this discussion is much appreciated.</p>\n</div>", "gildings": {}, "collapsed_reason": null, "associated_award": null, "stickied": false, "author_premium": false, "subreddit_type": "public", "can_gild": true, "subreddit": "statistics", "author_flair_text_color": null, "score_hidden": false, "permalink": "/r/statistics/comments/6zryqo/daniel_kahneman_replies_to_a_critique_of_studies/dmysguk/", "num_reports": null, "locked": false, "name": "t1_dmysguk", "created": 1505365349.0, "author_flair_text": null, "treatment_tags": [], "created_utc": 1505336549.0, "subreddit_name_prefixed": "r/statistics", "controversiality": 0, "depth": 0, "author_flair_background_color": null, "collapsed_because_crowd_control": null, "mod_reports": [], "mod_note": null, "distinguished": null, "_fetched": true}, {"_replies": [], "_submission": "6zryqo", "_reddit": "_reddit", "total_awards_received": 0, "approved_at_utc": null, "ups": 1, "awarders": [], "mod_reason_by": null, "banned_by": null, "author_flair_type": "text", "removal_reason": null, "link_id": "t3_6zryqo", "author_flair_template_id": null, "likes": null, "user_reports": [], "saved": false, "id": "dmzjvzt", "banned_at_utc": null, "mod_reason_title": null, "gilded": 0, "archived": true, "no_follow": true, "author": "Facepalm2infinity", "can_mod_post": false, "send_replies": true, "parent_id": "t3_6zryqo", "score": 1, "author_fullname": "t2_1witwuo", "report_reasons": null, "approved_by": null, "all_awardings": [], "subreddit_id": "t5_2qhfi", "body": "Thanks for sharing! :)", "edited": false, "downs": 0, "author_flair_css_class": null, "is_submitter": false, "collapsed": false, "author_flair_richtext": [], "author_patreon_flair": false, "body_html": "<div class=\"md\"><p>Thanks for sharing! :)</p>\n</div>", "gildings": {}, "collapsed_reason": null, "associated_award": null, "stickied": false, "author_premium": true, "subreddit_type": "public", "can_gild": true, "subreddit": "statistics", "author_flair_text_color": null, "score_hidden": false, "permalink": "/r/statistics/comments/6zryqo/daniel_kahneman_replies_to_a_critique_of_studies/dmzjvzt/", "num_reports": null, "locked": false, "name": "t1_dmzjvzt", "created": 1505409058.0, "author_flair_text": null, "treatment_tags": [], "created_utc": 1505380258.0, "subreddit_name_prefixed": "r/statistics", "controversiality": 0, "depth": 0, "author_flair_background_color": null, "collapsed_because_crowd_control": null, "mod_reports": [], "mod_note": null, "distinguished": null, "_fetched": true}, {"_replies": ["dmyvw7w"], "_submission": "6zryqo", "_reddit": "_reddit", "total_awards_received": 0, "approved_at_utc": null, "ups": 3, "awarders": [], "mod_reason_by": null, "banned_by": null, "author_flair_type": "text", "removal_reason": null, "link_id": "t3_6zryqo", "author_flair_template_id": null, "likes": null, "user_reports": [], "saved": false, "id": "dmynhjn", "banned_at_utc": null, "mod_reason_title": null, "gilded": 0, "archived": true, "no_follow": true, "author": "oreo_fanboy", "can_mod_post": false, "send_replies": true, "parent_id": "t1_dmxpokb", "score": 3, "author_fullname": "t2_4e11i", "report_reasons": null, "approved_by": null, "all_awardings": [], "subreddit_id": "t5_2qhfi", "collapsed": false, "body": "My pleasure. I just noticed it on Hacker News and thought this group would appreciate. ", "edited": false, "author_flair_css_class": null, "is_submitter": true, "downs": 0, "author_flair_richtext": [], "author_patreon_flair": false, "body_html": "<div class=\"md\"><p>My pleasure. I just noticed it on Hacker News and thought this group would appreciate. </p>\n</div>", "gildings": {}, "collapsed_reason": null, "associated_award": null, "stickied": false, "author_premium": false, "subreddit_type": "public", "can_gild": true, "subreddit": "statistics", "author_flair_text_color": null, "score_hidden": false, "permalink": "/r/statistics/comments/6zryqo/daniel_kahneman_replies_to_a_critique_of_studies/dmynhjn/", "num_reports": null, "locked": false, "name": "t1_dmynhjn", "created": 1505360231.0, "author_flair_text": null, "treatment_tags": [], "created_utc": 1505331431.0, "subreddit_name_prefixed": "r/statistics", "controversiality": 0, "depth": 1, "author_flair_background_color": null, "collapsed_because_crowd_control": null, "mod_reports": [], "mod_note": null, "distinguished": null, "_fetched": true}, {"_replies": ["dmyo9c2"], "_submission": "6zryqo", "_reddit": "_reddit", "total_awards_received": 0, "approved_at_utc": null, "ups": 2, "awarders": [], "mod_reason_by": null, "banned_by": null, "author_flair_type": "text", "removal_reason": null, "link_id": "t3_6zryqo", "author_flair_template_id": null, "likes": null, "user_reports": [], "saved": false, "id": "dmy9k2b", "banned_at_utc": null, "mod_reason_title": null, "gilded": 0, "archived": true, "no_follow": true, "author": "SurpriseHanging", "can_mod_post": false, "send_replies": true, "parent_id": "t1_dmxwi56", "score": 2, "author_fullname": "t2_e66dj", "report_reasons": null, "approved_by": null, "all_awardings": [], "subreddit_id": "t5_2qhfi", "collapsed": false, "body": "Yeah, not sure what to make of the R-index stuff. Looks like Kahneman basically said he doesn't necessarily buy into this r-index stuff, but he does think the powers of many priming studies suck.", "edited": false, "author_flair_css_class": null, "is_submitter": false, "downs": 0, "author_flair_richtext": [], "author_patreon_flair": false, "body_html": "<div class=\"md\"><p>Yeah, not sure what to make of the R-index stuff. Looks like Kahneman basically said he doesn&#39;t necessarily buy into this r-index stuff, but he does think the powers of many priming studies suck.</p>\n</div>", "gildings": {}, "collapsed_reason": null, "associated_award": null, "stickied": false, "author_premium": false, "subreddit_type": "public", "can_gild": true, "subreddit": "statistics", "author_flair_text_color": null, "score_hidden": false, "permalink": "/r/statistics/comments/6zryqo/daniel_kahneman_replies_to_a_critique_of_studies/dmy9k2b/", "num_reports": null, "locked": false, "name": "t1_dmy9k2b", "created": 1505345649.0, "author_flair_text": null, "treatment_tags": [], "created_utc": 1505316849.0, "subreddit_name_prefixed": "r/statistics", "controversiality": 0, "depth": 1, "author_flair_background_color": null, "collapsed_because_crowd_control": null, "mod_reports": [], "mod_note": null, "distinguished": null, "_fetched": true}, {"_replies": [], "_submission": "6zryqo", "_reddit": "_reddit", "total_awards_received": 0, "approved_at_utc": null, "ups": 1, "awarders": [], "mod_reason_by": null, "banned_by": null, "author_flair_type": "text", "removal_reason": null, "link_id": "t3_6zryqo", "author_flair_template_id": null, "likes": null, "user_reports": [], "saved": false, "id": "dmy4tj3", "banned_at_utc": null, "mod_reason_title": null, "gilded": 0, "archived": true, "no_follow": true, "author": "Slabs", "can_mod_post": false, "send_replies": true, "parent_id": "t1_dmxwi56", "score": 1, "author_fullname": "t2_8sn3z", "report_reasons": null, "approved_by": null, "all_awardings": [], "subreddit_id": "t5_2qhfi", "collapsed": false, "body": "I had to look it up as well, very interesting.", "edited": false, "author_flair_css_class": null, "is_submitter": false, "downs": 0, "author_flair_richtext": [], "author_patreon_flair": false, "body_html": "<div class=\"md\"><p>I had to look it up as well, very interesting.</p>\n</div>", "gildings": {}, "collapsed_reason": null, "associated_award": null, "stickied": false, "author_premium": false, "subreddit_type": "public", "can_gild": true, "subreddit": "statistics", "author_flair_text_color": null, "score_hidden": false, "permalink": "/r/statistics/comments/6zryqo/daniel_kahneman_replies_to_a_critique_of_studies/dmy4tj3/", "num_reports": null, "locked": false, "name": "t1_dmy4tj3", "created": 1505340293.0, "author_flair_text": null, "treatment_tags": [], "created_utc": 1505311493.0, "subreddit_name_prefixed": "r/statistics", "controversiality": 0, "depth": 1, "author_flair_background_color": null, "collapsed_because_crowd_control": null, "mod_reports": [], "mod_note": null, "distinguished": null, "_fetched": true}, {"_replies": [], "_submission": "6zryqo", "_reddit": "_reddit", "total_awards_received": 0, "approved_at_utc": null, "ups": 2, "awarders": [], "mod_reason_by": null, "banned_by": null, "author_flair_type": "text", "removal_reason": null, "link_id": "t3_6zryqo", "author_flair_template_id": null, "likes": null, "user_reports": [], "saved": false, "id": "dmyvw7w", "banned_at_utc": null, "mod_reason_title": null, "gilded": 0, "archived": true, "no_follow": true, "author": "arvi1000", "can_mod_post": false, "created_utc": 1505340480.0, "send_replies": true, "parent_id": "t1_dmynhjn", "score": 2, "author_fullname": "t2_7uyjm", "report_reasons": null, "approved_by": null, "all_awardings": [], "subreddit_id": "t5_2qhfi", "body": "p-hacker news", "edited": false, "author_flair_css_class": null, "is_submitter": false, "downs": 0, "author_flair_richtext": [], "author_patreon_flair": false, "body_html": "<div class=\"md\"><p>p-hacker news</p>\n</div>", "gildings": {}, "collapsed_reason": null, "associated_award": null, "stickied": false, "author_premium": false, "subreddit_type": "public", "can_gild": true, "subreddit": "statistics", "author_flair_text_color": null, "score_hidden": false, "permalink": "/r/statistics/comments/6zryqo/daniel_kahneman_replies_to_a_critique_of_studies/dmyvw7w/", "num_reports": null, "locked": false, "name": "t1_dmyvw7w", "created": 1505369280.0, "author_flair_text": null, "treatment_tags": [], "collapsed": false, "subreddit_name_prefixed": "r/statistics", "controversiality": 0, "depth": 2, "author_flair_background_color": null, "collapsed_because_crowd_control": null, "mod_reports": [], "mod_note": null, "distinguished": null, "_fetched": true}, {"_replies": [], "_submission": "6zryqo", "_reddit": "_reddit", "total_awards_received": 0, "approved_at_utc": null, "ups": 2, "awarders": [], "mod_reason_by": null, "banned_by": null, "author_flair_type": "text", "removal_reason": null, "link_id": "t3_6zryqo", "author_flair_template_id": null, "likes": null, "user_reports": [], "saved": false, "id": "dmyo9c2", "banned_at_utc": null, "mod_reason_title": null, "gilded": 0, "archived": true, "no_follow": true, "author": "2249061", "can_mod_post": false, "created_utc": 1505332232.0, "send_replies": true, "parent_id": "t1_dmy9k2b", "score": 2, "author_fullname": "t2_33aiga6", "report_reasons": null, "approved_by": null, "all_awardings": [], "subreddit_id": "t5_2qhfi", "body": "Agree, I quite like this about Kahneman's response.", "edited": false, "author_flair_css_class": null, "is_submitter": false, "downs": 0, "author_flair_richtext": [], "author_patreon_flair": false, "body_html": "<div class=\"md\"><p>Agree, I quite like this about Kahneman&#39;s response.</p>\n</div>", "gildings": {}, "collapsed_reason": null, "associated_award": null, "stickied": false, "author_premium": false, "subreddit_type": "public", "can_gild": true, "subreddit": "statistics", "author_flair_text_color": null, "score_hidden": false, "permalink": "/r/statistics/comments/6zryqo/daniel_kahneman_replies_to_a_critique_of_studies/dmyo9c2/", "num_reports": null, "locked": false, "name": "t1_dmyo9c2", "created": 1505361032.0, "author_flair_text": null, "treatment_tags": [], "collapsed": false, "subreddit_name_prefixed": "r/statistics", "controversiality": 0, "depth": 2, "author_flair_background_color": null, "collapsed_because_crowd_control": null, "mod_reports": [], "mod_note": null, "distinguished": null, "_fetched": true}]}