{"_reddit": "_reddit", "approved_at_utc": null, "subreddit": "statistics", "selftext": "", "author_fullname": "t2_fnb6r", "saved": false, "mod_reason_title": null, "gilded": 0, "clicked": false, "title": "Monty Hall, Host Of 'Let's Make A Deal,' Dies At 96", "link_flair_richtext": [], "subreddit_name_prefixed": "r/statistics", "hidden": false, "pwls": 6, "link_flair_css_class": null, "downs": 0, "hide_score": false, "name": "t3_73j734", "quarantine": false, "link_flair_text_color": "dark", "upvote_ratio": 0.93, "author_flair_background_color": null, "subreddit_type": "public", "ups": 65, "total_awards_received": 0, "media_embed": {}, "author_flair_template_id": null, "is_original_content": false, "user_reports": [], "secure_media": null, "is_reddit_media_domain": false, "is_meta": false, "category": null, "secure_media_embed": {}, "link_flair_text": null, "can_mod_post": false, "score": 65, "approved_by": null, "author_premium": false, "thumbnail": "", "edited": false, "author_flair_css_class": null, "author_flair_richtext": [], "gildings": {}, "content_categories": null, "is_self": false, "mod_note": null, "created": 1506853890.0, "link_flair_type": "text", "wls": 6, "removed_by_category": null, "banned_by": null, "author_flair_type": "text", "domain": "npr.org", "allow_live_comments": false, "selftext_html": null, "likes": null, "suggested_sort": null, "banned_at_utc": null, "view_count": null, "archived": true, "no_follow": false, "is_crosspostable": true, "pinned": false, "over_18": false, "all_awardings": [], "awarders": [], "media_only": false, "can_gild": true, "spoiler": false, "locked": false, "author_flair_text": null, "treatment_tags": [], "visited": false, "removed_by": null, "num_reports": null, "distinguished": null, "subreddit_id": "t5_2qhfi", "mod_reason_by": null, "removal_reason": null, "link_flair_background_color": "", "id": "73j734", "is_robot_indexable": true, "report_reasons": null, "author": "coffeecoffeecoffeee", "discussion_type": null, "num_comments": 12, "send_replies": true, "whitelist_status": "all_ads", "contest_mode": false, "mod_reports": [], "author_patreon_flair": false, "author_flair_text_color": null, "permalink": "/r/statistics/comments/73j734/monty_hall_host_of_lets_make_a_deal_dies_at_96/", "parent_whitelist_status": "all_ads", "stickied": false, "url": "http://www.npr.org/sections/monkeysee/2017/09/30/554799645/monty-hall-host-of-let-s-make-a-deal-dies-at-96?", "subreddit_subscribers": 106209, "created_utc": 1506825090.0, "num_crossposts": 0, "media": null, "is_video": false, "_fetched": false, "comment_limit": 2048, "comment_sort": "best", "_comments_by_id": {}, "_comments": [{"_replies": ["dnqqhap", "dnr9mua"], "_submission": "73j734", "_reddit": "_reddit", "total_awards_received": 0, "approved_at_utc": null, "ups": 25, "awarders": [], "mod_reason_by": null, "banned_by": null, "author_flair_type": "text", "removal_reason": null, "link_id": "t3_73j734", "author_flair_template_id": null, "likes": null, "user_reports": [], "saved": false, "id": "dnqoxay", "banned_at_utc": null, "mod_reason_title": null, "gilded": 0, "archived": true, "no_follow": false, "author": "coffeecoffeecoffeee", "can_mod_post": false, "send_replies": true, "parent_id": "t3_73j734", "score": 25, "author_fullname": "t2_fnb6r", "report_reasons": null, "approved_by": null, "all_awardings": [], "subreddit_id": "t5_2qhfi", "body": "Those of us who have been around the block a few times know about the Monty Hall problem and its role as a classic example of how unintuitive probability can be.  Let\u2019s hope there isn\u2019t a goat behind his door in heaven.", "edited": false, "downs": 0, "author_flair_css_class": null, "is_submitter": true, "collapsed": false, "author_flair_richtext": [], "author_patreon_flair": false, "body_html": "<div class=\"md\"><p>Those of us who have been around the block a few times know about the Monty Hall problem and its role as a classic example of how unintuitive probability can be.  Let\u2019s hope there isn\u2019t a goat behind his door in heaven.</p>\n</div>", "gildings": {}, "collapsed_reason": null, "associated_award": null, "stickied": false, "author_premium": false, "subreddit_type": "public", "can_gild": true, "subreddit": "statistics", "author_flair_text_color": null, "score_hidden": false, "permalink": "/r/statistics/comments/73j734/monty_hall_host_of_lets_make_a_deal_dies_at_96/dnqoxay/", "num_reports": null, "locked": false, "name": "t1_dnqoxay", "created": 1506853985.0, "author_flair_text": null, "treatment_tags": [], "created_utc": 1506825185.0, "subreddit_name_prefixed": "r/statistics", "controversiality": 0, "depth": 0, "author_flair_background_color": null, "collapsed_because_crowd_control": null, "mod_reports": [], "mod_note": null, "distinguished": null, "_fetched": true}, {"_replies": [], "_submission": "73j734", "_reddit": "_reddit", "total_awards_received": 0, "approved_at_utc": null, "ups": 14, "awarders": [], "mod_reason_by": null, "banned_by": null, "author_flair_type": "text", "removal_reason": null, "link_id": "t3_73j734", "author_flair_template_id": null, "likes": null, "user_reports": [], "saved": false, "id": "dnqqs5u", "banned_at_utc": null, "mod_reason_title": null, "gilded": 0, "archived": true, "no_follow": false, "author": "syntaxvorlon", "can_mod_post": false, "send_replies": true, "parent_id": "t3_73j734", "score": 14, "author_fullname": "t2_dptek", "report_reasons": null, "approved_by": null, "all_awardings": [], "subreddit_id": "t5_2qhfi", "body": "The funeral will have three closed caskets.", "edited": false, "downs": 0, "author_flair_css_class": null, "is_submitter": false, "collapsed": false, "author_flair_richtext": [], "author_patreon_flair": false, "body_html": "<div class=\"md\"><p>The funeral will have three closed caskets.</p>\n</div>", "gildings": {}, "collapsed_reason": null, "associated_award": null, "stickied": false, "author_premium": false, "subreddit_type": "public", "can_gild": true, "subreddit": "statistics", "author_flair_text_color": null, "score_hidden": false, "permalink": "/r/statistics/comments/73j734/monty_hall_host_of_lets_make_a_deal_dies_at_96/dnqqs5u/", "num_reports": null, "locked": false, "name": "t1_dnqqs5u", "created": 1506856704.0, "author_flair_text": null, "treatment_tags": [], "created_utc": 1506827904.0, "subreddit_name_prefixed": "r/statistics", "controversiality": 0, "depth": 0, "author_flair_background_color": null, "collapsed_because_crowd_control": null, "mod_reports": [], "mod_note": null, "distinguished": null, "_fetched": true}, {"_replies": ["dnqsht5"], "_submission": "73j734", "_reddit": "_reddit", "total_awards_received": 0, "approved_at_utc": null, "ups": 12, "awarders": [], "mod_reason_by": null, "banned_by": null, "author_flair_type": "text", "removal_reason": null, "link_id": "t3_73j734", "author_flair_template_id": null, "likes": null, "user_reports": [], "saved": false, "id": "dnqs4g5", "banned_at_utc": null, "mod_reason_title": null, "gilded": 0, "archived": true, "no_follow": false, "author": "k3rv1n", "can_mod_post": false, "send_replies": true, "parent_id": "t3_73j734", "score": 12, "author_fullname": "t2_11bh3h", "report_reasons": null, "approved_by": null, "all_awardings": [], "subreddit_id": "t5_2qhfi", "body": "Discussion of MHP complete with repeated, unsuccessful attempts at explaining in 3... 2... 1...", "edited": false, "downs": 0, "author_flair_css_class": null, "is_submitter": false, "collapsed": false, "author_flair_richtext": [], "author_patreon_flair": false, "body_html": "<div class=\"md\"><p>Discussion of MHP complete with repeated, unsuccessful attempts at explaining in 3... 2... 1...</p>\n</div>", "gildings": {}, "collapsed_reason": null, "associated_award": null, "stickied": false, "author_premium": false, "subreddit_type": "public", "can_gild": true, "subreddit": "statistics", "author_flair_text_color": null, "score_hidden": false, "permalink": "/r/statistics/comments/73j734/monty_hall_host_of_lets_make_a_deal_dies_at_96/dnqs4g5/", "num_reports": null, "locked": false, "name": "t1_dnqs4g5", "created": 1506858756.0, "author_flair_text": null, "treatment_tags": [], "created_utc": 1506829956.0, "subreddit_name_prefixed": "r/statistics", "controversiality": 0, "depth": 0, "author_flair_background_color": null, "collapsed_because_crowd_control": null, "mod_reports": [], "mod_note": null, "distinguished": null, "_fetched": true}, {"_replies": [], "_submission": "73j734", "_reddit": "_reddit", "total_awards_received": 0, "approved_at_utc": null, "ups": 4, "awarders": [], "mod_reason_by": null, "banned_by": null, "author_flair_type": "text", "removal_reason": null, "link_id": "t3_73j734", "author_flair_template_id": null, "likes": null, "user_reports": [], "saved": false, "id": "dnr6uzy", "banned_at_utc": null, "mod_reason_title": null, "gilded": 0, "archived": true, "no_follow": true, "author": "thebogeyman777", "can_mod_post": false, "send_replies": true, "parent_id": "t3_73j734", "score": 4, "author_fullname": "t2_pkelu", "report_reasons": null, "approved_by": null, "all_awardings": [], "subreddit_id": "t5_2qhfi", "body": "Alright before this becomes a goat rodeo of people trying to explain MHP, I'll throw mine in the ring.\n\nThere's 3 doors, so that means that 1/3 of the time you will pick the correct door with your initial pick. That means that if you keep your door after he reveals the goat you will win a car 1/3 of the time. Since the only other option besides keeping the door is switching doors, you will win the car 2/3 of the time if you switch because the probability that the car was not behind the door you initially pick is still 2/3. \n\n(This is because 1/3 of the time when you switch you will lose because 1/3 of the time your initial pick will be correct. The other 2/3 of the time is when you did not initially pick the correct door so the host is forced to choose to reveal the door with the goat because he cannot reveal the door with the car. When this happens you are guaranteed to win the car because there is a goat behind your initial door and the one that he revealed, leaving the car behind the door that you can switch to)", "edited": 1506865784.0, "downs": 0, "author_flair_css_class": null, "is_submitter": false, "collapsed": false, "author_flair_richtext": [], "author_patreon_flair": false, "body_html": "<div class=\"md\"><p>Alright before this becomes a goat rodeo of people trying to explain MHP, I&#39;ll throw mine in the ring.</p>\n\n<p>There&#39;s 3 doors, so that means that 1/3 of the time you will pick the correct door with your initial pick. That means that if you keep your door after he reveals the goat you will win a car 1/3 of the time. Since the only other option besides keeping the door is switching doors, you will win the car 2/3 of the time if you switch because the probability that the car was not behind the door you initially pick is still 2/3. </p>\n\n<p>(This is because 1/3 of the time when you switch you will lose because 1/3 of the time your initial pick will be correct. The other 2/3 of the time is when you did not initially pick the correct door so the host is forced to choose to reveal the door with the goat because he cannot reveal the door with the car. When this happens you are guaranteed to win the car because there is a goat behind your initial door and the one that he revealed, leaving the car behind the door that you can switch to)</p>\n</div>", "gildings": {}, "collapsed_reason": null, "associated_award": null, "stickied": false, "author_premium": false, "subreddit_type": "public", "can_gild": true, "subreddit": "statistics", "author_flair_text_color": null, "score_hidden": false, "permalink": "/r/statistics/comments/73j734/monty_hall_host_of_lets_make_a_deal_dies_at_96/dnr6uzy/", "num_reports": null, "locked": false, "name": "t1_dnr6uzy", "created": 1506894154.0, "author_flair_text": null, "treatment_tags": [], "created_utc": 1506865354.0, "subreddit_name_prefixed": "r/statistics", "controversiality": 0, "depth": 0, "author_flair_background_color": null, "collapsed_because_crowd_control": null, "mod_reports": [], "mod_note": null, "distinguished": null, "_fetched": true}, {"_replies": ["dnqtqd0"], "_submission": "73j734", "_reddit": "_reddit", "total_awards_received": 0, "approved_at_utc": null, "ups": 11, "awarders": [], "mod_reason_by": null, "banned_by": null, "author_flair_type": "text", "removal_reason": null, "link_id": "t3_73j734", "author_flair_template_id": null, "likes": null, "user_reports": [], "saved": false, "id": "dnqqhap", "banned_at_utc": null, "mod_reason_title": null, "gilded": 0, "archived": true, "no_follow": false, "author": "tacojohn48", "can_mod_post": false, "send_replies": true, "parent_id": "t1_dnqoxay", "score": 11, "author_fullname": "t2_6lfnh", "report_reasons": null, "approved_by": null, "all_awardings": [], "subreddit_id": "t5_2qhfi", "collapsed": false, "body": "Just so he knows he should switch doors once one is opened.", "edited": false, "author_flair_css_class": null, "is_submitter": false, "downs": 0, "author_flair_richtext": [], "author_patreon_flair": false, "body_html": "<div class=\"md\"><p>Just so he knows he should switch doors once one is opened.</p>\n</div>", "gildings": {}, "collapsed_reason": null, "associated_award": null, "stickied": false, "author_premium": false, "subreddit_type": "public", "can_gild": true, "subreddit": "statistics", "author_flair_text_color": null, "score_hidden": false, "permalink": "/r/statistics/comments/73j734/monty_hall_host_of_lets_make_a_deal_dies_at_96/dnqqhap/", "num_reports": null, "locked": false, "name": "t1_dnqqhap", "created": 1506856256.0, "author_flair_text": null, "treatment_tags": [], "created_utc": 1506827456.0, "subreddit_name_prefixed": "r/statistics", "controversiality": 0, "depth": 1, "author_flair_background_color": null, "collapsed_because_crowd_control": null, "mod_reports": [], "mod_note": null, "distinguished": null, "_fetched": true}, {"_replies": ["dnr9n2t", "dnrnjn8"], "_submission": "73j734", "_reddit": "_reddit", "total_awards_received": 0, "approved_at_utc": null, "ups": 1, "awarders": [], "mod_reason_by": null, "banned_by": null, "author_flair_type": "text", "removal_reason": null, "link_id": "t3_73j734", "author_flair_template_id": null, "likes": null, "user_reports": [], "saved": false, "id": "dnr9mua", "banned_at_utc": null, "mod_reason_title": null, "gilded": 0, "archived": true, "no_follow": true, "author": "KingDuderhino", "can_mod_post": false, "send_replies": true, "parent_id": "t1_dnqoxay", "score": 1, "author_fullname": "t2_er4q1", "report_reasons": null, "approved_by": null, "all_awardings": [], "subreddit_id": "t5_2qhfi", "collapsed": false, "body": "r/goats would like to have a word with you.", "edited": false, "author_flair_css_class": null, "is_submitter": false, "downs": 0, "author_flair_richtext": [], "author_patreon_flair": false, "body_html": "<div class=\"md\"><p><a href=\"/r/goats\">r/goats</a> would like to have a word with you.</p>\n</div>", "gildings": {}, "collapsed_reason": null, "associated_award": null, "stickied": false, "author_premium": false, "subreddit_type": "public", "can_gild": true, "subreddit": "statistics", "author_flair_text_color": null, "score_hidden": false, "permalink": "/r/statistics/comments/73j734/monty_hall_host_of_lets_make_a_deal_dies_at_96/dnr9mua/", "num_reports": null, "locked": false, "name": "t1_dnr9mua", "created": 1506898446.0, "author_flair_text": null, "treatment_tags": [], "created_utc": 1506869646.0, "subreddit_name_prefixed": "r/statistics", "controversiality": 0, "depth": 1, "author_flair_background_color": null, "collapsed_because_crowd_control": null, "mod_reports": [], "mod_note": null, "distinguished": null, "_fetched": true}, {"_replies": ["dnrnwlp"], "_submission": "73j734", "_reddit": "_reddit", "total_awards_received": 0, "approved_at_utc": null, "ups": 10, "awarders": [], "mod_reason_by": null, "banned_by": null, "author_flair_type": "text", "removal_reason": null, "link_id": "t3_73j734", "author_flair_template_id": null, "likes": null, "user_reports": [], "saved": false, "id": "dnqsht5", "banned_at_utc": null, "mod_reason_title": null, "gilded": 0, "archived": true, "no_follow": false, "author": "ATG77", "can_mod_post": false, "send_replies": true, "parent_id": "t1_dnqs4g5", "score": 10, "author_fullname": "t2_4ffe6", "report_reasons": null, "approved_by": null, "all_awardings": [], "subreddit_id": "t5_2qhfi", "collapsed": false, "body": "Okay, so the Monty Hall Problem is where you spin the big wheel and try to get two numbers that add up to 1 dollar", "edited": false, "author_flair_css_class": null, "is_submitter": false, "downs": 0, "author_flair_richtext": [], "author_patreon_flair": false, "body_html": "<div class=\"md\"><p>Okay, so the Monty Hall Problem is where you spin the big wheel and try to get two numbers that add up to 1 dollar</p>\n</div>", "gildings": {}, "collapsed_reason": null, "associated_award": null, "stickied": false, "author_premium": false, "subreddit_type": "public", "can_gild": true, "subreddit": "statistics", "author_flair_text_color": null, "score_hidden": false, "permalink": "/r/statistics/comments/73j734/monty_hall_host_of_lets_make_a_deal_dies_at_96/dnqsht5/", "num_reports": null, "locked": false, "name": "t1_dnqsht5", "created": 1506859348.0, "author_flair_text": null, "treatment_tags": [], "created_utc": 1506830548.0, "subreddit_name_prefixed": "r/statistics", "controversiality": 0, "depth": 1, "author_flair_background_color": null, "collapsed_because_crowd_control": null, "mod_reports": [], "mod_note": null, "distinguished": null, "_fetched": true}, {"_replies": ["dnr587c"], "_submission": "73j734", "_reddit": "_reddit", "total_awards_received": 0, "approved_at_utc": null, "ups": 4, "awarders": [], "mod_reason_by": null, "banned_by": null, "author_flair_type": "text", "removal_reason": null, "link_id": "t3_73j734", "author_flair_template_id": null, "likes": null, "user_reports": [], "saved": false, "id": "dnqtqd0", "banned_at_utc": null, "mod_reason_title": null, "gilded": 0, "archived": true, "no_follow": false, "author": "GetTheeAShrubbery", "can_mod_post": false, "created_utc": 1506832592.0, "send_replies": true, "parent_id": "t1_dnqqhap", "score": 4, "author_fullname": "t2_14ea0e", "report_reasons": null, "approved_by": null, "all_awardings": [], "subreddit_id": "t5_2qhfi", "body": "Only if there host knows where the car is", "edited": false, "author_flair_css_class": null, "is_submitter": false, "downs": 0, "author_flair_richtext": [], "author_patreon_flair": false, "body_html": "<div class=\"md\"><p>Only if there host knows where the car is</p>\n</div>", "gildings": {}, "collapsed_reason": null, "associated_award": null, "stickied": false, "author_premium": false, "subreddit_type": "public", "can_gild": true, "subreddit": "statistics", "author_flair_text_color": null, "score_hidden": false, "permalink": "/r/statistics/comments/73j734/monty_hall_host_of_lets_make_a_deal_dies_at_96/dnqtqd0/", "num_reports": null, "locked": false, "name": "t1_dnqtqd0", "created": 1506861392.0, "author_flair_text": null, "treatment_tags": [], "collapsed": false, "subreddit_name_prefixed": "r/statistics", "controversiality": 0, "depth": 2, "author_flair_background_color": null, "collapsed_because_crowd_control": null, "mod_reports": [], "mod_note": null, "distinguished": null, "_fetched": true}, {"_replies": [], "_submission": "73j734", "_reddit": "_reddit", "total_awards_received": 0, "approved_at_utc": null, "ups": 1, "awarders": [], "mod_reason_by": null, "banned_by": null, "author_flair_type": "text", "removal_reason": null, "link_id": "t3_73j734", "author_flair_template_id": null, "likes": null, "user_reports": [], "saved": false, "id": "dnr9n2t", "banned_at_utc": null, "mod_reason_title": null, "gilded": 0, "archived": true, "no_follow": true, "author": "sneakpeekbot", "can_mod_post": false, "created_utc": 1506869655.0, "send_replies": true, "parent_id": "t1_dnr9mua", "score": 1, "author_fullname": "t2_140r4p", "report_reasons": null, "approved_by": null, "all_awardings": [], "subreddit_id": "t5_2qhfi", "body": "**Here's a sneak peek of /r/goats using the [top posts](https://np.reddit.com/r/goats/top/?sort=top&t=year) of the year!**\n\n\\#1: [Turkish girl carrying a goat on her back that just gave birth and her dog carrying the baby. Rize, Turkey](https://pbs.twimg.com/media/C3lsKqYXAAQxhSI.jpg) | [14 comments](https://np.reddit.com/r/goats/comments/5rngzp/turkish_girl_carrying_a_goat_on_her_back_that/)  \n\\#2: [This is what happens when you have one sister who is a professional photographer and loves animals and another sister with a mini zoo. You get professional goat maternity photos.](https://i.redd.it/ko8xufv24sry.jpg) | [14 comments](https://np.reddit.com/r/goats/comments/65lbq1/this_is_what_happens_when_you_have_one_sister_who/)  \n\\#3: [My boyfriend and I found a baby goat abandoned in the mountains, two years later he's still a part of the family.](https://i.redd.it/9p5b8o2v8ljz.jpg) | [27 comments](https://np.reddit.com/r/goats/comments/6xqyyq/my_boyfriend_and_i_found_a_baby_goat_abandoned_in/)\n\n----\n^^I'm ^^a ^^bot, ^^beep ^^boop ^^| ^^Downvote ^^to ^^remove ^^| [^^Contact ^^me](https://www.reddit.com/message/compose/?to=sneakpeekbot) ^^| [^^Info](https://np.reddit.com/r/sneakpeekbot/) ^^| [^^Opt-out](https://np.reddit.com/r/sneakpeekbot/comments/6l7i0m/blacklist/)", "edited": false, "author_flair_css_class": null, "is_submitter": false, "downs": 0, "author_flair_richtext": [], "author_patreon_flair": false, "body_html": "<div class=\"md\"><p><strong>Here&#39;s a sneak peek of <a href=\"/r/goats\">/r/goats</a> using the <a href=\"https://np.reddit.com/r/goats/top/?sort=top&amp;t=year\">top posts</a> of the year!</strong></p>\n\n<p>#1: <a href=\"https://pbs.twimg.com/media/C3lsKqYXAAQxhSI.jpg\">Turkish girl carrying a goat on her back that just gave birth and her dog carrying the baby. Rize, Turkey</a> | <a href=\"https://np.reddit.com/r/goats/comments/5rngzp/turkish_girl_carrying_a_goat_on_her_back_that/\">14 comments</a><br/>\n#2: <a href=\"https://i.redd.it/ko8xufv24sry.jpg\">This is what happens when you have one sister who is a professional photographer and loves animals and another sister with a mini zoo. You get professional goat maternity photos.</a> | <a href=\"https://np.reddit.com/r/goats/comments/65lbq1/this_is_what_happens_when_you_have_one_sister_who/\">14 comments</a><br/>\n#3: <a href=\"https://i.redd.it/9p5b8o2v8ljz.jpg\">My boyfriend and I found a baby goat abandoned in the mountains, two years later he&#39;s still a part of the family.</a> | <a href=\"https://np.reddit.com/r/goats/comments/6xqyyq/my_boyfriend_and_i_found_a_baby_goat_abandoned_in/\">27 comments</a></p>\n\n<hr/>\n\n<p><sup><sup>I&#39;m</sup></sup> <sup><sup>a</sup></sup> <sup><sup>bot,</sup></sup> <sup><sup>beep</sup></sup> <sup><sup>boop</sup></sup> <sup><sup>|</sup></sup> <sup><sup>Downvote</sup></sup> <sup><sup>to</sup></sup> <sup><sup>remove</sup></sup> <sup><sup>|</sup></sup> <a href=\"https://www.reddit.com/message/compose/?to=sneakpeekbot\"><sup><sup>Contact</sup></sup> <sup><sup>me</sup></sup></a> <sup><sup>|</sup></sup> <a href=\"https://np.reddit.com/r/sneakpeekbot/\"><sup><sup>Info</sup></sup></a> <sup><sup>|</sup></sup> <a href=\"https://np.reddit.com/r/sneakpeekbot/comments/6l7i0m/blacklist/\"><sup><sup>Opt-out</sup></sup></a></p>\n</div>", "gildings": {}, "collapsed_reason": null, "associated_award": null, "stickied": false, "author_premium": false, "subreddit_type": "public", "can_gild": true, "subreddit": "statistics", "author_flair_text_color": null, "score_hidden": false, "permalink": "/r/statistics/comments/73j734/monty_hall_host_of_lets_make_a_deal_dies_at_96/dnr9n2t/", "num_reports": null, "locked": false, "name": "t1_dnr9n2t", "created": 1506898455.0, "author_flair_text": null, "treatment_tags": [], "collapsed": false, "subreddit_name_prefixed": "r/statistics", "controversiality": 0, "depth": 2, "author_flair_background_color": null, "collapsed_because_crowd_control": null, "mod_reports": [], "mod_note": null, "distinguished": null, "_fetched": true}, {"_replies": [], "_submission": "73j734", "_reddit": "_reddit", "total_awards_received": 0, "approved_at_utc": null, "ups": 4, "awarders": [], "mod_reason_by": null, "banned_by": null, "author_flair_type": "text", "removal_reason": null, "link_id": "t3_73j734", "author_flair_template_id": null, "likes": null, "user_reports": [], "saved": false, "id": "dnrnwlp", "banned_at_utc": null, "mod_reason_title": null, "gilded": 0, "archived": true, "no_follow": false, "author": "NWmba", "can_mod_post": false, "created_utc": 1506885894.0, "send_replies": true, "parent_id": "t1_dnqsht5", "score": 4, "author_fullname": "t2_6bhot", "report_reasons": null, "approved_by": null, "all_awardings": [], "subreddit_id": "t5_2qhfi", "body": "No no no. The Monty Hall problem is when they survey 100 people and you have to guess what the majority answered. ", "edited": false, "author_flair_css_class": null, "is_submitter": false, "downs": 0, "author_flair_richtext": [], "author_patreon_flair": false, "body_html": "<div class=\"md\"><p>No no no. The Monty Hall problem is when they survey 100 people and you have to guess what the majority answered. </p>\n</div>", "gildings": {}, "collapsed_reason": null, "associated_award": null, "stickied": false, "author_premium": false, "subreddit_type": "public", "can_gild": true, "subreddit": "statistics", "author_flair_text_color": null, "score_hidden": false, "permalink": "/r/statistics/comments/73j734/monty_hall_host_of_lets_make_a_deal_dies_at_96/dnrnwlp/", "num_reports": null, "locked": false, "name": "t1_dnrnwlp", "created": 1506914694.0, "author_flair_text": null, "treatment_tags": [], "collapsed": false, "subreddit_name_prefixed": "r/statistics", "controversiality": 0, "depth": 2, "author_flair_background_color": null, "collapsed_because_crowd_control": null, "mod_reports": [], "mod_note": null, "distinguished": null, "_fetched": true}, {"_replies": [], "_submission": "73j734", "_reddit": "_reddit", "total_awards_received": 0, "approved_at_utc": null, "ups": 1, "awarders": [], "mod_reason_by": null, "banned_by": null, "author_flair_type": "text", "removal_reason": null, "link_id": "t3_73j734", "author_flair_template_id": null, "likes": null, "user_reports": [], "saved": false, "id": "dnr587c", "banned_at_utc": null, "mod_reason_title": null, "gilded": 0, "archived": true, "no_follow": true, "author": "Nerdloaf", "can_mod_post": false, "send_replies": true, "parent_id": "t1_dnqtqd0", "score": 1, "author_fullname": "t2_10hm6v", "report_reasons": null, "approved_by": null, "all_awardings": [], "subreddit_id": "t5_2qhfi", "body": "Well it's God so... ", "edited": false, "downs": 0, "author_flair_css_class": null, "is_submitter": false, "collapsed": false, "author_flair_richtext": [], "author_patreon_flair": false, "body_html": "<div class=\"md\"><p>Well it&#39;s God so... </p>\n</div>", "gildings": {}, "collapsed_reason": null, "associated_award": null, "stickied": false, "author_premium": false, "subreddit_type": "public", "can_gild": true, "subreddit": "statistics", "author_flair_text_color": null, "score_hidden": false, "permalink": "/r/statistics/comments/73j734/monty_hall_host_of_lets_make_a_deal_dies_at_96/dnr587c/", "num_reports": null, "locked": false, "name": "t1_dnr587c", "created": 1506891022.0, "author_flair_text": null, "treatment_tags": [], "created_utc": 1506862222.0, "subreddit_name_prefixed": "r/statistics", "controversiality": 0, "depth": 3, "author_flair_background_color": null, "collapsed_because_crowd_control": null, "mod_reports": [], "mod_note": null, "distinguished": null, "_fetched": true}]}