{"_reddit": "_reddit", "approved_at_utc": null, "subreddit": "statistics", "selftext": "", "author_fullname": "t2_z3f4d", "saved": false, "mod_reason_title": null, "gilded": 0, "clicked": false, "title": "What do you think are the best statistics video series on youtube?", "link_flair_richtext": [], "subreddit_name_prefixed": "r/statistics", "hidden": false, "pwls": 6, "link_flair_css_class": "", "downs": 0, "hide_score": false, "name": "t3_7vkima", "quarantine": false, "link_flair_text_color": "dark", "upvote_ratio": 0.97, "author_flair_background_color": null, "subreddit_type": "public", "ups": 75, "total_awards_received": 0, "media_embed": {}, "author_flair_template_id": null, "is_original_content": false, "user_reports": [], "secure_media": null, "is_reddit_media_domain": false, "is_meta": false, "category": null, "secure_media_embed": {}, "link_flair_text": "Statistics Question", "can_mod_post": false, "score": 75, "approved_by": null, "author_premium": false, "thumbnail": "", "edited": false, "author_flair_css_class": null, "author_flair_richtext": [], "gildings": {}, "content_categories": null, "is_self": true, "mod_note": null, "created": 1517916268.0, "link_flair_type": "text", "wls": 6, "removed_by_category": null, "banned_by": null, "author_flair_type": "text", "domain": "self.statistics", "allow_live_comments": true, "selftext_html": null, "likes": null, "suggested_sort": null, "banned_at_utc": null, "view_count": null, "archived": true, "no_follow": false, "is_crosspostable": true, "pinned": false, "over_18": false, "all_awardings": [], "awarders": [], "media_only": false, "link_flair_template_id": "ec7c22b0-35a0-11e7-b094-0e5818e9cb36", "can_gild": true, "spoiler": false, "locked": false, "author_flair_text": null, "treatment_tags": [], "visited": false, "removed_by": null, "num_reports": null, "distinguished": null, "subreddit_id": "t5_2qhfi", "mod_reason_by": null, "removal_reason": null, "link_flair_background_color": "", "id": "7vkima", "is_robot_indexable": true, "report_reasons": null, "author": "Gurung0", "discussion_type": null, "num_comments": 12, "send_replies": false, "whitelist_status": "all_ads", "contest_mode": false, "mod_reports": [], "author_patreon_flair": false, "author_flair_text_color": null, "permalink": "/r/statistics/comments/7vkima/what_do_you_think_are_the_best_statistics_video/", "parent_whitelist_status": "all_ads", "stickied": false, "url": "https://www.reddit.com/r/statistics/comments/7vkima/what_do_you_think_are_the_best_statistics_video/", "subreddit_subscribers": 106209, "created_utc": 1517887468.0, "num_crossposts": 0, "media": null, "is_video": false, "_fetched": false, "comment_limit": 2048, "comment_sort": "best", "_comments_by_id": {}, "_comments": [{"_replies": [], "_submission": "7vkima", "_reddit": "_reddit", "total_awards_received": 0, "approved_at_utc": null, "ups": 7, "awarders": [], "mod_reason_by": null, "banned_by": null, "author_flair_type": "text", "removal_reason": null, "link_id": "t3_7vkima", "author_flair_template_id": null, "likes": null, "user_reports": [], "saved": false, "id": "dttgurz", "banned_at_utc": null, "mod_reason_title": null, "gilded": 0, "archived": true, "no_follow": false, "author": "The_Old_Wise_One", "can_mod_post": false, "send_replies": true, "parent_id": "t3_7vkima", "score": 7, "author_fullname": "t2_nj2xy", "report_reasons": null, "approved_by": null, "all_awardings": [], "subreddit_id": "t5_2qhfi", "body": "If you would like to join the dark side, [Richard McElreath](https://youtu.be/WFv2vS8ESkk) has a great YouTube series that follows his book.", "edited": false, "downs": 0, "author_flair_css_class": null, "is_submitter": false, "collapsed": false, "author_flair_richtext": [], "author_patreon_flair": false, "body_html": "<div class=\"md\"><p>If you would like to join the dark side, <a href=\"https://youtu.be/WFv2vS8ESkk\">Richard McElreath</a> has a great YouTube series that follows his book.</p>\n</div>", "gildings": {}, "collapsed_reason": null, "associated_award": null, "stickied": false, "author_premium": false, "subreddit_type": "public", "can_gild": true, "subreddit": "statistics", "author_flair_text_color": null, "score_hidden": false, "permalink": "/r/statistics/comments/7vkima/what_do_you_think_are_the_best_statistics_video/dttgurz/", "num_reports": null, "locked": false, "name": "t1_dttgurz", "created": 1517947781.0, "author_flair_text": null, "treatment_tags": [], "created_utc": 1517918981.0, "subreddit_name_prefixed": "r/statistics", "controversiality": 0, "depth": 0, "author_flair_background_color": null, "collapsed_because_crowd_control": null, "mod_reports": [], "mod_note": null, "distinguished": null, "_fetched": true}, {"_replies": [], "_submission": "7vkima", "_reddit": "_reddit", "total_awards_received": 0, "approved_at_utc": null, "ups": 5, "awarders": [], "mod_reason_by": null, "banned_by": null, "author_flair_type": "text", "removal_reason": null, "link_id": "t3_7vkima", "author_flair_template_id": null, "likes": null, "user_reports": [], "saved": false, "id": "dtt4rz5", "banned_at_utc": null, "mod_reason_title": null, "gilded": 0, "archived": true, "no_follow": true, "author": "casualsalmondude", "can_mod_post": false, "send_replies": true, "parent_id": "t3_7vkima", "score": 5, "author_fullname": "t2_q1lcm3z", "report_reasons": null, "approved_by": null, "all_awardings": [], "subreddit_id": "t5_2qhfi", "body": "I enjoy watching the ones from Khan Academy. ", "edited": false, "downs": 0, "author_flair_css_class": null, "is_submitter": false, "collapsed": false, "author_flair_richtext": [], "author_patreon_flair": false, "body_html": "<div class=\"md\"><p>I enjoy watching the ones from Khan Academy. </p>\n</div>", "gildings": {}, "collapsed_reason": null, "associated_award": null, "stickied": false, "author_premium": false, "subreddit_type": "public", "can_gild": true, "subreddit": "statistics", "author_flair_text_color": null, "score_hidden": false, "permalink": "/r/statistics/comments/7vkima/what_do_you_think_are_the_best_statistics_video/dtt4rz5/", "num_reports": null, "locked": false, "name": "t1_dtt4rz5", "created": 1517922000.0, "author_flair_text": null, "treatment_tags": [], "created_utc": 1517893200.0, "subreddit_name_prefixed": "r/statistics", "controversiality": 0, "depth": 0, "author_flair_background_color": null, "collapsed_because_crowd_control": null, "mod_reports": [], "mod_note": null, "distinguished": null, "_fetched": true}, {"_replies": [], "_submission": "7vkima", "_reddit": "_reddit", "total_awards_received": 0, "approved_at_utc": null, "ups": 5, "awarders": [], "mod_reason_by": null, "banned_by": null, "author_flair_type": "text", "removal_reason": null, "link_id": "t3_7vkima", "author_flair_template_id": null, "likes": null, "user_reports": [], "saved": false, "id": "dtthazu", "banned_at_utc": null, "mod_reason_title": null, "gilded": 0, "archived": true, "no_follow": false, "author": "TheHumanSponge", "can_mod_post": false, "send_replies": true, "parent_id": "t3_7vkima", "score": 5, "author_fullname": "t2_9lhmdmw", "report_reasons": null, "approved_by": null, "all_awardings": [], "subreddit_id": "t5_2qhfi", "body": "Crash Course just started a statistics series.", "edited": false, "downs": 0, "author_flair_css_class": null, "is_submitter": false, "collapsed": false, "author_flair_richtext": [], "author_patreon_flair": false, "body_html": "<div class=\"md\"><p>Crash Course just started a statistics series.</p>\n</div>", "gildings": {}, "collapsed_reason": null, "associated_award": null, "stickied": false, "author_premium": false, "subreddit_type": "public", "can_gild": true, "subreddit": "statistics", "author_flair_text_color": null, "score_hidden": false, "permalink": "/r/statistics/comments/7vkima/what_do_you_think_are_the_best_statistics_video/dtthazu/", "num_reports": null, "locked": false, "name": "t1_dtthazu", "created": 1517948668.0, "author_flair_text": null, "treatment_tags": [], "created_utc": 1517919868.0, "subreddit_name_prefixed": "r/statistics", "controversiality": 0, "depth": 0, "author_flair_background_color": null, "collapsed_because_crowd_control": null, "mod_reports": [], "mod_note": null, "distinguished": null, "_fetched": true}, {"_replies": [], "_submission": "7vkima", "_reddit": "_reddit", "total_awards_received": 0, "approved_at_utc": null, "ups": 4, "awarders": [], "mod_reason_by": null, "banned_by": null, "author_flair_type": "text", "removal_reason": null, "link_id": "t3_7vkima", "author_flair_template_id": null, "likes": null, "user_reports": [], "saved": false, "id": "dttmd4y", "banned_at_utc": null, "mod_reason_title": null, "gilded": 0, "archived": true, "no_follow": true, "author": "kharra_pankaj", "can_mod_post": false, "send_replies": true, "parent_id": "t3_7vkima", "score": 4, "author_fullname": "t2_17gjnp", "report_reasons": null, "approved_by": null, "all_awardings": [], "subreddit_id": "t5_2qhfi", "body": "I think Crash course on YouTube is making good videos  statistics in their statistics course.", "edited": false, "downs": 0, "author_flair_css_class": null, "is_submitter": false, "collapsed": false, "author_flair_richtext": [], "author_patreon_flair": false, "body_html": "<div class=\"md\"><p>I think Crash course on YouTube is making good videos  statistics in their statistics course.</p>\n</div>", "gildings": {}, "collapsed_reason": null, "associated_award": null, "stickied": false, "author_premium": false, "subreddit_type": "public", "can_gild": true, "subreddit": "statistics", "author_flair_text_color": null, "score_hidden": false, "permalink": "/r/statistics/comments/7vkima/what_do_you_think_are_the_best_statistics_video/dttmd4y/", "num_reports": null, "locked": false, "name": "t1_dttmd4y", "created": 1517956218.0, "author_flair_text": null, "treatment_tags": [], "created_utc": 1517927418.0, "subreddit_name_prefixed": "r/statistics", "controversiality": 0, "depth": 0, "author_flair_background_color": null, "collapsed_because_crowd_control": null, "mod_reports": [], "mod_note": null, "distinguished": null, "_fetched": true}, {"_replies": [], "_submission": "7vkima", "_reddit": "_reddit", "total_awards_received": 0, "approved_at_utc": null, "ups": 3, "awarders": [], "mod_reason_by": null, "banned_by": null, "author_flair_type": "text", "removal_reason": null, "link_id": "t3_7vkima", "author_flair_template_id": null, "likes": null, "user_reports": [], "saved": false, "id": "dttbxh6", "banned_at_utc": null, "mod_reason_title": null, "gilded": 0, "archived": true, "no_follow": true, "author": "TheSoutane", "can_mod_post": false, "send_replies": true, "parent_id": "t3_7vkima", "score": 3, "author_fullname": "t2_u4h34j8", "report_reasons": null, "approved_by": null, "all_awardings": [], "subreddit_id": "t5_2qhfi", "body": "try mathematicalmonk. It's very clear and well explained. By the way, it is more focused on machine learning", "edited": false, "downs": 0, "author_flair_css_class": null, "is_submitter": false, "collapsed": false, "author_flair_richtext": [], "author_patreon_flair": false, "body_html": "<div class=\"md\"><p>try mathematicalmonk. It&#39;s very clear and well explained. By the way, it is more focused on machine learning</p>\n</div>", "gildings": {}, "collapsed_reason": null, "associated_award": null, "stickied": false, "author_premium": false, "subreddit_type": "public", "can_gild": true, "subreddit": "statistics", "author_flair_text_color": null, "score_hidden": false, "permalink": "/r/statistics/comments/7vkima/what_do_you_think_are_the_best_statistics_video/dttbxh6/", "num_reports": null, "locked": false, "name": "t1_dttbxh6", "created": 1517935530.0, "author_flair_text": null, "treatment_tags": [], "created_utc": 1517906730.0, "subreddit_name_prefixed": "r/statistics", "controversiality": 0, "depth": 0, "author_flair_background_color": null, "collapsed_because_crowd_control": null, "mod_reports": [], "mod_note": null, "distinguished": null, "_fetched": true}, {"_replies": ["dtu6ve5"], "_submission": "7vkima", "_reddit": "_reddit", "total_awards_received": 0, "approved_at_utc": null, "ups": 2, "awarders": [], "mod_reason_by": null, "banned_by": null, "author_flair_type": "text", "removal_reason": null, "link_id": "t3_7vkima", "author_flair_template_id": null, "likes": null, "user_reports": [], "saved": false, "id": "dttbpaf", "banned_at_utc": null, "mod_reason_title": null, "gilded": 0, "archived": true, "no_follow": true, "author": "MightBeSomethingDumb", "can_mod_post": false, "send_replies": true, "parent_id": "t3_7vkima", "score": 2, "author_fullname": "t2_126pja", "report_reasons": null, "approved_by": null, "all_awardings": [], "subreddit_id": "t5_2qhfi", "body": "brandon foltz. This guy is amazing and explains thing so nicely!", "edited": false, "downs": 0, "author_flair_css_class": null, "is_submitter": false, "collapsed": false, "author_flair_richtext": [], "author_patreon_flair": false, "body_html": "<div class=\"md\"><p>brandon foltz. This guy is amazing and explains thing so nicely!</p>\n</div>", "gildings": {}, "collapsed_reason": null, "associated_award": null, "stickied": false, "author_premium": false, "subreddit_type": "public", "can_gild": true, "subreddit": "statistics", "author_flair_text_color": null, "score_hidden": false, "permalink": "/r/statistics/comments/7vkima/what_do_you_think_are_the_best_statistics_video/dttbpaf/", "num_reports": null, "locked": false, "name": "t1_dttbpaf", "created": 1517934979.0, "author_flair_text": null, "treatment_tags": [], "created_utc": 1517906179.0, "subreddit_name_prefixed": "r/statistics", "controversiality": 0, "depth": 0, "author_flair_background_color": null, "collapsed_because_crowd_control": null, "mod_reports": [], "mod_note": null, "distinguished": null, "_fetched": true}, {"_replies": [], "_submission": "7vkima", "_reddit": "_reddit", "total_awards_received": 0, "approved_at_utc": null, "ups": 1, "awarders": [], "mod_reason_by": null, "banned_by": null, "author_flair_type": "text", "removal_reason": null, "link_id": "t3_7vkima", "author_flair_template_id": null, "likes": null, "user_reports": [], "saved": false, "id": "dtt3qcb", "banned_at_utc": null, "mod_reason_title": null, "gilded": 0, "archived": true, "no_follow": true, "author": "klausklass", "can_mod_post": false, "send_replies": true, "parent_id": "t3_7vkima", "score": 1, "author_fullname": "t2_w9pw5", "report_reasons": null, "approved_by": null, "all_awardings": [], "subreddit_id": "t5_2qhfi", "body": "Not on YouTube, but the [Against All Odds](http://learner.org/resources/series65.html#) series by Annenberg Learner (starring Pardis Sabeti) is really great. ", "edited": false, "downs": 0, "author_flair_css_class": null, "is_submitter": false, "collapsed": false, "author_flair_richtext": [], "author_patreon_flair": false, "body_html": "<div class=\"md\"><p>Not on YouTube, but the <a href=\"http://learner.org/resources/series65.html#\">Against All Odds</a> series by Annenberg Learner (starring Pardis Sabeti) is really great. </p>\n</div>", "gildings": {}, "collapsed_reason": null, "associated_award": null, "stickied": false, "author_premium": false, "subreddit_type": "public", "can_gild": true, "subreddit": "statistics", "author_flair_text_color": null, "score_hidden": false, "permalink": "/r/statistics/comments/7vkima/what_do_you_think_are_the_best_statistics_video/dtt3qcb/", "num_reports": null, "locked": false, "name": "t1_dtt3qcb", "created": 1517920555.0, "author_flair_text": null, "treatment_tags": [], "created_utc": 1517891755.0, "subreddit_name_prefixed": "r/statistics", "controversiality": 0, "depth": 0, "author_flair_background_color": null, "collapsed_because_crowd_control": null, "mod_reports": [], "mod_note": null, "distinguished": null, "_fetched": true}, {"_replies": [], "_submission": "7vkima", "_reddit": "_reddit", "total_awards_received": 0, "approved_at_utc": null, "ups": 0, "awarders": [], "mod_reason_by": null, "banned_by": null, "author_flair_type": "text", "removal_reason": null, "link_id": "t3_7vkima", "author_flair_template_id": null, "likes": null, "user_reports": [], "saved": false, "id": "dtt1naz", "banned_at_utc": null, "mod_reason_title": null, "gilded": 0, "archived": true, "no_follow": true, "author": "Dgarciarieckhof23", "can_mod_post": false, "send_replies": true, "parent_id": "t3_7vkima", "score": 0, "author_fullname": "t2_ekr6cs", "report_reasons": null, "approved_by": null, "all_awardings": [], "subreddit_id": "t5_2qhfi", "body": "Following ", "edited": false, "downs": 0, "author_flair_css_class": null, "is_submitter": false, "collapsed": false, "author_flair_richtext": [], "author_patreon_flair": false, "body_html": "<div class=\"md\"><p>Following </p>\n</div>", "gildings": {}, "collapsed_reason": null, "associated_award": null, "stickied": false, "author_premium": false, "subreddit_type": "public", "can_gild": true, "subreddit": "statistics", "author_flair_text_color": null, "score_hidden": false, "permalink": "/r/statistics/comments/7vkima/what_do_you_think_are_the_best_statistics_video/dtt1naz/", "num_reports": null, "locked": false, "name": "t1_dtt1naz", "created": 1517917951.0, "author_flair_text": null, "treatment_tags": [], "created_utc": 1517889151.0, "subreddit_name_prefixed": "r/statistics", "controversiality": 0, "depth": 0, "author_flair_background_color": null, "collapsed_because_crowd_control": null, "mod_reports": [], "mod_note": null, "distinguished": null, "_fetched": true}, {"_replies": [], "_submission": "7vkima", "_reddit": "_reddit", "total_awards_received": 0, "approved_at_utc": null, "ups": 0, "awarders": [], "mod_reason_by": null, "banned_by": null, "author_flair_type": "text", "removal_reason": null, "link_id": "t3_7vkima", "author_flair_template_id": null, "likes": null, "user_reports": [], "saved": false, "id": "dtv0s9r", "banned_at_utc": null, "mod_reason_title": null, "gilded": 0, "archived": true, "no_follow": true, "author": "k0wzking", "can_mod_post": false, "send_replies": true, "parent_id": "t3_7vkima", "score": 0, "author_fullname": "t2_7u817", "report_reasons": null, "approved_by": null, "all_awardings": [], "subreddit_id": "t5_2qhfi", "body": "I actually have a statistics channel of my own, a sample of which you can find [here](https://youtu.be/nQ4HpOksgPM). I wouldn\u2019t claim to be the most interesting, but my videos have been well received by students, peers, and the folks here on Reddit. I\u2019ve found statistical education to be a little too intensely focused on mechanics (i.e., memorizing equations) and sometimes fails to teach people the raw functionality of a procedure. So my focus has been on highlighting that functionality. I have been planning to make some newer videos on more complex topics, but my time has been tied up in some other side projects. ", "edited": false, "downs": 0, "author_flair_css_class": null, "is_submitter": false, "collapsed": false, "author_flair_richtext": [], "author_patreon_flair": false, "body_html": "<div class=\"md\"><p>I actually have a statistics channel of my own, a sample of which you can find <a href=\"https://youtu.be/nQ4HpOksgPM\">here</a>. I wouldn\u2019t claim to be the most interesting, but my videos have been well received by students, peers, and the folks here on Reddit. I\u2019ve found statistical education to be a little too intensely focused on mechanics (i.e., memorizing equations) and sometimes fails to teach people the raw functionality of a procedure. So my focus has been on highlighting that functionality. I have been planning to make some newer videos on more complex topics, but my time has been tied up in some other side projects. </p>\n</div>", "gildings": {}, "collapsed_reason": null, "associated_award": null, "stickied": false, "author_premium": false, "subreddit_type": "public", "can_gild": true, "subreddit": "statistics", "author_flair_text_color": null, "score_hidden": false, "permalink": "/r/statistics/comments/7vkima/what_do_you_think_are_the_best_statistics_video/dtv0s9r/", "num_reports": null, "locked": false, "name": "t1_dtv0s9r", "created": 1518006408.0, "author_flair_text": null, "treatment_tags": [], "created_utc": 1517977608.0, "subreddit_name_prefixed": "r/statistics", "controversiality": 0, "depth": 0, "author_flair_background_color": null, "collapsed_because_crowd_control": null, "mod_reports": [], "mod_note": null, "distinguished": null, "_fetched": true}, {"_replies": [], "_submission": "7vkima", "_reddit": "_reddit", "total_awards_received": 0, "approved_at_utc": null, "ups": 2, "awarders": [], "mod_reason_by": null, "banned_by": null, "author_flair_type": "text", "removal_reason": null, "link_id": "t3_7vkima", "author_flair_template_id": null, "likes": null, "user_reports": [], "saved": false, "id": "dttmkvq", "banned_at_utc": null, "mod_reason_title": null, "gilded": 0, "archived": true, "no_follow": true, "author": "gnarZeuce", "can_mod_post": false, "send_replies": true, "parent_id": "t1_dttbwh4", "score": 2, "author_fullname": "t2_j5k3j", "report_reasons": null, "approved_by": null, "all_awardings": [], "subreddit_id": "t5_2qhfi", "collapsed": false, "body": "Stat 110 is the gold standard for intro probability courses imo.", "edited": false, "author_flair_css_class": null, "is_submitter": false, "downs": 0, "author_flair_richtext": [], "author_patreon_flair": false, "body_html": "<div class=\"md\"><p>Stat 110 is the gold standard for intro probability courses imo.</p>\n</div>", "gildings": {}, "collapsed_reason": null, "associated_award": null, "stickied": false, "author_premium": false, "subreddit_type": "public", "can_gild": true, "subreddit": "statistics", "author_flair_text_color": null, "score_hidden": false, "permalink": "/r/statistics/comments/7vkima/what_do_you_think_are_the_best_statistics_video/dttmkvq/", "num_reports": null, "locked": false, "name": "t1_dttmkvq", "created": 1517956490.0, "author_flair_text": null, "treatment_tags": [], "created_utc": 1517927690.0, "subreddit_name_prefixed": "r/statistics", "controversiality": 0, "depth": 1, "author_flair_background_color": null, "collapsed_because_crowd_control": null, "mod_reports": [], "mod_note": null, "distinguished": null, "_fetched": true}, {"_replies": [], "_submission": "7vkima", "_reddit": "_reddit", "total_awards_received": 0, "approved_at_utc": null, "ups": 2, "awarders": [], "mod_reason_by": null, "banned_by": null, "author_flair_type": "text", "removal_reason": null, "link_id": "t3_7vkima", "author_flair_template_id": null, "likes": null, "user_reports": [], "saved": false, "id": "dtu6ve5", "banned_at_utc": null, "mod_reason_title": null, "gilded": 0, "archived": true, "no_follow": true, "author": "eerilyweird", "can_mod_post": false, "send_replies": true, "parent_id": "t1_dttbpaf", "score": 2, "author_fullname": "t2_1nhgn5i", "report_reasons": null, "approved_by": null, "all_awardings": [], "subreddit_id": "t5_2qhfi", "collapsed": false, "body": "Somewhat plodding and straight forward, but also clean and well thought out. ", "edited": false, "author_flair_css_class": null, "is_submitter": false, "downs": 0, "author_flair_richtext": [], "author_patreon_flair": false, "body_html": "<div class=\"md\"><p>Somewhat plodding and straight forward, but also clean and well thought out. </p>\n</div>", "gildings": {}, "collapsed_reason": null, "associated_award": null, "stickied": false, "author_premium": false, "subreddit_type": "public", "can_gild": true, "subreddit": "statistics", "author_flair_text_color": null, "score_hidden": false, "permalink": "/r/statistics/comments/7vkima/what_do_you_think_are_the_best_statistics_video/dtu6ve5/", "num_reports": null, "locked": false, "name": "t1_dtu6ve5", "created": 1517976001.0, "author_flair_text": null, "treatment_tags": [], "created_utc": 1517947201.0, "subreddit_name_prefixed": "r/statistics", "controversiality": 0, "depth": 1, "author_flair_background_color": null, "collapsed_because_crowd_control": null, "mod_reports": [], "mod_note": null, "distinguished": null, "_fetched": true}]}