{"_reddit": "_reddit", "approved_at_utc": null, "subreddit": "statistics", "selftext": "Hi guys,\n\nAs per the title, I'm looking for a good bayesian statistics online-course. To give you an idea of the level I'm looking for, I have a masters in math stats so I'm looking for something that doesn't shy away from the maths. \n\nI'm hoping theres a really good free university-course out there somewhere. I've done some coursera courses before on other topics and I've often found their depth to be a bit too superficial. I really want to challenge myself.\n\nThanks!", "author_fullname": "t2_dk3ag", "saved": false, "mod_reason_title": null, "gilded": 0, "clicked": false, "title": "Bayesian Statistics course-recommendation", "link_flair_richtext": [], "subreddit_name_prefixed": "r/statistics", "hidden": false, "pwls": 6, "link_flair_css_class": null, "downs": 0, "hide_score": false, "name": "t3_85hxgt", "quarantine": false, "link_flair_text_color": "dark", "upvote_ratio": 1.0, "author_flair_background_color": null, "subreddit_type": "public", "ups": 64, "total_awards_received": 0, "media_embed": {}, "author_flair_template_id": null, "is_original_content": false, "user_reports": [], "secure_media": null, "is_reddit_media_domain": false, "is_meta": false, "category": null, "secure_media_embed": {}, "link_flair_text": null, "can_mod_post": false, "score": 64, "approved_by": null, "author_premium": false, "thumbnail": "", "edited": 1521452605.0, "author_flair_css_class": null, "author_flair_richtext": [], "gildings": {}, "content_categories": null, "is_self": true, "mod_note": null, "created": 1521476751.0, "link_flair_type": "text", "wls": 6, "removed_by_category": null, "banned_by": null, "author_flair_type": "text", "domain": "self.statistics", "allow_live_comments": true, "selftext_html": "<!-- SC_OFF --><div class=\"md\"><p>Hi guys,</p>\n\n<p>As per the title, I&#39;m looking for a good bayesian statistics online-course. To give you an idea of the level I&#39;m looking for, I have a masters in math stats so I&#39;m looking for something that doesn&#39;t shy away from the maths. </p>\n\n<p>I&#39;m hoping theres a really good free university-course out there somewhere. I&#39;ve done some coursera courses before on other topics and I&#39;ve often found their depth to be a bit too superficial. I really want to challenge myself.</p>\n\n<p>Thanks!</p>\n</div><!-- SC_ON -->", "likes": null, "suggested_sort": null, "banned_at_utc": null, "view_count": null, "archived": true, "no_follow": false, "is_crosspostable": true, "pinned": false, "over_18": false, "all_awardings": [], "awarders": [], "media_only": false, "can_gild": true, "spoiler": false, "locked": false, "author_flair_text": null, "treatment_tags": [], "visited": false, "removed_by": null, "num_reports": null, "distinguished": null, "subreddit_id": "t5_2qhfi", "mod_reason_by": null, "removal_reason": null, "link_flair_background_color": "", "id": "85hxgt", "is_robot_indexable": true, "report_reasons": null, "author": "I4gotmyothername", "discussion_type": null, "num_comments": 33, "send_replies": true, "whitelist_status": "all_ads", "contest_mode": false, "mod_reports": [], "author_patreon_flair": false, "author_flair_text_color": null, "permalink": "/r/statistics/comments/85hxgt/bayesian_statistics_courserecommendation/", "parent_whitelist_status": "all_ads", "stickied": false, "url": "https://www.reddit.com/r/statistics/comments/85hxgt/bayesian_statistics_courserecommendation/", "subreddit_subscribers": 106209, "created_utc": 1521447951.0, "num_crossposts": 0, "media": null, "is_video": false, "_fetched": false, "comment_limit": 2048, "comment_sort": "best", "_comments_by_id": {}, "_comments": [{"_replies": ["dvz9mf5", "dvxn08j", "dvxqlro"], "_submission": "85hxgt", "_reddit": "_reddit", "total_awards_received": 0, "approved_at_utc": null, "ups": 34, "awarders": [], "mod_reason_by": null, "banned_by": null, "author_flair_type": "text", "removal_reason": null, "link_id": "t3_85hxgt", "author_flair_template_id": null, "likes": null, "user_reports": [], "saved": false, "id": "dvxmz2w", "banned_at_utc": null, "mod_reason_title": null, "gilded": 0, "archived": true, "no_follow": false, "author": "EtienneT", "can_mod_post": false, "send_replies": true, "parent_id": "t3_85hxgt", "score": 34, "author_fullname": "t2_3372o", "report_reasons": null, "approved_by": null, "all_awardings": [], "subreddit_id": "t5_2qhfi", "body": "Statistical Rethinking: https://www.youtube.com/playlist?list=PLDcUM9US4XdM9_N6XUUFrhghGJ4K25bFc\n\nAlso has the book: https://www.amazon.com/Statistical-Rethinking-Bayesian-Examples-Chapman/dp/1482253445", "edited": false, "downs": 0, "author_flair_css_class": null, "is_submitter": false, "collapsed": false, "author_flair_richtext": [], "author_patreon_flair": false, "body_html": "<div class=\"md\"><p>Statistical Rethinking: <a href=\"https://www.youtube.com/playlist?list=PLDcUM9US4XdM9_N6XUUFrhghGJ4K25bFc\">https://www.youtube.com/playlist?list=PLDcUM9US4XdM9_N6XUUFrhghGJ4K25bFc</a></p>\n\n<p>Also has the book: <a href=\"https://www.amazon.com/Statistical-Rethinking-Bayesian-Examples-Chapman/dp/1482253445\">https://www.amazon.com/Statistical-Rethinking-Bayesian-Examples-Chapman/dp/1482253445</a></p>\n</div>", "gildings": {}, "collapsed_reason": null, "associated_award": null, "stickied": false, "author_premium": false, "subreddit_type": "public", "can_gild": true, "subreddit": "statistics", "author_flair_text_color": null, "score_hidden": false, "permalink": "/r/statistics/comments/85hxgt/bayesian_statistics_courserecommendation/dvxmz2w/", "num_reports": null, "locked": false, "name": "t1_dvxmz2w", "created": 1521484843.0, "author_flair_text": null, "treatment_tags": [], "created_utc": 1521456043.0, "subreddit_name_prefixed": "r/statistics", "controversiality": 0, "depth": 0, "author_flair_background_color": null, "collapsed_because_crowd_control": null, "mod_reports": [], "mod_note": null, "distinguished": null, "_fetched": true}, {"_replies": ["dvygxa3", "dvypy8a"], "_submission": "85hxgt", "_reddit": "_reddit", "total_awards_received": 0, "approved_at_utc": null, "ups": 16, "awarders": [], "mod_reason_by": null, "banned_by": null, "author_flair_type": "text", "removal_reason": null, "link_id": "t3_85hxgt", "author_flair_template_id": null, "likes": null, "user_reports": [], "saved": false, "id": "dvy1efq", "banned_at_utc": null, "mod_reason_title": null, "gilded": 0, "archived": true, "no_follow": false, "author": "I4gotmyothername", "can_mod_post": false, "send_replies": true, "parent_id": "t3_85hxgt", "score": 16, "author_fullname": "t2_dk3ag", "report_reasons": null, "approved_by": null, "all_awardings": [], "subreddit_id": "t5_2qhfi", "body": "I've been looking around at answers for this all day and compiled the following summary for an email to that I figured I may as well share here for the community:\n\nMy personal decision is to go through Statistical Rethinking. I like that I can watch a 1 hour lecture and then read a chapter without having to search through a whole lot of other reference material for the appropriate information. There is R-code in the book and the exercises seem decent. \n\n\nOptions for learning Bayesian Stats online: \n\n1)  STATISTICAL RETHINKING\n\nEstimated Commitment: 6 hours/week for 10 weeks (2 hours video lectures, 4 hours reading textbook/practicing.\n\nLink: https://www.youtube.com/playlist?list=PLDcUM9US4XdM9_N6XUUFrhghGJ4K25bFc \n\nDescription: Seems to be highly recommended. Its about 20 hours of lectures on Bayesian stats but it a supplementary to a paid-for textbook though so one would need to buy the book. This seems very comprehensive though.\n\n\n2) COURSERA:\n\n\nEstimated Commitment: \n\npart1:  2-5 hours /week  for 4 weeks\n\npart 2: 4-6 hours/week for 5 weeks\n\nTheres a 2-part course - the first seems very basic and I'm thinking of skipping entirely and just getting to part 2. Or else pushing the first part into 1 week instead of using a full month for it since after looking at it it really is 1st year undergrad level. \n\npart 1) https://www.coursera.org/learn/bayesian-statistics\n\npart 2) https://www.coursera.org/learn/mcmc-bayesian-statistics\n\npart 2 seems like a good intro to the methods I'm interested in but my experience of Coursera means I'll probably be left wanting a bit more. There is a Capstone project in week 5 though that could be good.\n\n3) BAYESIAN METHODS FOR HACKERS\n\nhttp://camdavidsonpilon.github.io/Probabilistic-Programming-and-Bayesian-Methods-for-Hackers/#contents\n\nThis is an open-source textbook that focuses on how to do bayesian statistics in python. its pretty cool because the book is written in notebooks so you can read the text then actually run the examples and stuff from your browser. But I think it takes a computer scientists 'pragmatic' approach instead of a theoretical approach.\nIt might be a good way of learning python and Bayes simultaneously and good for practical application if we're not too concerned about a holistic understanding.\n\n\n4) BAYESIAN DATA ANALYSIS - ANDREW GELMAN\n\n \nCommitment: Massive. 23 chapters of varying difficulty. I think this is a great supplementary book, but probably not a great self-study. It would basically be the same complexity as statistical rethinking however it would come without the video lectures. \n\n5) UNIVERSITY OF NOTRE DAM - Statistical Computing for Scientists and Engineers\n\nhttps://www.zabaras.com/statisticalcomputing\nCommitment: Massive. 28 1-1:30 hour lectures.\n\nThis comes with slides and homework every 4 lectures or so, but has a wide array of reference materials (compared to Rethinking stats which refers only to the 1 textbook). This looks very in-depth and one can't do this and shy away from the maths I think. \n\n6) COLUMBIA UNIVERSITY - Bayesian Statistics for the Social Sciences by Benjamin Goodrich\n\nCourse description and name seems like its not the most math-heavy course available. [I found the syllabus here](https://courseworks2.columbia.edu/courses/54170/assignments/syllabus) \nand it honestly looks pretty good although not as indepth as I'd like.\n", "edited": 1521551490.0, "downs": 0, "author_flair_css_class": null, "is_submitter": true, "collapsed": false, "author_flair_richtext": [], "author_patreon_flair": false, "body_html": "<div class=\"md\"><p>I&#39;ve been looking around at answers for this all day and compiled the following summary for an email to that I figured I may as well share here for the community:</p>\n\n<p>My personal decision is to go through Statistical Rethinking. I like that I can watch a 1 hour lecture and then read a chapter without having to search through a whole lot of other reference material for the appropriate information. There is R-code in the book and the exercises seem decent. </p>\n\n<p>Options for learning Bayesian Stats online: </p>\n\n<p>1)  STATISTICAL RETHINKING</p>\n\n<p>Estimated Commitment: 6 hours/week for 10 weeks (2 hours video lectures, 4 hours reading textbook/practicing.</p>\n\n<p>Link: <a href=\"https://www.youtube.com/playlist?list=PLDcUM9US4XdM9_N6XUUFrhghGJ4K25bFc\">https://www.youtube.com/playlist?list=PLDcUM9US4XdM9_N6XUUFrhghGJ4K25bFc</a> </p>\n\n<p>Description: Seems to be highly recommended. Its about 20 hours of lectures on Bayesian stats but it a supplementary to a paid-for textbook though so one would need to buy the book. This seems very comprehensive though.</p>\n\n<p>2) COURSERA:</p>\n\n<p>Estimated Commitment: </p>\n\n<p>part1:  2-5 hours /week  for 4 weeks</p>\n\n<p>part 2: 4-6 hours/week for 5 weeks</p>\n\n<p>Theres a 2-part course - the first seems very basic and I&#39;m thinking of skipping entirely and just getting to part 2. Or else pushing the first part into 1 week instead of using a full month for it since after looking at it it really is 1st year undergrad level. </p>\n\n<p>part 1) <a href=\"https://www.coursera.org/learn/bayesian-statistics\">https://www.coursera.org/learn/bayesian-statistics</a></p>\n\n<p>part 2) <a href=\"https://www.coursera.org/learn/mcmc-bayesian-statistics\">https://www.coursera.org/learn/mcmc-bayesian-statistics</a></p>\n\n<p>part 2 seems like a good intro to the methods I&#39;m interested in but my experience of Coursera means I&#39;ll probably be left wanting a bit more. There is a Capstone project in week 5 though that could be good.</p>\n\n<p>3) BAYESIAN METHODS FOR HACKERS</p>\n\n<p><a href=\"http://camdavidsonpilon.github.io/Probabilistic-Programming-and-Bayesian-Methods-for-Hackers/#contents\">http://camdavidsonpilon.github.io/Probabilistic-Programming-and-Bayesian-Methods-for-Hackers/#contents</a></p>\n\n<p>This is an open-source textbook that focuses on how to do bayesian statistics in python. its pretty cool because the book is written in notebooks so you can read the text then actually run the examples and stuff from your browser. But I think it takes a computer scientists &#39;pragmatic&#39; approach instead of a theoretical approach.\nIt might be a good way of learning python and Bayes simultaneously and good for practical application if we&#39;re not too concerned about a holistic understanding.</p>\n\n<p>4) BAYESIAN DATA ANALYSIS - ANDREW GELMAN</p>\n\n<p>Commitment: Massive. 23 chapters of varying difficulty. I think this is a great supplementary book, but probably not a great self-study. It would basically be the same complexity as statistical rethinking however it would come without the video lectures. </p>\n\n<p>5) UNIVERSITY OF NOTRE DAM - Statistical Computing for Scientists and Engineers</p>\n\n<p><a href=\"https://www.zabaras.com/statisticalcomputing\">https://www.zabaras.com/statisticalcomputing</a>\nCommitment: Massive. 28 1-1:30 hour lectures.</p>\n\n<p>This comes with slides and homework every 4 lectures or so, but has a wide array of reference materials (compared to Rethinking stats which refers only to the 1 textbook). This looks very in-depth and one can&#39;t do this and shy away from the maths I think. </p>\n\n<p>6) COLUMBIA UNIVERSITY - Bayesian Statistics for the Social Sciences by Benjamin Goodrich</p>\n\n<p>Course description and name seems like its not the most math-heavy course available. <a href=\"https://courseworks2.columbia.edu/courses/54170/assignments/syllabus\">I found the syllabus here</a> \nand it honestly looks pretty good although not as indepth as I&#39;d like.</p>\n</div>", "gildings": {}, "collapsed_reason": null, "associated_award": null, "stickied": false, "author_premium": false, "subreddit_type": "public", "can_gild": true, "subreddit": "statistics", "author_flair_text_color": null, "score_hidden": false, "permalink": "/r/statistics/comments/85hxgt/bayesian_statistics_courserecommendation/dvy1efq/", "num_reports": null, "locked": false, "name": "t1_dvy1efq", "created": 1521503678.0, "author_flair_text": null, "treatment_tags": [], "created_utc": 1521474878.0, "subreddit_name_prefixed": "r/statistics", "controversiality": 0, "depth": 0, "author_flair_background_color": null, "collapsed_because_crowd_control": null, "mod_reports": [], "mod_note": null, "distinguished": null, "_fetched": true}, {"_replies": ["dvy64zp", "dvxomxg"], "_submission": "85hxgt", "_reddit": "_reddit", "total_awards_received": 0, "approved_at_utc": null, "ups": 7, "awarders": [], "mod_reason_by": null, "banned_by": null, "author_flair_type": "text", "removal_reason": null, "link_id": "t3_85hxgt", "author_flair_template_id": null, "likes": null, "user_reports": [], "saved": false, "id": "dvxm26v", "banned_at_utc": null, "mod_reason_title": null, "gilded": 0, "archived": true, "no_follow": false, "author": "vmsmith", "can_mod_post": false, "send_replies": true, "parent_id": "t3_85hxgt", "score": 7, "author_fullname": "t2_31qxn", "report_reasons": null, "approved_by": null, "all_awardings": [], "subreddit_id": "t5_2qhfi", "body": "I just took a four-week UC Santa Cruz/Coursera course,  \"Bayesian Statistics: From Concept to Data Analysis.\" It was helpful in that it showed me what the map of the next leg of the journey looks like, but there were a lot of assumptions about prior knowledge that were not clear at the beginning. \n\nUp until that point I had only been exposed to fairly simplistic examples, such as the Monty Hall problem and testing positive for some disease. I simply wanted to understand how one uses entire distributions as priors and likelihoods, and I did get a sense of that. But that was really just about it: an overview of what I need to know to take the next step.", "edited": false, "downs": 0, "author_flair_css_class": null, "is_submitter": false, "collapsed": false, "author_flair_richtext": [], "author_patreon_flair": false, "body_html": "<div class=\"md\"><p>I just took a four-week UC Santa Cruz/Coursera course,  &quot;Bayesian Statistics: From Concept to Data Analysis.&quot; It was helpful in that it showed me what the map of the next leg of the journey looks like, but there were a lot of assumptions about prior knowledge that were not clear at the beginning. </p>\n\n<p>Up until that point I had only been exposed to fairly simplistic examples, such as the Monty Hall problem and testing positive for some disease. I simply wanted to understand how one uses entire distributions as priors and likelihoods, and I did get a sense of that. But that was really just about it: an overview of what I need to know to take the next step.</p>\n</div>", "gildings": {}, "collapsed_reason": null, "associated_award": null, "stickied": false, "author_premium": true, "subreddit_type": "public", "can_gild": true, "subreddit": "statistics", "author_flair_text_color": null, "score_hidden": false, "permalink": "/r/statistics/comments/85hxgt/bayesian_statistics_courserecommendation/dvxm26v/", "num_reports": null, "locked": false, "name": "t1_dvxm26v", "created": 1521482595.0, "author_flair_text": null, "treatment_tags": [], "created_utc": 1521453795.0, "subreddit_name_prefixed": "r/statistics", "controversiality": 0, "depth": 0, "author_flair_background_color": null, "collapsed_because_crowd_control": null, "mod_reports": [], "mod_note": null, "distinguished": null, "_fetched": true}, {"_replies": ["dvzj184"], "_submission": "85hxgt", "_reddit": "_reddit", "total_awards_received": 0, "approved_at_utc": null, "ups": 4, "awarders": [], "mod_reason_by": null, "banned_by": null, "author_flair_type": "text", "removal_reason": null, "link_id": "t3_85hxgt", "author_flair_template_id": null, "likes": null, "user_reports": [], "saved": false, "id": "dvypy82", "banned_at_utc": null, "mod_reason_title": null, "gilded": 0, "archived": true, "no_follow": false, "author": "rohansway", "can_mod_post": false, "send_replies": true, "parent_id": "t3_85hxgt", "score": 4, "author_fullname": "t2_hq0y5p0", "report_reasons": null, "approved_by": null, "all_awardings": [], "subreddit_id": "t5_2qhfi", "body": "https://www.zabaras.com/statisticalcomputing this Notre dame course is worth a hard look.", "edited": false, "downs": 0, "author_flair_css_class": null, "is_submitter": false, "collapsed": false, "author_flair_richtext": [], "author_patreon_flair": false, "body_html": "<div class=\"md\"><p><a href=\"https://www.zabaras.com/statisticalcomputing\">https://www.zabaras.com/statisticalcomputing</a> this Notre dame course is worth a hard look.</p>\n</div>", "gildings": {}, "collapsed_reason": null, "associated_award": null, "stickied": false, "author_premium": false, "subreddit_type": "public", "can_gild": true, "subreddit": "statistics", "author_flair_text_color": null, "score_hidden": false, "permalink": "/r/statistics/comments/85hxgt/bayesian_statistics_courserecommendation/dvypy82/", "num_reports": null, "locked": false, "name": "t1_dvypy82", "created": 1521526778.0, "author_flair_text": null, "treatment_tags": [], "created_utc": 1521497978.0, "subreddit_name_prefixed": "r/statistics", "controversiality": 0, "depth": 0, "author_flair_background_color": null, "collapsed_because_crowd_control": null, "mod_reports": [], "mod_note": null, "distinguished": null, "_fetched": true}, {"_replies": ["dvzpbc1"], "_submission": "85hxgt", "_reddit": "_reddit", "total_awards_received": 0, "approved_at_utc": null, "ups": 4, "awarders": [], "mod_reason_by": null, "banned_by": null, "author_flair_type": "text", "removal_reason": null, "link_id": "t3_85hxgt", "author_flair_template_id": null, "likes": null, "user_reports": [], "saved": false, "id": "dvyahhu", "banned_at_utc": null, "mod_reason_title": null, "gilded": 0, "archived": true, "no_follow": false, "author": "monkey_breeder", "can_mod_post": false, "send_replies": true, "parent_id": "t3_85hxgt", "score": 4, "author_fullname": "t2_aw2mu", "report_reasons": null, "approved_by": null, "all_awardings": [], "subreddit_id": "t5_2qhfi", "body": "Benjamin Goodrich's Columbia University course on Bayesian Statistics for the Social Sciences is available online: (link: https://www.youtube.com/playlist?list=PLSZp9QshJ8wyPCgoQR0Kw3HDNuy1FEZH9) youtube.com/playlist?list=\u2026", "edited": false, "downs": 0, "author_flair_css_class": null, "is_submitter": false, "collapsed": false, "author_flair_richtext": [], "author_patreon_flair": false, "body_html": "<div class=\"md\"><p>Benjamin Goodrich&#39;s Columbia University course on Bayesian Statistics for the Social Sciences is available online: (link: <a href=\"https://www.youtube.com/playlist?list=PLSZp9QshJ8wyPCgoQR0Kw3HDNuy1FEZH9\">https://www.youtube.com/playlist?list=PLSZp9QshJ8wyPCgoQR0Kw3HDNuy1FEZH9</a>) youtube.com/playlist?list=\u2026</p>\n</div>", "gildings": {}, "collapsed_reason": null, "associated_award": null, "stickied": false, "author_premium": false, "subreddit_type": "public", "can_gild": true, "subreddit": "statistics", "author_flair_text_color": null, "score_hidden": false, "permalink": "/r/statistics/comments/85hxgt/bayesian_statistics_courserecommendation/dvyahhu/", "num_reports": null, "locked": false, "name": "t1_dvyahhu", "created": 1521512037.0, "author_flair_text": null, "treatment_tags": [], "created_utc": 1521483237.0, "subreddit_name_prefixed": "r/statistics", "controversiality": 0, "depth": 0, "author_flair_background_color": null, "collapsed_because_crowd_control": null, "mod_reports": [], "mod_note": null, "distinguished": null, "_fetched": true}, {"_replies": ["dvy1jd2"], "_submission": "85hxgt", "_reddit": "_reddit", "total_awards_received": 0, "approved_at_utc": null, "ups": 3, "awarders": [], "mod_reason_by": null, "banned_by": null, "author_flair_type": "text", "removal_reason": null, "link_id": "t3_85hxgt", "author_flair_template_id": null, "likes": null, "user_reports": [], "saved": false, "id": "dvy01t9", "banned_at_utc": null, "mod_reason_title": null, "gilded": 0, "archived": true, "no_follow": true, "author": "Starsemi", "can_mod_post": false, "send_replies": true, "parent_id": "t3_85hxgt", "score": 3, "author_fullname": "t2_15dd40", "report_reasons": null, "approved_by": null, "all_awardings": [], "subreddit_id": "t5_2qhfi", "body": "Commenting to refer to later. Thanks for a good question.", "edited": false, "downs": 0, "author_flair_css_class": null, "is_submitter": false, "collapsed": false, "author_flair_richtext": [], "author_patreon_flair": false, "body_html": "<div class=\"md\"><p>Commenting to refer to later. Thanks for a good question.</p>\n</div>", "gildings": {}, "collapsed_reason": null, "associated_award": null, "stickied": false, "author_premium": false, "subreddit_type": "public", "can_gild": true, "subreddit": "statistics", "author_flair_text_color": null, "score_hidden": false, "permalink": "/r/statistics/comments/85hxgt/bayesian_statistics_courserecommendation/dvy01t9/", "num_reports": null, "locked": false, "name": "t1_dvy01t9", "created": 1521502407.0, "author_flair_text": null, "treatment_tags": [], "created_utc": 1521473607.0, "subreddit_name_prefixed": "r/statistics", "controversiality": 0, "depth": 0, "author_flair_background_color": null, "collapsed_because_crowd_control": null, "mod_reports": [], "mod_note": null, "distinguished": null, "_fetched": true}, {"_replies": [], "_submission": "85hxgt", "_reddit": "_reddit", "total_awards_received": 0, "approved_at_utc": null, "ups": 2, "awarders": [], "mod_reason_by": null, "banned_by": null, "author_flair_type": "text", "removal_reason": null, "link_id": "t3_85hxgt", "author_flair_template_id": null, "likes": null, "user_reports": [], "saved": false, "id": "dvytuvz", "banned_at_utc": null, "mod_reason_title": null, "gilded": 0, "archived": true, "no_follow": true, "author": "michael_j_ward", "can_mod_post": false, "send_replies": true, "parent_id": "t3_85hxgt", "score": 2, "author_fullname": "t2_udb56", "report_reasons": null, "approved_by": null, "all_awardings": [], "subreddit_id": "t5_2qhfi", "body": "I haven't taken it [but this Notre Dame course](https://www.zabaras.com/statisticalcomputing) looks like what you're looking for\n\n>Course description: The course covers selective topics on Bayesian scientific computing relevant to high-dimensional data-driven engineering and scientific applications. An overview of Bayesian computational statistics methods will be provided including Monte Carlo methods, exploration of posterior distributions, model selection and validation, MCMC and Sequential MC methods and inference in probabilistic graphical models. Bayesian techniques for building surrogate models of expensive computer codes will be introduced including regression methods for uncertainty quantification, Gaussian process modeling and others. The course will demonstrate these techniques with a variety of scientific and engineering applications including among others inverse problems, dynamical system identification, tracking and control, uncertainty quantification of complex multiscale systems, physical modeling in random media, and optimization/design in the presence of uncertainties. The students will be encouraged to integrate the course tools with their own research topics.\n\n>Intended audience: Graduate Students in Mathematics/Statistics, Computer Science, Engineering, Physical/Chemical/Biological/Life Sciences.", "edited": false, "downs": 0, "author_flair_css_class": null, "is_submitter": false, "collapsed": false, "author_flair_richtext": [], "author_patreon_flair": false, "body_html": "<div class=\"md\"><p>I haven&#39;t taken it <a href=\"https://www.zabaras.com/statisticalcomputing\">but this Notre Dame course</a> looks like what you&#39;re looking for</p>\n\n<blockquote>\n<p>Course description: The course covers selective topics on Bayesian scientific computing relevant to high-dimensional data-driven engineering and scientific applications. An overview of Bayesian computational statistics methods will be provided including Monte Carlo methods, exploration of posterior distributions, model selection and validation, MCMC and Sequential MC methods and inference in probabilistic graphical models. Bayesian techniques for building surrogate models of expensive computer codes will be introduced including regression methods for uncertainty quantification, Gaussian process modeling and others. The course will demonstrate these techniques with a variety of scientific and engineering applications including among others inverse problems, dynamical system identification, tracking and control, uncertainty quantification of complex multiscale systems, physical modeling in random media, and optimization/design in the presence of uncertainties. The students will be encouraged to integrate the course tools with their own research topics.</p>\n\n<p>Intended audience: Graduate Students in Mathematics/Statistics, Computer Science, Engineering, Physical/Chemical/Biological/Life Sciences.</p>\n</blockquote>\n</div>", "gildings": {}, "collapsed_reason": null, "associated_award": null, "stickied": false, "author_premium": false, "subreddit_type": "public", "can_gild": true, "subreddit": "statistics", "author_flair_text_color": null, "score_hidden": false, "permalink": "/r/statistics/comments/85hxgt/bayesian_statistics_courserecommendation/dvytuvz/", "num_reports": null, "locked": false, "name": "t1_dvytuvz", "created": 1521530799.0, "author_flair_text": null, "treatment_tags": [], "created_utc": 1521501999.0, "subreddit_name_prefixed": "r/statistics", "controversiality": 0, "depth": 0, "author_flair_background_color": null, "collapsed_because_crowd_control": null, "mod_reports": [], "mod_note": null, "distinguished": null, "_fetched": true}, {"_replies": ["dvxohw8"], "_submission": "85hxgt", "_reddit": "_reddit", "total_awards_received": 0, "approved_at_utc": null, "ups": -4, "awarders": [], "mod_reason_by": null, "banned_by": null, "author_flair_type": "text", "removal_reason": null, "link_id": "t3_85hxgt", "author_flair_template_id": null, "likes": null, "user_reports": [], "saved": false, "id": "dvxncwh", "banned_at_utc": null, "mod_reason_title": null, "gilded": 0, "archived": true, "no_follow": true, "author": "theofpa", "can_mod_post": false, "send_replies": true, "parent_id": "t3_85hxgt", "score": -4, "author_fullname": "t2_55h9u", "report_reasons": null, "approved_by": null, "all_awardings": [], "subreddit_id": "t5_2qhfi", "body": "[statistical learning at Stanford](https://lagunita.stanford.edu/courses/HumanitiesSciences/StatLearning/Winter2016/about) which is free and you can complete at your own pace", "edited": false, "downs": 0, "author_flair_css_class": null, "is_submitter": false, "collapsed": false, "author_flair_richtext": [], "author_patreon_flair": false, "body_html": "<div class=\"md\"><p><a href=\"https://lagunita.stanford.edu/courses/HumanitiesSciences/StatLearning/Winter2016/about\">statistical learning at Stanford</a> which is free and you can complete at your own pace</p>\n</div>", "gildings": {}, "collapsed_reason": null, "associated_award": null, "stickied": false, "author_premium": false, "subreddit_type": "public", "can_gild": true, "subreddit": "statistics", "author_flair_text_color": null, "score_hidden": false, "permalink": "/r/statistics/comments/85hxgt/bayesian_statistics_courserecommendation/dvxncwh/", "num_reports": null, "locked": false, "name": "t1_dvxncwh", "created": 1521485710.0, "author_flair_text": null, "treatment_tags": [], "created_utc": 1521456910.0, "subreddit_name_prefixed": "r/statistics", "controversiality": 0, "depth": 0, "author_flair_background_color": null, "collapsed_because_crowd_control": null, "mod_reports": [], "mod_note": null, "distinguished": null, "_fetched": true}, {"_replies": [], "_submission": "85hxgt", "_reddit": "_reddit", "total_awards_received": 0, "approved_at_utc": null, "ups": 4, "awarders": [], "mod_reason_by": null, "banned_by": null, "author_flair_type": "text", "removal_reason": null, "link_id": "t3_85hxgt", "author_flair_template_id": null, "likes": null, "user_reports": [], "saved": false, "id": "dvz9mf5", "banned_at_utc": null, "mod_reason_title": null, "gilded": 0, "archived": true, "no_follow": false, "author": "coffeecoffeecoffeee", "can_mod_post": false, "send_replies": true, "parent_id": "t1_dvxmz2w", "score": 4, "author_fullname": "t2_fnb6r", "report_reasons": null, "approved_by": null, "all_awardings": [], "subreddit_id": "t5_2qhfi", "collapsed": false, "body": "Can\u2019t recommend it enough.  This and All of Statistics are the two best stats books I\u2019ve found for building intuition.", "edited": false, "author_flair_css_class": null, "is_submitter": false, "downs": 0, "author_flair_richtext": [], "author_patreon_flair": false, "body_html": "<div class=\"md\"><p>Can\u2019t recommend it enough.  This and All of Statistics are the two best stats books I\u2019ve found for building intuition.</p>\n</div>", "gildings": {}, "collapsed_reason": null, "associated_award": null, "stickied": false, "author_premium": false, "subreddit_type": "public", "can_gild": true, "subreddit": "statistics", "author_flair_text_color": null, "score_hidden": false, "permalink": "/r/statistics/comments/85hxgt/bayesian_statistics_courserecommendation/dvz9mf5/", "num_reports": null, "locked": false, "name": "t1_dvz9mf5", "created": 1521548381.0, "author_flair_text": null, "treatment_tags": [], "created_utc": 1521519581.0, "subreddit_name_prefixed": "r/statistics", "controversiality": 0, "depth": 1, "author_flair_background_color": null, "collapsed_because_crowd_control": null, "mod_reports": [], "mod_note": null, "distinguished": null, "_fetched": true}, {"_replies": [], "_submission": "85hxgt", "_reddit": "_reddit", "total_awards_received": 0, "approved_at_utc": null, "ups": 2, "awarders": [], "mod_reason_by": null, "banned_by": null, "author_flair_type": "text", "removal_reason": null, "link_id": "t3_85hxgt", "author_flair_template_id": null, "likes": null, "user_reports": [], "saved": false, "id": "dvxn08j", "banned_at_utc": null, "mod_reason_title": null, "gilded": 0, "archived": true, "no_follow": true, "author": "unicorntreadmill", "can_mod_post": false, "send_replies": true, "parent_id": "t1_dvxmz2w", "score": 2, "author_fullname": "t2_d3dl6", "report_reasons": null, "approved_by": null, "all_awardings": [], "subreddit_id": "t5_2qhfi", "collapsed": false, "body": "so much this!", "edited": false, "author_flair_css_class": null, "is_submitter": false, "downs": 0, "author_flair_richtext": [], "author_patreon_flair": false, "body_html": "<div class=\"md\"><p>so much this!</p>\n</div>", "gildings": {}, "collapsed_reason": null, "associated_award": null, "stickied": false, "author_premium": false, "subreddit_type": "public", "can_gild": true, "subreddit": "statistics", "author_flair_text_color": null, "score_hidden": false, "permalink": "/r/statistics/comments/85hxgt/bayesian_statistics_courserecommendation/dvxn08j/", "num_reports": null, "locked": false, "name": "t1_dvxn08j", "created": 1521484920.0, "author_flair_text": null, "treatment_tags": [], "created_utc": 1521456120.0, "subreddit_name_prefixed": "r/statistics", "controversiality": 0, "depth": 1, "author_flair_background_color": null, "collapsed_because_crowd_control": null, "mod_reports": [], "mod_note": null, "distinguished": null, "_fetched": true}, {"_replies": [], "_submission": "85hxgt", "_reddit": "_reddit", "total_awards_received": 0, "approved_at_utc": null, "ups": 1, "awarders": [], "mod_reason_by": null, "banned_by": null, "author_flair_type": "text", "removal_reason": null, "link_id": "t3_85hxgt", "author_flair_template_id": null, "likes": null, "user_reports": [], "saved": false, "id": "dvxqlro", "banned_at_utc": null, "mod_reason_title": null, "gilded": 0, "archived": true, "no_follow": true, "author": "davidmanheim", "can_mod_post": false, "send_replies": true, "parent_id": "t1_dvxmz2w", "score": 1, "author_fullname": "t2_7wawv", "report_reasons": null, "approved_by": null, "all_awardings": [], "subreddit_id": "t5_2qhfi", "collapsed": false, "body": "Agreed it's good, but it doesn't haver pacing / tests.", "edited": false, "author_flair_css_class": null, "is_submitter": false, "downs": 0, "author_flair_richtext": [], "author_patreon_flair": false, "body_html": "<div class=\"md\"><p>Agreed it&#39;s good, but it doesn&#39;t haver pacing / tests.</p>\n</div>", "gildings": {}, "collapsed_reason": null, "associated_award": null, "stickied": false, "author_premium": false, "subreddit_type": "public", "can_gild": true, "subreddit": "statistics", "author_flair_text_color": null, "score_hidden": false, "permalink": "/r/statistics/comments/85hxgt/bayesian_statistics_courserecommendation/dvxqlro/", "num_reports": null, "locked": false, "name": "t1_dvxqlro", "created": 1521491679.0, "author_flair_text": null, "treatment_tags": [], "created_utc": 1521462879.0, "subreddit_name_prefixed": "r/statistics", "controversiality": 0, "depth": 1, "author_flair_background_color": null, "collapsed_because_crowd_control": null, "mod_reports": [], "mod_note": null, "distinguished": null, "_fetched": true}, {"_replies": [], "_submission": "85hxgt", "_reddit": "_reddit", "total_awards_received": 0, "approved_at_utc": null, "ups": 7, "awarders": [], "mod_reason_by": null, "banned_by": null, "author_flair_type": "text", "removal_reason": null, "link_id": "t3_85hxgt", "author_flair_template_id": null, "likes": null, "user_reports": [], "saved": false, "id": "dvygxa3", "banned_at_utc": null, "mod_reason_title": null, "gilded": 0, "archived": true, "no_follow": true, "author": "IOvOI_owl", "can_mod_post": false, "send_replies": true, "parent_id": "t1_dvy1efq", "score": 7, "author_fullname": "t2_bwccp", "report_reasons": null, "approved_by": null, "all_awardings": [], "subreddit_id": "t5_2qhfi", "collapsed": false, "body": "Just a small warning. On Coursera there is also Bayesian Statistics course by Duke University. It is offered within Statistics with R specialization, but you can take it separately. Don't take it. I did it about a month ago and I can tell that it is horrible. It progresses too fast and it is incomparably more difficult that rest of the courses of the specialization.", "edited": false, "author_flair_css_class": null, "is_submitter": false, "downs": 0, "author_flair_richtext": [], "author_patreon_flair": false, "body_html": "<div class=\"md\"><p>Just a small warning. On Coursera there is also Bayesian Statistics course by Duke University. It is offered within Statistics with R specialization, but you can take it separately. Don&#39;t take it. I did it about a month ago and I can tell that it is horrible. It progresses too fast and it is incomparably more difficult that rest of the courses of the specialization.</p>\n</div>", "gildings": {}, "collapsed_reason": null, "associated_award": null, "stickied": false, "author_premium": false, "subreddit_type": "public", "can_gild": true, "subreddit": "statistics", "author_flair_text_color": null, "score_hidden": false, "permalink": "/r/statistics/comments/85hxgt/bayesian_statistics_courserecommendation/dvygxa3/", "num_reports": null, "locked": false, "name": "t1_dvygxa3", "created": 1521518049.0, "author_flair_text": null, "treatment_tags": [], "created_utc": 1521489249.0, "subreddit_name_prefixed": "r/statistics", "controversiality": 0, "depth": 1, "author_flair_background_color": null, "collapsed_because_crowd_control": null, "mod_reports": [], "mod_note": null, "distinguished": null, "_fetched": true}, {"_replies": [], "_submission": "85hxgt", "_reddit": "_reddit", "total_awards_received": 0, "approved_at_utc": null, "ups": 1, "awarders": [], "mod_reason_by": null, "banned_by": null, "author_flair_type": "text", "removal_reason": null, "link_id": "t3_85hxgt", "author_flair_template_id": null, "likes": null, "user_reports": [], "saved": false, "id": "dvypy8a", "banned_at_utc": null, "mod_reason_title": null, "gilded": 0, "archived": true, "no_follow": true, "author": "oreo_fanboy", "can_mod_post": false, "send_replies": true, "parent_id": "t1_dvy1efq", "score": 1, "author_fullname": "t2_4e11i", "report_reasons": null, "approved_by": null, "all_awardings": [], "subreddit_id": "t5_2qhfi", "collapsed": false, "body": "Thanks, this is a great summary. ", "edited": false, "author_flair_css_class": null, "is_submitter": false, "downs": 0, "author_flair_richtext": [], "author_patreon_flair": false, "body_html": "<div class=\"md\"><p>Thanks, this is a great summary. </p>\n</div>", "gildings": {}, "collapsed_reason": null, "associated_award": null, "stickied": false, "author_premium": false, "subreddit_type": "public", "can_gild": true, "subreddit": "statistics", "author_flair_text_color": null, "score_hidden": false, "permalink": "/r/statistics/comments/85hxgt/bayesian_statistics_courserecommendation/dvypy8a/", "num_reports": null, "locked": false, "name": "t1_dvypy8a", "created": 1521526778.0, "author_flair_text": null, "treatment_tags": [], "created_utc": 1521497978.0, "subreddit_name_prefixed": "r/statistics", "controversiality": 0, "depth": 1, "author_flair_background_color": null, "collapsed_because_crowd_control": null, "mod_reports": [], "mod_note": null, "distinguished": null, "_fetched": true}, {"_replies": [], "_submission": "85hxgt", "_reddit": "_reddit", "total_awards_received": 0, "approved_at_utc": null, "ups": 3, "awarders": [], "mod_reason_by": null, "banned_by": null, "author_flair_type": "text", "removal_reason": null, "link_id": "t3_85hxgt", "author_flair_template_id": null, "likes": null, "user_reports": [], "saved": false, "id": "dvy64zp", "banned_at_utc": null, "mod_reason_title": null, "gilded": 0, "archived": true, "no_follow": true, "author": "NinjasInTheWind", "can_mod_post": false, "send_replies": true, "parent_id": "t1_dvxm26v", "score": 3, "author_fullname": "t2_4pbw2", "report_reasons": null, "approved_by": null, "all_awardings": [], "subreddit_id": "t5_2qhfi", "collapsed": false, "body": "My buddy helped make this! I definitely recommend it. He's a great teacher.", "edited": false, "author_flair_css_class": null, "is_submitter": false, "downs": 0, "author_flair_richtext": [], "author_patreon_flair": false, "body_html": "<div class=\"md\"><p>My buddy helped make this! I definitely recommend it. He&#39;s a great teacher.</p>\n</div>", "gildings": {}, "collapsed_reason": null, "associated_award": null, "stickied": false, "author_premium": false, "subreddit_type": "public", "can_gild": true, "subreddit": "statistics", "author_flair_text_color": null, "score_hidden": false, "permalink": "/r/statistics/comments/85hxgt/bayesian_statistics_courserecommendation/dvy64zp/", "num_reports": null, "locked": false, "name": "t1_dvy64zp", "created": 1521508047.0, "author_flair_text": null, "treatment_tags": [], "created_utc": 1521479247.0, "subreddit_name_prefixed": "r/statistics", "controversiality": 0, "depth": 1, "author_flair_background_color": null, "collapsed_because_crowd_control": null, "mod_reports": [], "mod_note": null, "distinguished": null, "_fetched": true}, {"_replies": ["dvxovfb"], "_submission": "85hxgt", "_reddit": "_reddit", "total_awards_received": 0, "approved_at_utc": null, "ups": 1, "awarders": [], "mod_reason_by": null, "banned_by": null, "author_flair_type": "text", "removal_reason": null, "link_id": "t3_85hxgt", "author_flair_template_id": null, "likes": null, "user_reports": [], "saved": false, "id": "dvxomxg", "banned_at_utc": null, "mod_reason_title": null, "gilded": 0, "archived": true, "no_follow": true, "author": "I4gotmyothername", "can_mod_post": false, "send_replies": true, "parent_id": "t1_dvxm26v", "score": 1, "author_fullname": "t2_dk3ag", "report_reasons": null, "approved_by": null, "all_awardings": [], "subreddit_id": "t5_2qhfi", "collapsed": false, "body": "Thanks, \n\nthis might actually be a good first step for me. Can I ask about the final Capstone project? Did you find it to be challenging or a very straightforward application of what you had learnt in the course?", "edited": false, "author_flair_css_class": null, "is_submitter": true, "downs": 0, "author_flair_richtext": [], "author_patreon_flair": false, "body_html": "<div class=\"md\"><p>Thanks, </p>\n\n<p>this might actually be a good first step for me. Can I ask about the final Capstone project? Did you find it to be challenging or a very straightforward application of what you had learnt in the course?</p>\n</div>", "gildings": {}, "collapsed_reason": null, "associated_award": null, "stickied": false, "author_premium": false, "subreddit_type": "public", "can_gild": true, "subreddit": "statistics", "author_flair_text_color": null, "score_hidden": false, "permalink": "/r/statistics/comments/85hxgt/bayesian_statistics_courserecommendation/dvxomxg/", "num_reports": null, "locked": false, "name": "t1_dvxomxg", "created": 1521488340.0, "author_flair_text": null, "treatment_tags": [], "created_utc": 1521459540.0, "subreddit_name_prefixed": "r/statistics", "controversiality": 0, "depth": 1, "author_flair_background_color": null, "collapsed_because_crowd_control": null, "mod_reports": [], "mod_note": null, "distinguished": null, "_fetched": true}, {"_replies": ["dvzo9cl", "dw1nejv"], "_submission": "85hxgt", "_reddit": "_reddit", "total_awards_received": 0, "approved_at_utc": null, "ups": 1, "awarders": [], "mod_reason_by": null, "banned_by": null, "author_flair_type": "text", "removal_reason": null, "link_id": "t3_85hxgt", "author_flair_template_id": null, "likes": null, "user_reports": [], "saved": false, "id": "dvzj184", "banned_at_utc": null, "mod_reason_title": null, "gilded": 0, "archived": true, "no_follow": true, "author": "I4gotmyothername", "can_mod_post": false, "send_replies": true, "parent_id": "t1_dvypy82", "score": 1, "author_fullname": "t2_dk3ag", "report_reasons": null, "approved_by": null, "all_awardings": [], "subreddit_id": "t5_2qhfi", "collapsed": false, "body": "thanks! \n\nThis looks super comprehensive. \nI think I'm going to go with Rethinking Statistics though. simply because it seems more straight-forward to self-study. Watch lecture, read corresponding chapter, do exercises.\n\nWhereas this doesn't seem to have obvious next steps after watching the lecture. there are some homework questions I saw, but the reference material seems hard to get and might not always match the format of how the lecture was presented.\n", "edited": false, "author_flair_css_class": null, "is_submitter": true, "downs": 0, "author_flair_richtext": [], "author_patreon_flair": false, "body_html": "<div class=\"md\"><p>thanks! </p>\n\n<p>This looks super comprehensive. \nI think I&#39;m going to go with Rethinking Statistics though. simply because it seems more straight-forward to self-study. Watch lecture, read corresponding chapter, do exercises.</p>\n\n<p>Whereas this doesn&#39;t seem to have obvious next steps after watching the lecture. there are some homework questions I saw, but the reference material seems hard to get and might not always match the format of how the lecture was presented.</p>\n</div>", "gildings": {}, "collapsed_reason": null, "associated_award": null, "stickied": false, "author_premium": false, "subreddit_type": "public", "can_gild": true, "subreddit": "statistics", "author_flair_text_color": null, "score_hidden": false, "permalink": "/r/statistics/comments/85hxgt/bayesian_statistics_courserecommendation/dvzj184/", "num_reports": null, "locked": false, "name": "t1_dvzj184", "created": 1521568981.0, "author_flair_text": null, "treatment_tags": [], "created_utc": 1521540181.0, "subreddit_name_prefixed": "r/statistics", "controversiality": 0, "depth": 1, "author_flair_background_color": null, "collapsed_because_crowd_control": null, "mod_reports": [], "mod_note": null, "distinguished": null, "_fetched": true}, {"_replies": [], "_submission": "85hxgt", "_reddit": "_reddit", "total_awards_received": 0, "approved_at_utc": null, "ups": 4, "awarders": [], "mod_reason_by": null, "banned_by": null, "author_flair_type": "text", "removal_reason": null, "link_id": "t3_85hxgt", "author_flair_template_id": null, "likes": null, "user_reports": [], "saved": false, "id": "dvxkru7", "banned_at_utc": null, "mod_reason_title": null, "gilded": 0, "archived": true, "no_follow": false, "author": "I4gotmyothername", "can_mod_post": false, "send_replies": true, "parent_id": "t1_dvxkjth", "score": 4, "author_fullname": "t2_dk3ag", "report_reasons": null, "approved_by": null, "all_awardings": [], "subreddit_id": "t5_2qhfi", "collapsed": false, "body": "I actually have a copy of the book and I've started reading through it. If this is the best approach to getting up to speed in my Bayesian stats then I'll carry on. \n\nI'm sort of looking for a course though to give me checkpoints and targets to achieve on a weekly basis and then I was hoping to use Gelman as a supplement for further reading on some of the topics. ", "edited": false, "author_flair_css_class": null, "is_submitter": true, "downs": 0, "author_flair_richtext": [], "author_patreon_flair": false, "body_html": "<div class=\"md\"><p>I actually have a copy of the book and I&#39;ve started reading through it. If this is the best approach to getting up to speed in my Bayesian stats then I&#39;ll carry on. </p>\n\n<p>I&#39;m sort of looking for a course though to give me checkpoints and targets to achieve on a weekly basis and then I was hoping to use Gelman as a supplement for further reading on some of the topics. </p>\n</div>", "gildings": {}, "collapsed_reason": null, "associated_award": null, "stickied": false, "author_premium": false, "subreddit_type": "public", "can_gild": true, "subreddit": "statistics", "author_flair_text_color": null, "score_hidden": false, "permalink": "/r/statistics/comments/85hxgt/bayesian_statistics_courserecommendation/dvxkru7/", "num_reports": null, "locked": false, "name": "t1_dvxkru7", "created": 1521479099.0, "author_flair_text": null, "treatment_tags": [], "created_utc": 1521450299.0, "subreddit_name_prefixed": "r/statistics", "controversiality": 0, "depth": 1, "author_flair_background_color": null, "collapsed_because_crowd_control": null, "mod_reports": [], "mod_note": null, "distinguished": null, "_fetched": true}, {"_replies": ["dvxozni", "dvy1m6e", "dw10oey"], "_submission": "85hxgt", "_reddit": "_reddit", "total_awards_received": 0, "approved_at_utc": null, "ups": 2, "awarders": [], "mod_reason_by": null, "banned_by": null, "author_flair_type": "text", "removal_reason": null, "link_id": "t3_85hxgt", "author_flair_template_id": null, "likes": null, "user_reports": [], "saved": false, "id": "dvxo1r6", "banned_at_utc": null, "mod_reason_title": null, "gilded": 0, "archived": true, "no_follow": true, "author": "corote_com_dolly", "can_mod_post": false, "send_replies": true, "parent_id": "t1_dvxkjth", "score": 2, "author_fullname": "t2_gvmukhf", "report_reasons": null, "approved_by": null, "all_awardings": [], "subreddit_id": "t5_2qhfi", "collapsed": false, "body": "How do you think it compares to either Kruschke's Doing Bayesian Data Analysis or Robert's The Bayesian Choice?", "edited": false, "author_flair_css_class": null, "is_submitter": false, "downs": 0, "author_flair_richtext": [], "author_patreon_flair": false, "body_html": "<div class=\"md\"><p>How do you think it compares to either Kruschke&#39;s Doing Bayesian Data Analysis or Robert&#39;s The Bayesian Choice?</p>\n</div>", "gildings": {}, "collapsed_reason": null, "associated_award": null, "stickied": false, "author_premium": false, "subreddit_type": "public", "can_gild": true, "subreddit": "statistics", "author_flair_text_color": null, "score_hidden": false, "permalink": "/r/statistics/comments/85hxgt/bayesian_statistics_courserecommendation/dvxo1r6/", "num_reports": null, "locked": false, "name": "t1_dvxo1r6", "created": 1521487186.0, "author_flair_text": null, "treatment_tags": [], "created_utc": 1521458386.0, "subreddit_name_prefixed": "r/statistics", "controversiality": 0, "depth": 1, "author_flair_background_color": null, "collapsed_because_crowd_control": null, "mod_reports": [], "mod_note": null, "distinguished": null, "_fetched": true}, {"_replies": [], "_submission": "85hxgt", "_reddit": "_reddit", "total_awards_received": 0, "approved_at_utc": null, "ups": 1, "awarders": [], "mod_reason_by": null, "banned_by": null, "author_flair_type": "text", "removal_reason": null, "link_id": "t3_85hxgt", "author_flair_template_id": null, "likes": null, "user_reports": [], "saved": false, "id": "dvzpbc1", "banned_at_utc": null, "mod_reason_title": null, "gilded": 0, "archived": true, "no_follow": true, "author": "I4gotmyothername", "can_mod_post": false, "send_replies": true, "parent_id": "t1_dvyahhu", "score": 1, "author_fullname": "t2_dk3ag", "report_reasons": null, "approved_by": null, "all_awardings": [], "subreddit_id": "t5_2qhfi", "collapsed": false, "body": "thanks! surprisingly the link you posted actually works O_o\n[I found the syllabus here](https://courseworks2.columbia.edu/courses/54170/assignments/syllabus) \nand it honestly looks pretty good.\n\nTo quote the course description:\n\n>An introduction to Bayesian statistical methods with applications to the social sciences. This course will be less technical than similar\ncourses sometimes offered by the Statistics Department. Considerable emphasis will be placed on regression modeling and model\nchecking. The primary software used will be Stan, which students do not need to be familiar with in advance. We will access the Stan\nlibrary via R, so some experience with R is necessary\n\nThe syllabus seems to go as far as hierarchical modelling and I think I'll want to go a bit further than that but this still seems like a good resource worth being in the discussion.", "edited": false, "author_flair_css_class": null, "is_submitter": true, "downs": 0, "author_flair_richtext": [], "author_patreon_flair": false, "body_html": "<div class=\"md\"><p>thanks! surprisingly the link you posted actually works O_o\n<a href=\"https://courseworks2.columbia.edu/courses/54170/assignments/syllabus\">I found the syllabus here</a> \nand it honestly looks pretty good.</p>\n\n<p>To quote the course description:</p>\n\n<blockquote>\n<p>An introduction to Bayesian statistical methods with applications to the social sciences. This course will be less technical than similar\ncourses sometimes offered by the Statistics Department. Considerable emphasis will be placed on regression modeling and model\nchecking. The primary software used will be Stan, which students do not need to be familiar with in advance. We will access the Stan\nlibrary via R, so some experience with R is necessary</p>\n</blockquote>\n\n<p>The syllabus seems to go as far as hierarchical modelling and I think I&#39;ll want to go a bit further than that but this still seems like a good resource worth being in the discussion.</p>\n</div>", "gildings": {}, "collapsed_reason": null, "associated_award": null, "stickied": false, "author_premium": false, "subreddit_type": "public", "can_gild": true, "subreddit": "statistics", "author_flair_text_color": null, "score_hidden": false, "permalink": "/r/statistics/comments/85hxgt/bayesian_statistics_courserecommendation/dvzpbc1/", "num_reports": null, "locked": false, "name": "t1_dvzpbc1", "created": 1521580181.0, "author_flair_text": null, "treatment_tags": [], "created_utc": 1521551381.0, "subreddit_name_prefixed": "r/statistics", "controversiality": 0, "depth": 1, "author_flair_background_color": null, "collapsed_because_crowd_control": null, "mod_reports": [], "mod_note": null, "distinguished": null, "_fetched": true}, {"_replies": ["dvy1ss5"], "_submission": "85hxgt", "_reddit": "_reddit", "total_awards_received": 0, "approved_at_utc": null, "ups": 2, "awarders": [], "mod_reason_by": null, "banned_by": null, "author_flair_type": "text", "removal_reason": null, "link_id": "t3_85hxgt", "author_flair_template_id": null, "likes": null, "user_reports": [], "saved": false, "id": "dvy1jd2", "banned_at_utc": null, "mod_reason_title": null, "gilded": 0, "archived": true, "no_follow": true, "author": "I4gotmyothername", "can_mod_post": false, "send_replies": true, "parent_id": "t1_dvy01t9", "score": 2, "author_fullname": "t2_dk3ag", "report_reasons": null, "approved_by": null, "all_awardings": [], "subreddit_id": "t5_2qhfi", "collapsed": false, "body": "I posted a summary of what I've found online in a comment above so that should make life easy for you", "edited": false, "author_flair_css_class": null, "is_submitter": true, "downs": 0, "author_flair_richtext": [], "author_patreon_flair": false, "body_html": "<div class=\"md\"><p>I posted a summary of what I&#39;ve found online in a comment above so that should make life easy for you</p>\n</div>", "gildings": {}, "collapsed_reason": null, "associated_award": null, "stickied": false, "author_premium": false, "subreddit_type": "public", "can_gild": true, "subreddit": "statistics", "author_flair_text_color": null, "score_hidden": false, "permalink": "/r/statistics/comments/85hxgt/bayesian_statistics_courserecommendation/dvy1jd2/", "num_reports": null, "locked": false, "name": "t1_dvy1jd2", "created": 1521503806.0, "author_flair_text": null, "treatment_tags": [], "created_utc": 1521475006.0, "subreddit_name_prefixed": "r/statistics", "controversiality": 0, "depth": 1, "author_flair_background_color": null, "collapsed_because_crowd_control": null, "mod_reports": [], "mod_note": null, "distinguished": null, "_fetched": true}, {"_replies": ["dvygv4x"], "_submission": "85hxgt", "_reddit": "_reddit", "total_awards_received": 0, "approved_at_utc": null, "ups": 3, "awarders": [], "mod_reason_by": null, "banned_by": null, "author_flair_type": "text", "removal_reason": null, "link_id": "t3_85hxgt", "author_flair_template_id": null, "likes": null, "user_reports": [], "saved": false, "id": "dvxohw8", "banned_at_utc": null, "mod_reason_title": null, "gilded": 0, "archived": true, "no_follow": false, "author": "I4gotmyothername", "can_mod_post": false, "send_replies": true, "parent_id": "t1_dvxncwh", "score": 3, "author_fullname": "t2_dk3ag", "report_reasons": null, "approved_by": null, "all_awardings": [], "subreddit_id": "t5_2qhfi", "collapsed": false, "body": "Thanks, but this is completely not what I was asking about as far as I can see.\n\nIts a course through Hastie and Tibshiranis book and focusses on techniques that aren't Bayesian at all", "edited": false, "author_flair_css_class": null, "is_submitter": true, "downs": 0, "author_flair_richtext": [], "author_patreon_flair": false, "body_html": "<div class=\"md\"><p>Thanks, but this is completely not what I was asking about as far as I can see.</p>\n\n<p>Its a course through Hastie and Tibshiranis book and focusses on techniques that aren&#39;t Bayesian at all</p>\n</div>", "gildings": {}, "collapsed_reason": null, "associated_award": null, "stickied": false, "author_premium": false, "subreddit_type": "public", "can_gild": true, "subreddit": "statistics", "author_flair_text_color": null, "score_hidden": false, "permalink": "/r/statistics/comments/85hxgt/bayesian_statistics_courserecommendation/dvxohw8/", "num_reports": null, "locked": false, "name": "t1_dvxohw8", "created": 1521488069.0, "author_flair_text": null, "treatment_tags": [], "created_utc": 1521459269.0, "subreddit_name_prefixed": "r/statistics", "controversiality": 0, "depth": 1, "author_flair_background_color": null, "collapsed_because_crowd_control": null, "mod_reports": [], "mod_note": null, "distinguished": null, "_fetched": true}, {"_replies": ["dvxp4lw"], "_submission": "85hxgt", "_reddit": "_reddit", "total_awards_received": 0, "approved_at_utc": null, "ups": 2, "awarders": [], "mod_reason_by": null, "banned_by": null, "author_flair_type": "text", "removal_reason": null, "link_id": "t3_85hxgt", "author_flair_template_id": null, "likes": null, "user_reports": [], "saved": false, "id": "dvxovfb", "banned_at_utc": null, "mod_reason_title": null, "gilded": 0, "archived": true, "no_follow": true, "author": "vmsmith", "can_mod_post": false, "created_utc": 1521459984.0, "send_replies": true, "parent_id": "t1_dvxomxg", "score": 2, "author_fullname": "t2_31qxn", "report_reasons": null, "approved_by": null, "all_awardings": [], "subreddit_id": "t5_2qhfi", "body": "I don't recall a capstone project, but I wasn't really paying attention. I did take the regular quizzes however, and got a final grade of 91 and a certificate of course completion, so I would guess that if there was a capstone, it was not mandatory. \n\nAnd by the way, there is a follow-on course from the same group that goes into Monte Carlo methods, Gibbs sampling, and other more advanced stuff.\n\nAlso, if you do a search of Coursera, I believe you'll find still another Bayesian statistics course run in conjunction with Duke. I intend to take a peek at that after I've fully digested what's on my plate now.", "edited": false, "author_flair_css_class": null, "is_submitter": false, "downs": 0, "author_flair_richtext": [], "author_patreon_flair": false, "body_html": "<div class=\"md\"><p>I don&#39;t recall a capstone project, but I wasn&#39;t really paying attention. I did take the regular quizzes however, and got a final grade of 91 and a certificate of course completion, so I would guess that if there was a capstone, it was not mandatory. </p>\n\n<p>And by the way, there is a follow-on course from the same group that goes into Monte Carlo methods, Gibbs sampling, and other more advanced stuff.</p>\n\n<p>Also, if you do a search of Coursera, I believe you&#39;ll find still another Bayesian statistics course run in conjunction with Duke. I intend to take a peek at that after I&#39;ve fully digested what&#39;s on my plate now.</p>\n</div>", "gildings": {}, "collapsed_reason": null, "associated_award": null, "stickied": false, "author_premium": true, "subreddit_type": "public", "can_gild": true, "subreddit": "statistics", "author_flair_text_color": null, "score_hidden": false, "permalink": "/r/statistics/comments/85hxgt/bayesian_statistics_courserecommendation/dvxovfb/", "num_reports": null, "locked": false, "name": "t1_dvxovfb", "created": 1521488784.0, "author_flair_text": null, "treatment_tags": [], "collapsed": false, "subreddit_name_prefixed": "r/statistics", "controversiality": 0, "depth": 2, "author_flair_background_color": null, "collapsed_because_crowd_control": null, "mod_reports": [], "mod_note": null, "distinguished": null, "_fetched": true}, {"_replies": [], "_submission": "85hxgt", "_reddit": "_reddit", "total_awards_received": 0, "approved_at_utc": null, "ups": 2, "awarders": [], "mod_reason_by": null, "banned_by": null, "author_flair_type": "text", "removal_reason": null, "link_id": "t3_85hxgt", "author_flair_template_id": null, "likes": null, "user_reports": [], "saved": false, "id": "dvzo9cl", "banned_at_utc": null, "mod_reason_title": null, "gilded": 0, "archived": true, "no_follow": true, "author": "rohansway", "can_mod_post": false, "created_utc": 1521549994.0, "send_replies": true, "parent_id": "t1_dvzj184", "score": 2, "author_fullname": "t2_hq0y5p0", "report_reasons": null, "approved_by": null, "all_awardings": [], "subreddit_id": "t5_2qhfi", "body": "Good luck.  I think you are making a good choice.   I would probably do the same, except I'm trying to get away from R and focus on Python.", "edited": false, "author_flair_css_class": null, "is_submitter": false, "downs": 0, "author_flair_richtext": [], "author_patreon_flair": false, "body_html": "<div class=\"md\"><p>Good luck.  I think you are making a good choice.   I would probably do the same, except I&#39;m trying to get away from R and focus on Python.</p>\n</div>", "gildings": {}, "collapsed_reason": null, "associated_award": null, "stickied": false, "author_premium": false, "subreddit_type": "public", "can_gild": true, "subreddit": "statistics", "author_flair_text_color": null, "score_hidden": false, "permalink": "/r/statistics/comments/85hxgt/bayesian_statistics_courserecommendation/dvzo9cl/", "num_reports": null, "locked": false, "name": "t1_dvzo9cl", "created": 1521578794.0, "author_flair_text": null, "treatment_tags": [], "collapsed": false, "subreddit_name_prefixed": "r/statistics", "controversiality": 0, "depth": 2, "author_flair_background_color": null, "collapsed_because_crowd_control": null, "mod_reports": [], "mod_note": null, "distinguished": null, "_fetched": true}, {"_replies": [], "_submission": "85hxgt", "_reddit": "_reddit", "total_awards_received": 0, "approved_at_utc": null, "ups": 2, "awarders": [], "mod_reason_by": null, "banned_by": null, "author_flair_type": "text", "removal_reason": null, "link_id": "t3_85hxgt", "author_flair_template_id": null, "likes": null, "user_reports": [], "saved": false, "id": "dw1nejv", "banned_at_utc": null, "mod_reason_title": null, "gilded": 0, "archived": true, "no_follow": true, "author": "rohansway", "can_mod_post": false, "created_utc": 1521636270.0, "send_replies": true, "parent_id": "t1_dvzj184", "score": 2, "author_fullname": "t2_hq0y5p0", "report_reasons": null, "approved_by": null, "all_awardings": [], "subreddit_id": "t5_2qhfi", "body": "[In python.](https://github.com/aloctavodia/Statistical-Rethinking-with-Python-and-PyMC3)", "edited": false, "author_flair_css_class": null, "is_submitter": false, "downs": 0, "author_flair_richtext": [], "author_patreon_flair": false, "body_html": "<div class=\"md\"><p><a href=\"https://github.com/aloctavodia/Statistical-Rethinking-with-Python-and-PyMC3\">In python.</a></p>\n</div>", "gildings": {}, "collapsed_reason": null, "associated_award": null, "stickied": false, "author_premium": false, "subreddit_type": "public", "can_gild": true, "subreddit": "statistics", "author_flair_text_color": null, "score_hidden": false, "permalink": "/r/statistics/comments/85hxgt/bayesian_statistics_courserecommendation/dw1nejv/", "num_reports": null, "locked": false, "name": "t1_dw1nejv", "created": 1521665070.0, "author_flair_text": null, "treatment_tags": [], "collapsed": false, "subreddit_name_prefixed": "r/statistics", "controversiality": 0, "depth": 2, "author_flair_background_color": null, "collapsed_because_crowd_control": null, "mod_reports": [], "mod_note": null, "distinguished": null, "_fetched": true}, {"_replies": ["dvydib1"], "_submission": "85hxgt", "_reddit": "_reddit", "total_awards_received": 0, "approved_at_utc": null, "ups": 3, "awarders": [], "mod_reason_by": null, "banned_by": null, "author_flair_type": "text", "removal_reason": null, "link_id": "t3_85hxgt", "author_flair_template_id": null, "likes": null, "user_reports": [], "saved": false, "id": "dvy1m6e", "banned_at_utc": null, "mod_reason_title": null, "gilded": 0, "archived": true, "no_follow": true, "author": "reddit_sux_shmux", "can_mod_post": false, "created_utc": 1521475080.0, "send_replies": true, "parent_id": "t1_dvxo1r6", "score": 3, "author_fullname": "t2_6r71ubb", "report_reasons": null, "approved_by": null, "all_awardings": [], "subreddit_id": "t5_2qhfi", "body": "I think that Gelman's book is more complete and has more advanced techniques, but harder to understand for a novice.\n\nI wish there was a MOOC or any course based on Gelman's book as I find it pretty hard to read by myself...", "edited": false, "author_flair_css_class": null, "is_submitter": false, "downs": 0, "author_flair_richtext": [], "author_patreon_flair": false, "body_html": "<div class=\"md\"><p>I think that Gelman&#39;s book is more complete and has more advanced techniques, but harder to understand for a novice.</p>\n\n<p>I wish there was a MOOC or any course based on Gelman&#39;s book as I find it pretty hard to read by myself...</p>\n</div>", "gildings": {}, "collapsed_reason": null, "associated_award": null, "stickied": false, "author_premium": false, "subreddit_type": "public", "can_gild": true, "subreddit": "statistics", "author_flair_text_color": null, "score_hidden": false, "permalink": "/r/statistics/comments/85hxgt/bayesian_statistics_courserecommendation/dvy1m6e/", "num_reports": null, "locked": false, "name": "t1_dvy1m6e", "created": 1521503880.0, "author_flair_text": null, "treatment_tags": [], "collapsed": false, "subreddit_name_prefixed": "r/statistics", "controversiality": 0, "depth": 2, "author_flair_background_color": null, "collapsed_because_crowd_control": null, "mod_reports": [], "mod_note": null, "distinguished": null, "_fetched": true}, {"_replies": [], "_submission": "85hxgt", "_reddit": "_reddit", "total_awards_received": 0, "approved_at_utc": null, "ups": 1, "awarders": [], "mod_reason_by": null, "banned_by": null, "author_flair_type": "text", "removal_reason": null, "link_id": "t3_85hxgt", "author_flair_template_id": null, "likes": null, "user_reports": [], "saved": false, "id": "dw10oey", "banned_at_utc": null, "mod_reason_title": null, "gilded": 0, "archived": true, "no_follow": true, "author": "Slabs", "can_mod_post": false, "created_utc": 1521596983.0, "send_replies": true, "parent_id": "t1_dvxo1r6", "score": 1, "author_fullname": "t2_8sn3z", "report_reasons": null, "approved_by": null, "all_awardings": [], "subreddit_id": "t5_2qhfi", "body": "Kruschke is much more accessible, and probably much easier for self-study.\n\n", "edited": false, "author_flair_css_class": null, "is_submitter": false, "downs": 0, "author_flair_richtext": [], "author_patreon_flair": false, "body_html": "<div class=\"md\"><p>Kruschke is much more accessible, and probably much easier for self-study.</p>\n</div>", "gildings": {}, "collapsed_reason": null, "associated_award": null, "stickied": false, "author_premium": false, "subreddit_type": "public", "can_gild": true, "subreddit": "statistics", "author_flair_text_color": null, "score_hidden": false, "permalink": "/r/statistics/comments/85hxgt/bayesian_statistics_courserecommendation/dw10oey/", "num_reports": null, "locked": false, "name": "t1_dw10oey", "created": 1521625783.0, "author_flair_text": null, "treatment_tags": [], "collapsed": false, "subreddit_name_prefixed": "r/statistics", "controversiality": 0, "depth": 2, "author_flair_background_color": null, "collapsed_because_crowd_control": null, "mod_reports": [], "mod_note": null, "distinguished": null, "_fetched": true}, {"_replies": [], "_submission": "85hxgt", "_reddit": "_reddit", "total_awards_received": 0, "approved_at_utc": null, "ups": 1, "awarders": [], "mod_reason_by": null, "banned_by": null, "author_flair_type": "text", "removal_reason": null, "link_id": "t3_85hxgt", "author_flair_template_id": null, "likes": null, "user_reports": [], "saved": false, "id": "dvy1ss5", "banned_at_utc": null, "mod_reason_title": null, "gilded": 0, "archived": true, "no_follow": true, "author": "Starsemi", "can_mod_post": false, "created_utc": 1521475254.0, "send_replies": true, "parent_id": "t1_dvy1jd2", "score": 1, "author_fullname": "t2_15dd40", "report_reasons": null, "approved_by": null, "all_awardings": [], "subreddit_id": "t5_2qhfi", "body": "Thanks!", "edited": false, "author_flair_css_class": null, "is_submitter": false, "downs": 0, "author_flair_richtext": [], "author_patreon_flair": false, "body_html": "<div class=\"md\"><p>Thanks!</p>\n</div>", "gildings": {}, "collapsed_reason": null, "associated_award": null, "stickied": false, "author_premium": false, "subreddit_type": "public", "can_gild": true, "subreddit": "statistics", "author_flair_text_color": null, "score_hidden": false, "permalink": "/r/statistics/comments/85hxgt/bayesian_statistics_courserecommendation/dvy1ss5/", "num_reports": null, "locked": false, "name": "t1_dvy1ss5", "created": 1521504054.0, "author_flair_text": null, "treatment_tags": [], "collapsed": false, "subreddit_name_prefixed": "r/statistics", "controversiality": 0, "depth": 2, "author_flair_background_color": null, "collapsed_because_crowd_control": null, "mod_reports": [], "mod_note": null, "distinguished": null, "_fetched": true}, {"_replies": [], "_submission": "85hxgt", "_reddit": "_reddit", "total_awards_received": 0, "approved_at_utc": null, "ups": 0, "awarders": [], "mod_reason_by": null, "banned_by": null, "author_flair_type": "text", "removal_reason": null, "link_id": "t3_85hxgt", "author_flair_template_id": null, "likes": null, "user_reports": [], "saved": false, "id": "dvygv4x", "banned_at_utc": null, "mod_reason_title": null, "gilded": 0, "archived": true, "no_follow": true, "author": "theofpa", "can_mod_post": false, "created_utc": 1521489195.0, "send_replies": true, "parent_id": "t1_dvxohw8", "score": 0, "author_fullname": "t2_55h9u", "report_reasons": null, "approved_by": null, "all_awardings": [], "subreddit_id": "t5_2qhfi", "body": "There are some references to Bayesian techniques in the EOSL book of the course:\n\nChapter 2.8: Roughness Penalty and Bayesian Methods\nChapter 7.7: The Bayesian Approach and BIC\nChapter 8.3: Bayesian Methods\nChapter 8.4: Relationship Between the Bootstrap\rand Bayesian Inference\nChapter 11.9: Bayesian Neural Nets and the NIPS 2003 Challenge\nChapter 18.7: A Bayesian Interpretation of the FDR", "edited": false, "author_flair_css_class": null, "is_submitter": false, "downs": 0, "author_flair_richtext": [], "author_patreon_flair": false, "body_html": "<div class=\"md\"><p>There are some references to Bayesian techniques in the EOSL book of the course:</p>\n\n<p>Chapter 2.8: Roughness Penalty and Bayesian Methods\nChapter 7.7: The Bayesian Approach and BIC\nChapter 8.3: Bayesian Methods\nChapter 8.4: Relationship Between the Bootstrap\nand Bayesian Inference\nChapter 11.9: Bayesian Neural Nets and the NIPS 2003 Challenge\nChapter 18.7: A Bayesian Interpretation of the FDR</p>\n</div>", "gildings": {}, "collapsed_reason": null, "associated_award": null, "stickied": false, "author_premium": false, "subreddit_type": "public", "can_gild": true, "subreddit": "statistics", "author_flair_text_color": null, "score_hidden": false, "permalink": "/r/statistics/comments/85hxgt/bayesian_statistics_courserecommendation/dvygv4x/", "num_reports": null, "locked": false, "name": "t1_dvygv4x", "created": 1521517995.0, "author_flair_text": null, "treatment_tags": [], "collapsed": false, "subreddit_name_prefixed": "r/statistics", "controversiality": 0, "depth": 2, "author_flair_background_color": null, "collapsed_because_crowd_control": null, "mod_reports": [], "mod_note": null, "distinguished": null, "_fetched": true}, {"_replies": ["dvxp9h0"], "_submission": "85hxgt", "_reddit": "_reddit", "total_awards_received": 0, "approved_at_utc": null, "ups": 1, "awarders": [], "mod_reason_by": null, "banned_by": null, "author_flair_type": "text", "removal_reason": null, "link_id": "t3_85hxgt", "author_flair_template_id": null, "likes": null, "user_reports": [], "saved": false, "id": "dvxp4lw", "banned_at_utc": null, "mod_reason_title": null, "gilded": 0, "archived": true, "no_follow": true, "author": "I4gotmyothername", "can_mod_post": false, "send_replies": true, "parent_id": "t1_dvxovfb", "score": 1, "author_fullname": "t2_dk3ag", "report_reasons": null, "approved_by": null, "all_awardings": [], "subreddit_id": "t5_2qhfi", "body": "Ah the Capstone project is actually part of the follow-on course not the one you did. \n\nIn fact I might just give the follow-on a shot and skip course-1, since it seems to only deal with concepts that are handled in chapters 1 and 2 of Andrew Gelman's book.", "edited": false, "downs": 0, "author_flair_css_class": null, "is_submitter": true, "collapsed": false, "author_flair_richtext": [], "author_patreon_flair": false, "body_html": "<div class=\"md\"><p>Ah the Capstone project is actually part of the follow-on course not the one you did. </p>\n\n<p>In fact I might just give the follow-on a shot and skip course-1, since it seems to only deal with concepts that are handled in chapters 1 and 2 of Andrew Gelman&#39;s book.</p>\n</div>", "gildings": {}, "collapsed_reason": null, "associated_award": null, "stickied": false, "author_premium": false, "subreddit_type": "public", "can_gild": true, "subreddit": "statistics", "author_flair_text_color": null, "score_hidden": false, "permalink": "/r/statistics/comments/85hxgt/bayesian_statistics_courserecommendation/dvxp4lw/", "num_reports": null, "locked": false, "name": "t1_dvxp4lw", "created": 1521489244.0, "author_flair_text": null, "treatment_tags": [], "created_utc": 1521460444.0, "subreddit_name_prefixed": "r/statistics", "controversiality": 0, "depth": 3, "author_flair_background_color": null, "collapsed_because_crowd_control": null, "mod_reports": [], "mod_note": null, "distinguished": null, "_fetched": true}, {"_replies": [], "_submission": "85hxgt", "_reddit": "_reddit", "total_awards_received": 0, "approved_at_utc": null, "ups": 2, "awarders": [], "mod_reason_by": null, "banned_by": null, "author_flair_type": "text", "removal_reason": null, "link_id": "t3_85hxgt", "author_flair_template_id": null, "likes": null, "user_reports": [], "saved": false, "id": "dvydib1", "banned_at_utc": null, "mod_reason_title": null, "gilded": 0, "archived": true, "no_follow": true, "author": "victorvscn", "can_mod_post": false, "send_replies": true, "parent_id": "t1_dvy1m6e", "score": 2, "author_fullname": "t2_bekb5", "report_reasons": null, "approved_by": null, "all_awardings": [], "subreddit_id": "t5_2qhfi", "body": "I've asked colleagues about their opinions and you are spot on. Bear in mind that I'm a psychologist, so the cognitive psychology approach from Kruschke was widely seen as positive, but less comprehensive than Gelman.", "edited": false, "downs": 0, "author_flair_css_class": null, "is_submitter": false, "collapsed": false, "author_flair_richtext": [], "author_patreon_flair": false, "body_html": "<div class=\"md\"><p>I&#39;ve asked colleagues about their opinions and you are spot on. Bear in mind that I&#39;m a psychologist, so the cognitive psychology approach from Kruschke was widely seen as positive, but less comprehensive than Gelman.</p>\n</div>", "gildings": {}, "collapsed_reason": null, "associated_award": null, "stickied": false, "author_premium": false, "subreddit_type": "public", "can_gild": true, "subreddit": "statistics", "author_flair_text_color": null, "score_hidden": false, "permalink": "/r/statistics/comments/85hxgt/bayesian_statistics_courserecommendation/dvydib1/", "num_reports": null, "locked": false, "name": "t1_dvydib1", "created": 1521514866.0, "author_flair_text": null, "treatment_tags": [], "created_utc": 1521486066.0, "subreddit_name_prefixed": "r/statistics", "controversiality": 0, "depth": 3, "author_flair_background_color": null, "collapsed_because_crowd_control": null, "mod_reports": [], "mod_note": null, "distinguished": null, "_fetched": true}, {"_replies": [], "_submission": "85hxgt", "_reddit": "_reddit", "total_awards_received": 0, "approved_at_utc": null, "ups": 2, "awarders": [], "mod_reason_by": null, "banned_by": null, "author_flair_type": "text", "removal_reason": null, "link_id": "t3_85hxgt", "author_flair_template_id": null, "likes": null, "user_reports": [], "saved": false, "id": "dvxp9h0", "banned_at_utc": null, "mod_reason_title": null, "gilded": 0, "archived": true, "no_follow": true, "author": "vmsmith", "can_mod_post": false, "send_replies": true, "parent_id": "t1_dvxp4lw", "score": 2, "author_fullname": "t2_31qxn", "report_reasons": null, "approved_by": null, "all_awardings": [], "subreddit_id": "t5_2qhfi", "collapsed": false, "body": "I downloaded all the videos from the follow on and took a peek at a few. What's somewhat interesting is that the first course is taught entirely by the professor, and the follow-on is taught almost entirely by a grad student. And actually (but based on a very small sampling in terms of minutes watched) the grad student seems to do a better job of explaining and instructing.\n\nAnyway, good luck. If you remember to do so, how about dropping a line afterwards and giving some feedback on how you liked it.", "edited": false, "author_flair_css_class": null, "is_submitter": false, "downs": 0, "author_flair_richtext": [], "author_patreon_flair": false, "body_html": "<div class=\"md\"><p>I downloaded all the videos from the follow on and took a peek at a few. What&#39;s somewhat interesting is that the first course is taught entirely by the professor, and the follow-on is taught almost entirely by a grad student. And actually (but based on a very small sampling in terms of minutes watched) the grad student seems to do a better job of explaining and instructing.</p>\n\n<p>Anyway, good luck. If you remember to do so, how about dropping a line afterwards and giving some feedback on how you liked it.</p>\n</div>", "gildings": {}, "collapsed_reason": null, "associated_award": null, "stickied": false, "author_premium": true, "subreddit_type": "public", "can_gild": true, "subreddit": "statistics", "author_flair_text_color": null, "score_hidden": false, "permalink": "/r/statistics/comments/85hxgt/bayesian_statistics_courserecommendation/dvxp9h0/", "num_reports": null, "locked": false, "name": "t1_dvxp9h0", "created": 1521489477.0, "author_flair_text": null, "treatment_tags": [], "created_utc": 1521460677.0, "subreddit_name_prefixed": "r/statistics", "controversiality": 0, "depth": 4, "author_flair_background_color": null, "collapsed_because_crowd_control": null, "mod_reports": [], "mod_note": null, "distinguished": null, "_fetched": true}]}