{"_reddit": "_reddit", "approved_at_utc": null, "subreddit": "statistics", "selftext": "", "author_fullname": "t2_13zi99", "saved": false, "mod_reason_title": null, "gilded": 0, "clicked": false, "title": "Today is Friday the 13:th. Why don't we embrace this day by sharing some of our favourite experiences with people misinterpreting improbable or independent events.", "link_flair_richtext": [], "subreddit_name_prefixed": "r/statistics", "hidden": false, "pwls": 6, "link_flair_css_class": "", "downs": 0, "hide_score": false, "name": "t3_8yisze", "quarantine": false, "link_flair_text_color": "dark", "upvote_ratio": 0.95, "author_flair_background_color": null, "subreddit_type": "public", "ups": 80, "total_awards_received": 0, "media_embed": {}, "author_flair_template_id": null, "is_original_content": false, "user_reports": [], "secure_media": null, "is_reddit_media_domain": false, "is_meta": false, "category": null, "secure_media_embed": {}, "link_flair_text": "Meta", "can_mod_post": false, "score": 80, "approved_by": null, "author_premium": false, "thumbnail": "", "edited": false, "author_flair_css_class": null, "author_flair_richtext": [], "gildings": {}, "content_categories": null, "is_self": true, "mod_note": null, "created": 1531506087.0, "link_flair_type": "text", "wls": 6, "removed_by_category": null, "banned_by": null, "author_flair_type": "text", "domain": "self.statistics", "allow_live_comments": false, "selftext_html": null, "likes": null, "suggested_sort": null, "banned_at_utc": null, "view_count": null, "archived": true, "no_follow": false, "is_crosspostable": true, "pinned": false, "over_18": false, "all_awardings": [], "awarders": [], "media_only": false, "link_flair_template_id": "f92f06d0-35a0-11e7-8757-0e9f3ce60390", "can_gild": true, "spoiler": false, "locked": false, "author_flair_text": null, "treatment_tags": [], "visited": false, "removed_by": null, "num_reports": null, "distinguished": null, "subreddit_id": "t5_2qhfi", "mod_reason_by": null, "removal_reason": null, "link_flair_background_color": "", "id": "8yisze", "is_robot_indexable": true, "report_reasons": null, "author": "fetchezlavache3", "discussion_type": null, "num_comments": 21, "send_replies": true, "whitelist_status": "all_ads", "contest_mode": false, "mod_reports": [], "author_patreon_flair": false, "author_flair_text_color": null, "permalink": "/r/statistics/comments/8yisze/today_is_friday_the_13th_why_dont_we_embrace_this/", "parent_whitelist_status": "all_ads", "stickied": false, "url": "https://www.reddit.com/r/statistics/comments/8yisze/today_is_friday_the_13th_why_dont_we_embrace_this/", "subreddit_subscribers": 106209, "created_utc": 1531477287.0, "num_crossposts": 0, "media": null, "is_video": false, "_fetched": false, "comment_limit": 2048, "comment_sort": "best", "_comments_by_id": {}, "_comments": [{"_replies": ["e2c2l7f", "e2bj58o"], "_submission": "8yisze", "_reddit": "_reddit", "total_awards_received": 0, "approved_at_utc": null, "ups": 53, "awarders": [], "mod_reason_by": null, "banned_by": null, "author_flair_type": "text", "removal_reason": null, "link_id": "t3_8yisze", "author_flair_template_id": null, "likes": null, "user_reports": [], "saved": false, "id": "e2b9t7t", "banned_at_utc": null, "mod_reason_title": null, "gilded": 0, "archived": true, "no_follow": false, "author": "smmstv", "can_mod_post": false, "send_replies": true, "parent_id": "t3_8yisze", "score": 53, "author_fullname": "t2_uolyw", "report_reasons": null, "approved_by": null, "all_awardings": [], "subreddit_id": "t5_2qhfi", "body": "Low hanging fruit but the classic fixating on a really improbably event while ignoring a much more likely event.  For example, people are terrified of dying in a mass shooting or terrorist attack (please no one bring the politics of this into here), yet will continue to text and drive, when the latter is orders of magnitude more likely to kill them than the former ", "edited": false, "downs": 0, "author_flair_css_class": null, "is_submitter": false, "collapsed": false, "author_flair_richtext": [], "author_patreon_flair": false, "body_html": "<div class=\"md\"><p>Low hanging fruit but the classic fixating on a really improbably event while ignoring a much more likely event.  For example, people are terrified of dying in a mass shooting or terrorist attack (please no one bring the politics of this into here), yet will continue to text and drive, when the latter is orders of magnitude more likely to kill them than the former </p>\n</div>", "gildings": {}, "collapsed_reason": null, "associated_award": null, "stickied": false, "author_premium": false, "subreddit_type": "public", "can_gild": true, "subreddit": "statistics", "author_flair_text_color": null, "score_hidden": false, "permalink": "/r/statistics/comments/8yisze/today_is_friday_the_13th_why_dont_we_embrace_this/e2b9t7t/", "num_reports": null, "locked": false, "name": "t1_e2b9t7t", "created": 1531512157.0, "author_flair_text": null, "treatment_tags": [], "created_utc": 1531483357.0, "subreddit_name_prefixed": "r/statistics", "controversiality": 0, "depth": 0, "author_flair_background_color": null, "collapsed_because_crowd_control": null, "mod_reports": [], "mod_note": null, "distinguished": null, "_fetched": true}, {"_replies": ["e2cdhfr", "e2c8x2z"], "_submission": "8yisze", "_reddit": "_reddit", "total_awards_received": 0, "approved_at_utc": null, "ups": 18, "awarders": [], "mod_reason_by": null, "banned_by": null, "author_flair_type": "text", "removal_reason": null, "link_id": "t3_8yisze", "author_flair_template_id": null, "likes": null, "user_reports": [], "saved": false, "id": "e2b7nyp", "banned_at_utc": null, "mod_reason_title": null, "gilded": 0, "archived": true, "no_follow": false, "author": "davidmanheim", "can_mod_post": false, "send_replies": true, "parent_id": "t3_8yisze", "score": 18, "author_fullname": "t2_7wawv", "report_reasons": null, "approved_by": null, "all_awardings": [], "subreddit_id": "t5_2qhfi", "body": "I cringe every time someone says that there have been N 1-in-100 year floods this year alone.\n\n(Yes, the distribution is badly approximated by flood zone maps, is non-stationary, and risks are increasing due to global warning. But the probabilities of such floods over the course of a year and/or in multiple zones are non-independent, and there are thousands of such zones, implying the total expected number of such floods is NOT 0.01!)", "edited": false, "downs": 0, "author_flair_css_class": null, "is_submitter": false, "collapsed": false, "author_flair_richtext": [], "author_patreon_flair": false, "body_html": "<div class=\"md\"><p>I cringe every time someone says that there have been N 1-in-100 year floods this year alone.</p>\n\n<p>(Yes, the distribution is badly approximated by flood zone maps, is non-stationary, and risks are increasing due to global warning. But the probabilities of such floods over the course of a year and/or in multiple zones are non-independent, and there are thousands of such zones, implying the total expected number of such floods is NOT 0.01!)</p>\n</div>", "gildings": {}, "collapsed_reason": null, "associated_award": null, "stickied": false, "author_premium": false, "subreddit_type": "public", "can_gild": true, "subreddit": "statistics", "author_flair_text_color": null, "score_hidden": false, "permalink": "/r/statistics/comments/8yisze/today_is_friday_the_13th_why_dont_we_embrace_this/e2b7nyp/", "num_reports": null, "locked": false, "name": "t1_e2b7nyp", "created": 1531508928.0, "author_flair_text": null, "treatment_tags": [], "created_utc": 1531480128.0, "subreddit_name_prefixed": "r/statistics", "controversiality": 0, "depth": 0, "author_flair_background_color": null, "collapsed_because_crowd_control": null, "mod_reports": [], "mod_note": null, "distinguished": null, "_fetched": true}, {"_replies": ["e2bfnlr"], "_submission": "8yisze", "_reddit": "_reddit", "total_awards_received": 0, "approved_at_utc": null, "ups": 22, "awarders": [], "mod_reason_by": null, "banned_by": null, "author_flair_type": "text", "removal_reason": null, "link_id": "t3_8yisze", "author_flair_template_id": null, "likes": null, "user_reports": [], "saved": false, "id": "e2bctpc", "banned_at_utc": null, "mod_reason_title": null, "gilded": 0, "archived": true, "no_follow": false, "author": "jkerman", "can_mod_post": false, "send_replies": true, "parent_id": "t3_8yisze", "score": 22, "author_fullname": "t2_4xi0e", "report_reasons": null, "approved_by": null, "all_awardings": [], "subreddit_id": "t5_2qhfi", "body": "They are doing \"school shooting drills\" teaching kids to hide in closets in case their school gets shot up.  If they gave the kids a flu shot in that closet, they would save more children's lives than with the drills. \n\n", "edited": false, "downs": 0, "author_flair_css_class": null, "is_submitter": false, "collapsed": false, "author_flair_richtext": [], "author_patreon_flair": false, "body_html": "<div class=\"md\"><p>They are doing &quot;school shooting drills&quot; teaching kids to hide in closets in case their school gets shot up.  If they gave the kids a flu shot in that closet, they would save more children&#39;s lives than with the drills. </p>\n</div>", "gildings": {}, "collapsed_reason": null, "associated_award": null, "stickied": false, "author_premium": false, "subreddit_type": "public", "can_gild": true, "subreddit": "statistics", "author_flair_text_color": null, "score_hidden": false, "permalink": "/r/statistics/comments/8yisze/today_is_friday_the_13th_why_dont_we_embrace_this/e2bctpc/", "num_reports": null, "locked": false, "name": "t1_e2bctpc", "created": 1531515824.0, "author_flair_text": null, "treatment_tags": [], "created_utc": 1531487024.0, "subreddit_name_prefixed": "r/statistics", "controversiality": 0, "depth": 0, "author_flair_background_color": null, "collapsed_because_crowd_control": null, "mod_reports": [], "mod_note": null, "distinguished": null, "_fetched": true}, {"_replies": ["e2chvv9"], "_submission": "8yisze", "_reddit": "_reddit", "total_awards_received": 0, "approved_at_utc": null, "ups": 13, "awarders": [], "mod_reason_by": null, "banned_by": null, "author_flair_type": "text", "removal_reason": null, "link_id": "t3_8yisze", "author_flair_template_id": null, "likes": null, "user_reports": [], "saved": false, "id": "e2bgh6y", "banned_at_utc": null, "mod_reason_title": null, "gilded": 0, "archived": true, "no_follow": false, "author": "richard_sympson", "can_mod_post": false, "send_replies": true, "parent_id": "t3_8yisze", "score": 13, "author_fullname": "t2_gqlco", "report_reasons": null, "approved_by": null, "all_awardings": [], "subreddit_id": "t5_2qhfi", "body": "I come from a climate science background, as a hobbyist.  There's a number of things that climate science \"skeptics\" glom onto in any attempt to show that the current global warming is not caused by humans.\n\nOne in particular that comes to mind was an argument put forward by someone called David Archibald, back between 2009-2011, that sea level rise was driven by solar activity.  (He's also argued that lake levels are similarly driven, like [in this presentation he gave](https://www.iwp.edu/docLib/20111205_DavidArchibald.pdf) where, way down at the end, he shows a pretty altered Lake Victoria water level graph compared to sunspots.  I'll come back to that in a second.)  He made the argument based on graphs given in [Holgate (2007)](https://agupubs.onlinelibrary.wiley.com/doi/full/10.1029/2006GL028492) published in GRL, specifically Figure 2.  [Archibald said](https://wattsupwiththat.com/2009/04/07/archibald-on-sea-level-rise-and-solar-cycles/) the sea level rise trend graph that Holgate gave roughly matches, at least visually, the sunspot cycle, hence sea level rise is caused by the Sun and is not caused by humans.\n\nThere are a number of issues with his \"analysis\", but one thing that stood out to me after some time was that the Holgate trend data was actually calculated by overlapping decadal trends, like a moving derivative window 10 years wide.  This acts as a bandpass filter on a dataset, and IIRC, in particular, periods around 10-14 years in length are exaggerated, while periods shorter and longer than that are suppressed.  If you used such a technique on stationary white noise, which by design has no trend, you'd get a \"trend\" graph that has a spurious cyclical component.  Now does anyone know what the period for the sunspot cycle is?^(It's 11 years.)\n\nSo, the apparent relationship between sunspots and sea level trend, as alleged with these two datasets, is probably just an artifact of the filtering method chosen, and nothing more.  Since top-of-atmosphere total solar irradiance varies [*EDIT: actually the number I gave is for solar forcing, not accounting for albedo effects*] by only a small amount with the solar cycle (it's something like 0.25 W/m^(2) from peak to trough), such a strong reaction to solar forcing would imply that greenhouse gas forcing, which is up on the order of 3+ W/m^(2), would have caused an absolutely monstrous change in sea level rate, which we don't see.\n\nI said I'd get back to the Lake Victoria argument.  He explained it more [here](https://wattsupwiththat.com/2012/02/03/quantifying-sea-level-fall/).  He actually said, and I recommend you go read it to confirm:\n\n> The relationship with solar activity broke down in the 1930\u2019s and resumed in the 1970\u2019s. [...] **Taking out the period of the solar relationship breakdown** and detrending the data from 1968, this is what the relationship looks like (data courtesy of Dr Peter Mason): [...] There is no doubt about the relationship between solar activity and the level of Lake Victoria...\n\ni.e. he removed data where some alleged relationship broke down and then claimed the leftover data demonstrated the relationship.  Misinterpretation of independent events indeed.", "edited": 1531524042.0, "downs": 0, "author_flair_css_class": null, "is_submitter": false, "collapsed": false, "author_flair_richtext": [], "author_patreon_flair": false, "body_html": "<div class=\"md\"><p>I come from a climate science background, as a hobbyist.  There&#39;s a number of things that climate science &quot;skeptics&quot; glom onto in any attempt to show that the current global warming is not caused by humans.</p>\n\n<p>One in particular that comes to mind was an argument put forward by someone called David Archibald, back between 2009-2011, that sea level rise was driven by solar activity.  (He&#39;s also argued that lake levels are similarly driven, like <a href=\"https://www.iwp.edu/docLib/20111205_DavidArchibald.pdf\">in this presentation he gave</a> where, way down at the end, he shows a pretty altered Lake Victoria water level graph compared to sunspots.  I&#39;ll come back to that in a second.)  He made the argument based on graphs given in <a href=\"https://agupubs.onlinelibrary.wiley.com/doi/full/10.1029/2006GL028492\">Holgate (2007)</a> published in GRL, specifically Figure 2.  <a href=\"https://wattsupwiththat.com/2009/04/07/archibald-on-sea-level-rise-and-solar-cycles/\">Archibald said</a> the sea level rise trend graph that Holgate gave roughly matches, at least visually, the sunspot cycle, hence sea level rise is caused by the Sun and is not caused by humans.</p>\n\n<p>There are a number of issues with his &quot;analysis&quot;, but one thing that stood out to me after some time was that the Holgate trend data was actually calculated by overlapping decadal trends, like a moving derivative window 10 years wide.  This acts as a bandpass filter on a dataset, and IIRC, in particular, periods around 10-14 years in length are exaggerated, while periods shorter and longer than that are suppressed.  If you used such a technique on stationary white noise, which by design has no trend, you&#39;d get a &quot;trend&quot; graph that has a spurious cyclical component.  Now does anyone know what the period for the sunspot cycle is?<sup>It&#39;s 11 years.</sup></p>\n\n<p>So, the apparent relationship between sunspots and sea level trend, as alleged with these two datasets, is probably just an artifact of the filtering method chosen, and nothing more.  Since top-of-atmosphere total solar irradiance varies [<em>EDIT: actually the number I gave is for solar forcing, not accounting for albedo effects</em>] by only a small amount with the solar cycle (it&#39;s something like 0.25 W/m<sup>2</sup> from peak to trough), such a strong reaction to solar forcing would imply that greenhouse gas forcing, which is up on the order of 3+ W/m<sup>2</sup>, would have caused an absolutely monstrous change in sea level rate, which we don&#39;t see.</p>\n\n<p>I said I&#39;d get back to the Lake Victoria argument.  He explained it more <a href=\"https://wattsupwiththat.com/2012/02/03/quantifying-sea-level-fall/\">here</a>.  He actually said, and I recommend you go read it to confirm:</p>\n\n<blockquote>\n<p>The relationship with solar activity broke down in the 1930\u2019s and resumed in the 1970\u2019s. [...] <strong>Taking out the period of the solar relationship breakdown</strong> and detrending the data from 1968, this is what the relationship looks like (data courtesy of Dr Peter Mason): [...] There is no doubt about the relationship between solar activity and the level of Lake Victoria...</p>\n</blockquote>\n\n<p>i.e. he removed data where some alleged relationship broke down and then claimed the leftover data demonstrated the relationship.  Misinterpretation of independent events indeed.</p>\n</div>", "gildings": {}, "collapsed_reason": null, "associated_award": null, "stickied": false, "author_premium": false, "subreddit_type": "public", "can_gild": true, "subreddit": "statistics", "author_flair_text_color": null, "score_hidden": false, "permalink": "/r/statistics/comments/8yisze/today_is_friday_the_13th_why_dont_we_embrace_this/e2bgh6y/", "num_reports": null, "locked": false, "name": "t1_e2bgh6y", "created": 1531519442.0, "author_flair_text": null, "treatment_tags": [], "created_utc": 1531490642.0, "subreddit_name_prefixed": "r/statistics", "controversiality": 0, "depth": 0, "author_flair_background_color": null, "collapsed_because_crowd_control": null, "mod_reports": [], "mod_note": null, "distinguished": null, "_fetched": true}, {"_replies": [], "_submission": "8yisze", "_reddit": "_reddit", "total_awards_received": 0, "approved_at_utc": null, "ups": 5, "awarders": [], "mod_reason_by": null, "banned_by": null, "author_flair_type": "text", "removal_reason": null, "link_id": "t3_8yisze", "author_flair_template_id": null, "likes": null, "user_reports": [], "saved": false, "id": "e2bbavo", "banned_at_utc": null, "mod_reason_title": null, "gilded": 0, "archived": true, "no_follow": true, "author": "Kyo91", "can_mod_post": false, "send_replies": true, "parent_id": "t3_8yisze", "score": 5, "author_fullname": "t2_on0ei", "report_reasons": null, "approved_by": null, "all_awardings": [], "subreddit_id": "t5_2qhfi", "body": "As an example of confirmation bias, when I was in Elementary school a classmate of mine had a car trunk slammed on his head accidentally on a Friday 13th. Now if I were count all of the people I've known on every Friday 13th I've been alive for, it's not too unlikely that someone was injured. And if I more generally look at every person I've known that has had a serious injury, there's nothing to point towards this day in particular having a larger number of accidents. However, I always associate Friday 13th with that one accident due to the superstition rather than the \"anniversary\" of any other accident in my life.", "edited": false, "downs": 0, "author_flair_css_class": null, "is_submitter": false, "collapsed": false, "author_flair_richtext": [], "author_patreon_flair": false, "body_html": "<div class=\"md\"><p>As an example of confirmation bias, when I was in Elementary school a classmate of mine had a car trunk slammed on his head accidentally on a Friday 13th. Now if I were count all of the people I&#39;ve known on every Friday 13th I&#39;ve been alive for, it&#39;s not too unlikely that someone was injured. And if I more generally look at every person I&#39;ve known that has had a serious injury, there&#39;s nothing to point towards this day in particular having a larger number of accidents. However, I always associate Friday 13th with that one accident due to the superstition rather than the &quot;anniversary&quot; of any other accident in my life.</p>\n</div>", "gildings": {}, "collapsed_reason": null, "associated_award": null, "stickied": false, "author_premium": false, "subreddit_type": "public", "can_gild": true, "subreddit": "statistics", "author_flair_text_color": null, "score_hidden": false, "permalink": "/r/statistics/comments/8yisze/today_is_friday_the_13th_why_dont_we_embrace_this/e2bbavo/", "num_reports": null, "locked": false, "name": "t1_e2bbavo", "created": 1531514076.0, "author_flair_text": null, "treatment_tags": [], "created_utc": 1531485276.0, "subreddit_name_prefixed": "r/statistics", "controversiality": 0, "depth": 0, "author_flair_background_color": null, "collapsed_because_crowd_control": null, "mod_reports": [], "mod_note": null, "distinguished": null, "_fetched": true}, {"_replies": [], "_submission": "8yisze", "_reddit": "_reddit", "total_awards_received": 0, "approved_at_utc": null, "ups": 4, "awarders": [], "mod_reason_by": null, "banned_by": null, "author_flair_type": "text", "removal_reason": null, "link_id": "t3_8yisze", "author_flair_template_id": null, "likes": null, "user_reports": [], "saved": false, "id": "e2bi4h3", "banned_at_utc": null, "mod_reason_title": null, "gilded": 0, "archived": true, "no_follow": false, "author": "RTBestT", "can_mod_post": false, "send_replies": true, "parent_id": "t3_8yisze", "score": 4, "author_fullname": "t2_x8qtx", "report_reasons": null, "approved_by": null, "all_awardings": [], "subreddit_id": "t5_2qhfi", "body": "Also low hanging but so many of my friends, coworkers, relatives in general don't get that when they do daily wish type things (11:11, shooting star, horoscope, etc), that those are trials hoping for some unlikely (say 10&#37; chance) outcome. If they do one superstitious wish thing every day they have a 1 - (.9)\\^7 = 52&#37; chance of success at least once per week, which feels pretty regular when you ignore all the failures. They'll happily use that as \"proof\" that cosmic events are giving them these regular successes in what they want. ", "edited": false, "downs": 0, "author_flair_css_class": null, "is_submitter": false, "collapsed": false, "author_flair_richtext": [], "author_patreon_flair": false, "body_html": "<div class=\"md\"><p>Also low hanging but so many of my friends, coworkers, relatives in general don&#39;t get that when they do daily wish type things (11:11, shooting star, horoscope, etc), that those are trials hoping for some unlikely (say 10&#37; chance) outcome. If they do one superstitious wish thing every day they have a 1 - (.9)^7 = 52&#37; chance of success at least once per week, which feels pretty regular when you ignore all the failures. They&#39;ll happily use that as &quot;proof&quot; that cosmic events are giving them these regular successes in what they want. </p>\n</div>", "gildings": {}, "collapsed_reason": null, "associated_award": null, "stickied": false, "author_premium": false, "subreddit_type": "public", "can_gild": true, "subreddit": "statistics", "author_flair_text_color": null, "score_hidden": false, "permalink": "/r/statistics/comments/8yisze/today_is_friday_the_13th_why_dont_we_embrace_this/e2bi4h3/", "num_reports": null, "locked": false, "name": "t1_e2bi4h3", "created": 1531520911.0, "author_flair_text": null, "treatment_tags": [], "created_utc": 1531492111.0, "subreddit_name_prefixed": "r/statistics", "controversiality": 0, "depth": 0, "author_flair_background_color": null, "collapsed_because_crowd_control": null, "mod_reports": [], "mod_note": null, "distinguished": null, "_fetched": true}, {"_replies": [], "_submission": "8yisze", "_reddit": "_reddit", "total_awards_received": 0, "approved_at_utc": null, "ups": 4, "awarders": [], "mod_reason_by": null, "banned_by": null, "author_flair_type": "text", "removal_reason": null, "link_id": "t3_8yisze", "author_flair_template_id": null, "likes": null, "user_reports": [], "saved": false, "id": "e2c6jbi", "banned_at_utc": null, "mod_reason_title": null, "gilded": 0, "archived": true, "no_follow": false, "author": "Jdkdydheg", "can_mod_post": false, "send_replies": true, "parent_id": "t3_8yisze", "score": 4, "author_fullname": "t2_1ls7boam", "report_reasons": null, "approved_by": null, "all_awardings": [], "subreddit_id": "t5_2qhfi", "body": "Honestly I spend more time worrying that things I\u2019m assuming are independent actually aren\u2019t.  ", "edited": false, "downs": 0, "author_flair_css_class": null, "is_submitter": false, "collapsed": false, "author_flair_richtext": [], "author_patreon_flair": false, "body_html": "<div class=\"md\"><p>Honestly I spend more time worrying that things I\u2019m assuming are independent actually aren\u2019t.  </p>\n</div>", "gildings": {}, "collapsed_reason": null, "associated_award": null, "stickied": false, "author_premium": false, "subreddit_type": "public", "can_gild": true, "subreddit": "statistics", "author_flair_text_color": null, "score_hidden": false, "permalink": "/r/statistics/comments/8yisze/today_is_friday_the_13th_why_dont_we_embrace_this/e2c6jbi/", "num_reports": null, "locked": false, "name": "t1_e2c6jbi", "created": 1531540458.0, "author_flair_text": null, "treatment_tags": [], "created_utc": 1531511658.0, "subreddit_name_prefixed": "r/statistics", "controversiality": 0, "depth": 0, "author_flair_background_color": null, "collapsed_because_crowd_control": null, "mod_reports": [], "mod_note": null, "distinguished": null, "_fetched": true}, {"_replies": [], "_submission": "8yisze", "_reddit": "_reddit", "total_awards_received": 0, "approved_at_utc": null, "ups": 2, "awarders": [], "mod_reason_by": null, "banned_by": null, "author_flair_type": "text", "removal_reason": null, "link_id": "t3_8yisze", "author_flair_template_id": null, "likes": null, "user_reports": [], "saved": false, "id": "e2bisr8", "banned_at_utc": null, "mod_reason_title": null, "gilded": 0, "archived": true, "no_follow": true, "author": "michela_9", "can_mod_post": false, "send_replies": true, "parent_id": "t3_8yisze", "score": 2, "author_fullname": "t2_j7q9o", "report_reasons": null, "approved_by": null, "all_awardings": [], "subreddit_id": "t5_2qhfi", "body": "I've seen some misinterpretation of independent events at a Roulette table at the casino. The TV show Deal or No Deal is a great game show from a statistics POV. However, a few contestants use weird strategies or beliefs.", "edited": 1531493119.0, "downs": 0, "author_flair_css_class": null, "is_submitter": false, "collapsed": false, "author_flair_richtext": [], "author_patreon_flair": false, "body_html": "<div class=\"md\"><p>I&#39;ve seen some misinterpretation of independent events at a Roulette table at the casino. The TV show Deal or No Deal is a great game show from a statistics POV. However, a few contestants use weird strategies or beliefs.</p>\n</div>", "gildings": {}, "collapsed_reason": null, "associated_award": null, "stickied": false, "author_premium": false, "subreddit_type": "public", "can_gild": true, "subreddit": "statistics", "author_flair_text_color": null, "score_hidden": false, "permalink": "/r/statistics/comments/8yisze/today_is_friday_the_13th_why_dont_we_embrace_this/e2bisr8/", "num_reports": null, "locked": false, "name": "t1_e2bisr8", "created": 1531521502.0, "author_flair_text": null, "treatment_tags": [], "created_utc": 1531492702.0, "subreddit_name_prefixed": "r/statistics", "controversiality": 0, "depth": 0, "author_flair_background_color": null, "collapsed_because_crowd_control": null, "mod_reports": [], "mod_note": null, "distinguished": null, "_fetched": true}, {"_replies": [], "_submission": "8yisze", "_reddit": "_reddit", "total_awards_received": 0, "approved_at_utc": null, "ups": 2, "awarders": [], "mod_reason_by": null, "banned_by": null, "author_flair_type": "text", "removal_reason": null, "link_id": "t3_8yisze", "author_flair_template_id": null, "likes": null, "user_reports": [], "saved": false, "id": "e2bp4sb", "banned_at_utc": null, "mod_reason_title": null, "gilded": 0, "archived": true, "no_follow": true, "author": "engelthefallen", "can_mod_post": false, "send_replies": true, "parent_id": "t3_8yisze", "score": 2, "author_fullname": "t2_6c2hf", "report_reasons": null, "approved_by": null, "all_awardings": [], "subreddit_id": "t5_2qhfi", "body": "Fairly basic but I had a friend who would say 7 of one, half dozen of a another to say two things were approximately equal.  ", "edited": false, "downs": 0, "author_flair_css_class": null, "is_submitter": false, "collapsed": false, "author_flair_richtext": [], "author_patreon_flair": false, "body_html": "<div class=\"md\"><p>Fairly basic but I had a friend who would say 7 of one, half dozen of a another to say two things were approximately equal.  </p>\n</div>", "gildings": {}, "collapsed_reason": null, "associated_award": null, "stickied": false, "author_premium": false, "subreddit_type": "public", "can_gild": true, "subreddit": "statistics", "author_flair_text_color": null, "score_hidden": false, "permalink": "/r/statistics/comments/8yisze/today_is_friday_the_13th_why_dont_we_embrace_this/e2bp4sb/", "num_reports": null, "locked": false, "name": "t1_e2bp4sb", "created": 1531526737.0, "author_flair_text": null, "treatment_tags": [], "created_utc": 1531497937.0, "subreddit_name_prefixed": "r/statistics", "controversiality": 0, "depth": 0, "author_flair_background_color": null, "collapsed_because_crowd_control": null, "mod_reports": [], "mod_note": null, "distinguished": null, "_fetched": true}, {"_replies": [], "_submission": "8yisze", "_reddit": "_reddit", "total_awards_received": 0, "approved_at_utc": null, "ups": 1, "awarders": [], "mod_reason_by": null, "banned_by": null, "author_flair_type": "text", "removal_reason": null, "link_id": "t3_8yisze", "author_flair_template_id": null, "likes": null, "user_reports": [], "saved": false, "id": "e2c4hbb", "banned_at_utc": null, "mod_reason_title": null, "gilded": 0, "archived": true, "no_follow": true, "author": "dirtmcgurk", "can_mod_post": false, "send_replies": true, "parent_id": "t3_8yisze", "score": 1, "author_fullname": "t2_32xg0", "report_reasons": null, "approved_by": null, "all_awardings": [], "subreddit_id": "t5_2qhfi", "body": "Gangstalking. It's really sad for the affected individuals, but always seems to be a mixture of misinterpreting the intentions of others and believing independent others are all conspiring together or part of some larger whole. They will think, for example, both that the lady in the park looked at them funny because she was monitoring them (as opposed to because they appeared or behaved abnormally) and that she is working in perfect sync with the mailman who just happens to always pass them at the same time every day.", "edited": false, "downs": 0, "author_flair_css_class": null, "is_submitter": false, "collapsed": false, "author_flair_richtext": [], "author_patreon_flair": false, "body_html": "<div class=\"md\"><p>Gangstalking. It&#39;s really sad for the affected individuals, but always seems to be a mixture of misinterpreting the intentions of others and believing independent others are all conspiring together or part of some larger whole. They will think, for example, both that the lady in the park looked at them funny because she was monitoring them (as opposed to because they appeared or behaved abnormally) and that she is working in perfect sync with the mailman who just happens to always pass them at the same time every day.</p>\n</div>", "gildings": {}, "collapsed_reason": null, "associated_award": null, "stickied": false, "author_premium": false, "subreddit_type": "public", "can_gild": true, "subreddit": "statistics", "author_flair_text_color": null, "score_hidden": false, "permalink": "/r/statistics/comments/8yisze/today_is_friday_the_13th_why_dont_we_embrace_this/e2c4hbb/", "num_reports": null, "locked": false, "name": "t1_e2c4hbb", "created": 1531538747.0, "author_flair_text": null, "treatment_tags": [], "created_utc": 1531509947.0, "subreddit_name_prefixed": "r/statistics", "controversiality": 0, "depth": 0, "author_flair_background_color": null, "collapsed_because_crowd_control": null, "mod_reports": [], "mod_note": null, "distinguished": null, "_fetched": true}, {"_replies": [], "_submission": "8yisze", "_reddit": "_reddit", "total_awards_received": 0, "approved_at_utc": null, "ups": 25, "awarders": [], "mod_reason_by": null, "banned_by": null, "author_flair_type": "text", "removal_reason": null, "link_id": "t3_8yisze", "author_flair_template_id": null, "likes": null, "user_reports": [], "saved": false, "id": "e2c2l7f", "banned_at_utc": null, "mod_reason_title": null, "gilded": 0, "archived": true, "no_follow": false, "author": "gatherinfer", "can_mod_post": false, "send_replies": true, "parent_id": "t1_e2b9t7t", "score": 25, "author_fullname": "t2_xcfu2", "report_reasons": null, "approved_by": null, "all_awardings": [], "subreddit_id": "t5_2qhfi", "collapsed": false, "body": "This \"accidents vs terrorism\" comparison is itself a combination of several sophisticated fallacies:\n\n- Casualties/year from terror-related events follow a heavy-tailed power law distribution, so the sample mean takes a very long time to converge to the true mean. If you look at the terrorism casualty numbers for the USA over the past few decades, they span four orders of magnitude! On the other hand, accidents/year follow a Gaussian distribution. The upper limit for accidents is more strongly bounded than for terror atrocities: it is difficult to imagine what a \"9/11 of road accidents\" would look like, but one can easily imagine scenarios where the WTC hijackers are outdone (e.g. bioterrorism). These two domains are sometimes called \"mediocristan\" (system behavior dominated by middle of distribution) and \"extremistan\" (system behavior dominated by high-impact rare events from the tails of the distribution).\n\n- Related to the first: accidents are basically independent of each other (a car accident in Michigan has no effect on the probability of a car accident in Florida). But, terrorism has an inbuilt \"snowballing\" tendency -- attacks tend to inspire more attacks, and in the worst case the situation can spiral completely out of control (e.g. Libya, Syria). Other domains where this paranoid precautionary mindset applies due to the \"multiplicative\" nature of the threat: nuclear proliferation, infectious disease, information security, [finance](https://en.wikipedia.org/wiki/2010_Flash_Crash).\n\n- \"Terrorism\" is itself a somewhat-rigged definition in this context. If the casualties/year were to exceed some threshold, we might stop calling it terrorism and start calling it a war.\n\n- Terrorism is due to active malevolence, while accidents are, well, accidental. There's either no human agency involved at all, or it is simply negligence. As a society we decide to treat the former case more seriously, probably for good reason. We are moral creatures, not some kind of \"ideal gas\". There have been actual low-intensity wars where the casualty rate was below the rates for various common accidents, but it's clearly not an acceptable state of affairs, and not at all irrational to focus on ending the war rather than say, encouraging seatbelt use to \"offset\" the war somehow. A family dying in a car accident is a tragedy, but a family being killed by militants might inspire hatred and revenge for generations.\n\nNow, obviously people probably do overreact to terrorism in various ways (e.g. the Iraq invasion, PATRIOT Act), but the flip side is people glibly dismissing the damage that determined groups of fanatics can wreak upon society. And yes, you should wear a seatbelt and stop texting while driving.", "edited": 1531517043.0, "author_flair_css_class": null, "is_submitter": false, "downs": 0, "author_flair_richtext": [], "author_patreon_flair": false, "body_html": "<div class=\"md\"><p>This &quot;accidents vs terrorism&quot; comparison is itself a combination of several sophisticated fallacies:</p>\n\n<ul>\n<li><p>Casualties/year from terror-related events follow a heavy-tailed power law distribution, so the sample mean takes a very long time to converge to the true mean. If you look at the terrorism casualty numbers for the USA over the past few decades, they span four orders of magnitude! On the other hand, accidents/year follow a Gaussian distribution. The upper limit for accidents is more strongly bounded than for terror atrocities: it is difficult to imagine what a &quot;9/11 of road accidents&quot; would look like, but one can easily imagine scenarios where the WTC hijackers are outdone (e.g. bioterrorism). These two domains are sometimes called &quot;mediocristan&quot; (system behavior dominated by middle of distribution) and &quot;extremistan&quot; (system behavior dominated by high-impact rare events from the tails of the distribution).</p></li>\n<li><p>Related to the first: accidents are basically independent of each other (a car accident in Michigan has no effect on the probability of a car accident in Florida). But, terrorism has an inbuilt &quot;snowballing&quot; tendency -- attacks tend to inspire more attacks, and in the worst case the situation can spiral completely out of control (e.g. Libya, Syria). Other domains where this paranoid precautionary mindset applies due to the &quot;multiplicative&quot; nature of the threat: nuclear proliferation, infectious disease, information security, <a href=\"https://en.wikipedia.org/wiki/2010_Flash_Crash\">finance</a>.</p></li>\n<li><p>&quot;Terrorism&quot; is itself a somewhat-rigged definition in this context. If the casualties/year were to exceed some threshold, we might stop calling it terrorism and start calling it a war.</p></li>\n<li><p>Terrorism is due to active malevolence, while accidents are, well, accidental. There&#39;s either no human agency involved at all, or it is simply negligence. As a society we decide to treat the former case more seriously, probably for good reason. We are moral creatures, not some kind of &quot;ideal gas&quot;. There have been actual low-intensity wars where the casualty rate was below the rates for various common accidents, but it&#39;s clearly not an acceptable state of affairs, and not at all irrational to focus on ending the war rather than say, encouraging seatbelt use to &quot;offset&quot; the war somehow. A family dying in a car accident is a tragedy, but a family being killed by militants might inspire hatred and revenge for generations.</p></li>\n</ul>\n\n<p>Now, obviously people probably do overreact to terrorism in various ways (e.g. the Iraq invasion, PATRIOT Act), but the flip side is people glibly dismissing the damage that determined groups of fanatics can wreak upon society. And yes, you should wear a seatbelt and stop texting while driving.</p>\n</div>", "gildings": {}, "collapsed_reason": null, "associated_award": null, "stickied": false, "author_premium": false, "subreddit_type": "public", "can_gild": true, "subreddit": "statistics", "author_flair_text_color": null, "score_hidden": false, "permalink": "/r/statistics/comments/8yisze/today_is_friday_the_13th_why_dont_we_embrace_this/e2c2l7f/", "num_reports": null, "locked": false, "name": "t1_e2c2l7f", "created": 1531537214.0, "author_flair_text": null, "treatment_tags": [], "created_utc": 1531508414.0, "subreddit_name_prefixed": "r/statistics", "controversiality": 0, "depth": 1, "author_flair_background_color": null, "collapsed_because_crowd_control": null, "mod_reports": [], "mod_note": null, "distinguished": null, "_fetched": true}, {"_replies": [], "_submission": "8yisze", "_reddit": "_reddit", "total_awards_received": 0, "approved_at_utc": null, "ups": 8, "awarders": [], "mod_reason_by": null, "banned_by": null, "author_flair_type": "text", "removal_reason": null, "link_id": "t3_8yisze", "author_flair_template_id": null, "likes": null, "user_reports": [], "saved": false, "id": "e2bj58o", "banned_at_utc": null, "mod_reason_title": null, "gilded": 0, "archived": true, "no_follow": true, "author": "Stuporficial", "can_mod_post": false, "send_replies": true, "parent_id": "t1_e2b9t7t", "score": 8, "author_fullname": "t2_13dkeo", "report_reasons": null, "approved_by": null, "all_awardings": [], "subreddit_id": "t5_2qhfi", "collapsed": false, "body": "So true. Or people who EDC their Glock but don\u2019t own a fire extinguisher or know first aid/cpr. ", "edited": false, "author_flair_css_class": null, "is_submitter": false, "downs": 0, "author_flair_richtext": [], "author_patreon_flair": false, "body_html": "<div class=\"md\"><p>So true. Or people who EDC their Glock but don\u2019t own a fire extinguisher or know first aid/cpr. </p>\n</div>", "gildings": {}, "collapsed_reason": null, "associated_award": null, "stickied": false, "author_premium": false, "subreddit_type": "public", "can_gild": true, "subreddit": "statistics", "author_flair_text_color": null, "score_hidden": false, "permalink": "/r/statistics/comments/8yisze/today_is_friday_the_13th_why_dont_we_embrace_this/e2bj58o/", "num_reports": null, "locked": false, "name": "t1_e2bj58o", "created": 1531521804.0, "author_flair_text": null, "treatment_tags": [], "created_utc": 1531493004.0, "subreddit_name_prefixed": "r/statistics", "controversiality": 0, "depth": 1, "author_flair_background_color": null, "collapsed_because_crowd_control": null, "mod_reports": [], "mod_note": null, "distinguished": null, "_fetched": true}, {"_replies": ["e2hrv1z"], "_submission": "8yisze", "_reddit": "_reddit", "total_awards_received": 0, "approved_at_utc": null, "ups": 2, "awarders": [], "mod_reason_by": null, "banned_by": null, "author_flair_type": "text", "removal_reason": null, "link_id": "t3_8yisze", "author_flair_template_id": null, "likes": null, "user_reports": [], "saved": false, "id": "e2cdhfr", "banned_at_utc": null, "mod_reason_title": null, "gilded": 0, "archived": true, "no_follow": true, "author": "whmeh0", "can_mod_post": false, "send_replies": true, "parent_id": "t1_e2b7nyp", "score": 2, "author_fullname": "t2_ax687", "report_reasons": null, "approved_by": null, "all_awardings": [], "subreddit_id": "t5_2qhfi", "collapsed": false, "body": "If I recall correctly, they have actually been becoming more frequent due to development along riverbanks, but also part of why they seem so frequent is due to error in the numbers. \n\nIn the US a 100-year-flood is an estimate by the Army Corps of Engineers and is dependent on how much extra volume a river can absorb before flooding occurs. So their estimates are always behind the times and don't completely capture the new construction into rivers that decreases the volume of the river channel", "edited": false, "author_flair_css_class": null, "is_submitter": false, "downs": 0, "author_flair_richtext": [], "author_patreon_flair": false, "body_html": "<div class=\"md\"><p>If I recall correctly, they have actually been becoming more frequent due to development along riverbanks, but also part of why they seem so frequent is due to error in the numbers. </p>\n\n<p>In the US a 100-year-flood is an estimate by the Army Corps of Engineers and is dependent on how much extra volume a river can absorb before flooding occurs. So their estimates are always behind the times and don&#39;t completely capture the new construction into rivers that decreases the volume of the river channel</p>\n</div>", "gildings": {}, "collapsed_reason": null, "associated_award": null, "stickied": false, "author_premium": false, "subreddit_type": "public", "can_gild": true, "subreddit": "statistics", "author_flair_text_color": null, "score_hidden": false, "permalink": "/r/statistics/comments/8yisze/today_is_friday_the_13th_why_dont_we_embrace_this/e2cdhfr/", "num_reports": null, "locked": false, "name": "t1_e2cdhfr", "created": 1531546459.0, "author_flair_text": null, "treatment_tags": [], "created_utc": 1531517659.0, "subreddit_name_prefixed": "r/statistics", "controversiality": 0, "depth": 1, "author_flair_background_color": null, "collapsed_because_crowd_control": null, "mod_reports": [], "mod_note": null, "distinguished": null, "_fetched": true}, {"_replies": ["e2hrkks"], "_submission": "8yisze", "_reddit": "_reddit", "total_awards_received": 0, "approved_at_utc": null, "ups": 1, "awarders": [], "mod_reason_by": null, "banned_by": null, "author_flair_type": "text", "removal_reason": null, "link_id": "t3_8yisze", "author_flair_template_id": null, "likes": null, "user_reports": [], "saved": false, "id": "e2c8x2z", "banned_at_utc": null, "mod_reason_title": null, "gilded": 0, "archived": true, "no_follow": true, "author": "sometimesynot", "can_mod_post": false, "send_replies": true, "parent_id": "t1_e2b7nyp", "score": 1, "author_fullname": "t2_levzo", "report_reasons": null, "approved_by": null, "all_awardings": [], "subreddit_id": "t5_2qhfi", "collapsed": false, "body": "Ok, I'm confused now too. If you're a homeowner, how should a x-year flood zone be interpreted?", "edited": false, "author_flair_css_class": null, "is_submitter": false, "downs": 0, "author_flair_richtext": [], "author_patreon_flair": false, "body_html": "<div class=\"md\"><p>Ok, I&#39;m confused now too. If you&#39;re a homeowner, how should a x-year flood zone be interpreted?</p>\n</div>", "gildings": {}, "collapsed_reason": null, "associated_award": null, "stickied": false, "author_premium": false, "subreddit_type": "public", "can_gild": true, "subreddit": "statistics", "author_flair_text_color": null, "score_hidden": false, "permalink": "/r/statistics/comments/8yisze/today_is_friday_the_13th_why_dont_we_embrace_this/e2c8x2z/", "num_reports": null, "locked": false, "name": "t1_e2c8x2z", "created": 1531542456.0, "author_flair_text": null, "treatment_tags": [], "created_utc": 1531513656.0, "subreddit_name_prefixed": "r/statistics", "controversiality": 0, "depth": 1, "author_flair_background_color": null, "collapsed_because_crowd_control": null, "mod_reports": [], "mod_note": null, "distinguished": null, "_fetched": true}, {"_replies": [], "_submission": "8yisze", "_reddit": "_reddit", "total_awards_received": 0, "approved_at_utc": null, "ups": 1, "awarders": [], "mod_reason_by": null, "banned_by": null, "author_flair_type": "text", "removal_reason": null, "link_id": "t3_8yisze", "author_flair_template_id": null, "likes": null, "user_reports": [], "saved": false, "id": "e2bfnlr", "banned_at_utc": null, "mod_reason_title": null, "gilded": 0, "archived": true, "no_follow": true, "author": "Hugaramadingdong", "can_mod_post": false, "send_replies": true, "parent_id": "t1_e2bctpc", "score": 1, "author_fullname": "t2_8ocgw", "report_reasons": null, "approved_by": null, "all_awardings": [], "subreddit_id": "t5_2qhfi", "collapsed": false, "body": "System 1 at work", "edited": false, "author_flair_css_class": null, "is_submitter": false, "downs": 0, "author_flair_richtext": [], "author_patreon_flair": false, "body_html": "<div class=\"md\"><p>System 1 at work</p>\n</div>", "gildings": {}, "collapsed_reason": null, "associated_award": null, "stickied": false, "author_premium": false, "subreddit_type": "public", "can_gild": true, "subreddit": "statistics", "author_flair_text_color": null, "score_hidden": false, "permalink": "/r/statistics/comments/8yisze/today_is_friday_the_13th_why_dont_we_embrace_this/e2bfnlr/", "num_reports": null, "locked": false, "name": "t1_e2bfnlr", "created": 1531518674.0, "author_flair_text": null, "treatment_tags": [], "created_utc": 1531489874.0, "subreddit_name_prefixed": "r/statistics", "controversiality": 0, "depth": 1, "author_flair_background_color": null, "collapsed_because_crowd_control": null, "mod_reports": [], "mod_note": null, "distinguished": null, "_fetched": true}, {"_replies": [], "_submission": "8yisze", "_reddit": "_reddit", "total_awards_received": 0, "approved_at_utc": null, "ups": 1, "awarders": [], "mod_reason_by": null, "banned_by": null, "author_flair_type": "text", "removal_reason": null, "link_id": "t3_8yisze", "author_flair_template_id": null, "likes": null, "user_reports": [], "saved": false, "id": "e2chvv9", "banned_at_utc": null, "mod_reason_title": null, "gilded": 0, "archived": true, "no_follow": true, "author": "grmblflx", "can_mod_post": false, "send_replies": true, "parent_id": "t1_e2bgh6y", "score": 1, "author_fullname": "t2_59kzugp", "report_reasons": null, "approved_by": null, "all_awardings": [], "subreddit_id": "t5_2qhfi", "collapsed": false, "body": "Dude, that's an insanely interesting post! Thank you very much!", "edited": false, "author_flair_css_class": null, "is_submitter": false, "downs": 0, "author_flair_richtext": [], "author_patreon_flair": false, "body_html": "<div class=\"md\"><p>Dude, that&#39;s an insanely interesting post! Thank you very much!</p>\n</div>", "gildings": {}, "collapsed_reason": null, "associated_award": null, "stickied": false, "author_premium": false, "subreddit_type": "public", "can_gild": true, "subreddit": "statistics", "author_flair_text_color": null, "score_hidden": false, "permalink": "/r/statistics/comments/8yisze/today_is_friday_the_13th_why_dont_we_embrace_this/e2chvv9/", "num_reports": null, "locked": false, "name": "t1_e2chvv9", "created": 1531550634.0, "author_flair_text": null, "treatment_tags": [], "created_utc": 1531521834.0, "subreddit_name_prefixed": "r/statistics", "controversiality": 0, "depth": 1, "author_flair_background_color": null, "collapsed_because_crowd_control": null, "mod_reports": [], "mod_note": null, "distinguished": null, "_fetched": true}, {"_replies": [], "_submission": "8yisze", "_reddit": "_reddit", "total_awards_received": 0, "approved_at_utc": null, "ups": 3, "awarders": [], "mod_reason_by": null, "banned_by": null, "author_flair_type": "text", "removal_reason": null, "link_id": "t3_8yisze", "author_flair_template_id": null, "likes": null, "user_reports": [], "saved": false, "id": "e2c961n", "banned_at_utc": null, "mod_reason_title": null, "gilded": 0, "archived": true, "no_follow": true, "author": "sometimesynot", "can_mod_post": false, "send_replies": true, "parent_id": "t1_e2bvmct", "score": 3, "author_fullname": "t2_levzo", "report_reasons": null, "approved_by": null, "all_awardings": [], "subreddit_id": "t5_2qhfi", "collapsed": false, "body": "People get really upset when I say that in terms of saving lives, 9/11 was akin to a bloody nose for the country. ", "edited": false, "author_flair_css_class": null, "is_submitter": false, "downs": 0, "author_flair_richtext": [], "author_patreon_flair": false, "body_html": "<div class=\"md\"><p>People get really upset when I say that in terms of saving lives, 9/11 was akin to a bloody nose for the country. </p>\n</div>", "gildings": {}, "collapsed_reason": null, "associated_award": null, "stickied": false, "author_premium": false, "subreddit_type": "public", "can_gild": true, "subreddit": "statistics", "author_flair_text_color": null, "score_hidden": false, "permalink": "/r/statistics/comments/8yisze/today_is_friday_the_13th_why_dont_we_embrace_this/e2c961n/", "num_reports": null, "locked": false, "name": "t1_e2c961n", "created": 1531542671.0, "author_flair_text": null, "treatment_tags": [], "created_utc": 1531513871.0, "subreddit_name_prefixed": "r/statistics", "controversiality": 0, "depth": 1, "author_flair_background_color": null, "collapsed_because_crowd_control": null, "mod_reports": [], "mod_note": null, "distinguished": null, "_fetched": true}, {"_replies": [], "_submission": "8yisze", "_reddit": "_reddit", "total_awards_received": 0, "approved_at_utc": null, "ups": 1, "awarders": [], "mod_reason_by": null, "banned_by": null, "author_flair_type": "text", "removal_reason": null, "link_id": "t3_8yisze", "author_flair_template_id": null, "likes": null, "user_reports": [], "saved": false, "id": "e2hrv1z", "banned_at_utc": null, "mod_reason_title": null, "gilded": 0, "archived": true, "no_follow": true, "author": "davidmanheim", "can_mod_post": false, "created_utc": 1531763579.0, "send_replies": true, "parent_id": "t1_e2cdhfr", "score": 1, "author_fullname": "t2_7wawv", "report_reasons": null, "approved_by": null, "all_awardings": [], "subreddit_id": "t5_2qhfi", "body": "Mostly correct. That is to say, it will depend a ton on specifics of each case, so I'm objecting a bit to the generalization.\n\nThe USACE dredges those waterways, and waterways reshape themselves over time, so the volume of the river channel doesn't always decrease. Also, it is now the case that some new development is pushing for more permeable area compared to what existed beforehand, so I'm unsure how much development is still going to increase floods.", "edited": false, "author_flair_css_class": null, "is_submitter": false, "downs": 0, "author_flair_richtext": [], "author_patreon_flair": false, "body_html": "<div class=\"md\"><p>Mostly correct. That is to say, it will depend a ton on specifics of each case, so I&#39;m objecting a bit to the generalization.</p>\n\n<p>The USACE dredges those waterways, and waterways reshape themselves over time, so the volume of the river channel doesn&#39;t always decrease. Also, it is now the case that some new development is pushing for more permeable area compared to what existed beforehand, so I&#39;m unsure how much development is still going to increase floods.</p>\n</div>", "gildings": {}, "collapsed_reason": null, "associated_award": null, "stickied": false, "author_premium": false, "subreddit_type": "public", "can_gild": true, "subreddit": "statistics", "author_flair_text_color": null, "score_hidden": false, "permalink": "/r/statistics/comments/8yisze/today_is_friday_the_13th_why_dont_we_embrace_this/e2hrv1z/", "num_reports": null, "locked": false, "name": "t1_e2hrv1z", "created": 1531792379.0, "author_flair_text": null, "treatment_tags": [], "collapsed": false, "subreddit_name_prefixed": "r/statistics", "controversiality": 0, "depth": 2, "author_flair_background_color": null, "collapsed_because_crowd_control": null, "mod_reports": [], "mod_note": null, "distinguished": null, "_fetched": true}, {"_replies": ["e2i3ngy"], "_submission": "8yisze", "_reddit": "_reddit", "total_awards_received": 0, "approved_at_utc": null, "ups": 1, "awarders": [], "mod_reason_by": null, "banned_by": null, "author_flair_type": "text", "removal_reason": null, "link_id": "t3_8yisze", "author_flair_template_id": null, "likes": null, "user_reports": [], "saved": false, "id": "e2hrkks", "banned_at_utc": null, "mod_reason_title": null, "gilded": 0, "archived": true, "no_follow": true, "author": "davidmanheim", "can_mod_post": false, "created_utc": 1531763344.0, "send_replies": true, "parent_id": "t1_e2c8x2z", "score": 1, "author_fullname": "t2_7wawv", "report_reasons": null, "approved_by": null, "all_awardings": [], "subreddit_id": "t5_2qhfi", "body": "As a yearly ~(1/x) chance of a flood. (Adjusted slightly upwards in expectation without examining site-specific factors because the risks are increasing due to development, global warming increasing rainfall, etc.) But that's for a single site, and correlation doesn't matter to you in that case.", "edited": false, "author_flair_css_class": null, "is_submitter": false, "downs": 0, "author_flair_richtext": [], "author_patreon_flair": false, "body_html": "<div class=\"md\"><p>As a yearly ~(1/x) chance of a flood. (Adjusted slightly upwards in expectation without examining site-specific factors because the risks are increasing due to development, global warming increasing rainfall, etc.) But that&#39;s for a single site, and correlation doesn&#39;t matter to you in that case.</p>\n</div>", "gildings": {}, "collapsed_reason": null, "associated_award": null, "stickied": false, "author_premium": false, "subreddit_type": "public", "can_gild": true, "subreddit": "statistics", "author_flair_text_color": null, "score_hidden": false, "permalink": "/r/statistics/comments/8yisze/today_is_friday_the_13th_why_dont_we_embrace_this/e2hrkks/", "num_reports": null, "locked": false, "name": "t1_e2hrkks", "created": 1531792144.0, "author_flair_text": null, "treatment_tags": [], "collapsed": false, "subreddit_name_prefixed": "r/statistics", "controversiality": 0, "depth": 2, "author_flair_background_color": null, "collapsed_because_crowd_control": null, "mod_reports": [], "mod_note": null, "distinguished": null, "_fetched": true}, {"_replies": ["e2jfa1a"], "_submission": "8yisze", "_reddit": "_reddit", "total_awards_received": 0, "approved_at_utc": null, "ups": 1, "awarders": [], "mod_reason_by": null, "banned_by": null, "author_flair_type": "text", "removal_reason": null, "link_id": "t3_8yisze", "author_flair_template_id": null, "likes": null, "user_reports": [], "saved": false, "id": "e2i3ngy", "banned_at_utc": null, "mod_reason_title": null, "gilded": 0, "archived": true, "no_follow": true, "author": "sometimesynot", "can_mod_post": false, "send_replies": true, "parent_id": "t1_e2hrkks", "score": 1, "author_fullname": "t2_levzo", "report_reasons": null, "approved_by": null, "all_awardings": [], "subreddit_id": "t5_2qhfi", "body": "No wonder people are confused. If you call it a 500-year zone, you would reasonably expect it to have something to do with 500 years, which you seem to be saying isn't the case. ", "edited": false, "downs": 0, "author_flair_css_class": null, "is_submitter": false, "collapsed": false, "author_flair_richtext": [], "author_patreon_flair": false, "body_html": "<div class=\"md\"><p>No wonder people are confused. If you call it a 500-year zone, you would reasonably expect it to have something to do with 500 years, which you seem to be saying isn&#39;t the case. </p>\n</div>", "gildings": {}, "collapsed_reason": null, "associated_award": null, "stickied": false, "author_premium": false, "subreddit_type": "public", "can_gild": true, "subreddit": "statistics", "author_flair_text_color": null, "score_hidden": false, "permalink": "/r/statistics/comments/8yisze/today_is_friday_the_13th_why_dont_we_embrace_this/e2i3ngy/", "num_reports": null, "locked": false, "name": "t1_e2i3ngy", "created": 1531802173.0, "author_flair_text": null, "treatment_tags": [], "created_utc": 1531773373.0, "subreddit_name_prefixed": "r/statistics", "controversiality": 0, "depth": 3, "author_flair_background_color": null, "collapsed_because_crowd_control": null, "mod_reports": [], "mod_note": null, "distinguished": null, "_fetched": true}, {"_replies": [], "_submission": "8yisze", "_reddit": "_reddit", "total_awards_received": 0, "approved_at_utc": null, "ups": 1, "awarders": [], "mod_reason_by": null, "banned_by": null, "author_flair_type": "text", "removal_reason": null, "link_id": "t3_8yisze", "author_flair_template_id": null, "likes": null, "user_reports": [], "saved": false, "id": "e2jfa1a", "banned_at_utc": null, "mod_reason_title": null, "gilded": 0, "archived": true, "no_follow": true, "author": "davidmanheim", "can_mod_post": false, "send_replies": true, "parent_id": "t1_e2i3ngy", "score": 1, "author_fullname": "t2_7wawv", "report_reasons": null, "approved_by": null, "all_awardings": [], "subreddit_id": "t5_2qhfi", "collapsed": false, "body": "Yep, but it's hard to change terminology once it's established. A 500-year flood zone means that on average, over the long term, there will be an event on that spot every 500 years - except that the distribution isn't stable, and it's not talking about the long term. In fact, it means that there is a 1/500 chance of an event in that spot each year, and due to correlation, a much greater than 1/(500^2) chance of two in a year in the same spot.", "edited": false, "author_flair_css_class": null, "is_submitter": false, "downs": 0, "author_flair_richtext": [], "author_patreon_flair": false, "body_html": "<div class=\"md\"><p>Yep, but it&#39;s hard to change terminology once it&#39;s established. A 500-year flood zone means that on average, over the long term, there will be an event on that spot every 500 years - except that the distribution isn&#39;t stable, and it&#39;s not talking about the long term. In fact, it means that there is a 1/500 chance of an event in that spot each year, and due to correlation, a much greater than 1/(500<sup>2)</sup> chance of two in a year in the same spot.</p>\n</div>", "gildings": {}, "collapsed_reason": null, "associated_award": null, "stickied": false, "author_premium": false, "subreddit_type": "public", "can_gild": true, "subreddit": "statistics", "author_flair_text_color": null, "score_hidden": false, "permalink": "/r/statistics/comments/8yisze/today_is_friday_the_13th_why_dont_we_embrace_this/e2jfa1a/", "num_reports": null, "locked": false, "name": "t1_e2jfa1a", "created": 1531862063.0, "author_flair_text": null, "treatment_tags": [], "created_utc": 1531833263.0, "subreddit_name_prefixed": "r/statistics", "controversiality": 0, "depth": 4, "author_flair_background_color": null, "collapsed_because_crowd_control": null, "mod_reports": [], "mod_note": null, "distinguished": null, "_fetched": true}]}