{"_reddit": "_reddit", "approved_at_utc": null, "subreddit": "statistics", "selftext": "I'm pretty novice right now. Think someone who has take intro to statistics and biostatistics but has forgotten most of that. I'm reading a text right now that promises to introduce time series to beginners, but some of the material is too advanced for me. As an example\n\n\"We can also conduct a test of whether there is any evidence that the time series data depart from a white noise process.\" \n\nThis is taken from really early on in the textbook. I'm not sure exactly what a white noise process is, or what the significance is. Why would I need to know if the time series data depart from a white noise process?\n\nSo, any suggestions that could help me? Would be much appreciated. ", "author_fullname": "t2_mkw9y", "saved": false, "mod_reason_title": null, "gilded": 0, "clicked": false, "title": "Recommend me an introductory text for time series", "link_flair_richtext": [], "subreddit_name_prefixed": "r/statistics", "hidden": false, "pwls": 6, "link_flair_css_class": "", "downs": 0, "hide_score": false, "name": "t3_8mfy3o", "quarantine": false, "link_flair_text_color": "dark", "upvote_ratio": 0.95, "author_flair_background_color": null, "subreddit_type": "public", "ups": 38, "total_awards_received": 0, "media_embed": {}, "author_flair_template_id": null, "is_original_content": false, "user_reports": [], "secure_media": null, "is_reddit_media_domain": false, "is_meta": false, "category": null, "secure_media_embed": {}, "link_flair_text": "Statistics Question", "can_mod_post": false, "score": 38, "approved_by": null, "author_premium": false, "thumbnail": "", "edited": false, "author_flair_css_class": null, "author_flair_richtext": [], "gildings": {}, "content_categories": null, "is_self": true, "mod_note": null, "created": 1527429067.0, "link_flair_type": "text", "wls": 6, "removed_by_category": null, "banned_by": null, "author_flair_type": "text", "domain": "self.statistics", "allow_live_comments": false, "selftext_html": "<!-- SC_OFF --><div class=\"md\"><p>I&#39;m pretty novice right now. Think someone who has take intro to statistics and biostatistics but has forgotten most of that. I&#39;m reading a text right now that promises to introduce time series to beginners, but some of the material is too advanced for me. As an example</p>\n\n<p>&quot;We can also conduct a test of whether there is any evidence that the time series data depart from a white noise process.&quot; </p>\n\n<p>This is taken from really early on in the textbook. I&#39;m not sure exactly what a white noise process is, or what the significance is. Why would I need to know if the time series data depart from a white noise process?</p>\n\n<p>So, any suggestions that could help me? Would be much appreciated. </p>\n</div><!-- SC_ON -->", "likes": null, "suggested_sort": null, "banned_at_utc": null, "view_count": null, "archived": true, "no_follow": false, "is_crosspostable": true, "pinned": false, "over_18": false, "all_awardings": [], "awarders": [], "media_only": false, "link_flair_template_id": "ec7c22b0-35a0-11e7-b094-0e5818e9cb36", "can_gild": true, "spoiler": false, "locked": false, "author_flair_text": null, "treatment_tags": [], "visited": false, "removed_by": null, "num_reports": null, "distinguished": null, "subreddit_id": "t5_2qhfi", "mod_reason_by": null, "removal_reason": null, "link_flair_background_color": "", "id": "8mfy3o", "is_robot_indexable": true, "report_reasons": null, "author": "Brown-Banannerz", "discussion_type": null, "num_comments": 12, "send_replies": true, "whitelist_status": "all_ads", "contest_mode": false, "mod_reports": [], "author_patreon_flair": false, "author_flair_text_color": null, "permalink": "/r/statistics/comments/8mfy3o/recommend_me_an_introductory_text_for_time_series/", "parent_whitelist_status": "all_ads", "stickied": false, "url": "https://www.reddit.com/r/statistics/comments/8mfy3o/recommend_me_an_introductory_text_for_time_series/", "subreddit_subscribers": 106209, "created_utc": 1527400267.0, "num_crossposts": 0, "media": null, "is_video": false, "_fetched": false, "comment_limit": 2048, "comment_sort": "best", "_comments_by_id": {}, "_comments": [{"_replies": ["dzoxw6u"], "_submission": "8mfy3o", "_reddit": "_reddit", "total_awards_received": 0, "approved_at_utc": null, "ups": 13, "awarders": [], "mod_reason_by": null, "banned_by": null, "author_flair_type": "text", "removal_reason": null, "link_id": "t3_8mfy3o", "author_flair_template_id": null, "likes": null, "user_reports": [], "saved": false, "id": "dznapgk", "banned_at_utc": null, "mod_reason_title": null, "gilded": 0, "archived": true, "no_follow": false, "author": "imthestar", "can_mod_post": false, "send_replies": true, "parent_id": "t3_8mfy3o", "score": 13, "author_fullname": "t2_6r78w", "report_reasons": null, "approved_by": null, "all_awardings": [], "subreddit_id": "t5_2qhfi", "body": "https://www.stat.pitt.edu/stoffer/tsa4/\n\nThis one's free and has fairly entertaining writing + coding examples", "edited": false, "downs": 0, "author_flair_css_class": null, "is_submitter": false, "collapsed": false, "author_flair_richtext": [], "author_patreon_flair": false, "body_html": "<div class=\"md\"><p><a href=\"https://www.stat.pitt.edu/stoffer/tsa4/\">https://www.stat.pitt.edu/stoffer/tsa4/</a></p>\n\n<p>This one&#39;s free and has fairly entertaining writing + coding examples</p>\n</div>", "gildings": {}, "collapsed_reason": null, "associated_award": null, "stickied": false, "author_premium": false, "subreddit_type": "public", "can_gild": true, "subreddit": "statistics", "author_flair_text_color": null, "score_hidden": false, "permalink": "/r/statistics/comments/8mfy3o/recommend_me_an_introductory_text_for_time_series/dznapgk/", "num_reports": null, "locked": false, "name": "t1_dznapgk", "created": 1527430254.0, "author_flair_text": null, "treatment_tags": [], "created_utc": 1527401454.0, "subreddit_name_prefixed": "r/statistics", "controversiality": 0, "depth": 0, "author_flair_background_color": null, "collapsed_because_crowd_control": null, "mod_reports": [], "mod_note": null, "distinguished": null, "_fetched": true}, {"_replies": ["dzse2fu"], "_submission": "8mfy3o", "_reddit": "_reddit", "total_awards_received": 0, "approved_at_utc": null, "ups": 13, "awarders": [], "mod_reason_by": null, "banned_by": null, "author_flair_type": "text", "removal_reason": null, "link_id": "t3_8mfy3o", "author_flair_template_id": null, "likes": null, "user_reports": [], "saved": false, "id": "dznd9k6", "banned_at_utc": null, "mod_reason_title": null, "gilded": 0, "archived": true, "no_follow": false, "author": "Barbas", "can_mod_post": false, "send_replies": true, "parent_id": "t3_8mfy3o", "score": 13, "author_fullname": "t2_3s2ym", "report_reasons": null, "approved_by": null, "all_awardings": [], "subreddit_id": "t5_2qhfi", "body": "For novices this is almost definitely the best intro: https://otexts.org/fpp2/\n", "edited": false, "downs": 0, "author_flair_css_class": null, "is_submitter": false, "collapsed": false, "author_flair_richtext": [], "author_patreon_flair": false, "body_html": "<div class=\"md\"><p>For novices this is almost definitely the best intro: <a href=\"https://otexts.org/fpp2/\">https://otexts.org/fpp2/</a></p>\n</div>", "gildings": {}, "collapsed_reason": null, "associated_award": null, "stickied": false, "author_premium": false, "subreddit_type": "public", "can_gild": true, "subreddit": "statistics", "author_flair_text_color": null, "score_hidden": false, "permalink": "/r/statistics/comments/8mfy3o/recommend_me_an_introductory_text_for_time_series/dznd9k6/", "num_reports": null, "locked": false, "name": "t1_dznd9k6", "created": 1527435655.0, "author_flair_text": null, "treatment_tags": [], "created_utc": 1527406855.0, "subreddit_name_prefixed": "r/statistics", "controversiality": 0, "depth": 0, "author_flair_background_color": null, "collapsed_because_crowd_control": null, "mod_reports": [], "mod_note": null, "distinguished": null, "_fetched": true}, {"_replies": [], "_submission": "8mfy3o", "_reddit": "_reddit", "total_awards_received": 0, "approved_at_utc": null, "ups": 3, "awarders": [], "mod_reason_by": null, "banned_by": null, "author_flair_type": "text", "removal_reason": null, "link_id": "t3_8mfy3o", "author_flair_template_id": null, "likes": null, "user_reports": [], "saved": false, "id": "dznbwzl", "banned_at_utc": null, "mod_reason_title": null, "gilded": 0, "archived": true, "no_follow": true, "author": "Armagarch", "can_mod_post": false, "send_replies": true, "parent_id": "t3_8mfy3o", "score": 3, "author_fullname": "t2_18o022pp", "report_reasons": null, "approved_by": null, "all_awardings": [], "subreddit_id": "t5_2qhfi", "body": "So, in time-series data we have a natural ordering of data points. So we expect a shock to our variable yesterday to have some effect on our outcome today, if that\u2019s not the case (under certain assumptions) we have a white noise process. That\u2019s the basics of it. Wooldridge\u2019s undergraduate econometrics textbook has a really good introductory chapter on time-series. ", "edited": false, "downs": 0, "author_flair_css_class": null, "is_submitter": false, "collapsed": false, "author_flair_richtext": [], "author_patreon_flair": false, "body_html": "<div class=\"md\"><p>So, in time-series data we have a natural ordering of data points. So we expect a shock to our variable yesterday to have some effect on our outcome today, if that\u2019s not the case (under certain assumptions) we have a white noise process. That\u2019s the basics of it. Wooldridge\u2019s undergraduate econometrics textbook has a really good introductory chapter on time-series. </p>\n</div>", "gildings": {}, "collapsed_reason": null, "associated_award": null, "stickied": false, "author_premium": false, "subreddit_type": "public", "can_gild": true, "subreddit": "statistics", "author_flair_text_color": null, "score_hidden": false, "permalink": "/r/statistics/comments/8mfy3o/recommend_me_an_introductory_text_for_time_series/dznbwzl/", "num_reports": null, "locked": false, "name": "t1_dznbwzl", "created": 1527432685.0, "author_flair_text": null, "treatment_tags": [], "created_utc": 1527403885.0, "subreddit_name_prefixed": "r/statistics", "controversiality": 0, "depth": 0, "author_flair_background_color": null, "collapsed_because_crowd_control": null, "mod_reports": [], "mod_note": null, "distinguished": null, "_fetched": true}, {"_replies": [], "_submission": "8mfy3o", "_reddit": "_reddit", "total_awards_received": 0, "approved_at_utc": null, "ups": 1, "awarders": [], "mod_reason_by": null, "banned_by": null, "author_flair_type": "text", "removal_reason": null, "link_id": "t3_8mfy3o", "author_flair_template_id": null, "likes": null, "user_reports": [], "saved": false, "id": "dzncxyr", "banned_at_utc": null, "mod_reason_title": null, "gilded": 0, "archived": true, "no_follow": true, "author": "coffeecoffeecoffeee", "can_mod_post": false, "send_replies": true, "parent_id": "t3_8mfy3o", "score": 1, "author_fullname": "t2_fnb6r", "report_reasons": null, "approved_by": null, "all_awardings": [], "subreddit_id": "t5_2qhfi", "body": "Cowpertwait\u2019s book is awesome as an intro.  It pretty much assumes you know nothing about Time series and teaches you the basics in an applied way.", "edited": false, "downs": 0, "author_flair_css_class": null, "is_submitter": false, "collapsed": false, "author_flair_richtext": [], "author_patreon_flair": false, "body_html": "<div class=\"md\"><p>Cowpertwait\u2019s book is awesome as an intro.  It pretty much assumes you know nothing about Time series and teaches you the basics in an applied way.</p>\n</div>", "gildings": {}, "collapsed_reason": null, "associated_award": null, "stickied": false, "author_premium": false, "subreddit_type": "public", "can_gild": true, "subreddit": "statistics", "author_flair_text_color": null, "score_hidden": false, "permalink": "/r/statistics/comments/8mfy3o/recommend_me_an_introductory_text_for_time_series/dzncxyr/", "num_reports": null, "locked": false, "name": "t1_dzncxyr", "created": 1527434935.0, "author_flair_text": null, "treatment_tags": [], "created_utc": 1527406135.0, "subreddit_name_prefixed": "r/statistics", "controversiality": 0, "depth": 0, "author_flair_background_color": null, "collapsed_because_crowd_control": null, "mod_reports": [], "mod_note": null, "distinguished": null, "_fetched": true}, {"_replies": [], "_submission": "8mfy3o", "_reddit": "_reddit", "total_awards_received": 0, "approved_at_utc": null, "ups": 1, "awarders": [], "mod_reason_by": null, "banned_by": null, "author_flair_type": "text", "removal_reason": null, "link_id": "t3_8mfy3o", "author_flair_template_id": null, "likes": null, "user_reports": [], "saved": false, "id": "dznge1r", "banned_at_utc": null, "mod_reason_title": null, "gilded": 0, "archived": true, "no_follow": true, "author": "studywalk", "can_mod_post": false, "send_replies": true, "parent_id": "t3_8mfy3o", "score": 1, "author_fullname": "t2_12539qhw", "report_reasons": null, "approved_by": null, "all_awardings": [], "subreddit_id": "t5_2qhfi", "body": "For time series, you may refer these notes. http://studywalk.com/index.php?route=product/category&path=59_62_84", "edited": false, "downs": 0, "author_flair_css_class": null, "is_submitter": false, "collapsed": false, "author_flair_richtext": [], "author_patreon_flair": false, "body_html": "<div class=\"md\"><p>For time series, you may refer these notes. <a href=\"http://studywalk.com/index.php?route=product/category&amp;path=59_62_84\">http://studywalk.com/index.php?route=product/category&amp;path=59_62_84</a></p>\n</div>", "gildings": {}, "collapsed_reason": null, "associated_award": null, "stickied": false, "author_premium": false, "subreddit_type": "public", "can_gild": true, "subreddit": "statistics", "author_flair_text_color": null, "score_hidden": false, "permalink": "/r/statistics/comments/8mfy3o/recommend_me_an_introductory_text_for_time_series/dznge1r/", "num_reports": null, "locked": false, "name": "t1_dznge1r", "created": 1527443272.0, "author_flair_text": null, "treatment_tags": [], "created_utc": 1527414472.0, "subreddit_name_prefixed": "r/statistics", "controversiality": 0, "depth": 0, "author_flair_background_color": null, "collapsed_because_crowd_control": null, "mod_reports": [], "mod_note": null, "distinguished": null, "_fetched": true}, {"_replies": ["dzoj3o0"], "_submission": "8mfy3o", "_reddit": "_reddit", "total_awards_received": 0, "approved_at_utc": null, "ups": 1, "awarders": [], "mod_reason_by": null, "banned_by": null, "author_flair_type": "text", "removal_reason": null, "link_id": "t3_8mfy3o", "author_flair_template_id": null, "likes": null, "user_reports": [], "saved": false, "id": "dzohxqs", "banned_at_utc": null, "mod_reason_title": null, "gilded": 0, "archived": true, "no_follow": true, "author": "urmyheartBeatStopR", "can_mod_post": false, "send_replies": true, "parent_id": "t3_8mfy3o", "score": 1, "author_fullname": "t2_4ai0l", "report_reasons": null, "approved_by": null, "all_awardings": [], "subreddit_id": "t5_2qhfi", "body": "official website:\n\nhttps://www.stat.pitt.edu/stoffer/tsa4/\n\n\nBook name is:  Time Series Analysis and Its Applications\nWith R Examples \u2014 4th Edition \n\nAuthors: shumway & stoffer's \n\nIf you do not get this book then I think **maybe** you have a shaky statistic foundation. Or spend more time working at it.", "edited": false, "downs": 0, "author_flair_css_class": null, "is_submitter": false, "collapsed": false, "author_flair_richtext": [], "author_patreon_flair": false, "body_html": "<div class=\"md\"><p>official website:</p>\n\n<p><a href=\"https://www.stat.pitt.edu/stoffer/tsa4/\">https://www.stat.pitt.edu/stoffer/tsa4/</a></p>\n\n<p>Book name is:  Time Series Analysis and Its Applications\nWith R Examples \u2014 4th Edition </p>\n\n<p>Authors: shumway &amp; stoffer&#39;s </p>\n\n<p>If you do not get this book then I think <strong>maybe</strong> you have a shaky statistic foundation. Or spend more time working at it.</p>\n</div>", "gildings": {}, "collapsed_reason": null, "associated_award": null, "stickied": false, "author_premium": false, "subreddit_type": "public", "can_gild": true, "subreddit": "statistics", "author_flair_text_color": null, "score_hidden": false, "permalink": "/r/statistics/comments/8mfy3o/recommend_me_an_introductory_text_for_time_series/dzohxqs/", "num_reports": null, "locked": false, "name": "t1_dzohxqs", "created": 1527490818.0, "author_flair_text": null, "treatment_tags": [], "created_utc": 1527462018.0, "subreddit_name_prefixed": "r/statistics", "controversiality": 0, "depth": 0, "author_flair_background_color": null, "collapsed_because_crowd_control": null, "mod_reports": [], "mod_note": null, "distinguished": null, "_fetched": true}, {"_replies": [], "_submission": "8mfy3o", "_reddit": "_reddit", "total_awards_received": 0, "approved_at_utc": null, "ups": 2, "awarders": [], "mod_reason_by": null, "banned_by": null, "author_flair_type": "text", "removal_reason": null, "link_id": "t3_8mfy3o", "author_flair_template_id": null, "likes": null, "user_reports": [], "saved": false, "id": "dzoxw6u", "banned_at_utc": null, "mod_reason_title": null, "gilded": 0, "archived": true, "no_follow": true, "author": "Brown-Banannerz", "can_mod_post": false, "send_replies": true, "parent_id": "t1_dznapgk", "score": 2, "author_fullname": "t2_mkw9y", "report_reasons": null, "approved_by": null, "all_awardings": [], "subreddit_id": "t5_2qhfi", "collapsed": false, "body": "This is the first recommendation that I'm giving a go, and it's really looking like it might be just right for me. Thanks for the suggestion", "edited": false, "author_flair_css_class": null, "is_submitter": true, "downs": 0, "author_flair_richtext": [], "author_patreon_flair": false, "body_html": "<div class=\"md\"><p>This is the first recommendation that I&#39;m giving a go, and it&#39;s really looking like it might be just right for me. Thanks for the suggestion</p>\n</div>", "gildings": {}, "collapsed_reason": null, "associated_award": null, "stickied": false, "author_premium": false, "subreddit_type": "public", "can_gild": true, "subreddit": "statistics", "author_flair_text_color": null, "score_hidden": false, "permalink": "/r/statistics/comments/8mfy3o/recommend_me_an_introductory_text_for_time_series/dzoxw6u/", "num_reports": null, "locked": false, "name": "t1_dzoxw6u", "created": 1527509007.0, "author_flair_text": null, "treatment_tags": [], "created_utc": 1527480207.0, "subreddit_name_prefixed": "r/statistics", "controversiality": 0, "depth": 1, "author_flair_background_color": null, "collapsed_because_crowd_control": null, "mod_reports": [], "mod_note": null, "distinguished": null, "_fetched": true}, {"_replies": [], "_submission": "8mfy3o", "_reddit": "_reddit", "total_awards_received": 0, "approved_at_utc": null, "ups": 1, "awarders": [], "mod_reason_by": null, "banned_by": null, "author_flair_type": "text", "removal_reason": null, "link_id": "t3_8mfy3o", "author_flair_template_id": null, "likes": null, "user_reports": [], "saved": false, "id": "dzse2fu", "banned_at_utc": null, "mod_reason_title": null, "gilded": 0, "archived": true, "no_follow": true, "author": "Brown-Banannerz", "can_mod_post": false, "send_replies": true, "parent_id": "t1_dznd9k6", "score": 1, "author_fullname": "t2_mkw9y", "report_reasons": null, "approved_by": null, "all_awardings": [], "subreddit_id": "t5_2qhfi", "collapsed": false, "body": "This has been excellent so far, written exactly the way I was hoping to get. Thank you!", "edited": false, "author_flair_css_class": null, "is_submitter": true, "downs": 0, "author_flair_richtext": [], "author_patreon_flair": false, "body_html": "<div class=\"md\"><p>This has been excellent so far, written exactly the way I was hoping to get. Thank you!</p>\n</div>", "gildings": {}, "collapsed_reason": null, "associated_award": null, "stickied": false, "author_premium": false, "subreddit_type": "public", "can_gild": true, "subreddit": "statistics", "author_flair_text_color": null, "score_hidden": false, "permalink": "/r/statistics/comments/8mfy3o/recommend_me_an_introductory_text_for_time_series/dzse2fu/", "num_reports": null, "locked": false, "name": "t1_dzse2fu", "created": 1527659642.0, "author_flair_text": null, "treatment_tags": [], "created_utc": 1527630842.0, "subreddit_name_prefixed": "r/statistics", "controversiality": 0, "depth": 1, "author_flair_background_color": null, "collapsed_because_crowd_control": null, "mod_reports": [], "mod_note": null, "distinguished": null, "_fetched": true}, {"_replies": ["dzp8r2x"], "_submission": "8mfy3o", "_reddit": "_reddit", "total_awards_received": 0, "approved_at_utc": null, "ups": 1, "awarders": [], "mod_reason_by": null, "banned_by": null, "author_flair_type": "text", "removal_reason": null, "link_id": "t3_8mfy3o", "author_flair_template_id": null, "likes": null, "user_reports": [], "saved": false, "id": "dzoj3o0", "banned_at_utc": null, "mod_reason_title": null, "gilded": 0, "archived": true, "no_follow": true, "author": "Brown-Banannerz", "can_mod_post": false, "send_replies": true, "parent_id": "t1_dzohxqs", "score": 1, "author_fullname": "t2_mkw9y", "report_reasons": null, "approved_by": null, "all_awardings": [], "subreddit_id": "t5_2qhfi", "collapsed": false, "body": "Thanks. Yes lol I'm wondering if I might need to review my statistics texts. I'm trying to spend as little time on that though", "edited": false, "author_flair_css_class": null, "is_submitter": true, "downs": 0, "author_flair_richtext": [], "author_patreon_flair": false, "body_html": "<div class=\"md\"><p>Thanks. Yes lol I&#39;m wondering if I might need to review my statistics texts. I&#39;m trying to spend as little time on that though</p>\n</div>", "gildings": {}, "collapsed_reason": null, "associated_award": null, "stickied": false, "author_premium": false, "subreddit_type": "public", "can_gild": true, "subreddit": "statistics", "author_flair_text_color": null, "score_hidden": false, "permalink": "/r/statistics/comments/8mfy3o/recommend_me_an_introductory_text_for_time_series/dzoj3o0/", "num_reports": null, "locked": false, "name": "t1_dzoj3o0", "created": 1527492204.0, "author_flair_text": null, "treatment_tags": [], "created_utc": 1527463404.0, "subreddit_name_prefixed": "r/statistics", "controversiality": 0, "depth": 1, "author_flair_background_color": null, "collapsed_because_crowd_control": null, "mod_reports": [], "mod_note": null, "distinguished": null, "_fetched": true}, {"_replies": ["dzse5m5"], "_submission": "8mfy3o", "_reddit": "_reddit", "total_awards_received": 0, "approved_at_utc": null, "ups": 1, "awarders": [], "mod_reason_by": null, "banned_by": null, "author_flair_type": "text", "removal_reason": null, "link_id": "t3_8mfy3o", "author_flair_template_id": null, "likes": null, "user_reports": [], "saved": false, "id": "dzp8r2x", "banned_at_utc": null, "mod_reason_title": null, "gilded": 0, "archived": true, "no_follow": true, "author": "efrique", "can_mod_post": false, "created_utc": 1527499748.0, "send_replies": true, "parent_id": "t1_dzoj3o0", "score": 1, "author_fullname": "t2_38629", "report_reasons": null, "approved_by": null, "all_awardings": [], "subreddit_id": "t5_2qhfi", "body": "There's an \"easy\" version of Shumway and Stoffer as well -- see stoffer's website for the book (you should be able to find it from the link above, it's the \"tsaEZ\" one)\n\nAn alternative would be Forecasting: Principles and Practice\n\nhttps://otexts.org/fpp2\n\n\nYou could perhaps profit from reading both, then look at the full version of Shumway and Stoffer.\n\nI'd also recommend you have a go at a basic math. stats book (something along the lines of Wacklerly, Mendenhall and Scheaffer but there's many reasonable alternatives); you'll need some background to tackle time series well.", "edited": 1527500014.0, "author_flair_css_class": null, "is_submitter": false, "downs": 0, "author_flair_richtext": [], "author_patreon_flair": false, "body_html": "<div class=\"md\"><p>There&#39;s an &quot;easy&quot; version of Shumway and Stoffer as well -- see stoffer&#39;s website for the book (you should be able to find it from the link above, it&#39;s the &quot;tsaEZ&quot; one)</p>\n\n<p>An alternative would be Forecasting: Principles and Practice</p>\n\n<p><a href=\"https://otexts.org/fpp2\">https://otexts.org/fpp2</a></p>\n\n<p>You could perhaps profit from reading both, then look at the full version of Shumway and Stoffer.</p>\n\n<p>I&#39;d also recommend you have a go at a basic math. stats book (something along the lines of Wacklerly, Mendenhall and Scheaffer but there&#39;s many reasonable alternatives); you&#39;ll need some background to tackle time series well.</p>\n</div>", "gildings": {}, "collapsed_reason": null, "associated_award": null, "stickied": false, "author_premium": true, "subreddit_type": "public", "can_gild": true, "subreddit": "statistics", "author_flair_text_color": null, "score_hidden": false, "permalink": "/r/statistics/comments/8mfy3o/recommend_me_an_introductory_text_for_time_series/dzp8r2x/", "num_reports": null, "locked": false, "name": "t1_dzp8r2x", "created": 1527528548.0, "author_flair_text": null, "treatment_tags": [], "collapsed": false, "subreddit_name_prefixed": "r/statistics", "controversiality": 0, "depth": 2, "author_flair_background_color": null, "collapsed_because_crowd_control": null, "mod_reports": [], "mod_note": null, "distinguished": null, "_fetched": true}, {"_replies": [], "_submission": "8mfy3o", "_reddit": "_reddit", "total_awards_received": 0, "approved_at_utc": null, "ups": 1, "awarders": [], "mod_reason_by": null, "banned_by": null, "author_flair_type": "text", "removal_reason": null, "link_id": "t3_8mfy3o", "author_flair_template_id": null, "likes": null, "user_reports": [], "saved": false, "id": "dzse5m5", "banned_at_utc": null, "mod_reason_title": null, "gilded": 0, "archived": true, "no_follow": true, "author": "Brown-Banannerz", "can_mod_post": false, "send_replies": true, "parent_id": "t1_dzp8r2x", "score": 1, "author_fullname": "t2_mkw9y", "report_reasons": null, "approved_by": null, "all_awardings": [], "subreddit_id": "t5_2qhfi", "body": "I have a book from my old intro to statistics class that I am referencing when needed. The otext resource has been amazing so far though. thank you for that", "edited": false, "downs": 0, "author_flair_css_class": null, "is_submitter": true, "collapsed": false, "author_flair_richtext": [], "author_patreon_flair": false, "body_html": "<div class=\"md\"><p>I have a book from my old intro to statistics class that I am referencing when needed. The otext resource has been amazing so far though. thank you for that</p>\n</div>", "gildings": {}, "collapsed_reason": null, "associated_award": null, "stickied": false, "author_premium": false, "subreddit_type": "public", "can_gild": true, "subreddit": "statistics", "author_flair_text_color": null, "score_hidden": false, "permalink": "/r/statistics/comments/8mfy3o/recommend_me_an_introductory_text_for_time_series/dzse5m5/", "num_reports": null, "locked": false, "name": "t1_dzse5m5", "created": 1527659723.0, "author_flair_text": null, "treatment_tags": [], "created_utc": 1527630923.0, "subreddit_name_prefixed": "r/statistics", "controversiality": 0, "depth": 3, "author_flair_background_color": null, "collapsed_because_crowd_control": null, "mod_reports": [], "mod_note": null, "distinguished": null, "_fetched": true}]}