{"_reddit": "_reddit", "approved_at_utc": null, "subreddit": "statistics", "selftext": "I thought some of you could relate to what Norvig (director of research at Google) is saying here: http://norvig.com/21-days.html\n\n>Researchers have shown it takes about ten years to develop expertise in any of a wide variety of areas, including chess playing, music composition, telegraph operation, painting, piano playing, swimming, tennis, and research in neuropsychology and topology. The key is deliberative practice\n\n>Get interested in programming, and do some because it is fun. Make sure that it keeps being enough fun so that you will be willing to put in your ten years/10,000 hours.\n\n>Program. The best kind of learning is learning by doing. \n\n>Talk with other programmers; read other programs. This is more important than any book or training course.\n\n>If you want, put in four years at a college (or more at a graduate school).\n\n>Work on projects with other programmers. Be the best programmer on some projects; be the worst on some others. \n\n>Work on projects after other programmers. Understand a program written by someone else. \n\n*****\n\n>So go ahead and buy that Java/Ruby/Javascript/PHP book; you'll probably get some use out of it. But you won't change your life, or your real overall expertise as a programmer in 24 hours or 21 days. How about working hard to continually improve over 24 months? Well, now you're starting to get somewhere...\n\n", "user_reports": [], "saved": false, "mod_reason_title": null, "gilded": 0, "clicked": false, "title": "\"Teach Yourself Programming in Ten Years\" by Peter Norvig (very relevant to statistics)", "link_flair_richtext": [], "subreddit_name_prefixed": "r/statistics", "hidden": false, "pwls": 6, "link_flair_css_class": "", "downs": 0, "hide_score": false, "name": "t3_89uxiz", "quarantine": false, "link_flair_text_color": "dark", "upvote_ratio": 0.93, "author_flair_background_color": "", "subreddit_type": "public", "ups": 82, "total_awards_received": 0, "media_embed": {}, "author_flair_template_id": null, "is_original_content": false, "secure_media": null, "is_reddit_media_domain": false, "is_meta": false, "category": null, "secure_media_embed": {}, "link_flair_text": "Discussion", "can_mod_post": false, "score": 82, "approved_by": null, "thumbnail": "", "edited": false, "author_flair_css_class": null, "gildings": {}, "content_categories": null, "is_self": true, "mod_note": null, "created": 1522915065.0, "link_flair_type": "text", "wls": 6, "removed_by_category": null, "banned_by": null, "domain": "self.statistics", "allow_live_comments": true, "selftext_html": "<!-- SC_OFF --><div class=\"md\"><p>I thought some of you could relate to what Norvig (director of research at Google) is saying here: <a href=\"http://norvig.com/21-days.html\">http://norvig.com/21-days.html</a></p>\n\n<blockquote>\n<p>Researchers have shown it takes about ten years to develop expertise in any of a wide variety of areas, including chess playing, music composition, telegraph operation, painting, piano playing, swimming, tennis, and research in neuropsychology and topology. The key is deliberative practice</p>\n\n<p>Get interested in programming, and do some because it is fun. Make sure that it keeps being enough fun so that you will be willing to put in your ten years/10,000 hours.</p>\n\n<p>Program. The best kind of learning is learning by doing. </p>\n\n<p>Talk with other programmers; read other programs. This is more important than any book or training course.</p>\n\n<p>If you want, put in four years at a college (or more at a graduate school).</p>\n\n<p>Work on projects with other programmers. Be the best programmer on some projects; be the worst on some others. </p>\n\n<p>Work on projects after other programmers. Understand a program written by someone else. </p>\n</blockquote>\n\n<hr/>\n\n<blockquote>\n<p>So go ahead and buy that Java/Ruby/Javascript/PHP book; you&#39;ll probably get some use out of it. But you won&#39;t change your life, or your real overall expertise as a programmer in 24 hours or 21 days. How about working hard to continually improve over 24 months? Well, now you&#39;re starting to get somewhere...</p>\n</blockquote>\n</div><!-- SC_ON -->", "likes": null, "suggested_sort": null, "banned_at_utc": null, "view_count": null, "archived": true, "no_follow": false, "is_crosspostable": true, "pinned": false, "over_18": false, "all_awardings": [], "awarders": [], "media_only": false, "link_flair_template_id": "f267e31c-35a0-11e7-906f-0e9fd3d54af4", "can_gild": false, "spoiler": false, "locked": false, "author_flair_text": null, "treatment_tags": [], "visited": false, "removed_by": null, "num_reports": null, "distinguished": null, "subreddit_id": "t5_2qhfi", "mod_reason_by": null, "removal_reason": null, "link_flair_background_color": "", "id": "89uxiz", "is_robot_indexable": true, "stickied": false, "author": "NA", "discussion_type": null, "media": null, "send_replies": true, "whitelist_status": "all_ads", "contest_mode": false, "mod_reports": [], "author_flair_text_color": "dark", "permalink": "/r/statistics/comments/89uxiz/teach_yourself_programming_in_ten_years_by_peter/", "parent_whitelist_status": "all_ads", "report_reasons": null, "url": "https://www.reddit.com/r/statistics/comments/89uxiz/teach_yourself_programming_in_ten_years_by_peter/", "subreddit_subscribers": 106209, "created_utc": 1522886265.0, "num_crossposts": 0, "num_comments": 7, "is_video": false, "_fetched": false, "comment_limit": 2048, "comment_sort": "best", "_comments_by_id": {}, "_comments": [{"_replies": ["dwu4o54", "dwuo5mh", "dwu22sb"], "_submission": "89uxiz", "_reddit": "_reddit", "total_awards_received": 0, "approved_at_utc": null, "ups": 61, "awarders": [], "mod_reason_by": null, "banned_by": null, "author_flair_type": "text", "removal_reason": null, "link_id": "t3_89uxiz", "author_flair_template_id": null, "likes": null, "user_reports": [], "saved": false, "id": "dwtrhu3", "banned_at_utc": null, "mod_reason_title": null, "gilded": 0, "archived": true, "no_follow": false, "author": "Neoliberal_Napalm", "can_mod_post": false, "send_replies": true, "parent_id": "t3_89uxiz", "score": 61, "author_fullname": "t2_wf5cdil", "report_reasons": null, "approved_by": null, "all_awardings": [], "subreddit_id": "t5_2qhfi", "body": "The notion of 10,000 hours/10 years is based on surveys and interviews with grandmasters of performing arts and various competitive sports and games. It applies to people who dedicated their lives to a specific craft or skill, to the point where they successfully perform it at the highest league of competition.\n\nThe 10k hours/10 years rule does *NOT* apply to regular jobs or professions. Real-world jobs entail a wide range of diverse tasks, skills and changing scope of requisite knowledge. \"Real\" jobs do not require such an extensive learning curve:  because the competitive pressure for individuals isn't nearly as intense; the job is team-oriented with frequently shifting teams which lack the social cohesion to achieve group mastery; and there's generally very little passion for being the *very best* at a \"real\" profession or job. Yeah, there's the National Lampoon film *Bag Boy*, but that parody just demonstrates the point I'm making.\n\nIf you want to be a professional athlete, musical virtuoso, artist, chess grandmaster, or Nobel-winning scholar, then by all means dedicate your every waking hour towards achieving mastery and personal glory. But the odds are extremely slim, even for those who wish to emulate such models of mastery. The rest of us are just as well of by being \"good enough\" in our own careers. ", "edited": false, "downs": 0, "author_flair_css_class": null, "is_submitter": false, "collapsed": false, "author_flair_richtext": [], "author_patreon_flair": false, "body_html": "<div class=\"md\"><p>The notion of 10,000 hours/10 years is based on surveys and interviews with grandmasters of performing arts and various competitive sports and games. It applies to people who dedicated their lives to a specific craft or skill, to the point where they successfully perform it at the highest league of competition.</p>\n\n<p>The 10k hours/10 years rule does <em>NOT</em> apply to regular jobs or professions. Real-world jobs entail a wide range of diverse tasks, skills and changing scope of requisite knowledge. &quot;Real&quot; jobs do not require such an extensive learning curve:  because the competitive pressure for individuals isn&#39;t nearly as intense; the job is team-oriented with frequently shifting teams which lack the social cohesion to achieve group mastery; and there&#39;s generally very little passion for being the <em>very best</em> at a &quot;real&quot; profession or job. Yeah, there&#39;s the National Lampoon film <em>Bag Boy</em>, but that parody just demonstrates the point I&#39;m making.</p>\n\n<p>If you want to be a professional athlete, musical virtuoso, artist, chess grandmaster, or Nobel-winning scholar, then by all means dedicate your every waking hour towards achieving mastery and personal glory. But the odds are extremely slim, even for those who wish to emulate such models of mastery. The rest of us are just as well of by being &quot;good enough&quot; in our own careers. </p>\n</div>", "gildings": {}, "collapsed_reason": null, "associated_award": null, "stickied": false, "author_premium": false, "subreddit_type": "public", "can_gild": true, "subreddit": "statistics", "author_flair_text_color": null, "score_hidden": false, "permalink": "/r/statistics/comments/89uxiz/teach_yourself_programming_in_ten_years_by_peter/dwtrhu3/", "num_reports": null, "locked": false, "name": "t1_dwtrhu3", "created": 1522917482.0, "author_flair_text": null, "treatment_tags": [], "created_utc": 1522888682.0, "subreddit_name_prefixed": "r/statistics", "controversiality": 0, "depth": 0, "author_flair_background_color": null, "collapsed_because_crowd_control": null, "mod_reports": [], "mod_note": null, "distinguished": null, "_fetched": true}, {"_replies": [], "_submission": "89uxiz", "_reddit": "_reddit", "total_awards_received": 0, "approved_at_utc": null, "ups": 11, "awarders": [], "mod_reason_by": null, "banned_by": null, "author_flair_type": "text", "removal_reason": null, "link_id": "t3_89uxiz", "author_flair_template_id": null, "likes": null, "user_reports": [], "saved": false, "id": "dwu4o54", "banned_at_utc": null, "mod_reason_title": null, "gilded": 0, "archived": true, "no_follow": false, "author": "Rezo-Acken", "can_mod_post": false, "send_replies": true, "parent_id": "t1_dwtrhu3", "score": 11, "author_fullname": "t2_p2xoe", "report_reasons": null, "approved_by": null, "all_awardings": [], "subreddit_id": "t5_2qhfi", "collapsed": false, "body": "I think the most important part in that \"rule\" is that it is with diminishing returns. The growth you have for first 1K is way bigger than anything after.\n\nNow I take it more as a motivation assessment than a requirement: is it something you like enough to see yourself put 10 000 hours in it over a carreer ?", "edited": false, "author_flair_css_class": null, "is_submitter": false, "downs": 0, "author_flair_richtext": [], "author_patreon_flair": false, "body_html": "<div class=\"md\"><p>I think the most important part in that &quot;rule&quot; is that it is with diminishing returns. The growth you have for first 1K is way bigger than anything after.</p>\n\n<p>Now I take it more as a motivation assessment than a requirement: is it something you like enough to see yourself put 10 000 hours in it over a carreer ?</p>\n</div>", "gildings": {}, "collapsed_reason": null, "associated_award": null, "stickied": false, "author_premium": false, "subreddit_type": "public", "can_gild": true, "subreddit": "statistics", "author_flair_text_color": null, "score_hidden": false, "permalink": "/r/statistics/comments/89uxiz/teach_yourself_programming_in_ten_years_by_peter/dwu4o54/", "num_reports": null, "locked": false, "name": "t1_dwu4o54", "created": 1522931447.0, "author_flair_text": null, "treatment_tags": [], "created_utc": 1522902647.0, "subreddit_name_prefixed": "r/statistics", "controversiality": 0, "depth": 1, "author_flair_background_color": null, "collapsed_because_crowd_control": null, "mod_reports": [], "mod_note": null, "distinguished": null, "_fetched": true}, {"_replies": [], "_submission": "89uxiz", "_reddit": "_reddit", "total_awards_received": 0, "approved_at_utc": null, "ups": 5, "awarders": [], "mod_reason_by": null, "banned_by": null, "author_flair_type": "text", "removal_reason": null, "link_id": "t3_89uxiz", "author_flair_template_id": null, "likes": null, "user_reports": [], "saved": false, "id": "dwuo5mh", "banned_at_utc": null, "mod_reason_title": null, "gilded": 0, "archived": true, "no_follow": false, "author": "syntaxvorlon", "can_mod_post": false, "send_replies": true, "parent_id": "t1_dwtrhu3", "score": 5, "author_fullname": "t2_dptek", "report_reasons": null, "approved_by": null, "all_awardings": [], "subreddit_id": "t5_2qhfi", "collapsed": false, "body": "Well, part of the practical expectation of skilled labor has always been that the vast majority of workers are people who are neither novices nor experts. Journeymen/women. Workers who have put in their first 500 hours to know at the very least the major pitfalls, and a few clever tricks. But they still have a lot of rough edges, they might not know this or that major documentation system or have a firm grasp on the particular way that the garbage collector works in their programs. Part of the idea of the 10K hr expert is that they have spent long enough doing so many different things in their field to recognize immediately one problem or another.\n\nAt the same time, not as widely discussed is the downside of expertise, which is the lack of reflection that people can have on new problems. They have solved so many problems and are able to very rapidly make decisions based on their accumulated experience that they don't do the same kind of deep thinking about each step. So if a major change comes into their field or something about their field shifts out of their area of expertise, they end up being stuck on old models of behavior, hide-bound as it were. Because they are experts however, their influence can lead to old modes becoming ossified in a field.\n\nAs an example, writing is one of the oldest forms of high technology. English has co-evolved with writing heavily, to the point that the vellum/quill scribing techniques developed in the middle ages determined the spelling of some words in order to provide clarity. The spelling of words like 'love' and 'honey' were originally 'luve' and 'huney,' exactly as they were pronounced, but writing luve and huney turns them into a very difficult to read series of vertical lines, and switching the u to an o makes them more clear. So love and honey just became how those words were spelled, even as the technologies for writing improved to the point where we could write things completely phonetically without issue, but we don't because that's not how things are spelled anymore, and the people deciding spelling were the same group who had been writing with quill pens for 500 years beforehand.", "edited": false, "author_flair_css_class": null, "is_submitter": false, "downs": 0, "author_flair_richtext": [], "author_patreon_flair": false, "body_html": "<div class=\"md\"><p>Well, part of the practical expectation of skilled labor has always been that the vast majority of workers are people who are neither novices nor experts. Journeymen/women. Workers who have put in their first 500 hours to know at the very least the major pitfalls, and a few clever tricks. But they still have a lot of rough edges, they might not know this or that major documentation system or have a firm grasp on the particular way that the garbage collector works in their programs. Part of the idea of the 10K hr expert is that they have spent long enough doing so many different things in their field to recognize immediately one problem or another.</p>\n\n<p>At the same time, not as widely discussed is the downside of expertise, which is the lack of reflection that people can have on new problems. They have solved so many problems and are able to very rapidly make decisions based on their accumulated experience that they don&#39;t do the same kind of deep thinking about each step. So if a major change comes into their field or something about their field shifts out of their area of expertise, they end up being stuck on old models of behavior, hide-bound as it were. Because they are experts however, their influence can lead to old modes becoming ossified in a field.</p>\n\n<p>As an example, writing is one of the oldest forms of high technology. English has co-evolved with writing heavily, to the point that the vellum/quill scribing techniques developed in the middle ages determined the spelling of some words in order to provide clarity. The spelling of words like &#39;love&#39; and &#39;honey&#39; were originally &#39;luve&#39; and &#39;huney,&#39; exactly as they were pronounced, but writing luve and huney turns them into a very difficult to read series of vertical lines, and switching the u to an o makes them more clear. So love and honey just became how those words were spelled, even as the technologies for writing improved to the point where we could write things completely phonetically without issue, but we don&#39;t because that&#39;s not how things are spelled anymore, and the people deciding spelling were the same group who had been writing with quill pens for 500 years beforehand.</p>\n</div>", "gildings": {}, "collapsed_reason": null, "associated_award": null, "stickied": false, "author_premium": false, "subreddit_type": "public", "can_gild": true, "subreddit": "statistics", "author_flair_text_color": null, "score_hidden": false, "permalink": "/r/statistics/comments/89uxiz/teach_yourself_programming_in_ten_years_by_peter/dwuo5mh/", "num_reports": null, "locked": false, "name": "t1_dwuo5mh", "created": 1522964502.0, "author_flair_text": null, "treatment_tags": [], "created_utc": 1522935702.0, "subreddit_name_prefixed": "r/statistics", "controversiality": 0, "depth": 1, "author_flair_background_color": null, "collapsed_because_crowd_control": null, "mod_reports": [], "mod_note": null, "distinguished": null, "_fetched": true}, {"_replies": ["dwuixy7"], "_submission": "89uxiz", "_reddit": "_reddit", "total_awards_received": 0, "approved_at_utc": null, "ups": 3, "awarders": [], "mod_reason_by": null, "banned_by": null, "author_flair_type": "text", "removal_reason": null, "link_id": "t3_89uxiz", "author_flair_template_id": null, "likes": null, "user_reports": [], "saved": false, "id": "dwu22sb", "banned_at_utc": null, "mod_reason_title": null, "gilded": 0, "archived": true, "no_follow": true, "author": "ryanbuck_", "can_mod_post": false, "send_replies": true, "parent_id": "t1_dwtrhu3", "score": 3, "author_fullname": "t2_eprnr4u", "report_reasons": null, "approved_by": null, "all_awardings": [], "subreddit_id": "t5_2qhfi", "collapsed": false, "body": "To shreds, you say?\n\nedit: thought this was r/MachineLearning.\n\nMachine learning with statistics knowledge.  That combination is the new art.  It legitimately deserves 10,000 hours.  my 2 cents.  Everything about to bloom.  Yay us.", "edited": 1522899878.0, "author_flair_css_class": null, "is_submitter": false, "downs": 0, "author_flair_richtext": [], "author_patreon_flair": false, "body_html": "<div class=\"md\"><p>To shreds, you say?</p>\n\n<p>edit: thought this was <a href=\"/r/MachineLearning\">r/MachineLearning</a>.</p>\n\n<p>Machine learning with statistics knowledge.  That combination is the new art.  It legitimately deserves 10,000 hours.  my 2 cents.  Everything about to bloom.  Yay us.</p>\n</div>", "gildings": {}, "collapsed_reason": null, "associated_award": null, "stickied": false, "author_premium": false, "subreddit_type": "public", "can_gild": true, "subreddit": "statistics", "author_flair_text_color": null, "score_hidden": false, "permalink": "/r/statistics/comments/89uxiz/teach_yourself_programming_in_ten_years_by_peter/dwu22sb/", "num_reports": null, "locked": false, "name": "t1_dwu22sb", "created": 1522928340.0, "author_flair_text": null, "treatment_tags": [], "created_utc": 1522899540.0, "subreddit_name_prefixed": "r/statistics", "controversiality": 1, "depth": 1, "author_flair_background_color": null, "collapsed_because_crowd_control": null, "mod_reports": [], "mod_note": null, "distinguished": null, "_fetched": true}, {"_replies": ["dwva9il"], "_submission": "89uxiz", "_reddit": "_reddit", "total_awards_received": 0, "approved_at_utc": null, "ups": 5, "awarders": [], "mod_reason_by": null, "banned_by": null, "author_flair_type": "text", "removal_reason": null, "link_id": "t3_89uxiz", "author_flair_template_id": null, "likes": null, "user_reports": [], "saved": false, "id": "dwuixy7", "banned_at_utc": null, "mod_reason_title": null, "gilded": 0, "archived": true, "no_follow": false, "author": "efrique", "can_mod_post": false, "created_utc": 1522929402.0, "send_replies": true, "parent_id": "t1_dwu22sb", "score": 5, "author_fullname": "t2_38629", "report_reasons": null, "approved_by": null, "all_awardings": [], "subreddit_id": "t5_2qhfi", "body": "For statistics I sometimes doubt even 10000 hours is enough to be more than sort of competent. Or maybe that's just me. \n\nOn the other hand, Stephen Senn seems to suggest something similar, and he's a better statistician than me.\n\nhttps://twitter.com/stephensenn/status/538017638111531009?lang=en\n\n(he's making a different point there, naturally, but along the way it gets at what I am saying)", "edited": false, "author_flair_css_class": null, "is_submitter": false, "downs": 0, "author_flair_richtext": [], "author_patreon_flair": false, "body_html": "<div class=\"md\"><p>For statistics I sometimes doubt even 10000 hours is enough to be more than sort of competent. Or maybe that&#39;s just me. </p>\n\n<p>On the other hand, Stephen Senn seems to suggest something similar, and he&#39;s a better statistician than me.</p>\n\n<p><a href=\"https://twitter.com/stephensenn/status/538017638111531009?lang=en\">https://twitter.com/stephensenn/status/538017638111531009?lang=en</a></p>\n\n<p>(he&#39;s making a different point there, naturally, but along the way it gets at what I am saying)</p>\n</div>", "gildings": {}, "collapsed_reason": null, "associated_award": null, "stickied": false, "author_premium": true, "subreddit_type": "public", "can_gild": true, "subreddit": "statistics", "author_flair_text_color": null, "score_hidden": false, "permalink": "/r/statistics/comments/89uxiz/teach_yourself_programming_in_ten_years_by_peter/dwuixy7/", "num_reports": null, "locked": false, "name": "t1_dwuixy7", "created": 1522958202.0, "author_flair_text": null, "treatment_tags": [], "collapsed": false, "subreddit_name_prefixed": "r/statistics", "controversiality": 0, "depth": 2, "author_flair_background_color": null, "collapsed_because_crowd_control": null, "mod_reports": [], "mod_note": null, "distinguished": null, "_fetched": true}, {"_replies": ["dwvpziu"], "_submission": "89uxiz", "_reddit": "_reddit", "total_awards_received": 0, "approved_at_utc": null, "ups": 3, "awarders": [], "mod_reason_by": null, "banned_by": null, "author_flair_type": "text", "removal_reason": null, "link_id": "t3_89uxiz", "author_flair_template_id": null, "likes": null, "user_reports": [], "saved": false, "id": "dwva9il", "banned_at_utc": null, "mod_reason_title": null, "gilded": 0, "archived": true, "no_follow": false, "author": "ryanbuck_", "can_mod_post": false, "send_replies": true, "parent_id": "t1_dwuixy7", "score": 3, "author_fullname": "t2_eprnr4u", "report_reasons": null, "approved_by": null, "all_awardings": [], "subreddit_id": "t5_2qhfi", "body": "yeah I\u2019m about 3,000 hours in to ML (self taught, not counting a lifetime of mathematics education and a programming degree) and still feel like I\u2019m in a little bitty raft in a big fuckin sea.  (is it okay to cuss here?  I can edit.)\n\nIt does honestly seem like a field that maybe 15,000-20,000 hours might really continue to reward.  If you look at how Hinton rolls, he spent 5 years on deep belief networks, 6 years on capsule networks..  5 yrs x 50 weeks x 70 hours/week (I\u2019m assuming here)  17,500 hours *per subject*.", "edited": false, "downs": 0, "author_flair_css_class": null, "is_submitter": false, "collapsed": false, "author_flair_richtext": [], "author_patreon_flair": false, "body_html": "<div class=\"md\"><p>yeah I\u2019m about 3,000 hours in to ML (self taught, not counting a lifetime of mathematics education and a programming degree) and still feel like I\u2019m in a little bitty raft in a big fuckin sea.  (is it okay to cuss here?  I can edit.)</p>\n\n<p>It does honestly seem like a field that maybe 15,000-20,000 hours might really continue to reward.  If you look at how Hinton rolls, he spent 5 years on deep belief networks, 6 years on capsule networks..  5 yrs x 50 weeks x 70 hours/week (I\u2019m assuming here)  17,500 hours <em>per subject</em>.</p>\n</div>", "gildings": {}, "collapsed_reason": null, "associated_award": null, "stickied": false, "author_premium": false, "subreddit_type": "public", "can_gild": true, "subreddit": "statistics", "author_flair_text_color": null, "score_hidden": false, "permalink": "/r/statistics/comments/89uxiz/teach_yourself_programming_in_ten_years_by_peter/dwva9il/", "num_reports": null, "locked": false, "name": "t1_dwva9il", "created": 1522983574.0, "author_flair_text": null, "treatment_tags": [], "created_utc": 1522954774.0, "subreddit_name_prefixed": "r/statistics", "controversiality": 0, "depth": 3, "author_flair_background_color": null, "collapsed_because_crowd_control": null, "mod_reports": [], "mod_note": null, "distinguished": null, "_fetched": true}, {"_replies": [], "_submission": "89uxiz", "_reddit": "_reddit", "total_awards_received": 0, "approved_at_utc": null, "ups": 3, "awarders": [], "mod_reason_by": null, "banned_by": null, "author_flair_type": "text", "removal_reason": null, "link_id": "t3_89uxiz", "author_flair_template_id": null, "likes": null, "user_reports": [], "saved": false, "id": "dwvpziu", "banned_at_utc": null, "mod_reason_title": null, "gilded": 0, "archived": true, "no_follow": true, "author": "levelworm", "can_mod_post": false, "send_replies": true, "parent_id": "t1_dwva9il", "score": 3, "author_fullname": "t2_bmsha", "report_reasons": null, "approved_by": null, "all_awardings": [], "subreddit_id": "t5_2qhfi", "collapsed": false, "body": "I think ML is such a huge and expanding field that you have to use every waking our to grab the most recent idea. It's  like programming  you can never learn everything about it. But spending 3000 hours in it and you are suitable for most of the entry jobs.", "edited": false, "author_flair_css_class": null, "is_submitter": false, "downs": 0, "author_flair_richtext": [], "author_patreon_flair": false, "body_html": "<div class=\"md\"><p>I think ML is such a huge and expanding field that you have to use every waking our to grab the most recent idea. It&#39;s  like programming  you can never learn everything about it. But spending 3000 hours in it and you are suitable for most of the entry jobs.</p>\n</div>", "gildings": {}, "collapsed_reason": null, "associated_award": null, "stickied": false, "author_premium": false, "subreddit_type": "public", "can_gild": true, "subreddit": "statistics", "author_flair_text_color": null, "score_hidden": false, "permalink": "/r/statistics/comments/89uxiz/teach_yourself_programming_in_ten_years_by_peter/dwvpziu/", "num_reports": null, "locked": false, "name": "t1_dwvpziu", "created": 1522997116.0, "author_flair_text": null, "treatment_tags": [], "created_utc": 1522968316.0, "subreddit_name_prefixed": "r/statistics", "controversiality": 0, "depth": 4, "author_flair_background_color": null, "collapsed_because_crowd_control": null, "mod_reports": [], "mod_note": null, "distinguished": null, "_fetched": true}]}