{"_reddit": "_reddit", "approved_at_utc": null, "subreddit": "statistics", "selftext": "While predicting even direction of change in financial time series is nearly impossible, it turns out we can successfully predicts at least probability distribution of succeeding values (much more accurately than as just Gaussian in ARIMA-like models): https://arxiv.org/pdf/1807.04119\n\nWe first normalize each variable to nearly uniform distribution on [0,1] using estimated idealized CDF (Laplace distribution turns out to give better agreement than Gauss here): \n\n**x_i (t) = CDF(y_i (t))** has nearly uniform distribution on [0,1]\n\nThen looking at a few neighboring values, they would come from nearly uniform distribution on [0,1]^d if uncorrelated - we fit polynomial as corrections from this uniform density, describing statistical dependencies. Using orthonormal basis {f} (polynomials), MSE estimation is just:\n\n**rho(x) = sum_f a_f f(x)** for **a_f = average of f(x) over the sample**\n\nHaving such polynomial for joint density of d+1 neighboring values, we can substitute d previous values (or some more sophisticated features describing the past) to get predicted density for the next one - in kind of order d Markov model on continuous values.\n\nWhile economists don't like machine learning due to lack of interpretability and control of accuracy - this approach is closer to standard statistics: its coefficients are similar to cumulants (also multivariate), have concrete interpretation, we have some control of their inaccuracy. We can also model their time evolution for non-stationary time series, evolution of entire probability density. \n\nSlides with other materials about this general approach: https://www.dropbox.com/s/7u6f2zpreph6j8o/rapid.pdf\n\nExample of modeling statistical dependencies between 29 stock prices (y_i (t) = lg(v_i (t+1)) - ln(v_i (t)), daily data for last 10 years): \"11\" coefficient turns out very similar to correlation coefficient, but we can also model different types of statistical dependencies (e.g. \"12\" - with growth of first variable, variance of the second increases/decreases) and their time trends: https://i.imgur.com/ilfMpP4.png", "author_fullname": "t2_gj8rt", "saved": false, "mod_reason_title": null, "gilded": 0, "clicked": false, "title": "[Research] Practical Markov modelling for continuous value time series - by estimating joint distribution of a few neighboring values with high degree polynomial", "link_flair_richtext": [], "subreddit_name_prefixed": "r/statistics", "hidden": false, "pwls": 6, "link_flair_css_class": "", "downs": 0, "hide_score": false, "name": "t3_9kyhng", "quarantine": false, "link_flair_text_color": "dark", "upvote_ratio": 0.91, "author_flair_background_color": null, "subreddit_type": "public", "ups": 49, "total_awards_received": 0, "media_embed": {}, "author_flair_template_id": null, "is_original_content": false, "user_reports": [], "secure_media": null, "is_reddit_media_domain": false, "is_meta": false, "category": null, "secure_media_embed": {}, "link_flair_text": "Research/Article", "can_mod_post": false, "score": 49, "approved_by": null, "author_premium": false, "thumbnail": "", "edited": false, "author_flair_css_class": null, "author_flair_richtext": [], "gildings": {}, "content_categories": null, "is_self": true, "mod_note": null, "created": 1538574810.0, "link_flair_type": "text", "wls": 6, "removed_by_category": null, "banned_by": null, "author_flair_type": "text", "domain": "self.statistics", "allow_live_comments": true, "selftext_html": "<!-- SC_OFF --><div class=\"md\"><p>While predicting even direction of change in financial time series is nearly impossible, it turns out we can successfully predicts at least probability distribution of succeeding values (much more accurately than as just Gaussian in ARIMA-like models): <a href=\"https://arxiv.org/pdf/1807.04119\">https://arxiv.org/pdf/1807.04119</a></p>\n\n<p>We first normalize each variable to nearly uniform distribution on [0,1] using estimated idealized CDF (Laplace distribution turns out to give better agreement than Gauss here): </p>\n\n<p><strong>x_i (t) = CDF(y_i (t))</strong> has nearly uniform distribution on [0,1]</p>\n\n<p>Then looking at a few neighboring values, they would come from nearly uniform distribution on [0,1]<sup>d</sup> if uncorrelated - we fit polynomial as corrections from this uniform density, describing statistical dependencies. Using orthonormal basis {f} (polynomials), MSE estimation is just:</p>\n\n<p><strong>rho(x) = sum_f a_f f(x)</strong> for <strong>a_f = average of f(x) over the sample</strong></p>\n\n<p>Having such polynomial for joint density of d+1 neighboring values, we can substitute d previous values (or some more sophisticated features describing the past) to get predicted density for the next one - in kind of order d Markov model on continuous values.</p>\n\n<p>While economists don&#39;t like machine learning due to lack of interpretability and control of accuracy - this approach is closer to standard statistics: its coefficients are similar to cumulants (also multivariate), have concrete interpretation, we have some control of their inaccuracy. We can also model their time evolution for non-stationary time series, evolution of entire probability density. </p>\n\n<p>Slides with other materials about this general approach: <a href=\"https://www.dropbox.com/s/7u6f2zpreph6j8o/rapid.pdf\">https://www.dropbox.com/s/7u6f2zpreph6j8o/rapid.pdf</a></p>\n\n<p>Example of modeling statistical dependencies between 29 stock prices (y_i (t) = lg(v_i (t+1)) - ln(v_i (t)), daily data for last 10 years): &quot;11&quot; coefficient turns out very similar to correlation coefficient, but we can also model different types of statistical dependencies (e.g. &quot;12&quot; - with growth of first variable, variance of the second increases/decreases) and their time trends: <a href=\"https://i.imgur.com/ilfMpP4.png\">https://i.imgur.com/ilfMpP4.png</a></p>\n</div><!-- SC_ON -->", "likes": null, "suggested_sort": null, "banned_at_utc": null, "view_count": null, "archived": true, "no_follow": false, "is_crosspostable": true, "pinned": false, "over_18": false, "all_awardings": [], "awarders": [], "media_only": false, "link_flair_template_id": "c8ffc5b2-35a0-11e7-b6e3-0e8b2a3501b8", "can_gild": true, "spoiler": false, "locked": false, "author_flair_text": null, "treatment_tags": [], "visited": false, "removed_by": null, "num_reports": null, "distinguished": null, "subreddit_id": "t5_2qhfi", "mod_reason_by": null, "removal_reason": null, "link_flair_background_color": "", "id": "9kyhng", "is_robot_indexable": true, "report_reasons": null, "author": "jarekduda", "discussion_type": null, "num_comments": 4, "send_replies": true, "whitelist_status": "all_ads", "contest_mode": false, "mod_reports": [], "author_patreon_flair": false, "author_flair_text_color": null, "permalink": "/r/statistics/comments/9kyhng/research_practical_markov_modelling_for/", "parent_whitelist_status": "all_ads", "stickied": false, "url": "https://www.reddit.com/r/statistics/comments/9kyhng/research_practical_markov_modelling_for/", "subreddit_subscribers": 106209, "created_utc": 1538546010.0, "num_crossposts": 0, "media": null, "is_video": false, "_fetched": false, "comment_limit": 2048, "comment_sort": "best", "_comments_by_id": {}, "_comments": [{"_replies": ["e736mjz"], "_submission": "9kyhng", "_reddit": "_reddit", "total_awards_received": 0, "approved_at_utc": null, "ups": 3, "awarders": [], "mod_reason_by": null, "banned_by": null, "author_flair_type": "text", "removal_reason": null, "link_id": "t3_9kyhng", "author_flair_template_id": null, "likes": null, "user_reports": [], "saved": false, "id": "e735h9x", "banned_at_utc": null, "mod_reason_title": null, "gilded": 0, "archived": true, "no_follow": true, "author": "keepitsalty", "can_mod_post": false, "send_replies": true, "parent_id": "t3_9kyhng", "score": 3, "author_fullname": "t2_5xhym", "report_reasons": null, "approved_by": null, "all_awardings": [], "subreddit_id": "t5_2qhfi", "body": "This is fascinating. I really want to pursue research on topics like this. Do you mind if I ask what institution you are apart of? Im submitting grad school apps and have been trying to find mathematical statistics depts that have faculty that focus on finance when it comes to research.", "edited": false, "downs": 0, "author_flair_css_class": null, "is_submitter": false, "collapsed": false, "author_flair_richtext": [], "author_patreon_flair": false, "body_html": "<div class=\"md\"><p>This is fascinating. I really want to pursue research on topics like this. Do you mind if I ask what institution you are apart of? Im submitting grad school apps and have been trying to find mathematical statistics depts that have faculty that focus on finance when it comes to research.</p>\n</div>", "gildings": {}, "collapsed_reason": null, "associated_award": null, "stickied": false, "author_premium": false, "subreddit_type": "public", "can_gild": true, "subreddit": "statistics", "author_flair_text_color": "dark", "score_hidden": false, "permalink": "/r/statistics/comments/9kyhng/research_practical_markov_modelling_for/e735h9x/", "num_reports": null, "locked": false, "name": "t1_e735h9x", "created": 1538600461.0, "author_flair_text": "MSCS | Bayes for Days", "treatment_tags": [], "created_utc": 1538571661.0, "subreddit_name_prefixed": "r/statistics", "controversiality": 0, "depth": 0, "author_flair_background_color": "", "collapsed_because_crowd_control": null, "mod_reports": [], "mod_note": null, "distinguished": null, "_fetched": true}, {"_replies": ["e74c5cf"], "_submission": "9kyhng", "_reddit": "_reddit", "total_awards_received": 0, "approved_at_utc": null, "ups": 2, "awarders": [], "mod_reason_by": null, "banned_by": null, "author_flair_type": "text", "removal_reason": null, "link_id": "t3_9kyhng", "author_flair_template_id": null, "likes": null, "user_reports": [], "saved": false, "id": "e736mjz", "banned_at_utc": null, "mod_reason_title": null, "gilded": 0, "archived": true, "no_follow": true, "author": "jarekduda", "can_mod_post": false, "send_replies": true, "parent_id": "t1_e735h9x", "score": 2, "author_fullname": "t2_gj8rt", "report_reasons": null, "approved_by": null, "all_awardings": [], "subreddit_id": "t5_2qhfi", "collapsed": false, "body": "Thanks, I am from Poland ( http://th.if.uj.edu.pl/~dudaj/ ), and this seems a completely new approach (?) - from one side much more powerful than standard ARIMA/ARCH statistics approaches (potentially huge number of MSE optimal interpretable parameters), from the other more interpretable and controlable than machine learning approaches.\n\nI am slowly developing it and would gladly collaborate on this topic.", "edited": false, "author_flair_css_class": null, "is_submitter": true, "downs": 0, "author_flair_richtext": [], "author_patreon_flair": false, "body_html": "<div class=\"md\"><p>Thanks, I am from Poland ( <a href=\"http://th.if.uj.edu.pl/%7Edudaj/\">http://th.if.uj.edu.pl/~dudaj/</a> ), and this seems a completely new approach (?) - from one side much more powerful than standard ARIMA/ARCH statistics approaches (potentially huge number of MSE optimal interpretable parameters), from the other more interpretable and controlable than machine learning approaches.</p>\n\n<p>I am slowly developing it and would gladly collaborate on this topic.</p>\n</div>", "gildings": {}, "collapsed_reason": null, "associated_award": null, "stickied": false, "author_premium": false, "subreddit_type": "public", "can_gild": true, "subreddit": "statistics", "author_flair_text_color": null, "score_hidden": false, "permalink": "/r/statistics/comments/9kyhng/research_practical_markov_modelling_for/e736mjz/", "num_reports": null, "locked": false, "name": "t1_e736mjz", "created": 1538601673.0, "author_flair_text": null, "treatment_tags": [], "created_utc": 1538572873.0, "subreddit_name_prefixed": "r/statistics", "controversiality": 0, "depth": 1, "author_flair_background_color": null, "collapsed_because_crowd_control": null, "mod_reports": [], "mod_note": null, "distinguished": null, "_fetched": true}, {"_replies": [], "_submission": "9kyhng", "_reddit": "_reddit", "total_awards_received": 0, "approved_at_utc": null, "ups": 1, "awarders": [], "mod_reason_by": null, "banned_by": null, "author_flair_type": "text", "removal_reason": null, "link_id": "t3_9kyhng", "author_flair_template_id": null, "likes": null, "user_reports": [], "saved": false, "id": "e74va2b", "banned_at_utc": null, "mod_reason_title": null, "gilded": 0, "archived": true, "no_follow": true, "author": "jarekduda", "can_mod_post": false, "send_replies": true, "parent_id": "t1_e74c5cf", "score": 1, "author_fullname": "t2_gj8rt", "report_reasons": null, "approved_by": null, "all_awardings": [], "subreddit_id": "t5_2qhfi", "body": "He has written a lot - could you point some specific related materials?", "edited": false, "downs": 0, "author_flair_css_class": null, "is_submitter": true, "collapsed": false, "author_flair_richtext": [], "author_patreon_flair": false, "body_html": "<div class=\"md\"><p>He has written a lot - could you point some specific related materials?</p>\n</div>", "gildings": {}, "collapsed_reason": null, "associated_award": null, "stickied": false, "author_premium": false, "subreddit_type": "public", "can_gild": true, "subreddit": "statistics", "author_flair_text_color": null, "score_hidden": false, "permalink": "/r/statistics/comments/9kyhng/research_practical_markov_modelling_for/e74va2b/", "num_reports": null, "locked": false, "name": "t1_e74va2b", "created": 1538655813.0, "author_flair_text": null, "treatment_tags": [], "created_utc": 1538627013.0, "subreddit_name_prefixed": "r/statistics", "controversiality": 0, "depth": 3, "author_flair_background_color": null, "collapsed_because_crowd_control": null, "mod_reports": [], "mod_note": null, "distinguished": null, "_fetched": true}]}