{"_reddit": "_reddit", "approved_at_utc": null, "subreddit": "statistics", "selftext": "I'm a software engineer who involuntarily started doing a lot of data science. I like it so far, so I want to improve my understanding of statistics. I took a few mandatory stats classes in university, but I can barely tell you what p-values are.\n\nAre there good online lectures for intuitively understanding stats? I don't need to know any theorems or formulas for my job, but I should be able to intuitively understand common concepts and sources of errors in statistics. E.g. we do a lot of A/B testing, but I want to have a better understanding of the results, such as when the groups have different sizes, we have overlapping experiment groups, or one group is biased a priori.", "author_fullname": "t2_4pdki", "saved": false, "mod_reason_title": null, "gilded": 0, "clicked": false, "title": "Best online lectures for intuitively understanding stats? (for data science job)", "link_flair_richtext": [], "subreddit_name_prefixed": "r/statistics", "hidden": false, "pwls": 6, "link_flair_css_class": "", "downs": 0, "hide_score": false, "name": "t3_9r7cd0", "quarantine": false, "link_flair_text_color": "dark", "upvote_ratio": 0.84, "author_flair_background_color": null, "subreddit_type": "public", "ups": 43, "total_awards_received": 0, "media_embed": {}, "author_flair_template_id": null, "is_original_content": false, "user_reports": [], "secure_media": null, "is_reddit_media_domain": false, "is_meta": false, "category": null, "secure_media_embed": {}, "link_flair_text": "Statistics Question", "can_mod_post": false, "score": 43, "approved_by": null, "author_premium": false, "thumbnail": "", "edited": false, "author_flair_css_class": null, "author_flair_richtext": [], "gildings": {}, "content_categories": null, "is_self": true, "mod_note": null, "created": 1540473042.0, "link_flair_type": "text", "wls": 6, "removed_by_category": null, "banned_by": null, "author_flair_type": "text", "domain": "self.statistics", "allow_live_comments": false, "selftext_html": "<!-- SC_OFF --><div class=\"md\"><p>I&#39;m a software engineer who involuntarily started doing a lot of data science. I like it so far, so I want to improve my understanding of statistics. I took a few mandatory stats classes in university, but I can barely tell you what p-values are.</p>\n\n<p>Are there good online lectures for intuitively understanding stats? I don&#39;t need to know any theorems or formulas for my job, but I should be able to intuitively understand common concepts and sources of errors in statistics. E.g. we do a lot of A/B testing, but I want to have a better understanding of the results, such as when the groups have different sizes, we have overlapping experiment groups, or one group is biased a priori.</p>\n</div><!-- SC_ON -->", "likes": null, "suggested_sort": null, "banned_at_utc": null, "view_count": null, "archived": true, "no_follow": false, "is_crosspostable": true, "pinned": false, "over_18": false, "all_awardings": [], "awarders": [], "media_only": false, "link_flair_template_id": "ec7c22b0-35a0-11e7-b094-0e5818e9cb36", "can_gild": true, "spoiler": false, "locked": false, "author_flair_text": null, "treatment_tags": [], "visited": false, "removed_by": null, "num_reports": null, "distinguished": null, "subreddit_id": "t5_2qhfi", "mod_reason_by": null, "removal_reason": null, "link_flair_background_color": "", "id": "9r7cd0", "is_robot_indexable": true, "report_reasons": null, "author": "linksku", "discussion_type": null, "num_comments": 4, "send_replies": true, "whitelist_status": "all_ads", "contest_mode": false, "mod_reports": [], "author_patreon_flair": false, "author_flair_text_color": null, "permalink": "/r/statistics/comments/9r7cd0/best_online_lectures_for_intuitively/", "parent_whitelist_status": "all_ads", "stickied": false, "url": "https://www.reddit.com/r/statistics/comments/9r7cd0/best_online_lectures_for_intuitively/", "subreddit_subscribers": 106209, "created_utc": 1540444242.0, "num_crossposts": 0, "media": null, "is_video": false, "_fetched": false, "comment_limit": 2048, "comment_sort": "best", "_comments_by_id": {}, "_comments": [{"_replies": [], "_submission": "9r7cd0", "_reddit": "_reddit", "total_awards_received": 0, "approved_at_utc": null, "ups": 21, "awarders": [], "mod_reason_by": null, "banned_by": null, "author_flair_type": "text", "removal_reason": null, "link_id": "t3_9r7cd0", "author_flair_template_id": null, "likes": null, "user_reports": [], "saved": false, "id": "e8ex1sf", "banned_at_utc": null, "mod_reason_title": null, "gilded": 0, "archived": true, "no_follow": false, "author": "Freder1k0", "can_mod_post": false, "send_replies": true, "parent_id": "t3_9r7cd0", "score": 21, "author_fullname": "t2_vafwp80", "report_reasons": null, "approved_by": null, "all_awardings": [], "subreddit_id": "t5_2qhfi", "body": "Hi! I heard good things about https://seeing-theory.brown.edu/. It comes to mind because of your requirement of lectures being intuitive ", "edited": 1540465892.0, "downs": 0, "author_flair_css_class": null, "is_submitter": false, "collapsed": false, "author_flair_richtext": [], "author_patreon_flair": false, "body_html": "<div class=\"md\"><p>Hi! I heard good things about <a href=\"https://seeing-theory.brown.edu/\">https://seeing-theory.brown.edu/</a>. It comes to mind because of your requirement of lectures being intuitive </p>\n</div>", "gildings": {}, "collapsed_reason": null, "associated_award": null, "stickied": false, "author_premium": false, "subreddit_type": "public", "can_gild": true, "subreddit": "statistics", "author_flair_text_color": null, "score_hidden": false, "permalink": "/r/statistics/comments/9r7cd0/best_online_lectures_for_intuitively/e8ex1sf/", "num_reports": null, "locked": false, "name": "t1_e8ex1sf", "created": 1540482448.0, "author_flair_text": null, "treatment_tags": [], "created_utc": 1540453648.0, "subreddit_name_prefixed": "r/statistics", "controversiality": 0, "depth": 0, "author_flair_background_color": null, "collapsed_because_crowd_control": null, "mod_reports": [], "mod_note": null, "distinguished": null, "_fetched": true}, {"_replies": [], "_submission": "9r7cd0", "_reddit": "_reddit", "total_awards_received": 0, "approved_at_utc": null, "ups": 11, "awarders": [], "mod_reason_by": null, "banned_by": null, "author_flair_type": "text", "removal_reason": null, "link_id": "t3_9r7cd0", "author_flair_template_id": null, "likes": null, "user_reports": [], "saved": false, "id": "e8f8e1e", "banned_at_utc": null, "mod_reason_title": null, "gilded": 0, "archived": true, "no_follow": false, "author": "MasonBo_90", "can_mod_post": false, "send_replies": true, "parent_id": "t3_9r7cd0", "score": 11, "author_fullname": "t2_s88yn", "report_reasons": null, "approved_by": null, "all_awardings": [], "subreddit_id": "t5_2qhfi", "body": "Hello, \n\nI'd say a quick search on YouTube can lead you into a wealth of videos with short and solid explanations of statistical concepts. This is, however, limited in scope. If you search for p-value in YouTube, chances are all the videos, however, long, will be only about p-value. If you're looking for a more direct, ad hoc approach, this might be the way to go. Here, a good way to check for quality is to check who's making the video. University professors, sometimes, put out great material out there.\n\n&#x200B;\n\nIf you want a more continuous experience, one that builds upon concepts learned day after day, you could try looking for Statistics classes in platforms like edX, Coursera, Udemy, or FutureLearn. There you'll find courses ranging from more theoretical ideas to hands-on applications. \n\n&#x200B;\n\nOn top of all that, one of the best Stats (& Probability) courses out there are Harvard's Joe Blitzstein's  [Stats 110: Probability](https://projects.iq.harvard.edu/stat110/youtube). It's a collection of YouTube videos that will guide you through not only through the theory but also through the story of how concepts evolved to be the way they are. It's a powerfully enlightening course. I've also heard good views about  [Probabilistic Systems Analysis and Applied Probability](https://ocw.mit.edu/courses/electrical-engineering-and-computer-science/6-041-probabilistic-systems-analysis-and-applied-probability-fall-2010) taught by John Tsitsiklis at MIT. \n\n&#x200B;\n\nHope this helps.\n\n&#x200B;\n\nPS.: About p-values, few were the times I read an explanation so clear and insightful as this. [https://allendowney.blogspot.com/2011/05/there-is-only-one-test.html](https://allendowney.blogspot.com/2011/05/there-is-only-one-test.html)", "edited": false, "downs": 0, "author_flair_css_class": null, "is_submitter": false, "collapsed": false, "author_flair_richtext": [], "author_patreon_flair": false, "body_html": "<div class=\"md\"><p>Hello, </p>\n\n<p>I&#39;d say a quick search on YouTube can lead you into a wealth of videos with short and solid explanations of statistical concepts. This is, however, limited in scope. If you search for p-value in YouTube, chances are all the videos, however, long, will be only about p-value. If you&#39;re looking for a more direct, ad hoc approach, this might be the way to go. Here, a good way to check for quality is to check who&#39;s making the video. University professors, sometimes, put out great material out there.</p>\n\n<p>&#x200B;</p>\n\n<p>If you want a more continuous experience, one that builds upon concepts learned day after day, you could try looking for Statistics classes in platforms like edX, Coursera, Udemy, or FutureLearn. There you&#39;ll find courses ranging from more theoretical ideas to hands-on applications. </p>\n\n<p>&#x200B;</p>\n\n<p>On top of all that, one of the best Stats (&amp; Probability) courses out there are Harvard&#39;s Joe Blitzstein&#39;s  <a href=\"https://projects.iq.harvard.edu/stat110/youtube\">Stats 110: Probability</a>. It&#39;s a collection of YouTube videos that will guide you through not only through the theory but also through the story of how concepts evolved to be the way they are. It&#39;s a powerfully enlightening course. I&#39;ve also heard good views about  <a href=\"https://ocw.mit.edu/courses/electrical-engineering-and-computer-science/6-041-probabilistic-systems-analysis-and-applied-probability-fall-2010\">Probabilistic Systems Analysis and Applied Probability</a> taught by John Tsitsiklis at MIT. </p>\n\n<p>&#x200B;</p>\n\n<p>Hope this helps.</p>\n\n<p>&#x200B;</p>\n\n<p>PS.: About p-values, few were the times I read an explanation so clear and insightful as this. <a href=\"https://allendowney.blogspot.com/2011/05/there-is-only-one-test.html\">https://allendowney.blogspot.com/2011/05/there-is-only-one-test.html</a></p>\n</div>", "gildings": {}, "collapsed_reason": null, "associated_award": null, "stickied": false, "author_premium": false, "subreddit_type": "public", "can_gild": true, "subreddit": "statistics", "author_flair_text_color": null, "score_hidden": false, "permalink": "/r/statistics/comments/9r7cd0/best_online_lectures_for_intuitively/e8f8e1e/", "num_reports": null, "locked": false, "name": "t1_e8f8e1e", "created": 1540501325.0, "author_flair_text": null, "treatment_tags": [], "created_utc": 1540472525.0, "subreddit_name_prefixed": "r/statistics", "controversiality": 0, "depth": 0, "author_flair_background_color": null, "collapsed_because_crowd_control": null, "mod_reports": [], "mod_note": null, "distinguished": null, "_fetched": true}, {"_replies": [], "_submission": "9r7cd0", "_reddit": "_reddit", "total_awards_received": 0, "approved_at_utc": null, "ups": 2, "awarders": [], "mod_reason_by": null, "banned_by": null, "author_flair_type": "text", "removal_reason": null, "link_id": "t3_9r7cd0", "author_flair_template_id": null, "likes": null, "user_reports": [], "saved": false, "id": "e8fnw9j", "banned_at_utc": null, "mod_reason_title": null, "gilded": 0, "archived": true, "no_follow": true, "author": "pinkerton_jones", "can_mod_post": false, "send_replies": true, "parent_id": "t3_9r7cd0", "score": 2, "author_fullname": "t2_59op1", "report_reasons": null, "approved_by": null, "all_awardings": [], "subreddit_id": "t5_2qhfi", "body": "Here are a few links that should save your butt, if you're doing anything more advanced pm me.\n\nBeyond stats you're talking methods. Get Campbell's book on quasiexperimental methods and Glennersters on randomized evaluations. They're for social policy programs but the principles are the same.\n\nhttps://www.youtube.com/user/bartonpoulson\n\nhttps://www.youtube.com/user/markthoma\n\nhttps://www.youtube.com/user/jbstatistics\n\nhttps://www.youtube.com/user/bcaffo\n\nhttps://www.youtube.com/user/danarthomson\n\nhttps://www.youtube.com/channel/UCsF1NvsObHQ33-alJ_RuBIw\n\nhttps://www.youtube.com/channel/UC4OWDcPB1peiBXDfCSZ3h-w", "edited": false, "downs": 0, "author_flair_css_class": null, "is_submitter": false, "collapsed": false, "author_flair_richtext": [], "author_patreon_flair": false, "body_html": "<div class=\"md\"><p>Here are a few links that should save your butt, if you&#39;re doing anything more advanced pm me.</p>\n\n<p>Beyond stats you&#39;re talking methods. Get Campbell&#39;s book on quasiexperimental methods and Glennersters on randomized evaluations. They&#39;re for social policy programs but the principles are the same.</p>\n\n<p><a href=\"https://www.youtube.com/user/bartonpoulson\">https://www.youtube.com/user/bartonpoulson</a></p>\n\n<p><a href=\"https://www.youtube.com/user/markthoma\">https://www.youtube.com/user/markthoma</a></p>\n\n<p><a href=\"https://www.youtube.com/user/jbstatistics\">https://www.youtube.com/user/jbstatistics</a></p>\n\n<p><a href=\"https://www.youtube.com/user/bcaffo\">https://www.youtube.com/user/bcaffo</a></p>\n\n<p><a href=\"https://www.youtube.com/user/danarthomson\">https://www.youtube.com/user/danarthomson</a></p>\n\n<p><a href=\"https://www.youtube.com/channel/UCsF1NvsObHQ33-alJ_RuBIw\">https://www.youtube.com/channel/UCsF1NvsObHQ33-alJ_RuBIw</a></p>\n\n<p><a href=\"https://www.youtube.com/channel/UC4OWDcPB1peiBXDfCSZ3h-w\">https://www.youtube.com/channel/UC4OWDcPB1peiBXDfCSZ3h-w</a></p>\n</div>", "gildings": {}, "collapsed_reason": null, "associated_award": null, "stickied": false, "author_premium": false, "subreddit_type": "public", "can_gild": true, "subreddit": "statistics", "author_flair_text_color": null, "score_hidden": false, "permalink": "/r/statistics/comments/9r7cd0/best_online_lectures_for_intuitively/e8fnw9j/", "num_reports": null, "locked": false, "name": "t1_e8fnw9j", "created": 1540514652.0, "author_flair_text": null, "treatment_tags": [], "created_utc": 1540485852.0, "subreddit_name_prefixed": "r/statistics", "controversiality": 0, "depth": 0, "author_flair_background_color": null, "collapsed_because_crowd_control": null, "mod_reports": [], "mod_note": null, "distinguished": null, "_fetched": true}, {"_replies": [], "_submission": "9r7cd0", "_reddit": "_reddit", "total_awards_received": 0, "approved_at_utc": null, "ups": 1, "awarders": [], "mod_reason_by": null, "banned_by": null, "author_flair_type": "text", "removal_reason": null, "link_id": "t3_9r7cd0", "author_flair_template_id": null, "likes": null, "user_reports": [], "saved": false, "id": "e8fpju7", "banned_at_utc": null, "mod_reason_title": null, "gilded": 0, "archived": true, "no_follow": true, "author": "pretysmitty", "can_mod_post": false, "send_replies": true, "parent_id": "t3_9r7cd0", "score": 1, "author_fullname": "t2_n830n", "report_reasons": null, "approved_by": null, "all_awardings": [], "subreddit_id": "t5_2qhfi", "body": "If you find yourself with enough time to read a book on intro stats, I highly recommend Discovering Statistics with R by Field et al. Explains the basic topics in an easily understandable tone. ", "edited": false, "downs": 0, "author_flair_css_class": null, "is_submitter": false, "collapsed": false, "author_flair_richtext": [], "author_patreon_flair": false, "body_html": "<div class=\"md\"><p>If you find yourself with enough time to read a book on intro stats, I highly recommend Discovering Statistics with R by Field et al. Explains the basic topics in an easily understandable tone. </p>\n</div>", "gildings": {}, "collapsed_reason": null, "associated_award": null, "stickied": false, "author_premium": false, "subreddit_type": "public", "can_gild": true, "subreddit": "statistics", "author_flair_text_color": null, "score_hidden": false, "permalink": "/r/statistics/comments/9r7cd0/best_online_lectures_for_intuitively/e8fpju7/", "num_reports": null, "locked": false, "name": "t1_e8fpju7", "created": 1540515972.0, "author_flair_text": null, "treatment_tags": [], "created_utc": 1540487172.0, "subreddit_name_prefixed": "r/statistics", "controversiality": 0, "depth": 0, "author_flair_background_color": null, "collapsed_because_crowd_control": null, "mod_reports": [], "mod_note": null, "distinguished": null, "_fetched": true}]}