{"_reddit": "_reddit", "approved_at_utc": null, "subreddit": "statistics", "selftext": "I am in an intro stats class. I don't understand why hypothesis testing at a certain confidence level is a desirable way to frame a statistical analysis. Why don't we just report the level of confidence we have after the results are calculated? For example, instead of saying \"at a 95% confidence level the results are significant\"  (always at some *arbitrary* threshold) why don't we just say ~~\"the data we used gave us 96.3% certainty that we can reject the null hypothesis?\"~~ \"assuming H_0, we can be 96.3% sure we would see the results we got with this test\"?\n\nI asked the teacher this question and they said something I didn't really understand about \"integrity and ethics\". It seems to me much easier to fudge results by saying \"This information is statistically significant!\" (after assuming the statistician has previously ethically decided on some arbitrary threshold) than by just reporting the level at which we can be certain it *is* significant, which lets the reader interpret whether they want to use that information for them-self. If the test results are only 50% certain that the H_0 can be rejected, then people probably won't use that information to make any important decisions, whereas 95% confidence just feels like some arbitrary threshold.\n\nNot sure if I'm making sense, just wondering if anyone has a good justification for hypothesis testing being framed the way it is and can explain that to me\n\nEDIT: Thanks for all your responses, I'm reading through them all.", "author_fullname": "t2_7fg97", "saved": false, "mod_reason_title": null, "gilded": 0, "clicked": false, "title": "Why use Hypothesis Testing?", "link_flair_richtext": [], "subreddit_name_prefixed": "r/statistics", "hidden": false, "pwls": 6, "link_flair_css_class": "", "downs": 0, "hide_score": false, "name": "t3_a4047a", "quarantine": false, "link_flair_text_color": "dark", "upvote_ratio": 0.93, "author_flair_background_color": null, "subreddit_type": "public", "ups": 42, "total_awards_received": 0, "media_embed": {}, "author_flair_template_id": null, "is_original_content": false, "user_reports": [], "secure_media": null, "is_reddit_media_domain": false, "is_meta": false, "category": null, "secure_media_embed": {}, "link_flair_text": "Statistics Question", "can_mod_post": false, "score": 42, "approved_by": null, "author_premium": false, "thumbnail": "", "edited": 1544192807.0, "author_flair_css_class": null, "author_flair_richtext": [], "gildings": {}, "content_categories": null, "is_self": true, "mod_note": null, "created": 1544219991.0, "link_flair_type": "text", "wls": 6, "removed_by_category": null, "banned_by": null, "author_flair_type": "text", "domain": "self.statistics", "allow_live_comments": true, "selftext_html": "<!-- SC_OFF --><div class=\"md\"><p>I am in an intro stats class. I don&#39;t understand why hypothesis testing at a certain confidence level is a desirable way to frame a statistical analysis. Why don&#39;t we just report the level of confidence we have after the results are calculated? For example, instead of saying &quot;at a 95% confidence level the results are significant&quot;  (always at some <em>arbitrary</em> threshold) why don&#39;t we just say <del>&quot;the data we used gave us 96.3% certainty that we can reject the null hypothesis?&quot;</del> &quot;assuming H_0, we can be 96.3% sure we would see the results we got with this test&quot;?</p>\n\n<p>I asked the teacher this question and they said something I didn&#39;t really understand about &quot;integrity and ethics&quot;. It seems to me much easier to fudge results by saying &quot;This information is statistically significant!&quot; (after assuming the statistician has previously ethically decided on some arbitrary threshold) than by just reporting the level at which we can be certain it <em>is</em> significant, which lets the reader interpret whether they want to use that information for them-self. If the test results are only 50% certain that the H_0 can be rejected, then people probably won&#39;t use that information to make any important decisions, whereas 95% confidence just feels like some arbitrary threshold.</p>\n\n<p>Not sure if I&#39;m making sense, just wondering if anyone has a good justification for hypothesis testing being framed the way it is and can explain that to me</p>\n\n<p>EDIT: Thanks for all your responses, I&#39;m reading through them all.</p>\n</div><!-- SC_ON -->", "likes": null, "suggested_sort": null, "banned_at_utc": null, "view_count": null, "archived": true, "no_follow": false, "is_crosspostable": true, "pinned": false, "over_18": false, "all_awardings": [], "awarders": [], "media_only": false, "link_flair_template_id": "ec7c22b0-35a0-11e7-b094-0e5818e9cb36", "can_gild": true, "spoiler": false, "locked": false, "author_flair_text": null, "treatment_tags": [], "visited": false, "removed_by": null, "num_reports": null, "distinguished": null, "subreddit_id": "t5_2qhfi", "mod_reason_by": null, "removal_reason": null, "link_flair_background_color": "", "id": "a4047a", "is_robot_indexable": true, "report_reasons": null, "author": "graciousgroob", "discussion_type": null, "num_comments": 32, "send_replies": true, "whitelist_status": "all_ads", "contest_mode": false, "mod_reports": [], "author_patreon_flair": false, "author_flair_text_color": null, "permalink": "/r/statistics/comments/a4047a/why_use_hypothesis_testing/", "parent_whitelist_status": "all_ads", "stickied": false, "url": "https://www.reddit.com/r/statistics/comments/a4047a/why_use_hypothesis_testing/", "subreddit_subscribers": 106209, "created_utc": 1544191191.0, "num_crossposts": 0, "media": null, "is_video": false, "_fetched": false, "comment_limit": 2048, "comment_sort": "best", "_comments_by_id": {}, "_comments": [{"_replies": ["ebafd85"], "_submission": "a4047a", "_reddit": "_reddit", "total_awards_received": 0, "approved_at_utc": null, "ups": 39, "awarders": [], "mod_reason_by": null, "banned_by": null, "author_flair_type": "text", "removal_reason": null, "link_id": "t3_a4047a", "author_flair_template_id": null, "likes": null, "user_reports": [], "saved": false, "id": "ebaed96", "banned_at_utc": null, "mod_reason_title": null, "gilded": 0, "archived": true, "no_follow": false, "author": "Nerdloaf", "can_mod_post": false, "send_replies": true, "parent_id": "t3_a4047a", "score": 39, "author_fullname": "t2_10hm6v", "report_reasons": null, "approved_by": null, "all_awardings": [], "subreddit_id": "t5_2qhfi", "body": "Your question doesn't really make sense. The headline is \"why use hypothesis testing\" but what you're actually asking is \"why use arbitrary decision criteria to decide what differences are statistically significant\" and that's something different.\n\nThe fixed criteria are probably there simply by tradition. Back in the day it was often very difficult to calculate p-values so they used precalculated tables that gave them the critical values corresponding with 90\u201395% confidence. \n\nIndeed, when Fisher published\u00a0Statistical Methods for Research Workers\u00a0(SMRW) in 1925, he included tables that gave the value of the random variable for specially selected values of P. SMRW was a major influence through the 1950s. The same approach was taken for Fisher's\u00a0Statistical Tables for Biological, Agricultural, and Medical Research, published in 1938 with Frank Yates. Even today, Fisher's tables are widely reproduced in standard statistical texts.\n\nOn the issue of a certain alpha, the man (Fisher) himself has this to say:\n\n>The value for which P=0.05, or 1 in 20, is 1.96 or nearly 2; it is convenient to take this point as a limit in judging whether a deviation ought to be considered significant or not. Deviations exceeding twice the standard deviation are thus formally regarded as significant. Using this criterion we should be led to follow up a false indication only once in 22 trials, even if the statistics were the only guide available. Small effects will still escape notice if the data are insufficiently numerous to bring them out, but no lowering of the standard of significance would meet this difficulty.\n\nThis quote is also quite thought provoking, it's not by Fisher though:\n\n>We are not interested in the logic itself,\u00a0nor will we argue for replacing the .05 alpha with another level of alpha, but at this point in our discussion we only wish to emphasize that dichotomous significance testing has no ontological basis. That is, we want to underscore\u00a0that, surely, **God loves the .06 nearly as much as the .05. Can there be any doubt that God views the strength of evidence for or against the null as a fairly continuous function of the magnitude of p**?\u201d", "edited": 1544214823.0, "downs": 0, "author_flair_css_class": null, "is_submitter": false, "collapsed": false, "author_flair_richtext": [], "author_patreon_flair": false, "body_html": "<div class=\"md\"><p>Your question doesn&#39;t really make sense. The headline is &quot;why use hypothesis testing&quot; but what you&#39;re actually asking is &quot;why use arbitrary decision criteria to decide what differences are statistically significant&quot; and that&#39;s something different.</p>\n\n<p>The fixed criteria are probably there simply by tradition. Back in the day it was often very difficult to calculate p-values so they used precalculated tables that gave them the critical values corresponding with 90\u201395% confidence. </p>\n\n<p>Indeed, when Fisher published\u00a0Statistical Methods for Research Workers\u00a0(SMRW) in 1925, he included tables that gave the value of the random variable for specially selected values of P. SMRW was a major influence through the 1950s. The same approach was taken for Fisher&#39;s\u00a0Statistical Tables for Biological, Agricultural, and Medical Research, published in 1938 with Frank Yates. Even today, Fisher&#39;s tables are widely reproduced in standard statistical texts.</p>\n\n<p>On the issue of a certain alpha, the man (Fisher) himself has this to say:</p>\n\n<blockquote>\n<p>The value for which P=0.05, or 1 in 20, is 1.96 or nearly 2; it is convenient to take this point as a limit in judging whether a deviation ought to be considered significant or not. Deviations exceeding twice the standard deviation are thus formally regarded as significant. Using this criterion we should be led to follow up a false indication only once in 22 trials, even if the statistics were the only guide available. Small effects will still escape notice if the data are insufficiently numerous to bring them out, but no lowering of the standard of significance would meet this difficulty.</p>\n</blockquote>\n\n<p>This quote is also quite thought provoking, it&#39;s not by Fisher though:</p>\n\n<blockquote>\n<p>We are not interested in the logic itself,\u00a0nor will we argue for replacing the .05 alpha with another level of alpha, but at this point in our discussion we only wish to emphasize that dichotomous significance testing has no ontological basis. That is, we want to underscore\u00a0that, surely, <strong>God loves the .06 nearly as much as the .05. Can there be any doubt that God views the strength of evidence for or against the null as a fairly continuous function of the magnitude of p</strong>?\u201d</p>\n</blockquote>\n</div>", "gildings": {}, "collapsed_reason": null, "associated_award": null, "stickied": false, "author_premium": false, "subreddit_type": "public", "can_gild": true, "subreddit": "statistics", "author_flair_text_color": null, "score_hidden": false, "permalink": "/r/statistics/comments/a4047a/why_use_hypothesis_testing/ebaed96/", "num_reports": null, "locked": false, "name": "t1_ebaed96", "created": 1544220558.0, "author_flair_text": null, "treatment_tags": [], "created_utc": 1544191758.0, "subreddit_name_prefixed": "r/statistics", "controversiality": 0, "depth": 0, "author_flair_background_color": null, "collapsed_because_crowd_control": null, "mod_reports": [], "mod_note": null, "distinguished": null, "_fetched": true}, {"_replies": ["ebafwep"], "_submission": "a4047a", "_reddit": "_reddit", "total_awards_received": 0, "approved_at_utc": null, "ups": 25, "awarders": [], "mod_reason_by": null, "banned_by": null, "author_flair_type": "text", "removal_reason": null, "link_id": "t3_a4047a", "author_flair_template_id": null, "likes": null, "user_reports": [], "saved": false, "id": "ebaely2", "banned_at_utc": null, "mod_reason_title": null, "gilded": 0, "archived": true, "no_follow": false, "author": "DrHampants", "can_mod_post": false, "send_replies": true, "parent_id": "t3_a4047a", "score": 25, "author_fullname": "t2_6ndoc", "report_reasons": null, "approved_by": null, "all_awardings": [], "subreddit_id": "t5_2qhfi", "body": "I don't think you understand what a p-value or confidence level is. It is not a probability that the null is true/false; it is simply the probability that we get the results from our sample *given that the null is true*. In other words, starting from the standpoint that the null hypothesis is true for our population the p-value gives us the probability of getting a sample from that population with the characteristics we got. \n\nAs such, there are a few reasons why we don't frame it the way you've stated, but it really boils down to the following:\n\n1. What is the probability of a Type I error (false positive)? \n\n2. Just because something is statistically significant doesn't mean it is *clinically* significant.\n\nI'll give you two examples:\n\nLet's say I (a male person) go to the doctor with stomach pains. They take a urine sample (normal for those symptoms) and run a slate of standard tests on it. One of those tests, to use your terms, shows with a 96.3% certainty that I am pregnant. Obviously this is not correct. Anytime you run a statistical test, you have the possibility of a type-I error, where you reject the null when you shouldn't have. By saying \"at a 95% confidence level\", you are telling people that \"we have a 5% probability of a type-I error\".\n\nSecond, let's say you run a regression analysis and find the slope coefficient to be .0000001. This means (roughly) that for every one unit change in your independent variable, you get a .0000001 unit change in your dependent variable. And let's say you find a p-value of .01. Now, that result is *statistically* significant - the true population slope is likely not equal to zero. But does it actually mean anything? When you report a confidence threshold, rather than a specific number, you actually have to interpret the results.\n\nHope that clears things up!", "edited": false, "downs": 0, "author_flair_css_class": null, "is_submitter": false, "collapsed": false, "author_flair_richtext": [], "author_patreon_flair": false, "body_html": "<div class=\"md\"><p>I don&#39;t think you understand what a p-value or confidence level is. It is not a probability that the null is true/false; it is simply the probability that we get the results from our sample <em>given that the null is true</em>. In other words, starting from the standpoint that the null hypothesis is true for our population the p-value gives us the probability of getting a sample from that population with the characteristics we got. </p>\n\n<p>As such, there are a few reasons why we don&#39;t frame it the way you&#39;ve stated, but it really boils down to the following:</p>\n\n<ol>\n<li><p>What is the probability of a Type I error (false positive)? </p></li>\n<li><p>Just because something is statistically significant doesn&#39;t mean it is <em>clinically</em> significant.</p></li>\n</ol>\n\n<p>I&#39;ll give you two examples:</p>\n\n<p>Let&#39;s say I (a male person) go to the doctor with stomach pains. They take a urine sample (normal for those symptoms) and run a slate of standard tests on it. One of those tests, to use your terms, shows with a 96.3% certainty that I am pregnant. Obviously this is not correct. Anytime you run a statistical test, you have the possibility of a type-I error, where you reject the null when you shouldn&#39;t have. By saying &quot;at a 95% confidence level&quot;, you are telling people that &quot;we have a 5% probability of a type-I error&quot;.</p>\n\n<p>Second, let&#39;s say you run a regression analysis and find the slope coefficient to be .0000001. This means (roughly) that for every one unit change in your independent variable, you get a .0000001 unit change in your dependent variable. And let&#39;s say you find a p-value of .01. Now, that result is <em>statistically</em> significant - the true population slope is likely not equal to zero. But does it actually mean anything? When you report a confidence threshold, rather than a specific number, you actually have to interpret the results.</p>\n\n<p>Hope that clears things up!</p>\n</div>", "gildings": {}, "collapsed_reason": null, "associated_award": null, "stickied": false, "author_premium": false, "subreddit_type": "public", "can_gild": true, "subreddit": "statistics", "author_flair_text_color": null, "score_hidden": false, "permalink": "/r/statistics/comments/a4047a/why_use_hypothesis_testing/ebaely2/", "num_reports": null, "locked": false, "name": "t1_ebaely2", "created": 1544220760.0, "author_flair_text": null, "treatment_tags": [], "created_utc": 1544191960.0, "subreddit_name_prefixed": "r/statistics", "controversiality": 0, "depth": 0, "author_flair_background_color": null, "collapsed_because_crowd_control": null, "mod_reports": [], "mod_note": null, "distinguished": null, "_fetched": true}, {"_replies": [], "_submission": "a4047a", "_reddit": "_reddit", "total_awards_received": 0, "approved_at_utc": null, "ups": 6, "awarders": [], "mod_reason_by": null, "banned_by": null, "author_flair_type": "text", "removal_reason": null, "link_id": "t3_a4047a", "author_flair_template_id": null, "likes": null, "user_reports": [], "saved": false, "id": "ebaewvn", "banned_at_utc": null, "mod_reason_title": null, "gilded": 0, "archived": true, "no_follow": false, "author": "Sallycat727", "can_mod_post": false, "send_replies": true, "parent_id": "t3_a4047a", "score": 6, "author_fullname": "t2_nrv1p", "report_reasons": null, "approved_by": null, "all_awardings": [], "subreddit_id": "t5_2qhfi", "body": "Hypothesis testing is just a decision rule. So, I decide before the experiment even starts what level of error I am willing to make. Convention says making an error 1 out of 20 times is okay, but you can set that level to whatever you want based on the situation \u2014 as long as you choose before starting the experiment.\n\nWe then use that 1/20, or .05, as our rule. A p-value is the probably under the null of observing results as or more extreme as the experiment. In other words, the p value is a measure that tells you how weird the results would be if there was really nothing to see. Small p values mean we have enough evidence against the null.\n\n", "edited": false, "downs": 0, "author_flair_css_class": null, "is_submitter": false, "collapsed": false, "author_flair_richtext": [], "author_patreon_flair": false, "body_html": "<div class=\"md\"><p>Hypothesis testing is just a decision rule. So, I decide before the experiment even starts what level of error I am willing to make. Convention says making an error 1 out of 20 times is okay, but you can set that level to whatever you want based on the situation \u2014 as long as you choose before starting the experiment.</p>\n\n<p>We then use that 1/20, or .05, as our rule. A p-value is the probably under the null of observing results as or more extreme as the experiment. In other words, the p value is a measure that tells you how weird the results would be if there was really nothing to see. Small p values mean we have enough evidence against the null.</p>\n</div>", "gildings": {}, "collapsed_reason": null, "associated_award": null, "stickied": false, "author_premium": false, "subreddit_type": "public", "can_gild": true, "subreddit": "statistics", "author_flair_text_color": null, "score_hidden": false, "permalink": "/r/statistics/comments/a4047a/why_use_hypothesis_testing/ebaewvn/", "num_reports": null, "locked": false, "name": "t1_ebaewvn", "created": 1544221007.0, "author_flair_text": null, "treatment_tags": [], "created_utc": 1544192207.0, "subreddit_name_prefixed": "r/statistics", "controversiality": 0, "depth": 0, "author_flair_background_color": null, "collapsed_because_crowd_control": null, "mod_reports": [], "mod_note": null, "distinguished": null, "_fetched": true}, {"_replies": ["ebc00wv"], "_submission": "a4047a", "_reddit": "_reddit", "total_awards_received": 0, "approved_at_utc": null, "ups": 12, "awarders": [], "mod_reason_by": null, "banned_by": null, "author_flair_type": "text", "removal_reason": null, "link_id": "t3_a4047a", "author_flair_template_id": null, "likes": null, "user_reports": [], "saved": false, "id": "ebaebre", "banned_at_utc": null, "mod_reason_title": null, "gilded": 0, "archived": true, "no_follow": false, "author": "CJP_UX", "can_mod_post": false, "send_replies": true, "parent_id": "t3_a4047a", "score": 12, "author_fullname": "t2_16taiq", "report_reasons": null, "approved_by": null, "all_awardings": [], "subreddit_id": "t5_2qhfi", "body": "You've stumbled on a big debate! Despite what your teacher said, it's very much not a closed issue.\n\nHere are some [highly](https://fivethirtyeight.com/features/statisticians-found-one-thing-they-can-agree-on-its-time-to-stop-misusing-p-values/) [readable](https://www.vox.com/science-and-health/2017/7/31/16021654/p-values-statistical-significance-redefine-0005) articles on it. There are plenty of dense ones on [scholar.google.com](https://scholar.google.com), but you may just want to start simple.", "edited": false, "downs": 0, "author_flair_css_class": null, "is_submitter": false, "collapsed": false, "author_flair_richtext": [], "author_patreon_flair": false, "body_html": "<div class=\"md\"><p>You&#39;ve stumbled on a big debate! Despite what your teacher said, it&#39;s very much not a closed issue.</p>\n\n<p>Here are some <a href=\"https://fivethirtyeight.com/features/statisticians-found-one-thing-they-can-agree-on-its-time-to-stop-misusing-p-values/\">highly</a> <a href=\"https://www.vox.com/science-and-health/2017/7/31/16021654/p-values-statistical-significance-redefine-0005\">readable</a> articles on it. There are plenty of dense ones on <a href=\"https://scholar.google.com\">scholar.google.com</a>, but you may just want to start simple.</p>\n</div>", "gildings": {}, "collapsed_reason": null, "associated_award": null, "stickied": false, "author_premium": false, "subreddit_type": "public", "can_gild": true, "subreddit": "statistics", "author_flair_text_color": null, "score_hidden": false, "permalink": "/r/statistics/comments/a4047a/why_use_hypothesis_testing/ebaebre/", "num_reports": null, "locked": false, "name": "t1_ebaebre", "created": 1544220522.0, "author_flair_text": null, "treatment_tags": [], "created_utc": 1544191722.0, "subreddit_name_prefixed": "r/statistics", "controversiality": 0, "depth": 0, "author_flair_background_color": null, "collapsed_because_crowd_control": null, "mod_reports": [], "mod_note": null, "distinguished": null, "_fetched": true}, {"_replies": ["ebaf0fd"], "_submission": "a4047a", "_reddit": "_reddit", "total_awards_received": 0, "approved_at_utc": null, "ups": 3, "awarders": [], "mod_reason_by": null, "banned_by": null, "author_flair_type": "text", "removal_reason": null, "link_id": "t3_a4047a", "author_flair_template_id": null, "likes": null, "user_reports": [], "saved": false, "id": "ebaernj", "banned_at_utc": null, "mod_reason_title": null, "gilded": 0, "archived": true, "no_follow": true, "author": "cdgks", "can_mod_post": false, "send_replies": true, "parent_id": "t3_a4047a", "score": 3, "author_fullname": "t2_4acfb", "report_reasons": null, "approved_by": null, "all_awardings": [], "subreddit_id": "t5_2qhfi", "body": "Often we report exact p-values instead of something like p<0.05. Reporting exact p-values is similar to your statement, \"the data we used gave us 96.3% certainty that we can reject the null hypothesis?\", then the reader can make their own conclusions based on the strength of the evidence (e.g. p=0.04 is less evidence against the null hypothesis than p=0.0001).", "edited": 1544194471.0, "downs": 0, "author_flair_css_class": null, "is_submitter": false, "collapsed": false, "author_flair_richtext": [], "author_patreon_flair": false, "body_html": "<div class=\"md\"><p>Often we report exact p-values instead of something like p&lt;0.05. Reporting exact p-values is similar to your statement, &quot;the data we used gave us 96.3% certainty that we can reject the null hypothesis?&quot;, then the reader can make their own conclusions based on the strength of the evidence (e.g. p=0.04 is less evidence against the null hypothesis than p=0.0001).</p>\n</div>", "gildings": {}, "collapsed_reason": null, "associated_award": null, "stickied": false, "author_premium": false, "subreddit_type": "public", "can_gild": true, "subreddit": "statistics", "author_flair_text_color": null, "score_hidden": false, "permalink": "/r/statistics/comments/a4047a/why_use_hypothesis_testing/ebaernj/", "num_reports": null, "locked": false, "name": "t1_ebaernj", "created": 1544220888.0, "author_flair_text": null, "treatment_tags": [], "created_utc": 1544192088.0, "subreddit_name_prefixed": "r/statistics", "controversiality": 0, "depth": 0, "author_flair_background_color": null, "collapsed_because_crowd_control": null, "mod_reports": [], "mod_note": null, "distinguished": null, "_fetched": true}, {"_replies": [], "_submission": "a4047a", "_reddit": "_reddit", "total_awards_received": 0, "approved_at_utc": null, "ups": 2, "awarders": [], "mod_reason_by": null, "banned_by": null, "author_flair_type": "text", "removal_reason": null, "link_id": "t3_a4047a", "author_flair_template_id": null, "likes": null, "user_reports": [], "saved": false, "id": "ebbsyyf", "banned_at_utc": null, "mod_reason_title": null, "gilded": 0, "archived": true, "no_follow": true, "author": "efrique", "can_mod_post": false, "send_replies": true, "parent_id": "t3_a4047a", "score": 2, "author_fullname": "t2_38629", "report_reasons": null, "approved_by": null, "all_awardings": [], "subreddit_id": "t5_2qhfi", "body": "> hypothesis testing at a certain confidence level \n\nThis sounds like you're confusing hypothesis testing with confidence intervals. Hypothesis tests have a significance level, you shouldn't be making statements about \"confidence\" in relation to a null or an alternative hypothesis.\n\n\n> instead of saying \"at a 95% confidence level the results are significant\" \n\nYou shouldn't say this in any case. Is there a book that does this?\n\n---\n\nIt actually sounds like you want to quote a *p-value*. That's perfectly reasonable, but you can't decide whether or not you reject  the null unless you choose a significance level.\n\n[Your teacher is perhaps warning against choosing a significance level after you see the data, and that is about integrity and ethics. But quoting a p-value is not problematic.]", "edited": false, "downs": 0, "author_flair_css_class": null, "is_submitter": false, "collapsed": false, "author_flair_richtext": [], "author_patreon_flair": false, "body_html": "<div class=\"md\"><blockquote>\n<p>hypothesis testing at a certain confidence level </p>\n</blockquote>\n\n<p>This sounds like you&#39;re confusing hypothesis testing with confidence intervals. Hypothesis tests have a significance level, you shouldn&#39;t be making statements about &quot;confidence&quot; in relation to a null or an alternative hypothesis.</p>\n\n<blockquote>\n<p>instead of saying &quot;at a 95% confidence level the results are significant&quot; </p>\n</blockquote>\n\n<p>You shouldn&#39;t say this in any case. Is there a book that does this?</p>\n\n<hr/>\n\n<p>It actually sounds like you want to quote a <em>p-value</em>. That&#39;s perfectly reasonable, but you can&#39;t decide whether or not you reject  the null unless you choose a significance level.</p>\n\n<p>[Your teacher is perhaps warning against choosing a significance level after you see the data, and that is about integrity and ethics. But quoting a p-value is not problematic.]</p>\n</div>", "gildings": {}, "collapsed_reason": null, "associated_award": null, "stickied": false, "author_premium": true, "subreddit_type": "public", "can_gild": true, "subreddit": "statistics", "author_flair_text_color": null, "score_hidden": false, "permalink": "/r/statistics/comments/a4047a/why_use_hypothesis_testing/ebbsyyf/", "num_reports": null, "locked": false, "name": "t1_ebbsyyf", "created": 1544259526.0, "author_flair_text": null, "treatment_tags": [], "created_utc": 1544230726.0, "subreddit_name_prefixed": "r/statistics", "controversiality": 0, "depth": 0, "author_flair_background_color": null, "collapsed_because_crowd_control": null, "mod_reports": [], "mod_note": null, "distinguished": null, "_fetched": true}, {"_replies": ["ebau8l0"], "_submission": "a4047a", "_reddit": "_reddit", "total_awards_received": 0, "approved_at_utc": null, "ups": 3, "awarders": [], "mod_reason_by": null, "banned_by": null, "author_flair_type": "text", "removal_reason": null, "link_id": "t3_a4047a", "author_flair_template_id": null, "likes": null, "user_reports": [], "saved": false, "id": "ebafgyz", "banned_at_utc": null, "mod_reason_title": null, "gilded": 0, "archived": true, "no_follow": true, "author": "_werebear_", "can_mod_post": false, "send_replies": true, "parent_id": "t3_a4047a", "score": 3, "author_fullname": "t2_i6bic", "report_reasons": null, "approved_by": null, "all_awardings": [], "subreddit_id": "t5_2qhfi", "body": "In Statistical Rethinking, Richard McElreath advocates reporting  multiple confidence intervals  with some amount of space between them in order to present a fuller picture than just the standard 95%.  Somewhat jokingly, he suggests using  67%, 89%, and 97%  for no other reason than they are prime numbers.\n\nHe also notes that the standard choice of 95% (or p < 0.05) appears to have originated from a 1925 publication by Ronald Fisher. Ironically, Fisher was vocal about not always using the exact same threshold for significance.\n\nSo if McElreath is correct, that particular choice of threshold is really just a convention that people stick to without always having a great reason for doing so. ", "edited": false, "downs": 0, "author_flair_css_class": null, "is_submitter": false, "collapsed": false, "author_flair_richtext": [], "author_patreon_flair": false, "body_html": "<div class=\"md\"><p>In Statistical Rethinking, Richard McElreath advocates reporting  multiple confidence intervals  with some amount of space between them in order to present a fuller picture than just the standard 95%.  Somewhat jokingly, he suggests using  67%, 89%, and 97%  for no other reason than they are prime numbers.</p>\n\n<p>He also notes that the standard choice of 95% (or p &lt; 0.05) appears to have originated from a 1925 publication by Ronald Fisher. Ironically, Fisher was vocal about not always using the exact same threshold for significance.</p>\n\n<p>So if McElreath is correct, that particular choice of threshold is really just a convention that people stick to without always having a great reason for doing so. </p>\n</div>", "gildings": {}, "collapsed_reason": null, "associated_award": null, "stickied": false, "author_premium": false, "subreddit_type": "public", "can_gild": true, "subreddit": "statistics", "author_flair_text_color": null, "score_hidden": false, "permalink": "/r/statistics/comments/a4047a/why_use_hypothesis_testing/ebafgyz/", "num_reports": null, "locked": false, "name": "t1_ebafgyz", "created": 1544221453.0, "author_flair_text": null, "treatment_tags": [], "created_utc": 1544192653.0, "subreddit_name_prefixed": "r/statistics", "controversiality": 0, "depth": 0, "author_flair_background_color": null, "collapsed_because_crowd_control": null, "mod_reports": [], "mod_note": null, "distinguished": null, "_fetched": true}, {"_replies": [], "_submission": "a4047a", "_reddit": "_reddit", "total_awards_received": 0, "approved_at_utc": null, "ups": 1, "awarders": [], "mod_reason_by": null, "banned_by": null, "author_flair_type": "text", "removal_reason": null, "link_id": "t3_a4047a", "author_flair_template_id": null, "likes": null, "user_reports": [], "saved": false, "id": "ebbpf1c", "banned_at_utc": null, "mod_reason_title": null, "gilded": 0, "archived": true, "no_follow": true, "author": "manic_panic", "can_mod_post": false, "send_replies": true, "parent_id": "t3_a4047a", "score": 1, "author_fullname": "t2_64hna", "report_reasons": null, "approved_by": null, "all_awardings": [], "subreddit_id": "t5_2qhfi", "body": "One obvious thing that no one has pointed out yet is that is called a hypothesis TEST (not a hypothesis description). You can use whatever p-value you want for alpha but if you want an answer (go/no-go) you need a test. \n\nI think your general question is more about the frequentist framework more generally which, as, many here have already said, is a strange approach. ", "edited": false, "downs": 0, "author_flair_css_class": null, "is_submitter": false, "collapsed": false, "author_flair_richtext": [], "author_patreon_flair": false, "body_html": "<div class=\"md\"><p>One obvious thing that no one has pointed out yet is that is called a hypothesis TEST (not a hypothesis description). You can use whatever p-value you want for alpha but if you want an answer (go/no-go) you need a test. </p>\n\n<p>I think your general question is more about the frequentist framework more generally which, as, many here have already said, is a strange approach. </p>\n</div>", "gildings": {}, "collapsed_reason": null, "associated_award": null, "stickied": false, "author_premium": false, "subreddit_type": "public", "can_gild": true, "subreddit": "statistics", "author_flair_text_color": null, "score_hidden": false, "permalink": "/r/statistics/comments/a4047a/why_use_hypothesis_testing/ebbpf1c/", "num_reports": null, "locked": false, "name": "t1_ebbpf1c", "created": 1544256576.0, "author_flair_text": null, "treatment_tags": [], "created_utc": 1544227776.0, "subreddit_name_prefixed": "r/statistics", "controversiality": 0, "depth": 0, "author_flair_background_color": null, "collapsed_because_crowd_control": null, "mod_reports": [], "mod_note": null, "distinguished": null, "_fetched": true}, {"_replies": [], "_submission": "a4047a", "_reddit": "_reddit", "total_awards_received": 0, "approved_at_utc": null, "ups": 1, "awarders": [], "mod_reason_by": null, "banned_by": null, "author_flair_type": "text", "removal_reason": null, "link_id": "t3_a4047a", "author_flair_template_id": null, "likes": null, "user_reports": [], "saved": false, "id": "ebbzwes", "banned_at_utc": null, "mod_reason_title": null, "gilded": 0, "archived": true, "no_follow": true, "author": "pinkerton_jones", "can_mod_post": false, "send_replies": true, "parent_id": "t3_a4047a", "score": 1, "author_fullname": "t2_59op1", "report_reasons": null, "approved_by": null, "all_awardings": [], "subreddit_id": "t5_2qhfi", "body": "Jumped onto the root didn't you? You're right. 95 confidence is silly. In some cases it is dangerous. A 1 in 20 chance your apple is covered in rat poison? That a plane won't crash? That the the algorithm will discover malicious actors? \n\nLots of fields require more than that. Lean and six sigma are kind of old these days but that was part of the intent. 6 sigma related to the level of confidence something was built or a process would execute without defect.\n\n95 is just a lazy heuristic we all use to get funding. Plenty of folks here will have links about the long standing controversy.", "edited": false, "downs": 0, "author_flair_css_class": null, "is_submitter": false, "collapsed": false, "author_flair_richtext": [], "author_patreon_flair": false, "body_html": "<div class=\"md\"><p>Jumped onto the root didn&#39;t you? You&#39;re right. 95 confidence is silly. In some cases it is dangerous. A 1 in 20 chance your apple is covered in rat poison? That a plane won&#39;t crash? That the the algorithm will discover malicious actors? </p>\n\n<p>Lots of fields require more than that. Lean and six sigma are kind of old these days but that was part of the intent. 6 sigma related to the level of confidence something was built or a process would execute without defect.</p>\n\n<p>95 is just a lazy heuristic we all use to get funding. Plenty of folks here will have links about the long standing controversy.</p>\n</div>", "gildings": {}, "collapsed_reason": null, "associated_award": null, "stickied": false, "author_premium": false, "subreddit_type": "public", "can_gild": true, "subreddit": "statistics", "author_flair_text_color": null, "score_hidden": false, "permalink": "/r/statistics/comments/a4047a/why_use_hypothesis_testing/ebbzwes/", "num_reports": null, "locked": false, "name": "t1_ebbzwes", "created": 1544266243.0, "author_flair_text": null, "treatment_tags": [], "created_utc": 1544237443.0, "subreddit_name_prefixed": "r/statistics", "controversiality": 0, "depth": 0, "author_flair_background_color": null, "collapsed_because_crowd_control": null, "mod_reports": [], "mod_note": null, "distinguished": null, "_fetched": true}, {"_replies": ["ebaeoxv"], "_submission": "a4047a", "_reddit": "_reddit", "total_awards_received": 0, "approved_at_utc": null, "ups": -1, "awarders": [], "mod_reason_by": null, "banned_by": null, "author_flair_type": "text", "removal_reason": null, "link_id": "t3_a4047a", "author_flair_template_id": null, "likes": null, "user_reports": [], "saved": false, "id": "ebaej7a", "banned_at_utc": null, "mod_reason_title": null, "gilded": 0, "archived": true, "no_follow": true, "author": "quantpsychguy", "can_mod_post": false, "send_replies": true, "parent_id": "t3_a4047a", "score": -1, "author_fullname": "t2_7jjayp3", "report_reasons": null, "approved_by": null, "all_awardings": [], "subreddit_id": "t5_2qhfi", "body": "It's a good point and one that doesn't have a solid answer.\n\nThe best I think we can come up with is that statisticians wanted a common language. They wanted some common understandings and decided that 'statistically significant' was at the 5% confidence level. If you reach much in the way of academic research it's not uncommon for people to set their confidence levels at 1%, 10%, or other numbers based upon the other research in that arena.\n\nTL;DR: Earlier statisticians wanted an agreed upon language and so shorthand is to use a 95% confidence level; some areas of research use other levels and usually report it specifically (i.e. 99%, 90%, or others).\n\nAlso, important note, the p value is not 'the certainty at which we can reject the null'.", "edited": false, "downs": 0, "author_flair_css_class": null, "is_submitter": false, "collapsed": false, "author_flair_richtext": [], "author_patreon_flair": false, "body_html": "<div class=\"md\"><p>It&#39;s a good point and one that doesn&#39;t have a solid answer.</p>\n\n<p>The best I think we can come up with is that statisticians wanted a common language. They wanted some common understandings and decided that &#39;statistically significant&#39; was at the 5% confidence level. If you reach much in the way of academic research it&#39;s not uncommon for people to set their confidence levels at 1%, 10%, or other numbers based upon the other research in that arena.</p>\n\n<p>TL;DR: Earlier statisticians wanted an agreed upon language and so shorthand is to use a 95% confidence level; some areas of research use other levels and usually report it specifically (i.e. 99%, 90%, or others).</p>\n\n<p>Also, important note, the p value is not &#39;the certainty at which we can reject the null&#39;.</p>\n</div>", "gildings": {}, "collapsed_reason": null, "associated_award": null, "stickied": false, "author_premium": false, "subreddit_type": "public", "can_gild": true, "subreddit": "statistics", "author_flair_text_color": null, "score_hidden": false, "permalink": "/r/statistics/comments/a4047a/why_use_hypothesis_testing/ebaej7a/", "num_reports": null, "locked": false, "name": "t1_ebaej7a", "created": 1544220698.0, "author_flair_text": null, "treatment_tags": [], "created_utc": 1544191898.0, "subreddit_name_prefixed": "r/statistics", "controversiality": 0, "depth": 0, "author_flair_background_color": null, "collapsed_because_crowd_control": null, "mod_reports": [], "mod_note": null, "distinguished": null, "_fetched": true}, {"_replies": ["ebb5wqk"], "_submission": "a4047a", "_reddit": "_reddit", "total_awards_received": 0, "approved_at_utc": null, "ups": -1, "awarders": [], "mod_reason_by": null, "banned_by": null, "author_flair_type": "text", "removal_reason": null, "link_id": "t3_a4047a", "author_flair_template_id": null, "likes": null, "user_reports": [], "saved": false, "id": "ebb5ly6", "banned_at_utc": null, "mod_reason_title": null, "gilded": 0, "archived": true, "no_follow": true, "author": "bubbachuck", "can_mod_post": false, "send_replies": true, "parent_id": "t3_a4047a", "score": -1, "author_fullname": "t2_7oggf", "report_reasons": null, "approved_by": null, "all_awardings": [], "subreddit_id": "t5_2qhfi", "body": "Is your teacher trained as a statistician or someone who was told they need to teach statistics? I feel like some of these issues occur because people are told to teach stats but don't understand the history or the basic theory behind.", "edited": false, "downs": 0, "author_flair_css_class": null, "is_submitter": false, "collapsed": false, "author_flair_richtext": [], "author_patreon_flair": false, "body_html": "<div class=\"md\"><p>Is your teacher trained as a statistician or someone who was told they need to teach statistics? I feel like some of these issues occur because people are told to teach stats but don&#39;t understand the history or the basic theory behind.</p>\n</div>", "gildings": {}, "collapsed_reason": null, "associated_award": null, "stickied": false, "author_premium": false, "subreddit_type": "public", "can_gild": true, "subreddit": "statistics", "author_flair_text_color": null, "score_hidden": false, "permalink": "/r/statistics/comments/a4047a/why_use_hypothesis_testing/ebb5ly6/", "num_reports": null, "locked": false, "name": "t1_ebb5ly6", "created": 1544240613.0, "author_flair_text": null, "treatment_tags": [], "created_utc": 1544211813.0, "subreddit_name_prefixed": "r/statistics", "controversiality": 0, "depth": 0, "author_flair_background_color": null, "collapsed_because_crowd_control": null, "mod_reports": [], "mod_note": null, "distinguished": null, "_fetched": true}, {"_replies": ["ebao1m1", "ebaikg2", "ebanynp", "ebb061u", "ebaglb7", "ebcl2o9"], "_submission": "a4047a", "_reddit": "_reddit", "total_awards_received": 0, "approved_at_utc": null, "ups": 3, "awarders": [], "mod_reason_by": null, "banned_by": null, "author_flair_type": "text", "removal_reason": null, "link_id": "t3_a4047a", "author_flair_template_id": null, "likes": null, "user_reports": [], "saved": false, "id": "ebafd85", "banned_at_utc": null, "mod_reason_title": null, "gilded": 0, "archived": true, "no_follow": true, "author": "graciousgroob", "can_mod_post": false, "send_replies": true, "parent_id": "t1_ebaed96", "score": 3, "author_fullname": "t2_7fg97", "report_reasons": null, "approved_by": null, "all_awardings": [], "subreddit_id": "t5_2qhfi", "collapsed": false, "body": "The two issues of \"locking in a null and an alternative hypothesis at a specific confidence level prior to running analysis\" and \"deciding which confidence level is appropriate\" are related though. If we didn't force ourselves into a testing framework that could only yield one of two results (reject H_0 or fail to reject H_0) at a certain confidence level, then we wouldn't *need* to pick an arbitrary confidence level. Instead, why don't we just report the P-value and leave it at that, or interpret the p-value in context?", "edited": false, "author_flair_css_class": null, "is_submitter": true, "downs": 0, "author_flair_richtext": [], "author_patreon_flair": false, "body_html": "<div class=\"md\"><p>The two issues of &quot;locking in a null and an alternative hypothesis at a specific confidence level prior to running analysis&quot; and &quot;deciding which confidence level is appropriate&quot; are related though. If we didn&#39;t force ourselves into a testing framework that could only yield one of two results (reject H_0 or fail to reject H_0) at a certain confidence level, then we wouldn&#39;t <em>need</em> to pick an arbitrary confidence level. Instead, why don&#39;t we just report the P-value and leave it at that, or interpret the p-value in context?</p>\n</div>", "gildings": {}, "collapsed_reason": null, "associated_award": null, "stickied": false, "author_premium": false, "subreddit_type": "public", "can_gild": true, "subreddit": "statistics", "author_flair_text_color": null, "score_hidden": false, "permalink": "/r/statistics/comments/a4047a/why_use_hypothesis_testing/ebafd85/", "num_reports": null, "locked": false, "name": "t1_ebafd85", "created": 1544221374.0, "author_flair_text": null, "treatment_tags": [], "created_utc": 1544192574.0, "subreddit_name_prefixed": "r/statistics", "controversiality": 0, "depth": 1, "author_flair_background_color": null, "collapsed_because_crowd_control": null, "mod_reports": [], "mod_note": null, "distinguished": null, "_fetched": true}, {"_replies": ["ebb2hl9"], "_submission": "a4047a", "_reddit": "_reddit", "total_awards_received": 0, "approved_at_utc": null, "ups": 2, "awarders": [], "mod_reason_by": null, "banned_by": null, "author_flair_type": "text", "removal_reason": null, "link_id": "t3_a4047a", "author_flair_template_id": null, "likes": null, "user_reports": [], "saved": false, "id": "ebafwep", "banned_at_utc": null, "mod_reason_title": null, "gilded": 0, "archived": true, "no_follow": true, "author": "graciousgroob", "can_mod_post": false, "send_replies": true, "parent_id": "t1_ebaely2", "score": 2, "author_fullname": "t2_7fg97", "report_reasons": null, "approved_by": null, "all_awardings": [], "subreddit_id": "t5_2qhfi", "collapsed": false, "body": "Yeah you rightly called me out in my post on thinking we could decide the converse of the p-value (ie. given the observed data, how likely is H_0). Are the two *not* equal (P(H_0) given data vs. P(data) given H_0) ? (I'm guessing not) Or do we have no way of calculating the converse of the p-value from data, because that seems like it would be a lot more useful.\n\nEDIT: As I'm typing this, the converse I described above sounds like bayesian inference right? Maybe that is related to he comments below that mention bayes... I think this is starting to make sense, but I'm just barely scratching the surface!", "edited": 1544193264.0, "author_flair_css_class": null, "is_submitter": true, "downs": 0, "author_flair_richtext": [], "author_patreon_flair": false, "body_html": "<div class=\"md\"><p>Yeah you rightly called me out in my post on thinking we could decide the converse of the p-value (ie. given the observed data, how likely is H_0). Are the two <em>not</em> equal (P(H_0) given data vs. P(data) given H_0) ? (I&#39;m guessing not) Or do we have no way of calculating the converse of the p-value from data, because that seems like it would be a lot more useful.</p>\n\n<p>EDIT: As I&#39;m typing this, the converse I described above sounds like bayesian inference right? Maybe that is related to he comments below that mention bayes... I think this is starting to make sense, but I&#39;m just barely scratching the surface!</p>\n</div>", "gildings": {}, "collapsed_reason": null, "associated_award": null, "stickied": false, "author_premium": false, "subreddit_type": "public", "can_gild": true, "subreddit": "statistics", "author_flair_text_color": null, "score_hidden": false, "permalink": "/r/statistics/comments/a4047a/why_use_hypothesis_testing/ebafwep/", "num_reports": null, "locked": false, "name": "t1_ebafwep", "created": 1544221792.0, "author_flair_text": null, "treatment_tags": [], "created_utc": 1544192992.0, "subreddit_name_prefixed": "r/statistics", "controversiality": 0, "depth": 1, "author_flair_background_color": null, "collapsed_because_crowd_control": null, "mod_reports": [], "mod_note": null, "distinguished": null, "_fetched": true}, {"_replies": [], "_submission": "a4047a", "_reddit": "_reddit", "total_awards_received": 0, "approved_at_utc": null, "ups": 1, "awarders": [], "mod_reason_by": null, "banned_by": null, "author_flair_type": "text", "removal_reason": null, "link_id": "t3_a4047a", "author_flair_template_id": null, "likes": null, "user_reports": [], "saved": false, "id": "ebc00wv", "banned_at_utc": null, "mod_reason_title": null, "gilded": 0, "archived": true, "no_follow": true, "author": "pinkerton_jones", "can_mod_post": false, "send_replies": true, "parent_id": "t1_ebaebre", "score": 1, "author_fullname": "t2_59op1", "report_reasons": null, "approved_by": null, "all_awardings": [], "subreddit_id": "t5_2qhfi", "collapsed": false, "body": "U/graciousgroob these are the articles you ought to start with. ", "edited": false, "author_flair_css_class": null, "is_submitter": false, "downs": 0, "author_flair_richtext": [], "author_patreon_flair": false, "body_html": "<div class=\"md\"><p>U/graciousgroob these are the articles you ought to start with. </p>\n</div>", "gildings": {}, "collapsed_reason": null, "associated_award": null, "stickied": false, "author_premium": false, "subreddit_type": "public", "can_gild": true, "subreddit": "statistics", "author_flair_text_color": null, "score_hidden": false, "permalink": "/r/statistics/comments/a4047a/why_use_hypothesis_testing/ebc00wv/", "num_reports": null, "locked": false, "name": "t1_ebc00wv", "created": 1544266366.0, "author_flair_text": null, "treatment_tags": [], "created_utc": 1544237566.0, "subreddit_name_prefixed": "r/statistics", "controversiality": 0, "depth": 1, "author_flair_background_color": null, "collapsed_because_crowd_control": null, "mod_reports": [], "mod_note": null, "distinguished": null, "_fetched": true}, {"_replies": [], "_submission": "a4047a", "_reddit": "_reddit", "total_awards_received": 0, "approved_at_utc": null, "ups": 4, "awarders": [], "mod_reason_by": null, "banned_by": null, "author_flair_type": "text", "removal_reason": null, "link_id": "t3_a4047a", "author_flair_template_id": null, "likes": null, "user_reports": [], "saved": false, "id": "ebaf0fd", "banned_at_utc": null, "mod_reason_title": null, "gilded": 0, "archived": true, "no_follow": false, "author": "cdgks", "can_mod_post": false, "send_replies": true, "parent_id": "t1_ebaernj", "score": 4, "author_fullname": "t2_4acfb", "report_reasons": null, "approved_by": null, "all_awardings": [], "subreddit_id": "t5_2qhfi", "collapsed": false, "body": "I should've also said, the arbitrary cut-off at 5% was chosen by an early statistician (Fisher) and is a bit of a contentious issue. The short answer is that often in some fields (like medicine) we need an arbitrary cut-off to decide if say treatment A is different than treatment B, and incorrectly saying there is a difference 5% of the time when there isn't seems like a reasonable trade off (if you lower that %, then the probability you think the treatments are the same when they're not goes up) ", "edited": false, "author_flair_css_class": null, "is_submitter": false, "downs": 0, "author_flair_richtext": [], "author_patreon_flair": false, "body_html": "<div class=\"md\"><p>I should&#39;ve also said, the arbitrary cut-off at 5% was chosen by an early statistician (Fisher) and is a bit of a contentious issue. The short answer is that often in some fields (like medicine) we need an arbitrary cut-off to decide if say treatment A is different than treatment B, and incorrectly saying there is a difference 5% of the time when there isn&#39;t seems like a reasonable trade off (if you lower that %, then the probability you think the treatments are the same when they&#39;re not goes up) </p>\n</div>", "gildings": {}, "collapsed_reason": null, "associated_award": null, "stickied": false, "author_premium": false, "subreddit_type": "public", "can_gild": true, "subreddit": "statistics", "author_flair_text_color": null, "score_hidden": false, "permalink": "/r/statistics/comments/a4047a/why_use_hypothesis_testing/ebaf0fd/", "num_reports": null, "locked": false, "name": "t1_ebaf0fd", "created": 1544221087.0, "author_flair_text": null, "treatment_tags": [], "created_utc": 1544192287.0, "subreddit_name_prefixed": "r/statistics", "controversiality": 0, "depth": 1, "author_flair_background_color": null, "collapsed_because_crowd_control": null, "mod_reports": [], "mod_note": null, "distinguished": null, "_fetched": true}, {"_replies": [], "_submission": "a4047a", "_reddit": "_reddit", "total_awards_received": 0, "approved_at_utc": null, "ups": 1, "awarders": [], "mod_reason_by": null, "banned_by": null, "author_flair_type": "text", "removal_reason": null, "link_id": "t3_a4047a", "author_flair_template_id": null, "likes": null, "user_reports": [], "saved": false, "id": "ebau8l0", "banned_at_utc": null, "mod_reason_title": null, "gilded": 0, "archived": true, "no_follow": true, "author": "WayOfTheMantisShrimp", "can_mod_post": false, "send_replies": true, "parent_id": "t1_ebafgyz", "score": 1, "author_fullname": "t2_hnjrx", "report_reasons": null, "approved_by": null, "all_awardings": [], "subreddit_id": "t5_2qhfi", "collapsed": false, "body": "The idea of reporting a prime-number interval/threshold seems perfectly valid to me. Not sure about reporting multiple (that sounds like a multiple-comparisons issue), but perhaps worth a read.\n\nBasically, your choice of threshold should be what do you consider 'unlikely'. Test statistics are assumed to be quantiles sampled from a distribution, so p-values are by definition expected to be Uniform(0,1) distributed. If it seems 'unlikely' you would draw <5% on the first try, use 5%; if 1 in 20 seems too 'likely', pick a smaller threshold. Nothing in the definition/calculation of a p-value contradicts that, nor do any of Fisher's writings, at least as I learned them.", "edited": false, "author_flair_css_class": null, "is_submitter": false, "downs": 0, "author_flair_richtext": [], "author_patreon_flair": false, "body_html": "<div class=\"md\"><p>The idea of reporting a prime-number interval/threshold seems perfectly valid to me. Not sure about reporting multiple (that sounds like a multiple-comparisons issue), but perhaps worth a read.</p>\n\n<p>Basically, your choice of threshold should be what do you consider &#39;unlikely&#39;. Test statistics are assumed to be quantiles sampled from a distribution, so p-values are by definition expected to be Uniform(0,1) distributed. If it seems &#39;unlikely&#39; you would draw &lt;5% on the first try, use 5%; if 1 in 20 seems too &#39;likely&#39;, pick a smaller threshold. Nothing in the definition/calculation of a p-value contradicts that, nor do any of Fisher&#39;s writings, at least as I learned them.</p>\n</div>", "gildings": {}, "collapsed_reason": null, "associated_award": null, "stickied": false, "author_premium": false, "subreddit_type": "public", "can_gild": true, "subreddit": "statistics", "author_flair_text_color": null, "score_hidden": false, "permalink": "/r/statistics/comments/a4047a/why_use_hypothesis_testing/ebau8l0/", "num_reports": null, "locked": false, "name": "t1_ebau8l0", "created": 1544231722.0, "author_flair_text": null, "treatment_tags": [], "created_utc": 1544202922.0, "subreddit_name_prefixed": "r/statistics", "controversiality": 0, "depth": 1, "author_flair_background_color": null, "collapsed_because_crowd_control": null, "mod_reports": [], "mod_note": null, "distinguished": null, "_fetched": true}, {"_replies": [], "_submission": "a4047a", "_reddit": "_reddit", "total_awards_received": 0, "approved_at_utc": null, "ups": 3, "awarders": [], "mod_reason_by": null, "banned_by": null, "author_flair_type": "text", "removal_reason": null, "link_id": "t3_a4047a", "author_flair_template_id": null, "likes": null, "user_reports": [], "saved": false, "id": "ebaeoxv", "banned_at_utc": null, "mod_reason_title": null, "gilded": 0, "archived": true, "no_follow": true, "author": "quantpsychguy", "can_mod_post": false, "send_replies": true, "parent_id": "t1_ebaej7a", "score": 3, "author_fullname": "t2_7jjayp3", "report_reasons": null, "approved_by": null, "all_awardings": [], "subreddit_id": "t5_2qhfi", "collapsed": false, "body": "Another note - there is something called Bayesian analysis which uses prior knowledge to frame future tests. It's more complicated than null hypothesis testing but if you're interested in this topic it may be worth looking into.", "edited": false, "author_flair_css_class": null, "is_submitter": false, "downs": 0, "author_flair_richtext": [], "author_patreon_flair": false, "body_html": "<div class=\"md\"><p>Another note - there is something called Bayesian analysis which uses prior knowledge to frame future tests. It&#39;s more complicated than null hypothesis testing but if you&#39;re interested in this topic it may be worth looking into.</p>\n</div>", "gildings": {}, "collapsed_reason": null, "associated_award": null, "stickied": false, "author_premium": false, "subreddit_type": "public", "can_gild": true, "subreddit": "statistics", "author_flair_text_color": null, "score_hidden": false, "permalink": "/r/statistics/comments/a4047a/why_use_hypothesis_testing/ebaeoxv/", "num_reports": null, "locked": false, "name": "t1_ebaeoxv", "created": 1544220823.0, "author_flair_text": null, "treatment_tags": [], "created_utc": 1544192023.0, "subreddit_name_prefixed": "r/statistics", "controversiality": 0, "depth": 1, "author_flair_background_color": null, "collapsed_because_crowd_control": null, "mod_reports": [], "mod_note": null, "distinguished": null, "_fetched": true}, {"_replies": ["ebbebjo"], "_submission": "a4047a", "_reddit": "_reddit", "total_awards_received": 0, "approved_at_utc": null, "ups": -1, "awarders": [], "mod_reason_by": null, "banned_by": null, "author_flair_type": "text", "removal_reason": null, "link_id": "t3_a4047a", "author_flair_template_id": null, "likes": null, "user_reports": [], "saved": false, "id": "ebb5wqk", "banned_at_utc": null, "mod_reason_title": null, "gilded": 0, "archived": true, "no_follow": true, "author": "graciousgroob", "can_mod_post": false, "send_replies": true, "parent_id": "t1_ebb5ly6", "score": -1, "author_fullname": "t2_7fg97", "report_reasons": null, "approved_by": null, "all_awardings": [], "subreddit_id": "t5_2qhfi", "collapsed": false, "body": "I suspect that is the case, their thesis was in graph theory.", "edited": false, "author_flair_css_class": null, "is_submitter": true, "downs": 0, "author_flair_richtext": [], "author_patreon_flair": false, "body_html": "<div class=\"md\"><p>I suspect that is the case, their thesis was in graph theory.</p>\n</div>", "gildings": {}, "collapsed_reason": null, "associated_award": null, "stickied": false, "author_premium": false, "subreddit_type": "public", "can_gild": true, "subreddit": "statistics", "author_flair_text_color": null, "score_hidden": false, "permalink": "/r/statistics/comments/a4047a/why_use_hypothesis_testing/ebb5wqk/", "num_reports": null, "locked": false, "name": "t1_ebb5wqk", "created": 1544240849.0, "author_flair_text": null, "treatment_tags": [], "created_utc": 1544212049.0, "subreddit_name_prefixed": "r/statistics", "controversiality": 0, "depth": 1, "author_flair_background_color": null, "collapsed_because_crowd_control": null, "mod_reports": [], "mod_note": null, "distinguished": null, "_fetched": true}, {"_replies": [], "_submission": "a4047a", "_reddit": "_reddit", "total_awards_received": 0, "approved_at_utc": null, "ups": 6, "awarders": [], "mod_reason_by": null, "banned_by": null, "author_flair_type": "text", "removal_reason": null, "link_id": "t3_a4047a", "author_flair_template_id": null, "likes": null, "user_reports": [], "saved": false, "id": "ebaikg2", "banned_at_utc": null, "mod_reason_title": null, "gilded": 0, "archived": true, "no_follow": false, "author": "Nerdloaf", "can_mod_post": false, "created_utc": 1544194837.0, "send_replies": true, "parent_id": "t1_ebafd85", "score": 6, "author_fullname": "t2_10hm6v", "report_reasons": null, "approved_by": null, "all_awardings": [], "subreddit_id": "t5_2qhfi", "body": ">The two issues of \"locking in a null and an alternative hypothesis at a specific confidence level prior to running analysis\" and \"deciding which confidence level is appropriate\" are related though.\n\nNot really, we can both agree that point one is a reasonable way to do things, but still disagree about what level of alpha is appropriate\u2013since the appropriate alpha is almost always contextual. You have to compare the risks of type 1 errors to the risks of type 2 errors and that depends on the circumstances and sometimes even personal preference. I think this discussion stems from the fact that the Neyman\u2013Pearson hypothesis testing framework makes sense for situations it was created for\u2014repeated quality control experiments with a long run fixed probability of type 1 errors. Unfortunately, that's not really how science works.", "edited": false, "author_flair_css_class": null, "is_submitter": false, "downs": 0, "author_flair_richtext": [], "author_patreon_flair": false, "body_html": "<div class=\"md\"><blockquote>\n<p>The two issues of &quot;locking in a null and an alternative hypothesis at a specific confidence level prior to running analysis&quot; and &quot;deciding which confidence level is appropriate&quot; are related though.</p>\n</blockquote>\n\n<p>Not really, we can both agree that point one is a reasonable way to do things, but still disagree about what level of alpha is appropriate\u2013since the appropriate alpha is almost always contextual. You have to compare the risks of type 1 errors to the risks of type 2 errors and that depends on the circumstances and sometimes even personal preference. I think this discussion stems from the fact that the Neyman\u2013Pearson hypothesis testing framework makes sense for situations it was created for\u2014repeated quality control experiments with a long run fixed probability of type 1 errors. Unfortunately, that&#39;s not really how science works.</p>\n</div>", "gildings": {}, "collapsed_reason": null, "associated_award": null, "stickied": false, "author_premium": false, "subreddit_type": "public", "can_gild": true, "subreddit": "statistics", "author_flair_text_color": null, "score_hidden": false, "permalink": "/r/statistics/comments/a4047a/why_use_hypothesis_testing/ebaikg2/", "num_reports": null, "locked": false, "name": "t1_ebaikg2", "created": 1544223637.0, "author_flair_text": null, "treatment_tags": [], "collapsed": false, "subreddit_name_prefixed": "r/statistics", "controversiality": 0, "depth": 2, "author_flair_background_color": null, "collapsed_because_crowd_control": null, "mod_reports": [], "mod_note": null, "distinguished": null, "_fetched": true}, {"_replies": [], "_submission": "a4047a", "_reddit": "_reddit", "total_awards_received": 0, "approved_at_utc": null, "ups": 2, "awarders": [], "mod_reason_by": null, "banned_by": null, "author_flair_type": "text", "removal_reason": null, "link_id": "t3_a4047a", "author_flair_template_id": null, "likes": null, "user_reports": [], "saved": false, "id": "ebb061u", "banned_at_utc": null, "mod_reason_title": null, "gilded": 0, "archived": true, "no_follow": true, "author": "richard_sympson", "can_mod_post": false, "created_utc": 1544207536.0, "send_replies": true, "parent_id": "t1_ebafd85", "score": 2, "author_fullname": "t2_gqlco", "report_reasons": null, "approved_by": null, "all_awardings": [], "subreddit_id": "t5_2qhfi", "body": "> Instead, why don't we just report the P-value and leave it at that\n\nThis is actually *exactly* what Fisher tried to argue for.  He preferred using the p-value as a single metric of evidence for a pre-specified hypothesis, not this \"one or the other\" choice introduced by Neyman and Pearson.  The modern null hypothesis significance testing procedure is a mish-mash of Fisherian and N-P practices.\n\nSo why not do it Fisher's way?  Because there's a certain cleanness to the N-P likelihood ratio tests, and because often we need to make decisions, not merely state degrees of evidence.\n\nIn terms of making decisions, the main competing method is decision theory grafted upon Bayesian methods.  Choices are not made with respect to significance levels, but by calculating posterior expected loss for each choice, which amounts to integrating the product of the posterior distribution and loss function for the parameter set **b**, p(**b**)L(**b**), over the parameter space and choosing the action which has the largest value.  This requires specifying loss functions for each choice, which is far from trivial.", "edited": 1544209223.0, "author_flair_css_class": null, "is_submitter": false, "downs": 0, "author_flair_richtext": [], "author_patreon_flair": false, "body_html": "<div class=\"md\"><blockquote>\n<p>Instead, why don&#39;t we just report the P-value and leave it at that</p>\n</blockquote>\n\n<p>This is actually <em>exactly</em> what Fisher tried to argue for.  He preferred using the p-value as a single metric of evidence for a pre-specified hypothesis, not this &quot;one or the other&quot; choice introduced by Neyman and Pearson.  The modern null hypothesis significance testing procedure is a mish-mash of Fisherian and N-P practices.</p>\n\n<p>So why not do it Fisher&#39;s way?  Because there&#39;s a certain cleanness to the N-P likelihood ratio tests, and because often we need to make decisions, not merely state degrees of evidence.</p>\n\n<p>In terms of making decisions, the main competing method is decision theory grafted upon Bayesian methods.  Choices are not made with respect to significance levels, but by calculating posterior expected loss for each choice, which amounts to integrating the product of the posterior distribution and loss function for the parameter set <strong>b</strong>, p(<strong>b</strong>)L(<strong>b</strong>), over the parameter space and choosing the action which has the largest value.  This requires specifying loss functions for each choice, which is far from trivial.</p>\n</div>", "gildings": {}, "collapsed_reason": null, "associated_award": null, "stickied": false, "author_premium": false, "subreddit_type": "public", "can_gild": true, "subreddit": "statistics", "author_flair_text_color": null, "score_hidden": false, "permalink": "/r/statistics/comments/a4047a/why_use_hypothesis_testing/ebb061u/", "num_reports": null, "locked": false, "name": "t1_ebb061u", "created": 1544236336.0, "author_flair_text": null, "treatment_tags": [], "collapsed": false, "subreddit_name_prefixed": "r/statistics", "controversiality": 0, "depth": 2, "author_flair_background_color": null, "collapsed_because_crowd_control": null, "mod_reports": [], "mod_note": null, "distinguished": null, "_fetched": true}, {"_replies": ["ebaj14b"], "_submission": "a4047a", "_reddit": "_reddit", "total_awards_received": 0, "approved_at_utc": null, "ups": 2, "awarders": [], "mod_reason_by": null, "banned_by": null, "author_flair_type": "text", "removal_reason": null, "link_id": "t3_a4047a", "author_flair_template_id": null, "likes": null, "user_reports": [], "saved": false, "id": "ebaglb7", "banned_at_utc": null, "mod_reason_title": null, "gilded": 0, "archived": true, "no_follow": true, "author": "deadened_18", "can_mod_post": false, "created_utc": 1544193511.0, "send_replies": true, "parent_id": "t1_ebafd85", "score": 2, "author_fullname": "t2_2j1i8eiv", "report_reasons": null, "approved_by": null, "all_awardings": [], "subreddit_id": "t5_2qhfi", "body": "In practice, you always report the p-value. The 95% confidence level is simply a rule of thumb taught in schools, but many studies will go to 99.9999% or above, especially in the realm of big data.", "edited": false, "author_flair_css_class": null, "is_submitter": false, "downs": 0, "author_flair_richtext": [], "author_patreon_flair": false, "body_html": "<div class=\"md\"><p>In practice, you always report the p-value. The 95% confidence level is simply a rule of thumb taught in schools, but many studies will go to 99.9999% or above, especially in the realm of big data.</p>\n</div>", "gildings": {}, "collapsed_reason": null, "associated_award": null, "stickied": false, "author_premium": false, "subreddit_type": "public", "can_gild": true, "subreddit": "statistics", "author_flair_text_color": null, "score_hidden": false, "permalink": "/r/statistics/comments/a4047a/why_use_hypothesis_testing/ebaglb7/", "num_reports": null, "locked": false, "name": "t1_ebaglb7", "created": 1544222311.0, "author_flair_text": null, "treatment_tags": [], "collapsed": false, "subreddit_name_prefixed": "r/statistics", "controversiality": 0, "depth": 2, "author_flair_background_color": null, "collapsed_because_crowd_control": null, "mod_reports": [], "mod_note": null, "distinguished": null, "_fetched": true}, {"_replies": [], "_submission": "a4047a", "_reddit": "_reddit", "total_awards_received": 0, "approved_at_utc": null, "ups": 1, "awarders": [], "mod_reason_by": null, "banned_by": null, "author_flair_type": "text", "removal_reason": null, "link_id": "t3_a4047a", "author_flair_template_id": null, "likes": null, "user_reports": [], "saved": false, "id": "ebcl2o9", "banned_at_utc": null, "mod_reason_title": null, "gilded": 0, "archived": true, "no_follow": true, "author": "tomvorlostriddle", "can_mod_post": false, "created_utc": 1544266532.0, "send_replies": true, "parent_id": "t1_ebafd85", "score": 1, "author_fullname": "t2_bskwmlk", "report_reasons": null, "approved_by": null, "all_awardings": [], "subreddit_id": "t5_2qhfi", "body": "Because the decisions based on the statistical insights are binary (for example allow this new treatment yes or no) and therefore require a tool that delivers binary recommendations.", "edited": false, "author_flair_css_class": null, "is_submitter": false, "downs": 0, "author_flair_richtext": [], "author_patreon_flair": false, "body_html": "<div class=\"md\"><p>Because the decisions based on the statistical insights are binary (for example allow this new treatment yes or no) and therefore require a tool that delivers binary recommendations.</p>\n</div>", "gildings": {}, "collapsed_reason": null, "associated_award": null, "stickied": false, "author_premium": false, "subreddit_type": "public", "can_gild": true, "subreddit": "statistics", "author_flair_text_color": null, "score_hidden": false, "permalink": "/r/statistics/comments/a4047a/why_use_hypothesis_testing/ebcl2o9/", "num_reports": null, "locked": false, "name": "t1_ebcl2o9", "created": 1544295332.0, "author_flair_text": null, "treatment_tags": [], "collapsed": false, "subreddit_name_prefixed": "r/statistics", "controversiality": 0, "depth": 2, "author_flair_background_color": null, "collapsed_because_crowd_control": null, "mod_reports": [], "mod_note": null, "distinguished": null, "_fetched": true}, {"_replies": [], "_submission": "a4047a", "_reddit": "_reddit", "total_awards_received": 0, "approved_at_utc": null, "ups": 2, "awarders": [], "mod_reason_by": null, "banned_by": null, "author_flair_type": "text", "removal_reason": null, "link_id": "t3_a4047a", "author_flair_template_id": null, "likes": null, "user_reports": [], "saved": false, "id": "ebb2hl9", "banned_at_utc": null, "mod_reason_title": null, "gilded": 0, "archived": true, "no_follow": true, "author": "bubbachuck", "can_mod_post": false, "created_utc": 1544209343.0, "send_replies": true, "parent_id": "t1_ebafwep", "score": 2, "author_fullname": "t2_7oggf", "report_reasons": null, "approved_by": null, "all_awardings": [], "subreddit_id": "t5_2qhfi", "body": "> Are the two not equal (P(H_0) given data vs. P(data) given H_0) ? (I'm guessing not) \n\nAs a general rule, P(A|B) is not P(B|A), as you probably know just looking up Bayes rule, which is a general rule that I don't believe either frequentist or Bayesian has unique claim.\n\nAs I saw in a Bayesian inference lecture recently, given that you're holding a puppy, the probability of it being cute is NOT the same as given you're holding something cute, the probability of it being a puppy (could be a kitten, etc.).\n", "edited": false, "author_flair_css_class": null, "is_submitter": false, "downs": 0, "author_flair_richtext": [], "author_patreon_flair": false, "body_html": "<div class=\"md\"><blockquote>\n<p>Are the two not equal (P(H_0) given data vs. P(data) given H_0) ? (I&#39;m guessing not) </p>\n</blockquote>\n\n<p>As a general rule, P(A|B) is not P(B|A), as you probably know just looking up Bayes rule, which is a general rule that I don&#39;t believe either frequentist or Bayesian has unique claim.</p>\n\n<p>As I saw in a Bayesian inference lecture recently, given that you&#39;re holding a puppy, the probability of it being cute is NOT the same as given you&#39;re holding something cute, the probability of it being a puppy (could be a kitten, etc.).</p>\n</div>", "gildings": {}, "collapsed_reason": null, "associated_award": null, "stickied": false, "author_premium": false, "subreddit_type": "public", "can_gild": true, "subreddit": "statistics", "author_flair_text_color": null, "score_hidden": false, "permalink": "/r/statistics/comments/a4047a/why_use_hypothesis_testing/ebb2hl9/", "num_reports": null, "locked": false, "name": "t1_ebb2hl9", "created": 1544238143.0, "author_flair_text": null, "treatment_tags": [], "collapsed": false, "subreddit_name_prefixed": "r/statistics", "controversiality": 0, "depth": 2, "author_flair_background_color": null, "collapsed_because_crowd_control": null, "mod_reports": [], "mod_note": null, "distinguished": null, "_fetched": true}, {"_replies": ["ebbhnhp"], "_submission": "a4047a", "_reddit": "_reddit", "total_awards_received": 0, "approved_at_utc": null, "ups": 2, "awarders": [], "mod_reason_by": null, "banned_by": null, "author_flair_type": "text", "removal_reason": null, "link_id": "t3_a4047a", "author_flair_template_id": null, "likes": null, "user_reports": [], "saved": false, "id": "ebbebjo", "banned_at_utc": null, "mod_reason_title": null, "gilded": 0, "archived": true, "no_follow": true, "author": "relevantmeemayhere", "can_mod_post": false, "created_utc": 1544218818.0, "send_replies": true, "parent_id": "t1_ebb5wqk", "score": 2, "author_fullname": "t2_olwnun", "report_reasons": null, "approved_by": null, "all_awardings": [], "subreddit_id": "t5_2qhfi", "body": "graph theory is extremely present in statistics.\n\n&#x200B;\n\nAs a beginner-I would be very reserved in judgment towards subject matter experts", "edited": false, "author_flair_css_class": null, "is_submitter": false, "downs": 0, "author_flair_richtext": [], "author_patreon_flair": false, "body_html": "<div class=\"md\"><p>graph theory is extremely present in statistics.</p>\n\n<p>&#x200B;</p>\n\n<p>As a beginner-I would be very reserved in judgment towards subject matter experts</p>\n</div>", "gildings": {}, "collapsed_reason": null, "associated_award": null, "stickied": false, "author_premium": false, "subreddit_type": "public", "can_gild": true, "subreddit": "statistics", "author_flair_text_color": null, "score_hidden": false, "permalink": "/r/statistics/comments/a4047a/why_use_hypothesis_testing/ebbebjo/", "num_reports": null, "locked": false, "name": "t1_ebbebjo", "created": 1544247618.0, "author_flair_text": null, "treatment_tags": [], "collapsed": false, "subreddit_name_prefixed": "r/statistics", "controversiality": 0, "depth": 2, "author_flair_background_color": null, "collapsed_because_crowd_control": null, "mod_reports": [], "mod_note": null, "distinguished": null, "_fetched": true}, {"_replies": [], "_submission": "a4047a", "_reddit": "_reddit", "total_awards_received": 0, "approved_at_utc": null, "ups": 4, "awarders": [], "mod_reason_by": null, "banned_by": null, "author_flair_type": "text", "removal_reason": null, "link_id": "t3_a4047a", "author_flair_template_id": null, "likes": null, "user_reports": [], "saved": false, "id": "ebaj14b", "banned_at_utc": null, "mod_reason_title": null, "gilded": 0, "archived": true, "no_follow": false, "author": "LoopMoopNoop", "can_mod_post": false, "send_replies": true, "parent_id": "t1_ebaglb7", "score": 4, "author_fullname": "t2_x6gy1", "report_reasons": null, "approved_by": null, "all_awardings": [], "subreddit_id": "t5_2qhfi", "body": "Related silly example (with some discussion in comments), p-value is 4.76 x 10^(-264)\n\nhttps://andrewgelman.com/2018/12/02/p-value-4-76x10%e2%88%92264/", "edited": false, "downs": 0, "author_flair_css_class": null, "is_submitter": false, "collapsed": false, "author_flair_richtext": [], "author_patreon_flair": false, "body_html": "<div class=\"md\"><p>Related silly example (with some discussion in comments), p-value is 4.76 x 10<sup>-264</sup></p>\n\n<p><a href=\"https://andrewgelman.com/2018/12/02/p-value-4-76x10%e2%88%92264/\">https://andrewgelman.com/2018/12/02/p-value-4-76x10%e2%88%92264/</a></p>\n</div>", "gildings": {}, "collapsed_reason": null, "associated_award": null, "stickied": false, "author_premium": false, "subreddit_type": "public", "can_gild": true, "subreddit": "statistics", "author_flair_text_color": null, "score_hidden": false, "permalink": "/r/statistics/comments/a4047a/why_use_hypothesis_testing/ebaj14b/", "num_reports": null, "locked": false, "name": "t1_ebaj14b", "created": 1544223948.0, "author_flair_text": null, "treatment_tags": [], "created_utc": 1544195148.0, "subreddit_name_prefixed": "r/statistics", "controversiality": 0, "depth": 3, "author_flair_background_color": null, "collapsed_because_crowd_control": null, "mod_reports": [], "mod_note": null, "distinguished": null, "_fetched": true}, {"_replies": ["ebbj4in"], "_submission": "a4047a", "_reddit": "_reddit", "total_awards_received": 0, "approved_at_utc": null, "ups": 0, "awarders": [], "mod_reason_by": null, "banned_by": null, "author_flair_type": "text", "removal_reason": null, "link_id": "t3_a4047a", "author_flair_template_id": null, "likes": null, "user_reports": [], "saved": false, "id": "ebbhnhp", "banned_at_utc": null, "mod_reason_title": null, "gilded": 0, "archived": true, "no_follow": true, "author": "graciousgroob", "can_mod_post": false, "send_replies": true, "parent_id": "t1_ebbebjo", "score": 0, "author_fullname": "t2_7fg97", "report_reasons": null, "approved_by": null, "all_awardings": [], "subreddit_id": "t5_2qhfi", "body": "All I know is we don't discuss the history of the concepts at all.", "edited": false, "downs": 0, "author_flair_css_class": null, "is_submitter": true, "collapsed": false, "author_flair_richtext": [], "author_patreon_flair": false, "body_html": "<div class=\"md\"><p>All I know is we don&#39;t discuss the history of the concepts at all.</p>\n</div>", "gildings": {}, "collapsed_reason": null, "associated_award": null, "stickied": false, "author_premium": false, "subreddit_type": "public", "can_gild": true, "subreddit": "statistics", "author_flair_text_color": null, "score_hidden": false, "permalink": "/r/statistics/comments/a4047a/why_use_hypothesis_testing/ebbhnhp/", "num_reports": null, "locked": false, "name": "t1_ebbhnhp", "created": 1544250263.0, "author_flair_text": null, "treatment_tags": [], "created_utc": 1544221463.0, "subreddit_name_prefixed": "r/statistics", "controversiality": 0, "depth": 3, "author_flair_background_color": null, "collapsed_because_crowd_control": null, "mod_reports": [], "mod_note": null, "distinguished": null, "_fetched": true}, {"_replies": ["ebbm6fz"], "_submission": "a4047a", "_reddit": "_reddit", "total_awards_received": 0, "approved_at_utc": null, "ups": 1, "awarders": [], "mod_reason_by": null, "banned_by": null, "author_flair_type": "text", "removal_reason": null, "link_id": "t3_a4047a", "author_flair_template_id": null, "likes": null, "user_reports": [], "saved": false, "id": "ebbj4in", "banned_at_utc": null, "mod_reason_title": null, "gilded": 0, "archived": true, "no_follow": true, "author": "relevantmeemayhere", "can_mod_post": false, "send_replies": true, "parent_id": "t1_ebbhnhp", "score": 1, "author_fullname": "t2_olwnun", "report_reasons": null, "approved_by": null, "all_awardings": [], "subreddit_id": "t5_2qhfi", "collapsed": false, "body": "becoming familiar with the basic material at the introductory level is more useful than \"the history\".", "edited": false, "author_flair_css_class": null, "is_submitter": false, "downs": 0, "author_flair_richtext": [], "author_patreon_flair": false, "body_html": "<div class=\"md\"><p>becoming familiar with the basic material at the introductory level is more useful than &quot;the history&quot;.</p>\n</div>", "gildings": {}, "collapsed_reason": null, "associated_award": null, "stickied": false, "author_premium": false, "subreddit_type": "public", "can_gild": true, "subreddit": "statistics", "author_flair_text_color": null, "score_hidden": false, "permalink": "/r/statistics/comments/a4047a/why_use_hypothesis_testing/ebbj4in/", "num_reports": null, "locked": false, "name": "t1_ebbj4in", "created": 1544251432.0, "author_flair_text": null, "treatment_tags": [], "created_utc": 1544222632.0, "subreddit_name_prefixed": "r/statistics", "controversiality": 0, "depth": 4, "author_flair_background_color": null, "collapsed_because_crowd_control": null, "mod_reports": [], "mod_note": null, "distinguished": null, "_fetched": true}, {"_replies": [], "_submission": "a4047a", "_reddit": "_reddit", "total_awards_received": 0, "approved_at_utc": null, "ups": 1, "awarders": [], "mod_reason_by": null, "banned_by": null, "author_flair_type": "text", "removal_reason": null, "link_id": "t3_a4047a", "author_flair_template_id": null, "likes": null, "user_reports": [], "saved": false, "id": "ebbm6fz", "banned_at_utc": null, "mod_reason_title": null, "gilded": 0, "archived": true, "no_follow": true, "author": "graciousgroob", "can_mod_post": false, "created_utc": 1544225054.0, "send_replies": true, "parent_id": "t1_ebbj4in", "score": 1, "author_fullname": "t2_7fg97", "report_reasons": null, "approved_by": null, "all_awardings": [], "subreddit_id": "t5_2qhfi", "body": "Yeah I mean, given limited time and teaching resources I guess I'd have to agree, at least for short term test passing... not sure about retention. Then again, here I am a student in my class trying to fill in those gaps on my own so maybe that's the expectation.", "edited": false, "author_flair_css_class": null, "is_submitter": true, "downs": 0, "author_flair_richtext": [], "author_patreon_flair": false, "body_html": "<div class=\"md\"><p>Yeah I mean, given limited time and teaching resources I guess I&#39;d have to agree, at least for short term test passing... not sure about retention. Then again, here I am a student in my class trying to fill in those gaps on my own so maybe that&#39;s the expectation.</p>\n</div>", "gildings": {}, "collapsed_reason": null, "associated_award": null, "stickied": false, "author_premium": false, "subreddit_type": "public", "can_gild": true, "subreddit": "statistics", "author_flair_text_color": null, "score_hidden": false, "permalink": "/r/statistics/comments/a4047a/why_use_hypothesis_testing/ebbm6fz/", "num_reports": null, "locked": false, "name": "t1_ebbm6fz", "created": 1544253854.0, "author_flair_text": null, "treatment_tags": [], "collapsed": false, "subreddit_name_prefixed": "r/statistics", "controversiality": 0, "depth": 5, "author_flair_background_color": null, "collapsed_because_crowd_control": null, "mod_reports": [], "mod_note": null, "distinguished": null, "_fetched": true}]}