{"_reddit": "_reddit", "approved_at_utc": null, "subreddit": "statistics", "selftext": "Been practicing ggplot, thought someone here might think this is at least somewhat interesting (and it didn't really seem to be something for r/dataisbeautiful)\n\nLink: [https://imgur.com/a/ZQnK40X](https://imgur.com/a/ZQnK40X)\n\nData were simulated (pretty much arbitrarily) to make a somewhat interesting shape that still looked kinda linear. Everything was done with the ggplot2 and animation packages in R.\n\n**Edit (Source Code):**\n\nPlease let me know if you know a better way of doing something than I've done, I'm still learning!\n\nAlso, here is a link to the website where I learned about making gifs from ggplot if you want more examples: [https://rforpublichealth.blogspot.com/2014/12/animations-and-gifs-using-ggplot2.html](https://rforpublichealth.blogspot.com/2014/12/animations-and-gifs-using-ggplot2.html)\n\nIf you don't want sift through my code, the basic idea is to\n\n(1) create a function that'll print a ggplot plot and will change the plot based on the parameters of the function\n\n(2) create a function that'll return a list of ggplot plots by calling (1) with different inputs\n\n(3) call saveGIF from the animation package with (2)\n\n    # generate some random data...\n    # I just added stuff to get a spread I liked\n    set.seed(1234)\n    dat <- data.frame(x = x <- runif(50, 0,1),\n                      y = y <- c(3 * x[1:25] ^ (1/2) + rnorm(25, 0, 0.45), x[26:50] ^ (3) + rnorm(n = 25, 1, 0.45) ^ (2)))\n    dat <- dat[sample(nrow(dat)),]\n    \n    # preliminary plot to see what the data looks like\n    # plot(dat$x, dat$y)\n    \n    # find the complete model and influential points\n    model <- lm(y ~ x, data = dat)\n    # summary(influence.measures(model))\n    # summary(model)\n    influence_points <- sort(as.numeric(rownames(as.data.frame(summary(influence.measures(model))))))\n    \n    # find graph bounds to keep the images consistent\n    y_min <- min(dat$y)\n    y_max <- max(dat$y)\n    x_min <- min(dat$x)\n    x_max <- max(dat$x)\n    \n    # load ggplot\n    library(ggplot2)\n    \n    # function to generate ggplot based on the current index of interest in a dataframe\n    create_lin_reg_plot <- function(index) {\n      \n      # used to pause the gif once every point has been added\n      if (index > 50) {\n        index <- 50\n      }\n      \n      # color of the points: 0 - gray, 1 - black, 2 - red\n      col <- c(rep(1, times = index), rep(0, times = 50 - index))\n      \n      # include influential measures from full model\n      for (meas in influence_points) {\n        if (meas <= index) {\n          col[meas] <- 2\n        }\n      }\n      \n      # convert color into factor for ggplot \n      # should really put into the data frame\n      col <- factor(col)\n      \n      # adjust coloring based on what \n      if (index == 50) {\n        point_colors <- c('black', 'red')\n      } else {\n        point_colors <- c(\"grey\", \"black\", \"red\")\n      }\n      \n      # temporary model for data seen so far\n      # get its slope coefficient and sum sq. resid.\n      tmp_model <- lm(dat[1:index, ]$y ~ dat[1:index, ]$x)\n      coef <- round(tmp_model$coefficients[[2]], 2) \n      \n      if (index == 1) {\n        sse <- NA # no sse for single point\n      } else {\n        sse <- round(anova(tmp_model)$`Sum Sq`[[2]], 2)\n      }\n      \n      # generate the plot\n      # do whatever you want here\n      plt <- ggplot(data = dat, aes(x = x, y = y, color = col)) +\n        geom_point(size = 4) +\n        geom_smooth(data = dat[1:index, ], aes(x = x, y = y), color = 'red', method = 'lm', se =TRUE, formula = y ~ x, inherit.aes = FALSE) +\n        geom_segment(aes(x = dat[index, ]$x, y = dat[index, ]$y,xend = dat[index, ]$x, yend = predict(tmp_model, newdata = dat[1:index, ])[[index]]), color = 'black', linetype = 'dashed') +\n        scale_x_continuous(limits = c(x_min - .05, x_max + 0.05)) + # adjusted manually cause lazy\n        scale_y_continuous(limits = c(y_min - .50, y_max + 0.50)) +\n        scale_color_manual(values = point_colors) +\n        guides(color = FALSE) +\n        xlab(\"X\") +\n        ylab(\"Y\") +\n        ggtitle(\"Linear regression of Y onto X\") +\n        theme_grey() +\n        labs(caption = \"*Influential points shown in red\") +\n        theme(plot.caption = element_text(size=10, hjust = 0.95, face=\"italic\", color=\"black\")) +\n        annotate(\"text\", x = x_max - 0.05, y = y_max, label = paste0(\"Slope estimate: \", coef)) +\n        annotate(\"text\", x = x_max - 0.05, y = y_max - 0.25, label = paste0(\"Sum of squared error: \", sse))\n      \n      # add all residual segments if at the last point\n      if (index == 50) {\n        \n        plt <- plt +\n          geom_segment(aes(x = dat$x, y = dat$y, xend = dat$x, yend = predict(model, newdata = dat)), color = \"black\", linetype = 'dashed')\n        \n      }\n    \n      print(plt)\n      \n    }\n    \n    # generate multiple plots\n    # I add the 5 so that it freezes at the end\n    # indexes greater than 50 are handled by the create_lin_reg_plot function internally\n    animate_lin_reg <- function() {\n      \n      lapply(1:(nrow(dat) + 5), create_lin_reg_plot)\n      \n    }\n    \n    # load animation\n    library(animation)\n    \n    # save the gif\n    saveGIF(animate_lin_reg(), interval = .2, file = \"temp3.gif\", ani.width = 1200, ani.height = 600)", "author_fullname": "t2_ie3cy", "saved": false, "mod_reason_title": null, "gilded": 0, "clicked": false, "title": "Linear regression point by point visualization", "link_flair_richtext": [], "subreddit_name_prefixed": "r/statistics", "hidden": false, "pwls": 6, "link_flair_css_class": "", "downs": 0, "hide_score": false, "name": "t3_am8eji", "quarantine": false, "link_flair_text_color": "dark", "upvote_ratio": 0.98, "author_flair_background_color": null, "subreddit_type": "public", "ups": 68, "total_awards_received": 0, "media_embed": {}, "author_flair_template_id": null, "is_original_content": false, "user_reports": [], "secure_media": null, "is_reddit_media_domain": false, "is_meta": false, "category": null, "secure_media_embed": {}, "link_flair_text": "Software", "can_mod_post": false, "score": 68, "approved_by": null, "author_premium": false, "thumbnail": "", "edited": 1549075947.0, "author_flair_css_class": null, "author_flair_richtext": [], "gildings": {}, "content_categories": null, "is_self": true, "mod_note": null, "created": 1549093847.0, "link_flair_type": "text", "wls": 6, "removed_by_category": null, "banned_by": null, "author_flair_type": "text", "domain": "self.statistics", "allow_live_comments": true, "selftext_html": "<!-- SC_OFF --><div class=\"md\"><p>Been practicing ggplot, thought someone here might think this is at least somewhat interesting (and it didn&#39;t really seem to be something for <a href=\"/r/dataisbeautiful\">r/dataisbeautiful</a>)</p>\n\n<p>Link: <a href=\"https://imgur.com/a/ZQnK40X\">https://imgur.com/a/ZQnK40X</a></p>\n\n<p>Data were simulated (pretty much arbitrarily) to make a somewhat interesting shape that still looked kinda linear. Everything was done with the ggplot2 and animation packages in R.</p>\n\n<p><strong>Edit (Source Code):</strong></p>\n\n<p>Please let me know if you know a better way of doing something than I&#39;ve done, I&#39;m still learning!</p>\n\n<p>Also, here is a link to the website where I learned about making gifs from ggplot if you want more examples: <a href=\"https://rforpublichealth.blogspot.com/2014/12/animations-and-gifs-using-ggplot2.html\">https://rforpublichealth.blogspot.com/2014/12/animations-and-gifs-using-ggplot2.html</a></p>\n\n<p>If you don&#39;t want sift through my code, the basic idea is to</p>\n\n<p>(1) create a function that&#39;ll print a ggplot plot and will change the plot based on the parameters of the function</p>\n\n<p>(2) create a function that&#39;ll return a list of ggplot plots by calling (1) with different inputs</p>\n\n<p>(3) call saveGIF from the animation package with (2)</p>\n\n<pre><code># generate some random data...\n# I just added stuff to get a spread I liked\nset.seed(1234)\ndat &lt;- data.frame(x = x &lt;- runif(50, 0,1),\n                  y = y &lt;- c(3 * x[1:25] ^ (1/2) + rnorm(25, 0, 0.45), x[26:50] ^ (3) + rnorm(n = 25, 1, 0.45) ^ (2)))\ndat &lt;- dat[sample(nrow(dat)),]\n\n# preliminary plot to see what the data looks like\n# plot(dat$x, dat$y)\n\n# find the complete model and influential points\nmodel &lt;- lm(y ~ x, data = dat)\n# summary(influence.measures(model))\n# summary(model)\ninfluence_points &lt;- sort(as.numeric(rownames(as.data.frame(summary(influence.measures(model))))))\n\n# find graph bounds to keep the images consistent\ny_min &lt;- min(dat$y)\ny_max &lt;- max(dat$y)\nx_min &lt;- min(dat$x)\nx_max &lt;- max(dat$x)\n\n# load ggplot\nlibrary(ggplot2)\n\n# function to generate ggplot based on the current index of interest in a dataframe\ncreate_lin_reg_plot &lt;- function(index) {\n\n  # used to pause the gif once every point has been added\n  if (index &gt; 50) {\n    index &lt;- 50\n  }\n\n  # color of the points: 0 - gray, 1 - black, 2 - red\n  col &lt;- c(rep(1, times = index), rep(0, times = 50 - index))\n\n  # include influential measures from full model\n  for (meas in influence_points) {\n    if (meas &lt;= index) {\n      col[meas] &lt;- 2\n    }\n  }\n\n  # convert color into factor for ggplot \n  # should really put into the data frame\n  col &lt;- factor(col)\n\n  # adjust coloring based on what \n  if (index == 50) {\n    point_colors &lt;- c(&#39;black&#39;, &#39;red&#39;)\n  } else {\n    point_colors &lt;- c(&quot;grey&quot;, &quot;black&quot;, &quot;red&quot;)\n  }\n\n  # temporary model for data seen so far\n  # get its slope coefficient and sum sq. resid.\n  tmp_model &lt;- lm(dat[1:index, ]$y ~ dat[1:index, ]$x)\n  coef &lt;- round(tmp_model$coefficients[[2]], 2) \n\n  if (index == 1) {\n    sse &lt;- NA # no sse for single point\n  } else {\n    sse &lt;- round(anova(tmp_model)$`Sum Sq`[[2]], 2)\n  }\n\n  # generate the plot\n  # do whatever you want here\n  plt &lt;- ggplot(data = dat, aes(x = x, y = y, color = col)) +\n    geom_point(size = 4) +\n    geom_smooth(data = dat[1:index, ], aes(x = x, y = y), color = &#39;red&#39;, method = &#39;lm&#39;, se =TRUE, formula = y ~ x, inherit.aes = FALSE) +\n    geom_segment(aes(x = dat[index, ]$x, y = dat[index, ]$y,xend = dat[index, ]$x, yend = predict(tmp_model, newdata = dat[1:index, ])[[index]]), color = &#39;black&#39;, linetype = &#39;dashed&#39;) +\n    scale_x_continuous(limits = c(x_min - .05, x_max + 0.05)) + # adjusted manually cause lazy\n    scale_y_continuous(limits = c(y_min - .50, y_max + 0.50)) +\n    scale_color_manual(values = point_colors) +\n    guides(color = FALSE) +\n    xlab(&quot;X&quot;) +\n    ylab(&quot;Y&quot;) +\n    ggtitle(&quot;Linear regression of Y onto X&quot;) +\n    theme_grey() +\n    labs(caption = &quot;*Influential points shown in red&quot;) +\n    theme(plot.caption = element_text(size=10, hjust = 0.95, face=&quot;italic&quot;, color=&quot;black&quot;)) +\n    annotate(&quot;text&quot;, x = x_max - 0.05, y = y_max, label = paste0(&quot;Slope estimate: &quot;, coef)) +\n    annotate(&quot;text&quot;, x = x_max - 0.05, y = y_max - 0.25, label = paste0(&quot;Sum of squared error: &quot;, sse))\n\n  # add all residual segments if at the last point\n  if (index == 50) {\n\n    plt &lt;- plt +\n      geom_segment(aes(x = dat$x, y = dat$y, xend = dat$x, yend = predict(model, newdata = dat)), color = &quot;black&quot;, linetype = &#39;dashed&#39;)\n\n  }\n\n  print(plt)\n\n}\n\n# generate multiple plots\n# I add the 5 so that it freezes at the end\n# indexes greater than 50 are handled by the create_lin_reg_plot function internally\nanimate_lin_reg &lt;- function() {\n\n  lapply(1:(nrow(dat) + 5), create_lin_reg_plot)\n\n}\n\n# load animation\nlibrary(animation)\n\n# save the gif\nsaveGIF(animate_lin_reg(), interval = .2, file = &quot;temp3.gif&quot;, ani.width = 1200, ani.height = 600)\n</code></pre>\n</div><!-- SC_ON -->", "likes": null, "suggested_sort": null, "banned_at_utc": null, "view_count": null, "archived": true, "no_follow": false, "is_crosspostable": true, "pinned": false, "over_18": false, "all_awardings": [], "awarders": [], "media_only": false, "link_flair_template_id": "effadb52-35a0-11e7-a48d-0eadb7a13cd2", "can_gild": true, "spoiler": false, "locked": false, "author_flair_text": null, "treatment_tags": [], "visited": false, "removed_by": null, "num_reports": null, "distinguished": null, "subreddit_id": "t5_2qhfi", "mod_reason_by": null, "removal_reason": null, "link_flair_background_color": "", "id": "am8eji", "is_robot_indexable": true, "report_reasons": null, "author": "kamalakaze", "discussion_type": null, "num_comments": 13, "send_replies": true, "whitelist_status": "all_ads", "contest_mode": false, "mod_reports": [], "author_patreon_flair": false, "author_flair_text_color": null, "permalink": "/r/statistics/comments/am8eji/linear_regression_point_by_point_visualization/", "parent_whitelist_status": "all_ads", "stickied": false, "url": "https://www.reddit.com/r/statistics/comments/am8eji/linear_regression_point_by_point_visualization/", "subreddit_subscribers": 106209, "created_utc": 1549065047.0, "num_crossposts": 0, "media": null, "is_video": false, "_fetched": false, "comment_limit": 2048, "comment_sort": "best", "_comments_by_id": {}, "_comments": [{"_replies": ["efkg6a5"], "_submission": "am8eji", "_reddit": "_reddit", "total_awards_received": 0, "approved_at_utc": null, "ups": 7, "awarders": [], "mod_reason_by": null, "banned_by": null, "author_flair_type": "text", "removal_reason": null, "link_id": "t3_am8eji", "author_flair_template_id": null, "likes": null, "user_reports": [], "saved": false, "id": "efk9mzx", "banned_at_utc": null, "mod_reason_title": null, "gilded": 0, "archived": true, "no_follow": true, "author": "jaaechim", "can_mod_post": false, "send_replies": true, "parent_id": "t3_am8eji", "score": 7, "author_fullname": "t2_5ig0j", "report_reasons": null, "approved_by": null, "all_awardings": [], "subreddit_id": "t5_2qhfi", "body": "Looks nice! Post source code?", "edited": false, "downs": 0, "author_flair_css_class": null, "is_submitter": false, "collapsed": false, "author_flair_richtext": [], "author_patreon_flair": false, "body_html": "<div class=\"md\"><p>Looks nice! Post source code?</p>\n</div>", "gildings": {}, "collapsed_reason": null, "associated_award": null, "stickied": false, "author_premium": false, "subreddit_type": "public", "can_gild": true, "subreddit": "statistics", "author_flair_text_color": null, "score_hidden": false, "permalink": "/r/statistics/comments/am8eji/linear_regression_point_by_point_visualization/efk9mzx/", "num_reports": null, "locked": false, "name": "t1_efk9mzx", "created": 1549099022.0, "author_flair_text": null, "treatment_tags": [], "created_utc": 1549070222.0, "subreddit_name_prefixed": "r/statistics", "controversiality": 0, "depth": 0, "author_flair_background_color": null, "collapsed_because_crowd_control": null, "mod_reports": [], "mod_note": null, "distinguished": null, "_fetched": true}, {"_replies": ["efks5xc"], "_submission": "am8eji", "_reddit": "_reddit", "total_awards_received": 0, "approved_at_utc": null, "ups": 3, "awarders": [], "mod_reason_by": null, "banned_by": null, "author_flair_type": "text", "removal_reason": null, "link_id": "t3_am8eji", "author_flair_template_id": null, "likes": null, "user_reports": [], "saved": false, "id": "efkqgw1", "banned_at_utc": null, "mod_reason_title": null, "gilded": 0, "archived": true, "no_follow": true, "author": "asml84", "can_mod_post": false, "send_replies": true, "parent_id": "t3_am8eji", "score": 3, "author_fullname": "t2_1vhq7wk9", "report_reasons": null, "approved_by": null, "all_awardings": [], "subreddit_id": "t5_2qhfi", "body": "How did you compute the confidence interval?", "edited": false, "downs": 0, "author_flair_css_class": null, "is_submitter": false, "collapsed": false, "author_flair_richtext": [], "author_patreon_flair": false, "body_html": "<div class=\"md\"><p>How did you compute the confidence interval?</p>\n</div>", "gildings": {}, "collapsed_reason": null, "associated_award": null, "stickied": false, "author_premium": false, "subreddit_type": "public", "can_gild": true, "subreddit": "statistics", "author_flair_text_color": null, "score_hidden": false, "permalink": "/r/statistics/comments/am8eji/linear_regression_point_by_point_visualization/efkqgw1/", "num_reports": null, "locked": false, "name": "t1_efkqgw1", "created": 1549114918.0, "author_flair_text": null, "treatment_tags": [], "created_utc": 1549086118.0, "subreddit_name_prefixed": "r/statistics", "controversiality": 0, "depth": 0, "author_flair_background_color": null, "collapsed_because_crowd_control": null, "mod_reports": [], "mod_note": null, "distinguished": null, "_fetched": true}, {"_replies": [], "_submission": "am8eji", "_reddit": "_reddit", "total_awards_received": 0, "approved_at_utc": null, "ups": 2, "awarders": [], "mod_reason_by": null, "banned_by": null, "author_flair_type": "text", "removal_reason": null, "link_id": "t3_am8eji", "author_flair_template_id": null, "likes": null, "user_reports": [], "saved": false, "id": "efkqbyl", "banned_at_utc": null, "mod_reason_title": null, "gilded": 0, "archived": true, "no_follow": true, "author": "SquishyGoobers", "can_mod_post": false, "send_replies": true, "parent_id": "t3_am8eji", "score": 2, "author_fullname": "t2_1eak7l0k", "report_reasons": null, "approved_by": null, "all_awardings": [], "subreddit_id": "t5_2qhfi", "body": "Nice!  Thanks for sharing that!", "edited": false, "downs": 0, "author_flair_css_class": null, "is_submitter": false, "collapsed": false, "author_flair_richtext": [], "author_patreon_flair": false, "body_html": "<div class=\"md\"><p>Nice!  Thanks for sharing that!</p>\n</div>", "gildings": {}, "collapsed_reason": null, "associated_award": null, "stickied": false, "author_premium": false, "subreddit_type": "public", "can_gild": true, "subreddit": "statistics", "author_flair_text_color": null, "score_hidden": false, "permalink": "/r/statistics/comments/am8eji/linear_regression_point_by_point_visualization/efkqbyl/", "num_reports": null, "locked": false, "name": "t1_efkqbyl", "created": 1549114766.0, "author_flair_text": null, "treatment_tags": [], "created_utc": 1549085966.0, "subreddit_name_prefixed": "r/statistics", "controversiality": 0, "depth": 0, "author_flair_background_color": null, "collapsed_because_crowd_control": null, "mod_reports": [], "mod_note": null, "distinguished": null, "_fetched": true}, {"_replies": ["eflxfit"], "_submission": "am8eji", "_reddit": "_reddit", "total_awards_received": 0, "approved_at_utc": null, "ups": 1, "awarders": [], "mod_reason_by": null, "banned_by": null, "author_flair_type": "text", "removal_reason": null, "link_id": "t3_am8eji", "author_flair_template_id": null, "likes": null, "user_reports": [], "saved": false, "id": "eflpt5f", "banned_at_utc": null, "mod_reason_title": null, "gilded": 0, "archived": true, "no_follow": true, "author": "Statman12", "can_mod_post": false, "send_replies": true, "parent_id": "t3_am8eji", "score": 1, "author_fullname": "t2_ybijq", "report_reasons": null, "approved_by": null, "all_awardings": [], "subreddit_id": "t5_2qhfi", "body": "Neat animation!\n\nOne question: Why is one of the points plotted in red? I did CTRL+F to search for \u201cred\u201d but I didn\u2019t quite see the reason.", "edited": false, "downs": 0, "author_flair_css_class": null, "is_submitter": false, "collapsed": false, "author_flair_richtext": [], "author_patreon_flair": false, "body_html": "<div class=\"md\"><p>Neat animation!</p>\n\n<p>One question: Why is one of the points plotted in red? I did CTRL+F to search for \u201cred\u201d but I didn\u2019t quite see the reason.</p>\n</div>", "gildings": {}, "collapsed_reason": null, "associated_award": null, "stickied": false, "author_premium": false, "subreddit_type": "public", "can_gild": true, "subreddit": "statistics", "author_flair_text_color": null, "score_hidden": false, "permalink": "/r/statistics/comments/am8eji/linear_regression_point_by_point_visualization/eflpt5f/", "num_reports": null, "locked": false, "name": "t1_eflpt5f", "created": 1549158102.0, "author_flair_text": null, "treatment_tags": [], "created_utc": 1549129302.0, "subreddit_name_prefixed": "r/statistics", "controversiality": 0, "depth": 0, "author_flair_background_color": null, "collapsed_because_crowd_control": null, "mod_reports": [], "mod_note": null, "distinguished": null, "_fetched": true}, {"_replies": [], "_submission": "am8eji", "_reddit": "_reddit", "total_awards_received": 0, "approved_at_utc": null, "ups": 2, "awarders": [], "mod_reason_by": null, "banned_by": null, "author_flair_type": "text", "removal_reason": null, "link_id": "t3_am8eji", "author_flair_template_id": null, "likes": null, "user_reports": [], "saved": false, "id": "efkg6a5", "banned_at_utc": null, "mod_reason_title": null, "gilded": 0, "archived": true, "no_follow": true, "author": "kamalakaze", "can_mod_post": false, "send_replies": true, "parent_id": "t1_efk9mzx", "score": 2, "author_fullname": "t2_ie3cy", "report_reasons": null, "approved_by": null, "all_awardings": [], "subreddit_id": "t5_2qhfi", "collapsed": false, "body": "Thank you! Just updated with source code.", "edited": false, "author_flair_css_class": null, "is_submitter": true, "downs": 0, "author_flair_richtext": [], "author_patreon_flair": false, "body_html": "<div class=\"md\"><p>Thank you! Just updated with source code.</p>\n</div>", "gildings": {}, "collapsed_reason": null, "associated_award": null, "stickied": false, "author_premium": false, "subreddit_type": "public", "can_gild": true, "subreddit": "statistics", "author_flair_text_color": null, "score_hidden": false, "permalink": "/r/statistics/comments/am8eji/linear_regression_point_by_point_visualization/efkg6a5/", "num_reports": null, "locked": false, "name": "t1_efkg6a5", "created": 1549104784.0, "author_flair_text": null, "treatment_tags": [], "created_utc": 1549075984.0, "subreddit_name_prefixed": "r/statistics", "controversiality": 0, "depth": 1, "author_flair_background_color": null, "collapsed_because_crowd_control": null, "mod_reports": [], "mod_note": null, "distinguished": null, "_fetched": true}, {"_replies": ["efksihn"], "_submission": "am8eji", "_reddit": "_reddit", "total_awards_received": 0, "approved_at_utc": null, "ups": 2, "awarders": [], "mod_reason_by": null, "banned_by": null, "author_flair_type": "text", "removal_reason": null, "link_id": "t3_am8eji", "author_flair_template_id": null, "likes": null, "user_reports": [], "saved": false, "id": "efks5xc", "banned_at_utc": null, "mod_reason_title": null, "gilded": 0, "archived": true, "no_follow": true, "author": "kamalakaze", "can_mod_post": false, "send_replies": true, "parent_id": "t1_efkqgw1", "score": 2, "author_fullname": "t2_ie3cy", "report_reasons": null, "approved_by": null, "all_awardings": [], "subreddit_id": "t5_2qhfi", "collapsed": false, "body": "Ggplot automatically computes the confidence bands when it fits the model. By specifying \"se = TRUE\" in the \"geom\\_smooth\" call, the confidence bands are computed and attached to the plot.\n\n    geom_smooth(data = dat[1:index, ], aes(x = x, y = y), color = 'red', method = 'lm', se =TRUE, formula = y ~ x, inherit.aes = FALSE) +", "edited": false, "author_flair_css_class": null, "is_submitter": true, "downs": 0, "author_flair_richtext": [], "author_patreon_flair": false, "body_html": "<div class=\"md\"><p>Ggplot automatically computes the confidence bands when it fits the model. By specifying &quot;se = TRUE&quot; in the &quot;geom_smooth&quot; call, the confidence bands are computed and attached to the plot.</p>\n\n<pre><code>geom_smooth(data = dat[1:index, ], aes(x = x, y = y), color = &#39;red&#39;, method = &#39;lm&#39;, se =TRUE, formula = y ~ x, inherit.aes = FALSE) +\n</code></pre>\n</div>", "gildings": {}, "collapsed_reason": null, "associated_award": null, "stickied": false, "author_premium": false, "subreddit_type": "public", "can_gild": true, "subreddit": "statistics", "author_flair_text_color": null, "score_hidden": false, "permalink": "/r/statistics/comments/am8eji/linear_regression_point_by_point_visualization/efks5xc/", "num_reports": null, "locked": false, "name": "t1_efks5xc", "created": 1549116941.0, "author_flair_text": null, "treatment_tags": [], "created_utc": 1549088141.0, "subreddit_name_prefixed": "r/statistics", "controversiality": 0, "depth": 1, "author_flair_background_color": null, "collapsed_because_crowd_control": null, "mod_reports": [], "mod_note": null, "distinguished": null, "_fetched": true}, {"_replies": [], "_submission": "am8eji", "_reddit": "_reddit", "total_awards_received": 0, "approved_at_utc": null, "ups": 2, "awarders": [], "mod_reason_by": null, "banned_by": null, "author_flair_type": "text", "removal_reason": null, "link_id": "t3_am8eji", "author_flair_template_id": null, "likes": null, "user_reports": [], "saved": false, "id": "eflxfit", "banned_at_utc": null, "mod_reason_title": null, "gilded": 0, "archived": true, "no_follow": true, "author": "kamalakaze", "can_mod_post": false, "send_replies": true, "parent_id": "t1_eflpt5f", "score": 2, "author_fullname": "t2_ie3cy", "report_reasons": null, "approved_by": null, "all_awardings": [], "subreddit_id": "t5_2qhfi", "collapsed": false, "body": "Thank you! Points in red were considered to be influential points (either by covratio or dfbeta etc. -- I didn't pay a lot of attention to which).", "edited": false, "author_flair_css_class": null, "is_submitter": true, "downs": 0, "author_flair_richtext": [], "author_patreon_flair": false, "body_html": "<div class=\"md\"><p>Thank you! Points in red were considered to be influential points (either by covratio or dfbeta etc. -- I didn&#39;t pay a lot of attention to which).</p>\n</div>", "gildings": {}, "collapsed_reason": null, "associated_award": null, "stickied": false, "author_premium": false, "subreddit_type": "public", "can_gild": true, "subreddit": "statistics", "author_flair_text_color": null, "score_hidden": false, "permalink": "/r/statistics/comments/am8eji/linear_regression_point_by_point_visualization/eflxfit/", "num_reports": null, "locked": false, "name": "t1_eflxfit", "created": 1549164051.0, "author_flair_text": null, "treatment_tags": [], "created_utc": 1549135251.0, "subreddit_name_prefixed": "r/statistics", "controversiality": 0, "depth": 1, "author_flair_background_color": null, "collapsed_because_crowd_control": null, "mod_reports": [], "mod_note": null, "distinguished": null, "_fetched": true}, {"_replies": ["efkt9k8", "efl1g1r"], "_submission": "am8eji", "_reddit": "_reddit", "total_awards_received": 0, "approved_at_utc": null, "ups": 1, "awarders": [], "mod_reason_by": null, "banned_by": null, "author_flair_type": "text", "removal_reason": null, "link_id": "t3_am8eji", "author_flair_template_id": null, "likes": null, "user_reports": [], "saved": false, "id": "efksihn", "banned_at_utc": null, "mod_reason_title": null, "gilded": 0, "archived": true, "no_follow": true, "author": "asml84", "can_mod_post": false, "created_utc": 1549088589.0, "send_replies": true, "parent_id": "t1_efks5xc", "score": 1, "author_fullname": "t2_1vhq7wk9", "report_reasons": null, "approved_by": null, "all_awardings": [], "subreddit_id": "t5_2qhfi", "body": "Thanks! I\u2019m a little confused, because their width is location-dependent. Do you know how they are actually calculated?", "edited": false, "author_flair_css_class": null, "is_submitter": false, "downs": 0, "author_flair_richtext": [], "author_patreon_flair": false, "body_html": "<div class=\"md\"><p>Thanks! I\u2019m a little confused, because their width is location-dependent. Do you know how they are actually calculated?</p>\n</div>", "gildings": {}, "collapsed_reason": null, "associated_award": null, "stickied": false, "author_premium": false, "subreddit_type": "public", "can_gild": true, "subreddit": "statistics", "author_flair_text_color": null, "score_hidden": false, "permalink": "/r/statistics/comments/am8eji/linear_regression_point_by_point_visualization/efksihn/", "num_reports": null, "locked": false, "name": "t1_efksihn", "created": 1549117389.0, "author_flair_text": null, "treatment_tags": [], "collapsed": false, "subreddit_name_prefixed": "r/statistics", "controversiality": 0, "depth": 2, "author_flair_background_color": null, "collapsed_because_crowd_control": null, "mod_reports": [], "mod_note": null, "distinguished": null, "_fetched": true}, {"_replies": ["efkugor"], "_submission": "am8eji", "_reddit": "_reddit", "total_awards_received": 0, "approved_at_utc": null, "ups": 3, "awarders": [], "mod_reason_by": null, "banned_by": null, "author_flair_type": "text", "removal_reason": null, "link_id": "t3_am8eji", "author_flair_template_id": null, "likes": null, "user_reports": [], "saved": false, "id": "efkt9k8", "banned_at_utc": null, "mod_reason_title": null, "gilded": 0, "archived": true, "no_follow": true, "author": "kamalakaze", "can_mod_post": false, "send_replies": true, "parent_id": "t1_efksihn", "score": 3, "author_fullname": "t2_ie3cy", "report_reasons": null, "approved_by": null, "all_awardings": [], "subreddit_id": "t5_2qhfi", "body": "Yeah, its hard to type here so hopefully this picture works for you: [https://imgur.com/a/0lGG1vj](https://imgur.com/a/0lGG1vj)\n\nBasically, the reason it's hourglass shaped is because the width of the CI for mu or the model prediction (in the picture) is a function of the current point in consideration. So the interval is at a minimum when x0 is the mean of x and widens as |x0 - mean(x)| increases.", "edited": false, "downs": 0, "author_flair_css_class": null, "is_submitter": true, "collapsed": false, "author_flair_richtext": [], "author_patreon_flair": false, "body_html": "<div class=\"md\"><p>Yeah, its hard to type here so hopefully this picture works for you: <a href=\"https://imgur.com/a/0lGG1vj\">https://imgur.com/a/0lGG1vj</a></p>\n\n<p>Basically, the reason it&#39;s hourglass shaped is because the width of the CI for mu or the model prediction (in the picture) is a function of the current point in consideration. So the interval is at a minimum when x0 is the mean of x and widens as |x0 - mean(x)| increases.</p>\n</div>", "gildings": {}, "collapsed_reason": null, "associated_award": null, "stickied": false, "author_premium": false, "subreddit_type": "public", "can_gild": true, "subreddit": "statistics", "author_flair_text_color": null, "score_hidden": false, "permalink": "/r/statistics/comments/am8eji/linear_regression_point_by_point_visualization/efkt9k8/", "num_reports": null, "locked": false, "name": "t1_efkt9k8", "created": 1549118397.0, "author_flair_text": null, "treatment_tags": [], "created_utc": 1549089597.0, "subreddit_name_prefixed": "r/statistics", "controversiality": 0, "depth": 3, "author_flair_background_color": null, "collapsed_because_crowd_control": null, "mod_reports": [], "mod_note": null, "distinguished": null, "_fetched": true}, {"_replies": ["efl7oh4"], "_submission": "am8eji", "_reddit": "_reddit", "total_awards_received": 0, "approved_at_utc": null, "ups": 0, "awarders": [], "mod_reason_by": null, "banned_by": null, "author_flair_type": "text", "removal_reason": null, "link_id": "t3_am8eji", "author_flair_template_id": null, "likes": null, "user_reports": [], "saved": false, "id": "efl1g1r", "banned_at_utc": null, "mod_reason_title": null, "gilded": 0, "archived": true, "no_follow": true, "author": "StatsDog", "can_mod_post": false, "send_replies": true, "parent_id": "t1_efksihn", "score": 0, "author_fullname": "t2_p9bazw5", "report_reasons": null, "approved_by": null, "all_awardings": [], "subreddit_id": "t5_2qhfi", "body": "It's using LOESS (locally estimated scatterplot smoothing), which computes regression in small chunks. Because no assumption of the family of functions is required beforehand it is essentially non-parametric, at the expense of increased computation.\n\nIn effect, it's an extension of moving average and polynomial regression in clusters.", "edited": false, "downs": 0, "author_flair_css_class": null, "is_submitter": false, "collapsed": false, "author_flair_richtext": [], "author_patreon_flair": false, "body_html": "<div class=\"md\"><p>It&#39;s using LOESS (locally estimated scatterplot smoothing), which computes regression in small chunks. Because no assumption of the family of functions is required beforehand it is essentially non-parametric, at the expense of increased computation.</p>\n\n<p>In effect, it&#39;s an extension of moving average and polynomial regression in clusters.</p>\n</div>", "gildings": {}, "collapsed_reason": null, "associated_award": null, "stickied": false, "author_premium": false, "subreddit_type": "public", "can_gild": true, "subreddit": "statistics", "author_flair_text_color": null, "score_hidden": false, "permalink": "/r/statistics/comments/am8eji/linear_regression_point_by_point_visualization/efl1g1r/", "num_reports": null, "locked": false, "name": "t1_efl1g1r", "created": 1549132234.0, "author_flair_text": null, "treatment_tags": [], "created_utc": 1549103434.0, "subreddit_name_prefixed": "r/statistics", "controversiality": 0, "depth": 3, "author_flair_background_color": null, "collapsed_because_crowd_control": null, "mod_reports": [], "mod_note": null, "distinguished": null, "_fetched": true}, {"_replies": [], "_submission": "am8eji", "_reddit": "_reddit", "total_awards_received": 0, "approved_at_utc": null, "ups": 1, "awarders": [], "mod_reason_by": null, "banned_by": null, "author_flair_type": "text", "removal_reason": null, "link_id": "t3_am8eji", "author_flair_template_id": null, "likes": null, "user_reports": [], "saved": false, "id": "efkugor", "banned_at_utc": null, "mod_reason_title": null, "gilded": 0, "archived": true, "no_follow": true, "author": "asml84", "can_mod_post": false, "send_replies": true, "parent_id": "t1_efkt9k8", "score": 1, "author_fullname": "t2_1vhq7wk9", "report_reasons": null, "approved_by": null, "all_awardings": [], "subreddit_id": "t5_2qhfi", "collapsed": false, "body": "Yep, that makes sense! Thanks a lot!", "edited": false, "author_flair_css_class": null, "is_submitter": false, "downs": 0, "author_flair_richtext": [], "author_patreon_flair": false, "body_html": "<div class=\"md\"><p>Yep, that makes sense! Thanks a lot!</p>\n</div>", "gildings": {}, "collapsed_reason": null, "associated_award": null, "stickied": false, "author_premium": false, "subreddit_type": "public", "can_gild": true, "subreddit": "statistics", "author_flair_text_color": null, "score_hidden": false, "permalink": "/r/statistics/comments/am8eji/linear_regression_point_by_point_visualization/efkugor/", "num_reports": null, "locked": false, "name": "t1_efkugor", "created": 1549120089.0, "author_flair_text": null, "treatment_tags": [], "created_utc": 1549091289.0, "subreddit_name_prefixed": "r/statistics", "controversiality": 0, "depth": 4, "author_flair_background_color": null, "collapsed_because_crowd_control": null, "mod_reports": [], "mod_note": null, "distinguished": null, "_fetched": true}, {"_replies": ["efmd9a5"], "_submission": "am8eji", "_reddit": "_reddit", "total_awards_received": 0, "approved_at_utc": null, "ups": 2, "awarders": [], "mod_reason_by": null, "banned_by": null, "author_flair_type": "text", "removal_reason": null, "link_id": "t3_am8eji", "author_flair_template_id": null, "likes": null, "user_reports": [], "saved": false, "id": "efl7oh4", "banned_at_utc": null, "mod_reason_title": null, "gilded": 0, "archived": true, "no_follow": true, "author": "standard_error", "can_mod_post": false, "send_replies": true, "parent_id": "t1_efl1g1r", "score": 2, "author_fullname": "t2_3v3jo", "report_reasons": null, "approved_by": null, "all_awardings": [], "subreddit_id": "t5_2qhfi", "collapsed": false, "body": "Not in this case - OP is using a linear model.", "edited": false, "author_flair_css_class": null, "is_submitter": false, "downs": 0, "author_flair_richtext": [], "author_patreon_flair": false, "body_html": "<div class=\"md\"><p>Not in this case - OP is using a linear model.</p>\n</div>", "gildings": {}, "collapsed_reason": null, "associated_award": null, "stickied": false, "author_premium": false, "subreddit_type": "public", "can_gild": true, "subreddit": "statistics", "author_flair_text_color": null, "score_hidden": false, "permalink": "/r/statistics/comments/am8eji/linear_regression_point_by_point_visualization/efl7oh4/", "num_reports": null, "locked": false, "name": "t1_efl7oh4", "created": 1549141552.0, "author_flair_text": null, "treatment_tags": [], "created_utc": 1549112752.0, "subreddit_name_prefixed": "r/statistics", "controversiality": 0, "depth": 4, "author_flair_background_color": null, "collapsed_because_crowd_control": null, "mod_reports": [], "mod_note": null, "distinguished": null, "_fetched": true}, {"_replies": [], "_submission": "am8eji", "_reddit": "_reddit", "total_awards_received": 0, "approved_at_utc": null, "ups": 2, "awarders": [], "mod_reason_by": null, "banned_by": null, "author_flair_type": "text", "removal_reason": null, "link_id": "t3_am8eji", "author_flair_template_id": null, "likes": null, "user_reports": [], "saved": false, "id": "efmd9a5", "banned_at_utc": null, "mod_reason_title": null, "gilded": 0, "archived": true, "no_follow": true, "author": "StatsDog", "can_mod_post": false, "created_utc": 1549148222.0, "send_replies": true, "parent_id": "t1_efl7oh4", "score": 2, "author_fullname": "t2_p9bazw5", "report_reasons": null, "approved_by": null, "all_awardings": [], "subreddit_id": "t5_2qhfi", "body": "I never saw method = lm until I took a second look. Thanks for pointing that out!", "edited": false, "author_flair_css_class": null, "is_submitter": false, "downs": 0, "author_flair_richtext": [], "author_patreon_flair": false, "body_html": "<div class=\"md\"><p>I never saw method = lm until I took a second look. Thanks for pointing that out!</p>\n</div>", "gildings": {}, "collapsed_reason": null, "associated_award": null, "stickied": false, "author_premium": false, "subreddit_type": "public", "can_gild": true, "subreddit": "statistics", "author_flair_text_color": null, "score_hidden": false, "permalink": "/r/statistics/comments/am8eji/linear_regression_point_by_point_visualization/efmd9a5/", "num_reports": null, "locked": false, "name": "t1_efmd9a5", "created": 1549177022.0, "author_flair_text": null, "treatment_tags": [], "collapsed": false, "subreddit_name_prefixed": "r/statistics", "controversiality": 0, "depth": 5, "author_flair_background_color": null, "collapsed_because_crowd_control": null, "mod_reports": [], "mod_note": null, "distinguished": null, "_fetched": true}]}