{"_reddit": "_reddit", "approved_at_utc": null, "subreddit": "statistics", "selftext": "I just happened to come across a series of 47 (!) [hour-long videos](https://www.youtube.com/playlist?list=PL5B3KLQNAC5jT6yjV1199ji1zUy1YUp6P) for an graduate-level probability course by Bilkent University (in Turkey). As explained by the professor in the 1st lecture, it uses the measure-theoretic approach to introduce probability concepts. \n\nHere's the [link](https://stars.bilkent.edu.tr/syllabus/view/IE/523/20161?section=1) for the syllabus (also see the weekly schedule I quoted below), which uses Resnick's \"A Probability Path\" as one of the textbooks, and from which you can find more practice on the materials presented in the lectures.\n\nAs a data scientist and someone who wants to study statistics at the graduate level in the future, these videos are absolutely invaluable to me (as I'm not masochistic enough to read through a book on measure-theoretic probability). I find the prof's accent perfectly acceptable, and he seems quite engaging as a lecturer. \n\nI hope these videos will be useful for other folks who want to self-study advanced probability like myself. The [Youtube channel of the university](https://www.youtube.com/channel/UCrU4smtf9hhG7lkdqyDV48A) also features many other full-length courses in economics, psychology, physics, etc. They also maintain a [listing](http://video.bilkent.edu.tr/department_menu.php) of courses with accompanying videos, although perhaps not as up to date as with their Youtube channel. Thank you Bilkent University for your generosity!\n\n> **Weekly Syllabus**\n\n> What is probability theory about? Random experiments, sigma-algebras, measurable spaces, Borel sigma-algebra.\n> \n> Dynkin systems, pi systems, monotone class theorem for sets.\n> \n> Probability and measure spaces, properties of measures, constructing measures, Lebesgue measure.\n> \n> Random variables, measurable functions, generated sigma-algebras.\n> \n> Expectations, Lebesgue integrals, properties and limit theorems.\n> \n> Distributions of random variables, integral transformations, Laplace and Fourier transforms, Radon-Nikodym theorem.\n> \n> Discrete and continuous random variables, cumulative distribution function, special distributions, characterization of distributions.\n> \n> Product sigma-algebras, random vectors, transition kernels.\n> \n> Product measures, Fubini and Tonelli theorems.\n> \n> Independence, Gaussian vectors.\n> \n> L^p spaces, conditional expectations.\n> \n> Conditional probabilities, conditional distributions, conditional independence, infinite product spaces, construction of discrete-time stochastic processes.\n> \n> Modes of convergence.\n> \n> Laws of large numbers, central limit theorem.\n", "author_fullname": "t2_krk6q2t", "saved": false, "mod_reason_title": null, "gilded": 0, "clicked": false, "title": "Advanced/measure-theoretic probability video lectures", "link_flair_richtext": [], "subreddit_name_prefixed": "r/statistics", "hidden": false, "pwls": 6, "link_flair_css_class": "", "downs": 0, "hide_score": false, "name": "t3_ao2krr", "quarantine": false, "link_flair_text_color": "dark", "upvote_ratio": 0.98, "author_flair_background_color": null, "subreddit_type": "public", "ups": 81, "total_awards_received": 0, "media_embed": {}, "author_flair_template_id": null, "is_original_content": false, "user_reports": [], "secure_media": null, "is_reddit_media_domain": false, "is_meta": false, "category": null, "secure_media_embed": {}, "link_flair_text": "Research/Article", "can_mod_post": false, "score": 81, "approved_by": null, "author_premium": false, "thumbnail": "", "edited": false, "author_flair_css_class": null, "author_flair_richtext": [], "gildings": {}, "content_categories": null, "is_self": true, "mod_note": null, "created": 1549565709.0, "link_flair_type": "text", "wls": 6, "removed_by_category": null, "banned_by": null, "author_flair_type": "text", "domain": "self.statistics", "allow_live_comments": false, "selftext_html": "<!-- SC_OFF --><div class=\"md\"><p>I just happened to come across a series of 47 (!) <a href=\"https://www.youtube.com/playlist?list=PL5B3KLQNAC5jT6yjV1199ji1zUy1YUp6P\">hour-long videos</a> for an graduate-level probability course by Bilkent University (in Turkey). As explained by the professor in the 1st lecture, it uses the measure-theoretic approach to introduce probability concepts. </p>\n\n<p>Here&#39;s the <a href=\"https://stars.bilkent.edu.tr/syllabus/view/IE/523/20161?section=1\">link</a> for the syllabus (also see the weekly schedule I quoted below), which uses Resnick&#39;s &quot;A Probability Path&quot; as one of the textbooks, and from which you can find more practice on the materials presented in the lectures.</p>\n\n<p>As a data scientist and someone who wants to study statistics at the graduate level in the future, these videos are absolutely invaluable to me (as I&#39;m not masochistic enough to read through a book on measure-theoretic probability). I find the prof&#39;s accent perfectly acceptable, and he seems quite engaging as a lecturer. </p>\n\n<p>I hope these videos will be useful for other folks who want to self-study advanced probability like myself. The <a href=\"https://www.youtube.com/channel/UCrU4smtf9hhG7lkdqyDV48A\">Youtube channel of the university</a> also features many other full-length courses in economics, psychology, physics, etc. They also maintain a <a href=\"http://video.bilkent.edu.tr/department_menu.php\">listing</a> of courses with accompanying videos, although perhaps not as up to date as with their Youtube channel. Thank you Bilkent University for your generosity!</p>\n\n<blockquote>\n<p><strong>Weekly Syllabus</strong></p>\n\n<p>What is probability theory about? Random experiments, sigma-algebras, measurable spaces, Borel sigma-algebra.</p>\n\n<p>Dynkin systems, pi systems, monotone class theorem for sets.</p>\n\n<p>Probability and measure spaces, properties of measures, constructing measures, Lebesgue measure.</p>\n\n<p>Random variables, measurable functions, generated sigma-algebras.</p>\n\n<p>Expectations, Lebesgue integrals, properties and limit theorems.</p>\n\n<p>Distributions of random variables, integral transformations, Laplace and Fourier transforms, Radon-Nikodym theorem.</p>\n\n<p>Discrete and continuous random variables, cumulative distribution function, special distributions, characterization of distributions.</p>\n\n<p>Product sigma-algebras, random vectors, transition kernels.</p>\n\n<p>Product measures, Fubini and Tonelli theorems.</p>\n\n<p>Independence, Gaussian vectors.</p>\n\n<p>L<sup>p</sup> spaces, conditional expectations.</p>\n\n<p>Conditional probabilities, conditional distributions, conditional independence, infinite product spaces, construction of discrete-time stochastic processes.</p>\n\n<p>Modes of convergence.</p>\n\n<p>Laws of large numbers, central limit theorem.</p>\n</blockquote>\n</div><!-- SC_ON -->", "likes": null, "suggested_sort": null, "banned_at_utc": null, "view_count": null, "archived": true, "no_follow": false, "is_crosspostable": true, "pinned": false, "over_18": false, "all_awardings": [], "awarders": [], "media_only": false, "link_flair_template_id": "c8ffc5b2-35a0-11e7-b6e3-0e8b2a3501b8", "can_gild": true, "spoiler": false, "locked": false, "author_flair_text": null, "treatment_tags": [], "visited": false, "removed_by": null, "num_reports": null, "distinguished": null, "subreddit_id": "t5_2qhfi", "mod_reason_by": null, "removal_reason": null, "link_flair_background_color": "", "id": "ao2krr", "is_robot_indexable": true, "report_reasons": null, "author": "seismatica", "discussion_type": null, "num_comments": 9, "send_replies": true, "whitelist_status": "all_ads", "contest_mode": false, "mod_reports": [], "author_patreon_flair": false, "author_flair_text_color": null, "permalink": "/r/statistics/comments/ao2krr/advancedmeasuretheoretic_probability_video/", "parent_whitelist_status": "all_ads", "stickied": false, "url": "https://www.reddit.com/r/statistics/comments/ao2krr/advancedmeasuretheoretic_probability_video/", "subreddit_subscribers": 106209, "created_utc": 1549536909.0, "num_crossposts": 0, "media": null, "is_video": false, "_fetched": false, "comment_limit": 2048, "comment_sort": "best", "_comments_by_id": {}, "_comments": [{"_replies": ["efyaw5x", "efzkj6q"], "_submission": "ao2krr", "_reddit": "_reddit", "total_awards_received": 0, "approved_at_utc": null, "ups": 10, "awarders": [], "mod_reason_by": null, "banned_by": null, "author_flair_type": "text", "removal_reason": null, "link_id": "t3_ao2krr", "author_flair_template_id": null, "likes": null, "user_reports": [], "saved": false, "id": "efxupnh", "banned_at_utc": null, "mod_reason_title": null, "gilded": 0, "archived": true, "no_follow": false, "author": "seismatica", "can_mod_post": false, "send_replies": true, "parent_id": "t3_ao2krr", "score": 10, "author_fullname": "t2_krk6q2t", "report_reasons": null, "approved_by": null, "all_awardings": [], "subreddit_id": "t5_2qhfi", "body": "One alternative is this series of [video lectures](https://www.youtube.com/playlist?list=PLVhKOwOM3oudtpQG7jf6WrS1GqxTskXsP) from IIT Madras (India). One advantage of this series is the available subtitle and there are [PDF notes](http://www.ee.iitm.ac.in/~krishnaj/ee5110notes.htm) that accompany the lectures (as referenced in the course [syllabus](http://www.ee.iitm.ac.in/~krishnaj/EE5110.htm)). I fucking love universities that  open source their lectures!", "edited": 1549547466.0, "downs": 0, "author_flair_css_class": null, "is_submitter": true, "collapsed": false, "author_flair_richtext": [], "author_patreon_flair": false, "body_html": "<div class=\"md\"><p>One alternative is this series of <a href=\"https://www.youtube.com/playlist?list=PLVhKOwOM3oudtpQG7jf6WrS1GqxTskXsP\">video lectures</a> from IIT Madras (India). One advantage of this series is the available subtitle and there are <a href=\"http://www.ee.iitm.ac.in/%7Ekrishnaj/ee5110notes.htm\">PDF notes</a> that accompany the lectures (as referenced in the course <a href=\"http://www.ee.iitm.ac.in/%7Ekrishnaj/EE5110.htm\">syllabus</a>). I fucking love universities that  open source their lectures!</p>\n</div>", "gildings": {}, "collapsed_reason": null, "associated_award": null, "stickied": false, "author_premium": false, "subreddit_type": "public", "can_gild": true, "subreddit": "statistics", "author_flair_text_color": null, "score_hidden": false, "permalink": "/r/statistics/comments/ao2krr/advancedmeasuretheoretic_probability_video/efxupnh/", "num_reports": null, "locked": false, "name": "t1_efxupnh", "created": 1549572632.0, "author_flair_text": null, "treatment_tags": [], "created_utc": 1549543832.0, "subreddit_name_prefixed": "r/statistics", "controversiality": 0, "depth": 0, "author_flair_background_color": null, "collapsed_because_crowd_control": null, "mod_reports": [], "mod_note": null, "distinguished": null, "_fetched": true}, {"_replies": ["efxuumy"], "_submission": "ao2krr", "_reddit": "_reddit", "total_awards_received": 0, "approved_at_utc": null, "ups": 3, "awarders": [], "mod_reason_by": null, "banned_by": null, "author_flair_type": "text", "removal_reason": null, "link_id": "t3_ao2krr", "author_flair_template_id": null, "likes": null, "user_reports": [], "saved": false, "id": "efxsyyt", "banned_at_utc": null, "mod_reason_title": null, "gilded": 0, "archived": true, "no_follow": true, "author": "joshm44", "can_mod_post": false, "send_replies": true, "parent_id": "t3_ao2krr", "score": 3, "author_fullname": "t2_ydg1q", "report_reasons": null, "approved_by": null, "all_awardings": [], "subreddit_id": "t5_2qhfi", "body": "Nice find. Thanks for sharing!", "edited": false, "downs": 0, "author_flair_css_class": null, "is_submitter": false, "collapsed": false, "author_flair_richtext": [], "author_patreon_flair": false, "body_html": "<div class=\"md\"><p>Nice find. Thanks for sharing!</p>\n</div>", "gildings": {}, "collapsed_reason": null, "associated_award": null, "stickied": false, "author_premium": false, "subreddit_type": "public", "can_gild": true, "subreddit": "statistics", "author_flair_text_color": null, "score_hidden": false, "permalink": "/r/statistics/comments/ao2krr/advancedmeasuretheoretic_probability_video/efxsyyt/", "num_reports": null, "locked": false, "name": "t1_efxsyyt", "created": 1549570552.0, "author_flair_text": null, "treatment_tags": [], "created_utc": 1549541752.0, "subreddit_name_prefixed": "r/statistics", "controversiality": 0, "depth": 0, "author_flair_background_color": null, "collapsed_because_crowd_control": null, "mod_reports": [], "mod_note": null, "distinguished": null, "_fetched": true}, {"_replies": ["efxuu8m"], "_submission": "ao2krr", "_reddit": "_reddit", "total_awards_received": 0, "approved_at_utc": null, "ups": 3, "awarders": [], "mod_reason_by": null, "banned_by": null, "author_flair_type": "text", "removal_reason": null, "link_id": "t3_ao2krr", "author_flair_template_id": null, "likes": null, "user_reports": [], "saved": false, "id": "efxu068", "banned_at_utc": null, "mod_reason_title": null, "gilded": 0, "archived": true, "no_follow": true, "author": "jaromir39", "can_mod_post": false, "send_replies": true, "parent_id": "t3_ao2krr", "score": 3, "author_fullname": "t2_2bob8eob", "report_reasons": null, "approved_by": null, "all_awardings": [], "subreddit_id": "t5_2qhfi", "body": "They look great. There goes my productivity this week ...", "edited": false, "downs": 0, "author_flair_css_class": null, "is_submitter": false, "collapsed": false, "author_flair_richtext": [], "author_patreon_flair": false, "body_html": "<div class=\"md\"><p>They look great. There goes my productivity this week ...</p>\n</div>", "gildings": {}, "collapsed_reason": null, "associated_award": null, "stickied": false, "author_premium": false, "subreddit_type": "public", "can_gild": true, "subreddit": "statistics", "author_flair_text_color": null, "score_hidden": false, "permalink": "/r/statistics/comments/ao2krr/advancedmeasuretheoretic_probability_video/efxu068/", "num_reports": null, "locked": false, "name": "t1_efxu068", "created": 1549571822.0, "author_flair_text": null, "treatment_tags": [], "created_utc": 1549543022.0, "subreddit_name_prefixed": "r/statistics", "controversiality": 0, "depth": 0, "author_flair_background_color": null, "collapsed_because_crowd_control": null, "mod_reports": [], "mod_note": null, "distinguished": null, "_fetched": true}, {"_replies": [], "_submission": "ao2krr", "_reddit": "_reddit", "total_awards_received": 0, "approved_at_utc": null, "ups": 3, "awarders": [], "mod_reason_by": null, "banned_by": null, "author_flair_type": "text", "removal_reason": null, "link_id": "t3_ao2krr", "author_flair_template_id": null, "likes": null, "user_reports": [], "saved": false, "id": "efxuzuo", "banned_at_utc": null, "mod_reason_title": null, "gilded": 0, "archived": true, "no_follow": true, "author": "Greenlock79", "can_mod_post": false, "send_replies": true, "parent_id": "t3_ao2krr", "score": 3, "author_fullname": "t2_pkwwx", "report_reasons": null, "approved_by": null, "all_awardings": [], "subreddit_id": "t5_2qhfi", "body": "Awesome find. Saved for later. ", "edited": false, "downs": 0, "author_flair_css_class": null, "is_submitter": false, "collapsed": false, "author_flair_richtext": [], "author_patreon_flair": false, "body_html": "<div class=\"md\"><p>Awesome find. Saved for later. </p>\n</div>", "gildings": {}, "collapsed_reason": null, "associated_award": null, "stickied": false, "author_premium": false, "subreddit_type": "public", "can_gild": true, "subreddit": "statistics", "author_flair_text_color": null, "score_hidden": false, "permalink": "/r/statistics/comments/ao2krr/advancedmeasuretheoretic_probability_video/efxuzuo/", "num_reports": null, "locked": false, "name": "t1_efxuzuo", "created": 1549572948.0, "author_flair_text": null, "treatment_tags": [], "created_utc": 1549544148.0, "subreddit_name_prefixed": "r/statistics", "controversiality": 0, "depth": 0, "author_flair_background_color": null, "collapsed_because_crowd_control": null, "mod_reports": [], "mod_note": null, "distinguished": null, "_fetched": true}, {"_replies": [], "_submission": "ao2krr", "_reddit": "_reddit", "total_awards_received": 0, "approved_at_utc": null, "ups": 3, "awarders": [], "mod_reason_by": null, "banned_by": null, "author_flair_type": "text", "removal_reason": null, "link_id": "t3_ao2krr", "author_flair_template_id": null, "likes": null, "user_reports": [], "saved": false, "id": "efyaw5x", "banned_at_utc": null, "mod_reason_title": null, "gilded": 0, "archived": true, "no_follow": true, "author": "NicolasGuacamole", "can_mod_post": false, "send_replies": true, "parent_id": "t1_efxupnh", "score": 3, "author_fullname": "t2_cyzs2", "report_reasons": null, "approved_by": null, "all_awardings": [], "subreddit_id": "t5_2qhfi", "collapsed": false, "body": "Yeah universities sharing their lecture videos is wonderful. Really pleased when that happens.", "edited": false, "author_flair_css_class": null, "is_submitter": false, "downs": 0, "author_flair_richtext": [], "author_patreon_flair": false, "body_html": "<div class=\"md\"><p>Yeah universities sharing their lecture videos is wonderful. Really pleased when that happens.</p>\n</div>", "gildings": {}, "collapsed_reason": null, "associated_award": null, "stickied": false, "author_premium": false, "subreddit_type": "public", "can_gild": true, "subreddit": "statistics", "author_flair_text_color": null, "score_hidden": false, "permalink": "/r/statistics/comments/ao2krr/advancedmeasuretheoretic_probability_video/efyaw5x/", "num_reports": null, "locked": false, "name": "t1_efyaw5x", "created": 1549585953.0, "author_flair_text": null, "treatment_tags": [], "created_utc": 1549557153.0, "subreddit_name_prefixed": "r/statistics", "controversiality": 0, "depth": 1, "author_flair_background_color": null, "collapsed_because_crowd_control": null, "mod_reports": [], "mod_note": null, "distinguished": null, "_fetched": true}, {"_replies": [], "_submission": "ao2krr", "_reddit": "_reddit", "total_awards_received": 0, "approved_at_utc": null, "ups": 1, "awarders": [], "mod_reason_by": null, "banned_by": null, "author_flair_type": "text", "removal_reason": null, "link_id": "t3_ao2krr", "author_flair_template_id": null, "likes": null, "user_reports": [], "saved": false, "id": "efzkj6q", "banned_at_utc": null, "mod_reason_title": null, "gilded": 0, "archived": true, "no_follow": true, "author": "jhanschoo", "can_mod_post": false, "send_replies": true, "parent_id": "t1_efxupnh", "score": 1, "author_fullname": "t2_15lv0d", "report_reasons": null, "approved_by": null, "all_awardings": [], "subreddit_id": "t5_2qhfi", "collapsed": false, "body": "Nitpick: this isn't open sourcing; this is freely distributing.", "edited": false, "author_flair_css_class": null, "is_submitter": false, "downs": 0, "author_flair_richtext": [], "author_patreon_flair": false, "body_html": "<div class=\"md\"><p>Nitpick: this isn&#39;t open sourcing; this is freely distributing.</p>\n</div>", "gildings": {}, "collapsed_reason": null, "associated_award": null, "stickied": false, "author_premium": false, "subreddit_type": "public", "can_gild": true, "subreddit": "statistics", "author_flair_text_color": null, "score_hidden": false, "permalink": "/r/statistics/comments/ao2krr/advancedmeasuretheoretic_probability_video/efzkj6q/", "num_reports": null, "locked": false, "name": "t1_efzkj6q", "created": 1549617779.0, "author_flair_text": null, "treatment_tags": [], "created_utc": 1549588979.0, "subreddit_name_prefixed": "r/statistics", "controversiality": 0, "depth": 1, "author_flair_background_color": null, "collapsed_because_crowd_control": null, "mod_reports": [], "mod_note": null, "distinguished": null, "_fetched": true}, {"_replies": [], "_submission": "ao2krr", "_reddit": "_reddit", "total_awards_received": 0, "approved_at_utc": null, "ups": 3, "awarders": [], "mod_reason_by": null, "banned_by": null, "author_flair_type": "text", "removal_reason": null, "link_id": "t3_ao2krr", "author_flair_template_id": null, "likes": null, "user_reports": [], "saved": false, "id": "efxuumy", "banned_at_utc": null, "mod_reason_title": null, "gilded": 0, "archived": true, "no_follow": true, "author": "seismatica", "can_mod_post": false, "send_replies": true, "parent_id": "t1_efxsyyt", "score": 3, "author_fullname": "t2_krk6q2t", "report_reasons": null, "approved_by": null, "all_awardings": [], "subreddit_id": "t5_2qhfi", "collapsed": false, "body": "You're welcome!", "edited": false, "author_flair_css_class": null, "is_submitter": true, "downs": 0, "author_flair_richtext": [], "author_patreon_flair": false, "body_html": "<div class=\"md\"><p>You&#39;re welcome!</p>\n</div>", "gildings": {}, "collapsed_reason": null, "associated_award": null, "stickied": false, "author_premium": false, "subreddit_type": "public", "can_gild": true, "subreddit": "statistics", "author_flair_text_color": null, "score_hidden": false, "permalink": "/r/statistics/comments/ao2krr/advancedmeasuretheoretic_probability_video/efxuumy/", "num_reports": null, "locked": false, "name": "t1_efxuumy", "created": 1549572785.0, "author_flair_text": null, "treatment_tags": [], "created_utc": 1549543985.0, "subreddit_name_prefixed": "r/statistics", "controversiality": 0, "depth": 1, "author_flair_background_color": null, "collapsed_because_crowd_control": null, "mod_reports": [], "mod_note": null, "distinguished": null, "_fetched": true}, {"_replies": [], "_submission": "ao2krr", "_reddit": "_reddit", "total_awards_received": 0, "approved_at_utc": null, "ups": 3, "awarders": [], "mod_reason_by": null, "banned_by": null, "author_flair_type": "text", "removal_reason": null, "link_id": "t3_ao2krr", "author_flair_template_id": null, "likes": null, "user_reports": [], "saved": false, "id": "efxuu8m", "banned_at_utc": null, "mod_reason_title": null, "gilded": 0, "archived": true, "no_follow": true, "author": "seismatica", "can_mod_post": false, "send_replies": true, "parent_id": "t1_efxu068", "score": 3, "author_fullname": "t2_krk6q2t", "report_reasons": null, "approved_by": null, "all_awardings": [], "subreddit_id": "t5_2qhfi", "collapsed": false, "body": "Haha I feel ya. Oftentimes I wish I have more time in a day to study all this stuff.", "edited": 1549548467.0, "author_flair_css_class": null, "is_submitter": true, "downs": 0, "author_flair_richtext": [], "author_patreon_flair": false, "body_html": "<div class=\"md\"><p>Haha I feel ya. Oftentimes I wish I have more time in a day to study all this stuff.</p>\n</div>", "gildings": {}, "collapsed_reason": null, "associated_award": null, "stickied": false, "author_premium": false, "subreddit_type": "public", "can_gild": true, "subreddit": "statistics", "author_flair_text_color": null, "score_hidden": false, "permalink": "/r/statistics/comments/ao2krr/advancedmeasuretheoretic_probability_video/efxuu8m/", "num_reports": null, "locked": false, "name": "t1_efxuu8m", "created": 1549572772.0, "author_flair_text": null, "treatment_tags": [], "created_utc": 1549543972.0, "subreddit_name_prefixed": "r/statistics", "controversiality": 0, "depth": 1, "author_flair_background_color": null, "collapsed_because_crowd_control": null, "mod_reports": [], "mod_note": null, "distinguished": null, "_fetched": true}]}