{"_reddit": "_reddit", "approved_at_utc": null, "subreddit": "statistics", "selftext": "I'm currently an undergrad looking to add on Statistics as a double major. All of the statistics courses I've taken so far throughout high-school and my first two years of college have mainly dealt with hypothesis testing and basic applied statistics. I'm looking to go beyond the basics and dive into higher level topics. I would greatly appreciate if someone could recommend a few books as a starting point. Thanks!", "author_fullname": "t2_wnc38lw", "saved": false, "mod_reason_title": null, "gilded": 0, "clicked": false, "title": "What are some good books on statistical theory and advanced applied statistics?", "link_flair_richtext": [], "subreddit_name_prefixed": "r/statistics", "hidden": false, "pwls": 6, "link_flair_css_class": "", "downs": 0, "hide_score": false, "name": "t3_bo25du", "quarantine": false, "link_flair_text_color": "dark", "upvote_ratio": 0.91, "author_flair_background_color": null, "subreddit_type": "public", "ups": 35, "total_awards_received": 0, "media_embed": {}, "author_flair_template_id": null, "is_original_content": false, "user_reports": [], "secure_media": null, "is_reddit_media_domain": false, "is_meta": false, "category": null, "secure_media_embed": {}, "link_flair_text": "Statistics Question", "can_mod_post": false, "score": 35, "approved_by": null, "author_premium": false, "thumbnail": "", "edited": false, "author_flair_css_class": null, "author_flair_richtext": [], "gildings": {}, "content_categories": null, "is_self": true, "mod_note": null, "created": 1557774948.0, "link_flair_type": "text", "wls": 6, "removed_by_category": null, "banned_by": null, "author_flair_type": "text", "domain": "self.statistics", "allow_live_comments": false, "selftext_html": "<!-- SC_OFF --><div class=\"md\"><p>I&#39;m currently an undergrad looking to add on Statistics as a double major. All of the statistics courses I&#39;ve taken so far throughout high-school and my first two years of college have mainly dealt with hypothesis testing and basic applied statistics. I&#39;m looking to go beyond the basics and dive into higher level topics. I would greatly appreciate if someone could recommend a few books as a starting point. Thanks!</p>\n</div><!-- SC_ON -->", "likes": null, "suggested_sort": null, "banned_at_utc": null, "view_count": null, "archived": true, "no_follow": false, "is_crosspostable": true, "pinned": false, "over_18": false, "all_awardings": [], "awarders": [], "media_only": false, "link_flair_template_id": "ec7c22b0-35a0-11e7-b094-0e5818e9cb36", "can_gild": true, "spoiler": false, "locked": false, "author_flair_text": null, "treatment_tags": [], "visited": false, "removed_by": null, "num_reports": null, "distinguished": null, "subreddit_id": "t5_2qhfi", "mod_reason_by": null, "removal_reason": null, "link_flair_background_color": "", "id": "bo25du", "is_robot_indexable": true, "report_reasons": null, "author": "EaterOfGoldfish", "discussion_type": null, "num_comments": 23, "send_replies": true, "whitelist_status": "all_ads", "contest_mode": false, "mod_reports": [], "author_patreon_flair": false, "author_flair_text_color": null, "permalink": "/r/statistics/comments/bo25du/what_are_some_good_books_on_statistical_theory/", "parent_whitelist_status": "all_ads", "stickied": false, "url": "https://www.reddit.com/r/statistics/comments/bo25du/what_are_some_good_books_on_statistical_theory/", "subreddit_subscribers": 106209, "created_utc": 1557746148.0, "num_crossposts": 0, "media": null, "is_video": false, "_fetched": false, "comment_limit": 2048, "comment_sort": "best", "_comments_by_id": {}, "_comments": [{"_replies": ["encg4ts", "ene04co", "encfu41"], "_submission": "bo25du", "_reddit": "_reddit", "total_awards_received": 0, "approved_at_utc": null, "ups": 34, "awarders": [], "mod_reason_by": null, "banned_by": null, "author_flair_type": "text", "removal_reason": null, "link_id": "t3_bo25du", "author_flair_template_id": null, "likes": null, "user_reports": [], "saved": false, "id": "enbin66", "banned_at_utc": null, "mod_reason_title": null, "gilded": 0, "archived": true, "no_follow": false, "author": "shitstorm-kurwa", "can_mod_post": false, "send_replies": true, "parent_id": "t3_bo25du", "score": 34, "author_fullname": "t2_10d6el83", "report_reasons": null, "approved_by": null, "all_awardings": [], "subreddit_id": "t5_2qhfi", "body": "Statistical Rethinking by Richard McElreath is a masterpiece and will bring you on another level!", "edited": false, "downs": 0, "author_flair_css_class": null, "is_submitter": false, "collapsed": false, "author_flair_richtext": [], "author_patreon_flair": false, "body_html": "<div class=\"md\"><p>Statistical Rethinking by Richard McElreath is a masterpiece and will bring you on another level!</p>\n</div>", "gildings": {}, "collapsed_reason": null, "associated_award": null, "stickied": false, "author_premium": false, "subreddit_type": "public", "can_gild": true, "subreddit": "statistics", "author_flair_text_color": null, "score_hidden": false, "permalink": "/r/statistics/comments/bo25du/what_are_some_good_books_on_statistical_theory/enbin66/", "num_reports": null, "locked": false, "name": "t1_enbin66", "created": 1557777100.0, "author_flair_text": null, "treatment_tags": [], "created_utc": 1557748300.0, "subreddit_name_prefixed": "r/statistics", "controversiality": 0, "depth": 0, "author_flair_background_color": null, "collapsed_because_crowd_control": null, "mod_reports": [], "mod_note": null, "distinguished": null, "_fetched": true}, {"_replies": ["enf1mgk"], "_submission": "bo25du", "_reddit": "_reddit", "total_awards_received": 0, "approved_at_utc": null, "ups": 11, "awarders": [], "mod_reason_by": null, "banned_by": null, "author_flair_type": "text", "removal_reason": null, "link_id": "t3_bo25du", "author_flair_template_id": null, "likes": null, "user_reports": [], "saved": false, "id": "enbjpyy", "banned_at_utc": null, "mod_reason_title": null, "gilded": 0, "archived": true, "no_follow": false, "author": "mryagerr", "can_mod_post": false, "send_replies": true, "parent_id": "t3_bo25du", "score": 11, "author_fullname": "t2_t9wh8", "report_reasons": null, "approved_by": null, "all_awardings": [], "subreddit_id": "t5_2qhfi", "body": "Statistical Inference\n\nBook by George Casella and Roger Lee Berger\n\nThe Grammar of Graphics\n\nBook by Leland Wilkinson", "edited": false, "downs": 0, "author_flair_css_class": null, "is_submitter": false, "collapsed": false, "author_flair_richtext": [], "author_patreon_flair": false, "body_html": "<div class=\"md\"><p>Statistical Inference</p>\n\n<p>Book by George Casella and Roger Lee Berger</p>\n\n<p>The Grammar of Graphics</p>\n\n<p>Book by Leland Wilkinson</p>\n</div>", "gildings": {}, "collapsed_reason": null, "associated_award": null, "stickied": false, "author_premium": false, "subreddit_type": "public", "can_gild": true, "subreddit": "statistics", "author_flair_text_color": null, "score_hidden": false, "permalink": "/r/statistics/comments/bo25du/what_are_some_good_books_on_statistical_theory/enbjpyy/", "num_reports": null, "locked": false, "name": "t1_enbjpyy", "created": 1557777819.0, "author_flair_text": null, "treatment_tags": [], "created_utc": 1557749019.0, "subreddit_name_prefixed": "r/statistics", "controversiality": 0, "depth": 0, "author_flair_background_color": null, "collapsed_because_crowd_control": null, "mod_reports": [], "mod_note": null, "distinguished": null, "_fetched": true}, {"_replies": [], "_submission": "bo25du", "_reddit": "_reddit", "total_awards_received": 0, "approved_at_utc": null, "ups": 4, "awarders": [], "mod_reason_by": null, "banned_by": null, "author_flair_type": "text", "removal_reason": null, "link_id": "t3_bo25du", "author_flair_template_id": null, "likes": null, "user_reports": [], "saved": false, "id": "encjv21", "banned_at_utc": null, "mod_reason_title": null, "gilded": 0, "archived": true, "no_follow": false, "author": "Bayequentist", "can_mod_post": false, "send_replies": true, "parent_id": "t3_bo25du", "score": 4, "author_fullname": "t2_3bgm2wkz", "report_reasons": null, "approved_by": null, "all_awardings": [], "subreddit_id": "t5_2qhfi", "body": "Most theory books recommended in this post are very nonstandard. What you should read for the theory is Wackerly et. al. at undergrad level, and Casella & Berger at graduate level.\n\nFor applied stats, read [Computer Age Statistical Inference](https://web.stanford.edu/~hastie/CASI/).", "edited": false, "downs": 0, "author_flair_css_class": null, "is_submitter": false, "collapsed": false, "author_flair_richtext": [], "author_patreon_flair": false, "body_html": "<div class=\"md\"><p>Most theory books recommended in this post are very nonstandard. What you should read for the theory is Wackerly et. al. at undergrad level, and Casella &amp; Berger at graduate level.</p>\n\n<p>For applied stats, read <a href=\"https://web.stanford.edu/%7Ehastie/CASI/\">Computer Age Statistical Inference</a>.</p>\n</div>", "gildings": {}, "collapsed_reason": null, "associated_award": null, "stickied": false, "author_premium": false, "subreddit_type": "public", "can_gild": true, "subreddit": "statistics", "author_flair_text_color": null, "score_hidden": false, "permalink": "/r/statistics/comments/bo25du/what_are_some_good_books_on_statistical_theory/encjv21/", "num_reports": null, "locked": false, "name": "t1_encjv21", "created": 1557796893.0, "author_flair_text": null, "treatment_tags": [], "created_utc": 1557768093.0, "subreddit_name_prefixed": "r/statistics", "controversiality": 0, "depth": 0, "author_flair_background_color": null, "collapsed_because_crowd_control": null, "mod_reports": [], "mod_note": null, "distinguished": null, "_fetched": true}, {"_replies": [], "_submission": "bo25du", "_reddit": "_reddit", "total_awards_received": 0, "approved_at_utc": null, "ups": 3, "awarders": [], "mod_reason_by": null, "banned_by": null, "author_flair_type": "text", "removal_reason": null, "link_id": "t3_bo25du", "author_flair_template_id": null, "likes": null, "user_reports": [], "saved": false, "id": "enbosm4", "banned_at_utc": null, "mod_reason_title": null, "gilded": 0, "archived": true, "no_follow": true, "author": "Patiiii", "can_mod_post": false, "send_replies": true, "parent_id": "t3_bo25du", "score": 3, "author_fullname": "t2_l22g4", "report_reasons": null, "approved_by": null, "all_awardings": [], "subreddit_id": "t5_2qhfi", "body": "All of statistics by wasserman is a classic, easier than casella and berger, but might still be too difficult.", "edited": false, "downs": 0, "author_flair_css_class": null, "is_submitter": false, "collapsed": false, "author_flair_richtext": [], "author_patreon_flair": false, "body_html": "<div class=\"md\"><p>All of statistics by wasserman is a classic, easier than casella and berger, but might still be too difficult.</p>\n</div>", "gildings": {}, "collapsed_reason": null, "associated_award": null, "stickied": false, "author_premium": false, "subreddit_type": "public", "can_gild": true, "subreddit": "statistics", "author_flair_text_color": null, "score_hidden": false, "permalink": "/r/statistics/comments/bo25du/what_are_some_good_books_on_statistical_theory/enbosm4/", "num_reports": null, "locked": false, "name": "t1_enbosm4", "created": 1557780919.0, "author_flair_text": null, "treatment_tags": [], "created_utc": 1557752119.0, "subreddit_name_prefixed": "r/statistics", "controversiality": 0, "depth": 0, "author_flair_background_color": null, "collapsed_because_crowd_control": null, "mod_reports": [], "mod_note": null, "distinguished": null, "_fetched": true}, {"_replies": [], "_submission": "bo25du", "_reddit": "_reddit", "total_awards_received": 0, "approved_at_utc": null, "ups": 1, "awarders": [], "mod_reason_by": null, "banned_by": null, "author_flair_type": "text", "removal_reason": null, "link_id": "t3_bo25du", "author_flair_template_id": null, "likes": null, "user_reports": [], "saved": false, "id": "enc8o4t", "banned_at_utc": null, "mod_reason_title": null, "gilded": 0, "archived": true, "no_follow": true, "author": "hcapatto1", "can_mod_post": false, "send_replies": true, "parent_id": "t3_bo25du", "score": 1, "author_fullname": "t2_lfyhrgb", "report_reasons": null, "approved_by": null, "all_awardings": [], "subreddit_id": "t5_2qhfi", "body": "I recommend: \n\nApplied multivariate statistical analysis by Johnson and Wichern.", "edited": false, "downs": 0, "author_flair_css_class": null, "is_submitter": false, "collapsed": false, "author_flair_richtext": [], "author_patreon_flair": false, "body_html": "<div class=\"md\"><p>I recommend: </p>\n\n<p>Applied multivariate statistical analysis by Johnson and Wichern.</p>\n</div>", "gildings": {}, "collapsed_reason": null, "associated_award": null, "stickied": false, "author_premium": false, "subreddit_type": "public", "can_gild": true, "subreddit": "statistics", "author_flair_text_color": null, "score_hidden": false, "permalink": "/r/statistics/comments/bo25du/what_are_some_good_books_on_statistical_theory/enc8o4t/", "num_reports": null, "locked": false, "name": "t1_enc8o4t", "created": 1557791484.0, "author_flair_text": null, "treatment_tags": [], "created_utc": 1557762684.0, "subreddit_name_prefixed": "r/statistics", "controversiality": 0, "depth": 0, "author_flair_background_color": null, "collapsed_because_crowd_control": null, "mod_reports": [], "mod_note": null, "distinguished": null, "_fetched": true}, {"_replies": [], "_submission": "bo25du", "_reddit": "_reddit", "total_awards_received": 0, "approved_at_utc": null, "ups": 1, "awarders": [], "mod_reason_by": null, "banned_by": null, "author_flair_type": "text", "removal_reason": null, "link_id": "t3_bo25du", "author_flair_template_id": null, "likes": null, "user_reports": [], "saved": false, "id": "endu0lj", "banned_at_utc": null, "mod_reason_title": null, "gilded": 0, "archived": true, "no_follow": true, "author": "Du_ds", "can_mod_post": false, "send_replies": true, "parent_id": "t3_bo25du", "score": 1, "author_fullname": "t2_32qyc77l", "report_reasons": null, "approved_by": null, "all_awardings": [], "subreddit_id": "t5_2qhfi", "body": "Gelman and Hill is good for regression and multilevel models.", "edited": false, "downs": 0, "author_flair_css_class": null, "is_submitter": false, "collapsed": false, "author_flair_richtext": [], "author_patreon_flair": false, "body_html": "<div class=\"md\"><p>Gelman and Hill is good for regression and multilevel models.</p>\n</div>", "gildings": {}, "collapsed_reason": null, "associated_award": null, "stickied": false, "author_premium": false, "subreddit_type": "public", "can_gild": true, "subreddit": "statistics", "author_flair_text_color": null, "score_hidden": false, "permalink": "/r/statistics/comments/bo25du/what_are_some_good_books_on_statistical_theory/endu0lj/", "num_reports": null, "locked": false, "name": "t1_endu0lj", "created": 1557816534.0, "author_flair_text": null, "treatment_tags": [], "created_utc": 1557787734.0, "subreddit_name_prefixed": "r/statistics", "controversiality": 0, "depth": 0, "author_flair_background_color": null, "collapsed_because_crowd_control": null, "mod_reports": [], "mod_note": null, "distinguished": null, "_fetched": true}, {"_replies": ["enem0v5"], "_submission": "bo25du", "_reddit": "_reddit", "total_awards_received": 0, "approved_at_utc": null, "ups": 0, "awarders": [], "mod_reason_by": null, "banned_by": null, "author_flair_type": "text", "removal_reason": null, "link_id": "t3_bo25du", "author_flair_template_id": null, "likes": null, "user_reports": [], "saved": false, "id": "endshz3", "banned_at_utc": null, "mod_reason_title": null, "gilded": 0, "archived": true, "no_follow": true, "author": "theboofwarrior", "can_mod_post": false, "send_replies": true, "parent_id": "t3_bo25du", "score": 0, "author_fullname": "t2_zxl3t", "report_reasons": null, "approved_by": null, "all_awardings": [], "subreddit_id": "t5_2qhfi", "body": "dont double major!", "edited": false, "downs": 0, "author_flair_css_class": null, "is_submitter": false, "collapsed": false, "author_flair_richtext": [], "author_patreon_flair": false, "body_html": "<div class=\"md\"><p>dont double major!</p>\n</div>", "gildings": {}, "collapsed_reason": null, "associated_award": null, "stickied": false, "author_premium": false, "subreddit_type": "public", "can_gild": true, "subreddit": "statistics", "author_flair_text_color": null, "score_hidden": false, "permalink": "/r/statistics/comments/bo25du/what_are_some_good_books_on_statistical_theory/endshz3/", "num_reports": null, "locked": false, "name": "t1_endshz3", "created": 1557815922.0, "author_flair_text": null, "treatment_tags": [], "created_utc": 1557787122.0, "subreddit_name_prefixed": "r/statistics", "controversiality": 0, "depth": 0, "author_flair_background_color": null, "collapsed_because_crowd_control": null, "mod_reports": [], "mod_note": null, "distinguished": null, "_fetched": true}, {"_replies": ["enhrro8"], "_submission": "bo25du", "_reddit": "_reddit", "total_awards_received": 0, "approved_at_utc": null, "ups": 7, "awarders": [], "mod_reason_by": null, "banned_by": null, "author_flair_type": "text", "removal_reason": null, "link_id": "t3_bo25du", "author_flair_template_id": null, "likes": null, "user_reports": [], "saved": false, "id": "encg4ts", "banned_at_utc": null, "mod_reason_title": null, "gilded": 0, "archived": true, "no_follow": false, "author": "baracka", "can_mod_post": false, "send_replies": true, "parent_id": "t1_enbin66", "score": 7, "author_fullname": "t2_3yj6u", "report_reasons": null, "approved_by": null, "all_awardings": [], "subreddit_id": "t5_2qhfi", "collapsed": false, "body": "I second this reco. Richard McElreath is a credit to the human race. You can also read the draft version of his 2nd edition on his webpage", "edited": false, "author_flair_css_class": null, "is_submitter": false, "downs": 0, "author_flair_richtext": [], "author_patreon_flair": false, "body_html": "<div class=\"md\"><p>I second this reco. Richard McElreath is a credit to the human race. You can also read the draft version of his 2nd edition on his webpage</p>\n</div>", "gildings": {}, "collapsed_reason": null, "associated_award": null, "stickied": false, "author_premium": false, "subreddit_type": "public", "can_gild": true, "subreddit": "statistics", "author_flair_text_color": null, "score_hidden": false, "permalink": "/r/statistics/comments/bo25du/what_are_some_good_books_on_statistical_theory/encg4ts/", "num_reports": null, "locked": false, "name": "t1_encg4ts", "created": 1557795119.0, "author_flair_text": null, "treatment_tags": [], "created_utc": 1557766319.0, "subreddit_name_prefixed": "r/statistics", "controversiality": 0, "depth": 1, "author_flair_background_color": null, "collapsed_because_crowd_control": null, "mod_reports": [], "mod_note": null, "distinguished": null, "_fetched": true}, {"_replies": [], "_submission": "bo25du", "_reddit": "_reddit", "total_awards_received": 0, "approved_at_utc": null, "ups": 3, "awarders": [], "mod_reason_by": null, "banned_by": null, "author_flair_type": "text", "removal_reason": null, "link_id": "t3_bo25du", "author_flair_template_id": null, "likes": null, "user_reports": [], "saved": false, "id": "ene04co", "banned_at_utc": null, "mod_reason_title": null, "gilded": 0, "archived": true, "no_follow": true, "author": "aeroeax", "can_mod_post": false, "send_replies": true, "parent_id": "t1_enbin66", "score": 3, "author_fullname": "t2_altsc", "report_reasons": null, "approved_by": null, "all_awardings": [], "subreddit_id": "t5_2qhfi", "collapsed": false, "body": "How much background do you need to get through the book? It\u2019s on my list but I was initially planning on reading it after taking linear algebra and probability.", "edited": false, "author_flair_css_class": null, "is_submitter": false, "downs": 0, "author_flair_richtext": [], "author_patreon_flair": false, "body_html": "<div class=\"md\"><p>How much background do you need to get through the book? It\u2019s on my list but I was initially planning on reading it after taking linear algebra and probability.</p>\n</div>", "gildings": {}, "collapsed_reason": null, "associated_award": null, "stickied": false, "author_premium": false, "subreddit_type": "public", "can_gild": true, "subreddit": "statistics", "author_flair_text_color": null, "score_hidden": false, "permalink": "/r/statistics/comments/bo25du/what_are_some_good_books_on_statistical_theory/ene04co/", "num_reports": null, "locked": false, "name": "t1_ene04co", "created": 1557819443.0, "author_flair_text": null, "treatment_tags": [], "created_utc": 1557790643.0, "subreddit_name_prefixed": "r/statistics", "controversiality": 0, "depth": 1, "author_flair_background_color": null, "collapsed_because_crowd_control": null, "mod_reports": [], "mod_note": null, "distinguished": null, "_fetched": true}, {"_replies": ["encj6sl"], "_submission": "bo25du", "_reddit": "_reddit", "total_awards_received": 0, "approved_at_utc": null, "ups": 2, "awarders": [], "mod_reason_by": null, "banned_by": null, "author_flair_type": "text", "removal_reason": null, "link_id": "t3_bo25du", "author_flair_template_id": null, "likes": null, "user_reports": [], "saved": false, "id": "encfu41", "banned_at_utc": null, "mod_reason_title": null, "gilded": 0, "archived": true, "no_follow": true, "author": "salsa_rodeo", "can_mod_post": false, "send_replies": true, "parent_id": "t1_enbin66", "score": 2, "author_fullname": "t2_c5dlj", "report_reasons": null, "approved_by": null, "all_awardings": [], "subreddit_id": "t5_2qhfi", "collapsed": false, "body": "The Bayesian one?", "edited": false, "author_flair_css_class": null, "is_submitter": false, "downs": 0, "author_flair_richtext": [], "author_patreon_flair": false, "body_html": "<div class=\"md\"><p>The Bayesian one?</p>\n</div>", "gildings": {}, "collapsed_reason": null, "associated_award": null, "stickied": false, "author_premium": false, "subreddit_type": "public", "can_gild": true, "subreddit": "statistics", "author_flair_text_color": null, "score_hidden": false, "permalink": "/r/statistics/comments/bo25du/what_are_some_good_books_on_statistical_theory/encfu41/", "num_reports": null, "locked": false, "name": "t1_encfu41", "created": 1557794977.0, "author_flair_text": null, "treatment_tags": [], "created_utc": 1557766177.0, "subreddit_name_prefixed": "r/statistics", "controversiality": 0, "depth": 1, "author_flair_background_color": null, "collapsed_because_crowd_control": null, "mod_reports": [], "mod_note": null, "distinguished": null, "_fetched": true}, {"_replies": ["enf2brp"], "_submission": "bo25du", "_reddit": "_reddit", "total_awards_received": 0, "approved_at_utc": null, "ups": 1, "awarders": [], "mod_reason_by": null, "banned_by": null, "author_flair_type": "text", "removal_reason": null, "link_id": "t3_bo25du", "author_flair_template_id": null, "likes": null, "user_reports": [], "saved": false, "id": "enf1mgk", "banned_at_utc": null, "mod_reason_title": null, "gilded": 0, "archived": true, "no_follow": true, "author": "TheOneWhoSendsLetter", "can_mod_post": false, "send_replies": true, "parent_id": "t1_enbjpyy", "score": 1, "author_fullname": "t2_teke1", "report_reasons": null, "approved_by": null, "all_awardings": [], "subreddit_id": "t5_2qhfi", "collapsed": false, "body": ">The Grammar of Graphics\n>Book by Leland Wilkinson\n\nI just started reading this thanks to you. 30 pages in and the only thing I can say is \"Fuck, this is beautiful and elegant\"", "edited": false, "author_flair_css_class": null, "is_submitter": false, "downs": 0, "author_flair_richtext": [], "author_patreon_flair": false, "body_html": "<div class=\"md\"><blockquote>\n<p>The Grammar of Graphics\nBook by Leland Wilkinson</p>\n</blockquote>\n\n<p>I just started reading this thanks to you. 30 pages in and the only thing I can say is &quot;Fuck, this is beautiful and elegant&quot;</p>\n</div>", "gildings": {}, "collapsed_reason": null, "associated_award": null, "stickied": false, "author_premium": false, "subreddit_type": "public", "can_gild": true, "subreddit": "statistics", "author_flair_text_color": null, "score_hidden": false, "permalink": "/r/statistics/comments/bo25du/what_are_some_good_books_on_statistical_theory/enf1mgk/", "num_reports": null, "locked": false, "name": "t1_enf1mgk", "created": 1557836821.0, "author_flair_text": null, "treatment_tags": [], "created_utc": 1557808021.0, "subreddit_name_prefixed": "r/statistics", "controversiality": 0, "depth": 1, "author_flair_background_color": null, "collapsed_because_crowd_control": null, "mod_reports": [], "mod_note": null, "distinguished": null, "_fetched": true}, {"_replies": ["enbprob"], "_submission": "bo25du", "_reddit": "_reddit", "total_awards_received": 0, "approved_at_utc": null, "ups": 1, "awarders": [], "mod_reason_by": null, "banned_by": null, "author_flair_type": "text", "removal_reason": null, "link_id": "t3_bo25du", "author_flair_template_id": null, "likes": null, "user_reports": [], "saved": false, "id": "enbkdu1", "banned_at_utc": null, "mod_reason_title": null, "gilded": 0, "archived": true, "no_follow": true, "author": "EaterOfGoldfish", "can_mod_post": false, "send_replies": true, "parent_id": "t1_enbh20v", "score": 1, "author_fullname": "t2_wnc38lw", "report_reasons": null, "approved_by": null, "all_awardings": [], "subreddit_id": "t5_2qhfi", "collapsed": false, "body": "I haven\u2019t done real analysis yet, but I just finished a course in linear algebra this semester.", "edited": false, "author_flair_css_class": null, "is_submitter": true, "downs": 0, "author_flair_richtext": [], "author_patreon_flair": false, "body_html": "<div class=\"md\"><p>I haven\u2019t done real analysis yet, but I just finished a course in linear algebra this semester.</p>\n</div>", "gildings": {}, "collapsed_reason": null, "associated_award": null, "stickied": false, "author_premium": false, "subreddit_type": "public", "can_gild": true, "subreddit": "statistics", "author_flair_text_color": null, "score_hidden": false, "permalink": "/r/statistics/comments/bo25du/what_are_some_good_books_on_statistical_theory/enbkdu1/", "num_reports": null, "locked": false, "name": "t1_enbkdu1", "created": 1557778257.0, "author_flair_text": null, "treatment_tags": [], "created_utc": 1557749457.0, "subreddit_name_prefixed": "r/statistics", "controversiality": 0, "depth": 1, "author_flair_background_color": null, "collapsed_because_crowd_control": null, "mod_reports": [], "mod_note": null, "distinguished": null, "_fetched": true}, {"_replies": ["enbmj6w"], "_submission": "bo25du", "_reddit": "_reddit", "total_awards_received": 0, "approved_at_utc": null, "ups": 2, "awarders": [], "mod_reason_by": null, "banned_by": null, "author_flair_type": "text", "removal_reason": null, "link_id": "t3_bo25du", "author_flair_template_id": null, "likes": null, "user_reports": [], "saved": false, "id": "enblnpk", "banned_at_utc": null, "mod_reason_title": null, "gilded": 0, "archived": true, "no_follow": true, "author": "EaterOfGoldfish", "can_mod_post": false, "send_replies": true, "parent_id": "t1_enblh0t", "score": 2, "author_fullname": "t2_wnc38lw", "report_reasons": null, "approved_by": null, "all_awardings": [], "subreddit_id": "t5_2qhfi", "collapsed": false, "body": "I have not.", "edited": false, "author_flair_css_class": null, "is_submitter": true, "downs": 0, "author_flair_richtext": [], "author_patreon_flair": false, "body_html": "<div class=\"md\"><p>I have not.</p>\n</div>", "gildings": {}, "collapsed_reason": null, "associated_award": null, "stickied": false, "author_premium": false, "subreddit_type": "public", "can_gild": true, "subreddit": "statistics", "author_flair_text_color": null, "score_hidden": false, "permalink": "/r/statistics/comments/bo25du/what_are_some_good_books_on_statistical_theory/enblnpk/", "num_reports": null, "locked": false, "name": "t1_enblnpk", "created": 1557779069.0, "author_flair_text": null, "treatment_tags": [], "created_utc": 1557750269.0, "subreddit_name_prefixed": "r/statistics", "controversiality": 0, "depth": 1, "author_flair_background_color": null, "collapsed_because_crowd_control": null, "mod_reports": [], "mod_note": null, "distinguished": null, "_fetched": true}, {"_replies": ["enicmru"], "_submission": "bo25du", "_reddit": "_reddit", "total_awards_received": 0, "approved_at_utc": null, "ups": 2, "awarders": [], "mod_reason_by": null, "banned_by": null, "author_flair_type": "text", "removal_reason": null, "link_id": "t3_bo25du", "author_flair_template_id": null, "likes": null, "user_reports": [], "saved": false, "id": "enem0v5", "banned_at_utc": null, "mod_reason_title": null, "gilded": 0, "archived": true, "no_follow": true, "author": "keepitsalty", "can_mod_post": false, "send_replies": true, "parent_id": "t1_endshz3", "score": 2, "author_fullname": "t2_5xhym", "report_reasons": null, "approved_by": null, "all_awardings": [], "subreddit_id": "t5_2qhfi", "collapsed": false, "body": "why?", "edited": false, "author_flair_css_class": null, "is_submitter": false, "downs": 0, "author_flair_richtext": [], "author_patreon_flair": false, "body_html": "<div class=\"md\"><p>why?</p>\n</div>", "gildings": {}, "collapsed_reason": null, "associated_award": null, "stickied": false, "author_premium": false, "subreddit_type": "public", "can_gild": true, "subreddit": "statistics", "author_flair_text_color": "dark", "score_hidden": false, "permalink": "/r/statistics/comments/bo25du/what_are_some_good_books_on_statistical_theory/enem0v5/", "num_reports": null, "locked": false, "name": "t1_enem0v5", "created": 1557830155.0, "author_flair_text": "MSCS | Bayes for Days", "treatment_tags": [], "created_utc": 1557801355.0, "subreddit_name_prefixed": "r/statistics", "controversiality": 0, "depth": 1, "author_flair_background_color": "", "collapsed_because_crowd_control": null, "mod_reports": [], "mod_note": null, "distinguished": null, "_fetched": true}, {"_replies": ["enjp7by"], "_submission": "bo25du", "_reddit": "_reddit", "total_awards_received": 0, "approved_at_utc": null, "ups": 1, "awarders": [], "mod_reason_by": null, "banned_by": null, "author_flair_type": "text", "removal_reason": null, "link_id": "t3_bo25du", "author_flair_template_id": null, "likes": null, "user_reports": [], "saved": false, "id": "enhrro8", "banned_at_utc": null, "mod_reason_title": null, "gilded": 0, "archived": true, "no_follow": true, "author": "maxwell_smart_jr", "can_mod_post": false, "created_utc": 1557856335.0, "send_replies": true, "parent_id": "t1_encg4ts", "score": 1, "author_fullname": "t2_4rv76", "report_reasons": null, "approved_by": null, "all_awardings": [], "subreddit_id": "t5_2qhfi", "body": "Not without a password, apparently.", "edited": false, "author_flair_css_class": null, "is_submitter": false, "downs": 0, "author_flair_richtext": [], "author_patreon_flair": false, "body_html": "<div class=\"md\"><p>Not without a password, apparently.</p>\n</div>", "gildings": {}, "collapsed_reason": null, "associated_award": null, "stickied": false, "author_premium": false, "subreddit_type": "public", "can_gild": true, "subreddit": "statistics", "author_flair_text_color": null, "score_hidden": false, "permalink": "/r/statistics/comments/bo25du/what_are_some_good_books_on_statistical_theory/enhrro8/", "num_reports": null, "locked": false, "name": "t1_enhrro8", "created": 1557885135.0, "author_flair_text": null, "treatment_tags": [], "collapsed": false, "subreddit_name_prefixed": "r/statistics", "controversiality": 0, "depth": 2, "author_flair_background_color": null, "collapsed_because_crowd_control": null, "mod_reports": [], "mod_note": null, "distinguished": null, "_fetched": true}, {"_replies": [], "_submission": "bo25du", "_reddit": "_reddit", "total_awards_received": 0, "approved_at_utc": null, "ups": 3, "awarders": [], "mod_reason_by": null, "banned_by": null, "author_flair_type": "text", "removal_reason": null, "link_id": "t3_bo25du", "author_flair_template_id": null, "likes": null, "user_reports": [], "saved": false, "id": "encj6sl", "banned_at_utc": null, "mod_reason_title": null, "gilded": 0, "archived": true, "no_follow": true, "author": "shitstorm-kurwa", "can_mod_post": false, "created_utc": 1557767777.0, "send_replies": true, "parent_id": "t1_encfu41", "score": 3, "author_fullname": "t2_10d6el83", "report_reasons": null, "approved_by": null, "all_awardings": [], "subreddit_id": "t5_2qhfi", "body": "Yes. It's not the typical Bayesian statistics book though. It's more about statistical modelling in general.", "edited": false, "author_flair_css_class": null, "is_submitter": false, "downs": 0, "author_flair_richtext": [], "author_patreon_flair": false, "body_html": "<div class=\"md\"><p>Yes. It&#39;s not the typical Bayesian statistics book though. It&#39;s more about statistical modelling in general.</p>\n</div>", "gildings": {}, "collapsed_reason": null, "associated_award": null, "stickied": false, "author_premium": false, "subreddit_type": "public", "can_gild": true, "subreddit": "statistics", "author_flair_text_color": null, "score_hidden": false, "permalink": "/r/statistics/comments/bo25du/what_are_some_good_books_on_statistical_theory/encj6sl/", "num_reports": null, "locked": false, "name": "t1_encj6sl", "created": 1557796577.0, "author_flair_text": null, "treatment_tags": [], "collapsed": false, "subreddit_name_prefixed": "r/statistics", "controversiality": 0, "depth": 2, "author_flair_background_color": null, "collapsed_because_crowd_control": null, "mod_reports": [], "mod_note": null, "distinguished": null, "_fetched": true}, {"_replies": [], "_submission": "bo25du", "_reddit": "_reddit", "total_awards_received": 0, "approved_at_utc": null, "ups": 1, "awarders": [], "mod_reason_by": null, "banned_by": null, "author_flair_type": "text", "removal_reason": null, "link_id": "t3_bo25du", "author_flair_template_id": null, "likes": null, "user_reports": [], "saved": false, "id": "enf2brp", "banned_at_utc": null, "mod_reason_title": null, "gilded": 0, "archived": true, "no_follow": true, "author": "mryagerr", "can_mod_post": false, "created_utc": 1557808341.0, "send_replies": true, "parent_id": "t1_enf1mgk", "score": 1, "author_fullname": "t2_t9wh8", "report_reasons": null, "approved_by": null, "all_awardings": [], "subreddit_id": "t5_2qhfi", "body": "The book is so well written and excellent. \n\nI read it for fun. \n\nHappy you like it!", "edited": false, "author_flair_css_class": null, "is_submitter": false, "downs": 0, "author_flair_richtext": [], "author_patreon_flair": false, "body_html": "<div class=\"md\"><p>The book is so well written and excellent. </p>\n\n<p>I read it for fun. </p>\n\n<p>Happy you like it!</p>\n</div>", "gildings": {}, "collapsed_reason": null, "associated_award": null, "stickied": false, "author_premium": false, "subreddit_type": "public", "can_gild": true, "subreddit": "statistics", "author_flair_text_color": null, "score_hidden": false, "permalink": "/r/statistics/comments/bo25du/what_are_some_good_books_on_statistical_theory/enf2brp/", "num_reports": null, "locked": false, "name": "t1_enf2brp", "created": 1557837141.0, "author_flair_text": null, "treatment_tags": [], "collapsed": false, "subreddit_name_prefixed": "r/statistics", "controversiality": 0, "depth": 2, "author_flair_background_color": null, "collapsed_because_crowd_control": null, "mod_reports": [], "mod_note": null, "distinguished": null, "_fetched": true}, {"_replies": [], "_submission": "bo25du", "_reddit": "_reddit", "total_awards_received": 0, "approved_at_utc": null, "ups": 1, "awarders": [], "mod_reason_by": null, "banned_by": null, "author_flair_type": "text", "removal_reason": null, "link_id": "t3_bo25du", "author_flair_template_id": null, "likes": null, "user_reports": [], "saved": false, "id": "enicmru", "banned_at_utc": null, "mod_reason_title": null, "gilded": 0, "archived": true, "no_follow": true, "author": "theboofwarrior", "can_mod_post": false, "created_utc": 1557864091.0, "send_replies": true, "parent_id": "t1_enem0v5", "score": 1, "author_fullname": "t2_zxl3t", "report_reasons": null, "approved_by": null, "all_awardings": [], "subreddit_id": "t5_2qhfi", "body": "a double major doesnt qualify you for anything a single major does not.  it is preferable to do some sort of research that can lead to a strong reference for either jobs or further along in academics.", "edited": false, "author_flair_css_class": null, "is_submitter": false, "downs": 0, "author_flair_richtext": [], "author_patreon_flair": false, "body_html": "<div class=\"md\"><p>a double major doesnt qualify you for anything a single major does not.  it is preferable to do some sort of research that can lead to a strong reference for either jobs or further along in academics.</p>\n</div>", "gildings": {}, "collapsed_reason": null, "associated_award": null, "stickied": false, "author_premium": false, "subreddit_type": "public", "can_gild": true, "subreddit": "statistics", "author_flair_text_color": null, "score_hidden": false, "permalink": "/r/statistics/comments/bo25du/what_are_some_good_books_on_statistical_theory/enicmru/", "num_reports": null, "locked": false, "name": "t1_enicmru", "created": 1557892891.0, "author_flair_text": null, "treatment_tags": [], "collapsed": false, "subreddit_name_prefixed": "r/statistics", "controversiality": 0, "depth": 2, "author_flair_background_color": null, "collapsed_because_crowd_control": null, "mod_reports": [], "mod_note": null, "distinguished": null, "_fetched": true}, {"_replies": [], "_submission": "bo25du", "_reddit": "_reddit", "total_awards_received": 0, "approved_at_utc": null, "ups": 1, "awarders": [], "mod_reason_by": null, "banned_by": null, "author_flair_type": "text", "removal_reason": null, "link_id": "t3_bo25du", "author_flair_template_id": null, "likes": null, "user_reports": [], "saved": false, "id": "enjp7by", "banned_at_utc": null, "mod_reason_title": null, "gilded": 0, "archived": true, "no_follow": true, "author": "Bayequentist", "can_mod_post": false, "send_replies": true, "parent_id": "t1_enhrro8", "score": 1, "author_fullname": "t2_3bgm2wkz", "report_reasons": null, "approved_by": null, "all_awardings": [], "subreddit_id": "t5_2qhfi", "body": "Password is ***tempest***.", "edited": false, "downs": 0, "author_flair_css_class": null, "is_submitter": false, "collapsed": false, "author_flair_richtext": [], "author_patreon_flair": false, "body_html": "<div class=\"md\"><p>Password is <strong><em>tempest</em></strong>.</p>\n</div>", "gildings": {}, "collapsed_reason": null, "associated_award": null, "stickied": false, "author_premium": false, "subreddit_type": "public", "can_gild": true, "subreddit": "statistics", "author_flair_text_color": null, "score_hidden": false, "permalink": "/r/statistics/comments/bo25du/what_are_some_good_books_on_statistical_theory/enjp7by/", "num_reports": null, "locked": false, "name": "t1_enjp7by", "created": 1557912790.0, "author_flair_text": null, "treatment_tags": [], "created_utc": 1557883990.0, "subreddit_name_prefixed": "r/statistics", "controversiality": 0, "depth": 3, "author_flair_background_color": null, "collapsed_because_crowd_control": null, "mod_reports": [], "mod_note": null, "distinguished": null, "_fetched": true}, {"_replies": [], "_submission": "bo25du", "_reddit": "_reddit", "total_awards_received": 0, "approved_at_utc": null, "ups": 1, "awarders": [], "mod_reason_by": null, "banned_by": null, "author_flair_type": "text", "removal_reason": null, "link_id": "t3_bo25du", "author_flair_template_id": null, "likes": null, "user_reports": [], "saved": false, "id": "enboaxp", "banned_at_utc": null, "mod_reason_title": null, "gilded": 0, "archived": true, "no_follow": true, "author": "EaterOfGoldfish", "can_mod_post": false, "send_replies": true, "parent_id": "t1_enbmj6w", "score": 1, "author_fullname": "t2_wnc38lw", "report_reasons": null, "approved_by": null, "all_awardings": [], "subreddit_id": "t5_2qhfi", "body": "Thanks! Will look into it.", "edited": false, "downs": 0, "author_flair_css_class": null, "is_submitter": true, "collapsed": false, "author_flair_richtext": [], "author_patreon_flair": false, "body_html": "<div class=\"md\"><p>Thanks! Will look into it.</p>\n</div>", "gildings": {}, "collapsed_reason": null, "associated_award": null, "stickied": false, "author_premium": false, "subreddit_type": "public", "can_gild": true, "subreddit": "statistics", "author_flair_text_color": null, "score_hidden": false, "permalink": "/r/statistics/comments/bo25du/what_are_some_good_books_on_statistical_theory/enboaxp/", "num_reports": null, "locked": false, "name": "t1_enboaxp", "created": 1557780595.0, "author_flair_text": null, "treatment_tags": [], "created_utc": 1557751795.0, "subreddit_name_prefixed": "r/statistics", "controversiality": 0, "depth": 3, "author_flair_background_color": null, "collapsed_because_crowd_control": null, "mod_reports": [], "mod_note": null, "distinguished": null, "_fetched": true}]}