{"_reddit": "_reddit", "approved_at_utc": null, "subreddit": "statistics", "selftext": "", "user_reports": [], "saved": false, "mod_reason_title": null, "gilded": 0, "clicked": false, "title": "Bayesian Statisticians: What does your research/work consist of?", "link_flair_richtext": [], "subreddit_name_prefixed": "r/statistics", "hidden": false, "pwls": 6, "link_flair_css_class": null, "downs": 0, "hide_score": false, "name": "t3_blhbio", "quarantine": false, "link_flair_text_color": "dark", "upvote_ratio": 0.89, "author_flair_background_color": "", "subreddit_type": "public", "ups": 56, "total_awards_received": 0, "media_embed": {}, "author_flair_template_id": null, "is_original_content": false, "secure_media": null, "is_reddit_media_domain": false, "is_meta": false, "category": null, "secure_media_embed": {}, "link_flair_text": null, "can_mod_post": false, "score": 56, "approved_by": null, "thumbnail": "", "edited": false, "author_flair_css_class": null, "gildings": {}, "content_categories": null, "is_self": true, "mod_note": null, "created": 1557203759.0, "link_flair_type": "text", "wls": 6, "removed_by_category": null, "banned_by": null, "domain": "self.statistics", "allow_live_comments": true, "selftext_html": null, "likes": null, "suggested_sort": null, "banned_at_utc": null, "view_count": null, "archived": true, "no_follow": false, "is_crosspostable": true, "pinned": false, "over_18": false, "all_awardings": [], "awarders": [], "media_only": false, "can_gild": false, "spoiler": false, "locked": false, "author_flair_text": null, "treatment_tags": [], "visited": false, "removed_by": null, "num_reports": null, "distinguished": null, "subreddit_id": "t5_2qhfi", "mod_reason_by": null, "removal_reason": null, "link_flair_background_color": "", "id": "blhbio", "is_robot_indexable": true, "report_reasons": null, "author": "NA", "discussion_type": null, "media": null, "send_replies": true, "whitelist_status": "all_ads", "contest_mode": false, "mod_reports": [], "author_flair_text_color": "dark", "permalink": "/r/statistics/comments/blhbio/bayesian_statisticians_what_does_your/", "parent_whitelist_status": "all_ads", "stickied": false, "url": "https://www.reddit.com/r/statistics/comments/blhbio/bayesian_statisticians_what_does_your/", "subreddit_subscribers": 106209, "created_utc": 1557174959.0, "num_crossposts": 0, "num_comments": 40, "is_video": false, "_fetched": false, "comment_limit": 2048, "comment_sort": "best", "_comments_by_id": {}, "_comments": [{"_replies": ["emoy2do", "emphs6b", "emot9s1"], "_submission": "blhbio", "_reddit": "_reddit", "total_awards_received": 0, "approved_at_utc": null, "ups": 19, "awarders": [], "mod_reason_by": null, "banned_by": null, "author_flair_type": "text", "removal_reason": null, "link_id": "t3_blhbio", "author_flair_template_id": null, "likes": null, "user_reports": [], "saved": false, "id": "emohrav", "banned_at_utc": null, "mod_reason_title": null, "gilded": 0, "archived": true, "no_follow": false, "author": "Wbw_bbt", "can_mod_post": false, "send_replies": true, "parent_id": "t3_blhbio", "score": 19, "author_fullname": "t2_3vmipba", "report_reasons": null, "approved_by": null, "all_awardings": [], "subreddit_id": "t5_2qhfi", "body": "I work on establishing theoretical convergence rate results for MCMC algorithms. These algorithms are used to sample from posterior distributions resulting from Bayesian linear regression models with non-Gaussian errors.", "edited": false, "downs": 0, "author_flair_css_class": null, "is_submitter": false, "collapsed": false, "author_flair_richtext": [], "author_patreon_flair": false, "body_html": "<div class=\"md\"><p>I work on establishing theoretical convergence rate results for MCMC algorithms. These algorithms are used to sample from posterior distributions resulting from Bayesian linear regression models with non-Gaussian errors.</p>\n</div>", "gildings": {}, "collapsed_reason": null, "associated_award": null, "stickied": false, "author_premium": false, "subreddit_type": "public", "can_gild": true, "subreddit": "statistics", "author_flair_text_color": null, "score_hidden": false, "permalink": "/r/statistics/comments/blhbio/bayesian_statisticians_what_does_your/emohrav/", "num_reports": null, "locked": false, "name": "t1_emohrav", "created": 1557205844.0, "author_flair_text": null, "treatment_tags": [], "created_utc": 1557177044.0, "subreddit_name_prefixed": "r/statistics", "controversiality": 0, "depth": 0, "author_flair_background_color": null, "collapsed_because_crowd_control": null, "mod_reports": [], "mod_note": null, "distinguished": null, "_fetched": true}, {"_replies": [], "_submission": "blhbio", "_reddit": "_reddit", "total_awards_received": 0, "approved_at_utc": null, "ups": 16, "awarders": [], "mod_reason_by": null, "banned_by": null, "author_flair_type": "text", "removal_reason": null, "link_id": "t3_blhbio", "author_flair_template_id": null, "likes": null, "user_reports": [], "saved": false, "id": "emoi1fw", "banned_at_utc": null, "mod_reason_title": null, "gilded": 0, "archived": true, "no_follow": false, "author": "Stewthulhu", "can_mod_post": false, "send_replies": true, "parent_id": "t3_blhbio", "score": 16, "author_fullname": "t2_dqh9j", "report_reasons": null, "approved_by": null, "all_awardings": [], "subreddit_id": "t5_2qhfi", "body": "I study clinical genomics. Grandpappy Bayes is everywhere in our field, from Bayesian clinical trials to distinguishing signal from noise in genomic sequencing analysis.\n\nBut to be honest, I think \"Bayesian Statistician\" as a dedicated class is becoming pretty outdated. Bayesian stats is just a tool in a big toolbox that is no longer limited by computational power or methods in most instances. Choosing the best method for a given problem and audience is more important to favoring one philosophical approach over another.", "edited": false, "downs": 0, "author_flair_css_class": null, "is_submitter": false, "collapsed": false, "author_flair_richtext": [], "author_patreon_flair": false, "body_html": "<div class=\"md\"><p>I study clinical genomics. Grandpappy Bayes is everywhere in our field, from Bayesian clinical trials to distinguishing signal from noise in genomic sequencing analysis.</p>\n\n<p>But to be honest, I think &quot;Bayesian Statistician&quot; as a dedicated class is becoming pretty outdated. Bayesian stats is just a tool in a big toolbox that is no longer limited by computational power or methods in most instances. Choosing the best method for a given problem and audience is more important to favoring one philosophical approach over another.</p>\n</div>", "gildings": {}, "collapsed_reason": null, "associated_award": null, "stickied": false, "author_premium": false, "subreddit_type": "public", "can_gild": true, "subreddit": "statistics", "author_flair_text_color": null, "score_hidden": false, "permalink": "/r/statistics/comments/blhbio/bayesian_statisticians_what_does_your/emoi1fw/", "num_reports": null, "locked": false, "name": "t1_emoi1fw", "created": 1557205997.0, "author_flair_text": null, "treatment_tags": [], "created_utc": 1557177197.0, "subreddit_name_prefixed": "r/statistics", "controversiality": 0, "depth": 0, "author_flair_background_color": null, "collapsed_because_crowd_control": null, "mod_reports": [], "mod_note": null, "distinguished": null, "_fetched": true}, {"_replies": ["emoya86"], "_submission": "blhbio", "_reddit": "_reddit", "total_awards_received": 0, "approved_at_utc": null, "ups": 5, "awarders": [], "mod_reason_by": null, "banned_by": null, "author_flair_type": "text", "removal_reason": null, "link_id": "t3_blhbio", "author_flair_template_id": null, "likes": null, "user_reports": [], "saved": false, "id": "emoijci", "banned_at_utc": null, "mod_reason_title": null, "gilded": 0, "archived": true, "no_follow": false, "author": "applingu", "can_mod_post": false, "send_replies": true, "parent_id": "t3_blhbio", "score": 5, "author_fullname": "t2_qrcj0xf", "report_reasons": null, "approved_by": null, "all_awardings": [], "subreddit_id": "t5_2qhfi", "body": "Not a statistician, but an educational scientist here... So I'm not really much of an expert on Bayesian Statistics, however, recently I have conducted a correlational research with Bayesian statistics simply because it is more informative. \n\nBasically I checked if there were correlations among 3 psychological variables related to L2 writing. But while doing so, I was able to quantify the probability of the existence of those correlations in comparison to their absence. Moreover, I was able to graph how adding new data points affected those probabilities. \n\nI was much more satisfied than I would be with a \"frequentist\" correlational study at the end. I think I am more likely to go Bayesian in my future studies.", "edited": false, "downs": 0, "author_flair_css_class": null, "is_submitter": false, "collapsed": false, "author_flair_richtext": [], "author_patreon_flair": false, "body_html": "<div class=\"md\"><p>Not a statistician, but an educational scientist here... So I&#39;m not really much of an expert on Bayesian Statistics, however, recently I have conducted a correlational research with Bayesian statistics simply because it is more informative. </p>\n\n<p>Basically I checked if there were correlations among 3 psychological variables related to L2 writing. But while doing so, I was able to quantify the probability of the existence of those correlations in comparison to their absence. Moreover, I was able to graph how adding new data points affected those probabilities. </p>\n\n<p>I was much more satisfied than I would be with a &quot;frequentist&quot; correlational study at the end. I think I am more likely to go Bayesian in my future studies.</p>\n</div>", "gildings": {}, "collapsed_reason": null, "associated_award": null, "stickied": false, "author_premium": false, "subreddit_type": "public", "can_gild": true, "subreddit": "statistics", "author_flair_text_color": null, "score_hidden": false, "permalink": "/r/statistics/comments/blhbio/bayesian_statisticians_what_does_your/emoijci/", "num_reports": null, "locked": false, "name": "t1_emoijci", "created": 1557206287.0, "author_flair_text": null, "treatment_tags": [], "created_utc": 1557177487.0, "subreddit_name_prefixed": "r/statistics", "controversiality": 0, "depth": 0, "author_flair_background_color": null, "collapsed_because_crowd_control": null, "mod_reports": [], "mod_note": null, "distinguished": null, "_fetched": true}, {"_replies": [], "_submission": "blhbio", "_reddit": "_reddit", "total_awards_received": 0, "approved_at_utc": null, "ups": 5, "awarders": [], "mod_reason_by": null, "banned_by": null, "author_flair_type": "text", "removal_reason": null, "link_id": "t3_blhbio", "author_flair_template_id": null, "likes": null, "user_reports": [], "saved": false, "id": "emp2f21", "banned_at_utc": null, "mod_reason_title": null, "gilded": 0, "archived": true, "no_follow": false, "author": "khaberni", "can_mod_post": false, "send_replies": true, "parent_id": "t3_blhbio", "score": 5, "author_fullname": "t2_sixsw", "report_reasons": null, "approved_by": null, "all_awardings": [], "subreddit_id": "t5_2qhfi", "body": "I mostly do survival analysis using Bayesian methods. I work on a lot of IOT types projects where sensors are attached to expensive assets, and i use this data to try to predict the failure time of these assets. I use a variety of methods including cox regression models, gaussian processes, and hidden markov models...", "edited": false, "downs": 0, "author_flair_css_class": null, "is_submitter": false, "collapsed": false, "author_flair_richtext": [], "author_patreon_flair": false, "body_html": "<div class=\"md\"><p>I mostly do survival analysis using Bayesian methods. I work on a lot of IOT types projects where sensors are attached to expensive assets, and i use this data to try to predict the failure time of these assets. I use a variety of methods including cox regression models, gaussian processes, and hidden markov models...</p>\n</div>", "gildings": {}, "collapsed_reason": null, "associated_award": null, "stickied": false, "author_premium": false, "subreddit_type": "public", "can_gild": true, "subreddit": "statistics", "author_flair_text_color": null, "score_hidden": false, "permalink": "/r/statistics/comments/blhbio/bayesian_statisticians_what_does_your/emp2f21/", "num_reports": null, "locked": false, "name": "t1_emp2f21", "created": 1557218886.0, "author_flair_text": null, "treatment_tags": [], "created_utc": 1557190086.0, "subreddit_name_prefixed": "r/statistics", "controversiality": 0, "depth": 0, "author_flair_background_color": null, "collapsed_because_crowd_control": null, "mod_reports": [], "mod_note": null, "distinguished": null, "_fetched": true}, {"_replies": ["emp232m", "empzofo"], "_submission": "blhbio", "_reddit": "_reddit", "total_awards_received": 0, "approved_at_utc": null, "ups": 4, "awarders": [], "mod_reason_by": null, "banned_by": null, "author_flair_type": "text", "removal_reason": null, "link_id": "t3_blhbio", "author_flair_template_id": null, "likes": null, "user_reports": [], "saved": false, "id": "emp1hzf", "banned_at_utc": null, "mod_reason_title": null, "gilded": 0, "archived": true, "no_follow": false, "author": "derpderp235", "can_mod_post": false, "send_replies": true, "parent_id": "t3_blhbio", "score": 4, "author_fullname": "t2_1hf2pxqn", "report_reasons": null, "approved_by": null, "all_awardings": [], "subreddit_id": "t5_2qhfi", "body": "Can anyone here recommend a good Bayesian stats book? Preferably one that has good, intuitive explanations, but also isn\u2019t afraid to dig into the math a bit.", "edited": false, "downs": 0, "author_flair_css_class": null, "is_submitter": false, "collapsed": false, "author_flair_richtext": [], "author_patreon_flair": false, "body_html": "<div class=\"md\"><p>Can anyone here recommend a good Bayesian stats book? Preferably one that has good, intuitive explanations, but also isn\u2019t afraid to dig into the math a bit.</p>\n</div>", "gildings": {}, "collapsed_reason": null, "associated_award": null, "stickied": false, "author_premium": false, "subreddit_type": "public", "can_gild": true, "subreddit": "statistics", "author_flair_text_color": null, "score_hidden": false, "permalink": "/r/statistics/comments/blhbio/bayesian_statisticians_what_does_your/emp1hzf/", "num_reports": null, "locked": false, "name": "t1_emp1hzf", "created": 1557218253.0, "author_flair_text": null, "treatment_tags": [], "created_utc": 1557189453.0, "subreddit_name_prefixed": "r/statistics", "controversiality": 0, "depth": 0, "author_flair_background_color": null, "collapsed_because_crowd_control": null, "mod_reports": [], "mod_note": null, "distinguished": null, "_fetched": true}, {"_replies": ["emrqfl9"], "_submission": "blhbio", "_reddit": "_reddit", "total_awards_received": 0, "approved_at_utc": null, "ups": 2, "awarders": [], "mod_reason_by": null, "banned_by": null, "author_flair_type": "text", "removal_reason": null, "link_id": "t3_blhbio", "author_flair_template_id": null, "likes": null, "user_reports": [], "saved": false, "id": "empfgjb", "banned_at_utc": null, "mod_reason_title": null, "gilded": 0, "archived": true, "no_follow": true, "author": "DatAmygdala", "can_mod_post": false, "send_replies": true, "parent_id": "t3_blhbio", "score": 2, "author_fullname": "t2_dw02b", "report_reasons": null, "approved_by": null, "all_awardings": [], "subreddit_id": "t5_2qhfi", "body": "Thank god something I can talk about. \n\n&#x200B;\n\nI work for a University while I'm finishing up my degree. While bayesian isn't something I do every day- I do tend to lean more towards bayesian analysis. I'm called upon by PI's within the departments (usually psych and neuro- where my degree lies) and help them design their analysis and sometimes if I'm feeling extra nerdy run some cute little machine learning algorithms and stuff. I can't go super in depth due to some of the detail of the research, but a study I'm working on right now is on interpersonal relationship violence and the perceptions of victims. \n\n&#x200B;\n\nMore of a data scientist than a statistician, but I love what I do.", "edited": false, "downs": 0, "author_flair_css_class": null, "is_submitter": false, "collapsed": false, "author_flair_richtext": [], "author_patreon_flair": false, "body_html": "<div class=\"md\"><p>Thank god something I can talk about. </p>\n\n<p>&#x200B;</p>\n\n<p>I work for a University while I&#39;m finishing up my degree. While bayesian isn&#39;t something I do every day- I do tend to lean more towards bayesian analysis. I&#39;m called upon by PI&#39;s within the departments (usually psych and neuro- where my degree lies) and help them design their analysis and sometimes if I&#39;m feeling extra nerdy run some cute little machine learning algorithms and stuff. I can&#39;t go super in depth due to some of the detail of the research, but a study I&#39;m working on right now is on interpersonal relationship violence and the perceptions of victims. </p>\n\n<p>&#x200B;</p>\n\n<p>More of a data scientist than a statistician, but I love what I do.</p>\n</div>", "gildings": {}, "collapsed_reason": null, "associated_award": null, "stickied": false, "author_premium": false, "subreddit_type": "public", "can_gild": true, "subreddit": "statistics", "author_flair_text_color": null, "score_hidden": false, "permalink": "/r/statistics/comments/blhbio/bayesian_statisticians_what_does_your/empfgjb/", "num_reports": null, "locked": false, "name": "t1_empfgjb", "created": 1557228186.0, "author_flair_text": null, "treatment_tags": [], "created_utc": 1557199386.0, "subreddit_name_prefixed": "r/statistics", "controversiality": 0, "depth": 0, "author_flair_background_color": null, "collapsed_because_crowd_control": null, "mod_reports": [], "mod_note": null, "distinguished": null, "_fetched": true}, {"_replies": [], "_submission": "blhbio", "_reddit": "_reddit", "total_awards_received": 0, "approved_at_utc": null, "ups": 1, "awarders": [], "mod_reason_by": null, "banned_by": null, "author_flair_type": "text", "removal_reason": null, "link_id": "t3_blhbio", "author_flair_template_id": null, "likes": null, "user_reports": [], "saved": false, "id": "emqgwkc", "banned_at_utc": null, "mod_reason_title": null, "gilded": 0, "archived": true, "no_follow": true, "author": "cortadodays", "can_mod_post": false, "send_replies": true, "parent_id": "t3_blhbio", "score": 1, "author_fullname": "t2_st0ak", "report_reasons": null, "approved_by": null, "all_awardings": [], "subreddit_id": "t5_2qhfi", "body": "Is there anyone here who uses Bayesian Networks (Bayes nets) NOT as part of machine learning? I am a PhD student in Psychology and I am trying to use Bayes nets to predict how students will perform on a certain task that requires a set of skills. The Bayes net is specified apriori. I am looking for papers that do similar analyses but not able to find anything so far. Any leads would be helpful.", "edited": false, "downs": 0, "author_flair_css_class": null, "is_submitter": false, "collapsed": false, "author_flair_richtext": [], "author_patreon_flair": false, "body_html": "<div class=\"md\"><p>Is there anyone here who uses Bayesian Networks (Bayes nets) NOT as part of machine learning? I am a PhD student in Psychology and I am trying to use Bayes nets to predict how students will perform on a certain task that requires a set of skills. The Bayes net is specified apriori. I am looking for papers that do similar analyses but not able to find anything so far. Any leads would be helpful.</p>\n</div>", "gildings": {}, "collapsed_reason": null, "associated_award": null, "stickied": false, "author_premium": false, "subreddit_type": "public", "can_gild": true, "subreddit": "statistics", "author_flair_text_color": null, "score_hidden": false, "permalink": "/r/statistics/comments/blhbio/bayesian_statisticians_what_does_your/emqgwkc/", "num_reports": null, "locked": false, "name": "t1_emqgwkc", "created": 1557262501.0, "author_flair_text": null, "treatment_tags": [], "created_utc": 1557233701.0, "subreddit_name_prefixed": "r/statistics", "controversiality": 0, "depth": 0, "author_flair_background_color": null, "collapsed_because_crowd_control": null, "mod_reports": [], "mod_note": null, "distinguished": null, "_fetched": true}, {"_replies": [], "_submission": "blhbio", "_reddit": "_reddit", "total_awards_received": 0, "approved_at_utc": null, "ups": 9, "awarders": [], "mod_reason_by": null, "banned_by": null, "author_flair_type": "text", "removal_reason": null, "link_id": "t3_blhbio", "author_flair_template_id": null, "likes": null, "user_reports": [], "saved": false, "id": "emoh2a2", "banned_at_utc": null, "mod_reason_title": null, "gilded": 0, "archived": true, "no_follow": true, "author": "bi_bright", "can_mod_post": false, "send_replies": true, "parent_id": "t1_emog5bm", "score": 9, "author_fullname": "t2_3pk1f79j", "report_reasons": null, "approved_by": null, "all_awardings": [], "subreddit_id": "t5_2qhfi", "collapsed": false, "body": "Thank you so much for your insight. I\u2019m really interested in the Bayesian statistics field and you just made me even more motivated to pursue it as an area to specialise in in my master\u2019s!", "edited": false, "author_flair_css_class": null, "is_submitter": false, "downs": 0, "author_flair_richtext": [], "author_patreon_flair": false, "body_html": "<div class=\"md\"><p>Thank you so much for your insight. I\u2019m really interested in the Bayesian statistics field and you just made me even more motivated to pursue it as an area to specialise in in my master\u2019s!</p>\n</div>", "gildings": {}, "collapsed_reason": null, "associated_award": null, "stickied": false, "author_premium": false, "subreddit_type": "public", "can_gild": true, "subreddit": "statistics", "author_flair_text_color": null, "score_hidden": false, "permalink": "/r/statistics/comments/blhbio/bayesian_statisticians_what_does_your/emoh2a2/", "num_reports": null, "locked": false, "name": "t1_emoh2a2", "created": 1557205479.0, "author_flair_text": null, "treatment_tags": [], "created_utc": 1557176679.0, "subreddit_name_prefixed": "r/statistics", "controversiality": 0, "depth": 1, "author_flair_background_color": null, "collapsed_because_crowd_control": null, "mod_reports": [], "mod_note": null, "distinguished": null, "_fetched": true}, {"_replies": ["en8wkcl"], "_submission": "blhbio", "_reddit": "_reddit", "total_awards_received": 0, "approved_at_utc": null, "ups": 2, "awarders": [], "mod_reason_by": null, "banned_by": null, "author_flair_type": "text", "removal_reason": null, "link_id": "t3_blhbio", "author_flair_template_id": null, "likes": null, "user_reports": [], "saved": false, "id": "empt85e", "banned_at_utc": null, "mod_reason_title": null, "gilded": 0, "archived": true, "no_follow": true, "author": "sawyerwelden", "can_mod_post": false, "send_replies": true, "parent_id": "t1_emog5bm", "score": 2, "author_fullname": "t2_9a6jt", "report_reasons": null, "approved_by": null, "all_awardings": [], "subreddit_id": "t5_2qhfi", "collapsed": false, "body": "I read this and thought 'huh that guy I follow on Twitter would love this' but when I got to the last line I realized its actually you haha. As someone starting their PhD next year following you has been really cool and helpful, thank you dude. I'm preparing my first conference poster and you sharing your has been helpful. Congratulations on your recent successes.", "edited": 1557214030.0, "author_flair_css_class": null, "is_submitter": false, "downs": 0, "author_flair_richtext": [], "author_patreon_flair": false, "body_html": "<div class=\"md\"><p>I read this and thought &#39;huh that guy I follow on Twitter would love this&#39; but when I got to the last line I realized its actually you haha. As someone starting their PhD next year following you has been really cool and helpful, thank you dude. I&#39;m preparing my first conference poster and you sharing your has been helpful. Congratulations on your recent successes.</p>\n</div>", "gildings": {}, "collapsed_reason": null, "associated_award": null, "stickied": false, "author_premium": false, "subreddit_type": "public", "can_gild": true, "subreddit": "statistics", "author_flair_text_color": null, "score_hidden": false, "permalink": "/r/statistics/comments/blhbio/bayesian_statisticians_what_does_your/empt85e/", "num_reports": null, "locked": false, "name": "t1_empt85e", "created": 1557239564.0, "author_flair_text": null, "treatment_tags": [], "created_utc": 1557210764.0, "subreddit_name_prefixed": "r/statistics", "controversiality": 0, "depth": 1, "author_flair_background_color": null, "collapsed_because_crowd_control": null, "mod_reports": [], "mod_note": null, "distinguished": null, "_fetched": true}, {"_replies": [], "_submission": "blhbio", "_reddit": "_reddit", "total_awards_received": 0, "approved_at_utc": null, "ups": 2, "awarders": [], "mod_reason_by": null, "banned_by": null, "author_flair_type": "text", "removal_reason": null, "link_id": "t3_blhbio", "author_flair_template_id": null, "likes": null, "user_reports": [], "saved": false, "id": "emp0p3a", "banned_at_utc": null, "mod_reason_title": null, "gilded": 0, "archived": true, "no_follow": true, "author": "Normbias", "can_mod_post": false, "send_replies": true, "parent_id": "t1_emog5bm", "score": 2, "author_fullname": "t2_17dto2", "report_reasons": null, "approved_by": null, "all_awardings": [], "subreddit_id": "t5_2qhfi", "collapsed": false, "body": "This is the first time I've heard a practical use of priors and small sample in a non textbook example. It makes a lot of sense now.", "edited": false, "author_flair_css_class": null, "is_submitter": false, "downs": 0, "author_flair_richtext": [], "author_patreon_flair": false, "body_html": "<div class=\"md\"><p>This is the first time I&#39;ve heard a practical use of priors and small sample in a non textbook example. It makes a lot of sense now.</p>\n</div>", "gildings": {}, "collapsed_reason": null, "associated_award": null, "stickied": false, "author_premium": false, "subreddit_type": "public", "can_gild": true, "subreddit": "statistics", "author_flair_text_color": null, "score_hidden": false, "permalink": "/r/statistics/comments/blhbio/bayesian_statisticians_what_does_your/emp0p3a/", "num_reports": null, "locked": false, "name": "t1_emp0p3a", "created": 1557217704.0, "author_flair_text": null, "treatment_tags": [], "created_utc": 1557188904.0, "subreddit_name_prefixed": "r/statistics", "controversiality": 0, "depth": 1, "author_flair_background_color": null, "collapsed_because_crowd_control": null, "mod_reports": [], "mod_note": null, "distinguished": null, "_fetched": true}, {"_replies": ["emoy9si"], "_submission": "blhbio", "_reddit": "_reddit", "total_awards_received": 0, "approved_at_utc": null, "ups": 1, "awarders": [], "mod_reason_by": null, "banned_by": null, "author_flair_type": "text", "removal_reason": null, "link_id": "t3_blhbio", "author_flair_template_id": null, "likes": null, "user_reports": [], "saved": false, "id": "emotfw4", "banned_at_utc": null, "mod_reason_title": null, "gilded": 0, "archived": true, "no_follow": true, "author": "Karsticles", "can_mod_post": false, "send_replies": true, "parent_id": "t1_emog5bm", "score": 1, "author_fullname": "t2_tcne0", "report_reasons": null, "approved_by": null, "all_awardings": [], "subreddit_id": "t5_2qhfi", "collapsed": false, "body": "How do you build a good prior for something like this?", "edited": false, "author_flair_css_class": null, "is_submitter": false, "downs": 0, "author_flair_richtext": [], "author_patreon_flair": false, "body_html": "<div class=\"md\"><p>How do you build a good prior for something like this?</p>\n</div>", "gildings": {}, "collapsed_reason": null, "associated_award": null, "stickied": false, "author_premium": false, "subreddit_type": "public", "can_gild": true, "subreddit": "statistics", "author_flair_text_color": null, "score_hidden": false, "permalink": "/r/statistics/comments/blhbio/bayesian_statisticians_what_does_your/emotfw4/", "num_reports": null, "locked": false, "name": "t1_emotfw4", "created": 1557213067.0, "author_flair_text": null, "treatment_tags": [], "created_utc": 1557184267.0, "subreddit_name_prefixed": "r/statistics", "controversiality": 0, "depth": 1, "author_flair_background_color": null, "collapsed_because_crowd_control": null, "mod_reports": [], "mod_note": null, "distinguished": null, "_fetched": true}, {"_replies": ["empcz1i"], "_submission": "blhbio", "_reddit": "_reddit", "total_awards_received": 0, "approved_at_utc": null, "ups": 1, "awarders": [], "mod_reason_by": null, "banned_by": null, "author_flair_type": "text", "removal_reason": null, "link_id": "t3_blhbio", "author_flair_template_id": null, "likes": null, "user_reports": [], "saved": false, "id": "empcvya", "banned_at_utc": null, "mod_reason_title": null, "gilded": 0, "archived": true, "no_follow": true, "author": "_Zer0_Cool_", "can_mod_post": false, "send_replies": true, "parent_id": "t1_emog5bm", "score": 1, "author_fullname": "t2_ifqls", "report_reasons": null, "approved_by": null, "all_awardings": [], "subreddit_id": "t5_2qhfi", "collapsed": false, "body": "Oooo. I'd love to get into the health care industry. Precision Medicine and Data Science is the next big thing IMO.\n\nWhat's your job title (if you don't mind me asking)? And how'd you get started into this industry?\n\nEdit: I use the term \"data science\" loosely.", "edited": false, "author_flair_css_class": null, "is_submitter": false, "downs": 0, "author_flair_richtext": [], "author_patreon_flair": false, "body_html": "<div class=\"md\"><p>Oooo. I&#39;d love to get into the health care industry. Precision Medicine and Data Science is the next big thing IMO.</p>\n\n<p>What&#39;s your job title (if you don&#39;t mind me asking)? And how&#39;d you get started into this industry?</p>\n\n<p>Edit: I use the term &quot;data science&quot; loosely.</p>\n</div>", "gildings": {}, "collapsed_reason": null, "associated_award": null, "stickied": false, "author_premium": false, "subreddit_type": "public", "can_gild": true, "subreddit": "statistics", "author_flair_text_color": null, "score_hidden": false, "permalink": "/r/statistics/comments/blhbio/bayesian_statisticians_what_does_your/empcvya/", "num_reports": null, "locked": false, "name": "t1_empcvya", "created": 1557226236.0, "author_flair_text": null, "treatment_tags": [], "created_utc": 1557197436.0, "subreddit_name_prefixed": "r/statistics", "controversiality": 0, "depth": 1, "author_flair_background_color": null, "collapsed_because_crowd_control": null, "mod_reports": [], "mod_note": null, "distinguished": null, "_fetched": true}, {"_replies": [], "_submission": "blhbio", "_reddit": "_reddit", "total_awards_received": 0, "approved_at_utc": null, "ups": 1, "awarders": [], "mod_reason_by": null, "banned_by": null, "author_flair_type": "text", "removal_reason": null, "link_id": "t3_blhbio", "author_flair_template_id": null, "likes": null, "user_reports": [], "saved": false, "id": "empg5tb", "banned_at_utc": null, "mod_reason_title": null, "gilded": 0, "archived": true, "no_follow": true, "author": "Vera_tyr", "can_mod_post": false, "send_replies": true, "parent_id": "t1_emog5bm", "score": 1, "author_fullname": "t2_34ouav0n", "report_reasons": null, "approved_by": null, "all_awardings": [], "subreddit_id": "t5_2qhfi", "collapsed": false, "body": "> I've also just been accepted to Google Summer of Code to help build methods for bayesian ODEs in PyMC3.\n\nOh that's awesome. Keep us updated.", "edited": false, "author_flair_css_class": null, "is_submitter": false, "downs": 0, "author_flair_richtext": [], "author_patreon_flair": false, "body_html": "<div class=\"md\"><blockquote>\n<p>I&#39;ve also just been accepted to Google Summer of Code to help build methods for bayesian ODEs in PyMC3.</p>\n</blockquote>\n\n<p>Oh that&#39;s awesome. Keep us updated.</p>\n</div>", "gildings": {}, "collapsed_reason": null, "associated_award": null, "stickied": false, "author_premium": false, "subreddit_type": "public", "can_gild": true, "subreddit": "statistics", "author_flair_text_color": null, "score_hidden": false, "permalink": "/r/statistics/comments/blhbio/bayesian_statisticians_what_does_your/empg5tb/", "num_reports": null, "locked": false, "name": "t1_empg5tb", "created": 1557228754.0, "author_flair_text": null, "treatment_tags": [], "created_utc": 1557199954.0, "subreddit_name_prefixed": "r/statistics", "controversiality": 0, "depth": 1, "author_flair_background_color": null, "collapsed_because_crowd_control": null, "mod_reports": [], "mod_note": null, "distinguished": null, "_fetched": true}, {"_replies": ["emqj57l"], "_submission": "blhbio", "_reddit": "_reddit", "total_awards_received": 0, "approved_at_utc": null, "ups": 1, "awarders": [], "mod_reason_by": null, "banned_by": null, "author_flair_type": "text", "removal_reason": null, "link_id": "t3_blhbio", "author_flair_template_id": null, "likes": null, "user_reports": [], "saved": false, "id": "emqe6mk", "banned_at_utc": null, "mod_reason_title": null, "gilded": 0, "archived": true, "no_follow": true, "author": "DReicht", "can_mod_post": false, "send_replies": true, "parent_id": "t1_emog5bm", "score": 1, "author_fullname": "t2_3euku", "report_reasons": null, "approved_by": null, "all_awardings": [], "subreddit_id": "t5_2qhfi", "collapsed": false, "body": "Bayesian ODEs?", "edited": false, "author_flair_css_class": null, "is_submitter": false, "downs": 0, "author_flair_richtext": [], "author_patreon_flair": false, "body_html": "<div class=\"md\"><p>Bayesian ODEs?</p>\n</div>", "gildings": {}, "collapsed_reason": null, "associated_award": null, "stickied": false, "author_premium": false, "subreddit_type": "public", "can_gild": true, "subreddit": "statistics", "author_flair_text_color": null, "score_hidden": false, "permalink": "/r/statistics/comments/blhbio/bayesian_statisticians_what_does_your/emqe6mk/", "num_reports": null, "locked": false, "name": "t1_emqe6mk", "created": 1557260530.0, "author_flair_text": null, "treatment_tags": [], "created_utc": 1557231730.0, "subreddit_name_prefixed": "r/statistics", "controversiality": 0, "depth": 1, "author_flair_background_color": null, "collapsed_because_crowd_control": null, "mod_reports": [], "mod_note": null, "distinguished": null, "_fetched": true}, {"_replies": ["emriqtn"], "_submission": "blhbio", "_reddit": "_reddit", "total_awards_received": 0, "approved_at_utc": null, "ups": 1, "awarders": [], "mod_reason_by": null, "banned_by": null, "author_flair_type": "text", "removal_reason": null, "link_id": "t3_blhbio", "author_flair_template_id": null, "likes": null, "user_reports": [], "saved": false, "id": "emr8vdx", "banned_at_utc": null, "mod_reason_title": null, "gilded": 0, "archived": true, "no_follow": true, "author": "midianite_rambler", "can_mod_post": false, "send_replies": true, "parent_id": "t1_emog5bm", "score": 1, "author_fullname": "t2_4za7z", "report_reasons": null, "approved_by": null, "all_awardings": [], "subreddit_id": "t5_2qhfi", "collapsed": false, "body": "Can you post some references for your publications? GSOC project? etc? Thanks a lot. I am presently working in a biomedical engineering dept and trying to find an angle for working on exactly that stuff (Bayesian inference in ODE's). Currently doing mostly software development and looking for a way to pitch a more researchy project.", "edited": false, "author_flair_css_class": null, "is_submitter": false, "downs": 0, "author_flair_richtext": [], "author_patreon_flair": false, "body_html": "<div class=\"md\"><p>Can you post some references for your publications? GSOC project? etc? Thanks a lot. I am presently working in a biomedical engineering dept and trying to find an angle for working on exactly that stuff (Bayesian inference in ODE&#39;s). Currently doing mostly software development and looking for a way to pitch a more researchy project.</p>\n</div>", "gildings": {}, "collapsed_reason": null, "associated_award": null, "stickied": false, "author_premium": false, "subreddit_type": "public", "can_gild": true, "subreddit": "statistics", "author_flair_text_color": null, "score_hidden": false, "permalink": "/r/statistics/comments/blhbio/bayesian_statisticians_what_does_your/emr8vdx/", "num_reports": null, "locked": false, "name": "t1_emr8vdx", "created": 1557279148.0, "author_flair_text": null, "treatment_tags": [], "created_utc": 1557250348.0, "subreddit_name_prefixed": "r/statistics", "controversiality": 0, "depth": 1, "author_flair_background_color": null, "collapsed_because_crowd_control": null, "mod_reports": [], "mod_note": null, "distinguished": null, "_fetched": true}, {"_replies": [], "_submission": "blhbio", "_reddit": "_reddit", "total_awards_received": 0, "approved_at_utc": null, "ups": 0, "awarders": [], "mod_reason_by": null, "banned_by": null, "author_flair_type": "text", "removal_reason": null, "link_id": "t3_blhbio", "author_flair_template_id": null, "likes": null, "user_reports": [], "saved": false, "id": "empl6u0", "banned_at_utc": null, "mod_reason_title": null, "gilded": 0, "archived": true, "no_follow": true, "author": "the42up", "can_mod_post": false, "send_replies": true, "parent_id": "t1_emog5bm", "score": 0, "author_fullname": "t2_jco3h", "report_reasons": null, "approved_by": null, "all_awardings": [], "subreddit_id": "t5_2qhfi", "collapsed": false, "body": "ahh yes, the mythical good subjective prior. \n\nWhere I have found applications of bayesian statistics at their weakest are in explaining where in the world they get their informative priors. Hand waiving seems to be a common way to deal with priors in research. But this could also be that the requisite skillset to apply bayesian statistics is greater than frequentist. Researchers are not altogether comfortable with frequentist statistics so its reasonable to believe that they might be less comfortable with bayesian. \n\nBayesian has been moving steadily away from informative priors. With good reason as well. There are times when adding in additional information is reasonable- e.g. limiting possible values or favor some values over another. You get the same thing from regularization and weighting. \n\nThere is value in bayesian statistics. Bayesian additive regression trees are useful application. Trying to circumvent lack of statistical power by pulling a subjective prior out of thin air is probably not a useful application of bayesian statistics.", "edited": false, "author_flair_css_class": null, "is_submitter": false, "downs": 0, "author_flair_richtext": [], "author_patreon_flair": false, "body_html": "<div class=\"md\"><p>ahh yes, the mythical good subjective prior. </p>\n\n<p>Where I have found applications of bayesian statistics at their weakest are in explaining where in the world they get their informative priors. Hand waiving seems to be a common way to deal with priors in research. But this could also be that the requisite skillset to apply bayesian statistics is greater than frequentist. Researchers are not altogether comfortable with frequentist statistics so its reasonable to believe that they might be less comfortable with bayesian. </p>\n\n<p>Bayesian has been moving steadily away from informative priors. With good reason as well. There are times when adding in additional information is reasonable- e.g. limiting possible values or favor some values over another. You get the same thing from regularization and weighting. </p>\n\n<p>There is value in bayesian statistics. Bayesian additive regression trees are useful application. Trying to circumvent lack of statistical power by pulling a subjective prior out of thin air is probably not a useful application of bayesian statistics.</p>\n</div>", "gildings": {}, "collapsed_reason": null, "associated_award": null, "stickied": false, "author_premium": false, "subreddit_type": "public", "can_gild": true, "subreddit": "statistics", "author_flair_text_color": null, "score_hidden": false, "permalink": "/r/statistics/comments/blhbio/bayesian_statisticians_what_does_your/empl6u0/", "num_reports": null, "locked": false, "name": "t1_empl6u0", "created": 1557232678.0, "author_flair_text": null, "treatment_tags": [], "created_utc": 1557203878.0, "subreddit_name_prefixed": "r/statistics", "controversiality": 1, "depth": 1, "author_flair_background_color": null, "collapsed_because_crowd_control": null, "mod_reports": [], "mod_note": null, "distinguished": null, "_fetched": true}, {"_replies": [], "_submission": "blhbio", "_reddit": "_reddit", "total_awards_received": 0, "approved_at_utc": null, "ups": 1, "awarders": [], "mod_reason_by": null, "banned_by": null, "author_flair_type": "text", "removal_reason": null, "link_id": "t3_blhbio", "author_flair_template_id": null, "likes": null, "user_reports": [], "saved": false, "id": "emoyp1w", "banned_at_utc": null, "mod_reason_title": null, "gilded": 0, "archived": true, "no_follow": true, "author": "FlimFlamFlamberge", "can_mod_post": false, "send_replies": true, "parent_id": "t1_emog5bm", "score": 1, "author_fullname": "t2_13hiz9", "report_reasons": null, "approved_by": null, "all_awardings": [], "subreddit_id": "t5_2qhfi", "collapsed": false, "body": "That. Is. Crazy. Dope. Sorry, I\u2019m a Bayes nerd and find that outstanding. Make all the things! Us rando research people downstream need you (and therefore love you) for it! I am a  psychometrician and would love to know if you or anyone has come up with some kind of personalized approach (what priors have emerged, any previous lit on anything) for modeling chronic pain.\n\nEdit: Just read the above comment where you explained the process and feel like the spirit of my question was more or less answered in that. Thank you!", "edited": 1557201092.0, "author_flair_css_class": null, "is_submitter": false, "downs": 0, "author_flair_richtext": [], "author_patreon_flair": false, "body_html": "<div class=\"md\"><p>That. Is. Crazy. Dope. Sorry, I\u2019m a Bayes nerd and find that outstanding. Make all the things! Us rando research people downstream need you (and therefore love you) for it! I am a  psychometrician and would love to know if you or anyone has come up with some kind of personalized approach (what priors have emerged, any previous lit on anything) for modeling chronic pain.</p>\n\n<p>Edit: Just read the above comment where you explained the process and feel like the spirit of my question was more or less answered in that. Thank you!</p>\n</div>", "gildings": {}, "collapsed_reason": null, "associated_award": null, "stickied": false, "author_premium": false, "subreddit_type": "public", "can_gild": true, "subreddit": "statistics", "author_flair_text_color": null, "score_hidden": false, "permalink": "/r/statistics/comments/blhbio/bayesian_statisticians_what_does_your/emoyp1w/", "num_reports": null, "locked": false, "name": "t1_emoyp1w", "created": 1557216369.0, "author_flair_text": null, "treatment_tags": [], "created_utc": 1557187569.0, "subreddit_name_prefixed": "r/statistics", "controversiality": 0, "depth": 1, "author_flair_background_color": null, "collapsed_because_crowd_control": null, "mod_reports": [], "mod_note": null, "distinguished": null, "_fetched": true}, {"_replies": ["empbrmp"], "_submission": "blhbio", "_reddit": "_reddit", "total_awards_received": 0, "approved_at_utc": null, "ups": 3, "awarders": [], "mod_reason_by": null, "banned_by": null, "author_flair_type": "text", "removal_reason": null, "link_id": "t3_blhbio", "author_flair_template_id": null, "likes": null, "user_reports": [], "saved": false, "id": "emoy2do", "banned_at_utc": null, "mod_reason_title": null, "gilded": 0, "archived": true, "no_follow": true, "author": "FlimFlamFlamberge", "can_mod_post": false, "send_replies": true, "parent_id": "t1_emohrav", "score": 3, "author_fullname": "t2_13hiz9", "report_reasons": null, "approved_by": null, "all_awardings": [], "subreddit_id": "t5_2qhfi", "collapsed": false, "body": "That\u2019s dope. Is that like the potential scale reduction factor I think created by Gelman?", "edited": false, "author_flair_css_class": null, "is_submitter": false, "downs": 0, "author_flair_richtext": [], "author_patreon_flair": false, "body_html": "<div class=\"md\"><p>That\u2019s dope. Is that like the potential scale reduction factor I think created by Gelman?</p>\n</div>", "gildings": {}, "collapsed_reason": null, "associated_award": null, "stickied": false, "author_premium": false, "subreddit_type": "public", "can_gild": true, "subreddit": "statistics", "author_flair_text_color": null, "score_hidden": false, "permalink": "/r/statistics/comments/blhbio/bayesian_statisticians_what_does_your/emoy2do/", "num_reports": null, "locked": false, "name": "t1_emoy2do", "created": 1557215961.0, "author_flair_text": null, "treatment_tags": [], "created_utc": 1557187161.0, "subreddit_name_prefixed": "r/statistics", "controversiality": 0, "depth": 1, "author_flair_background_color": null, "collapsed_because_crowd_control": null, "mod_reports": [], "mod_note": null, "distinguished": null, "_fetched": true}, {"_replies": [], "_submission": "blhbio", "_reddit": "_reddit", "total_awards_received": 0, "approved_at_utc": null, "ups": 2, "awarders": [], "mod_reason_by": null, "banned_by": null, "author_flair_type": "text", "removal_reason": null, "link_id": "t3_blhbio", "author_flair_template_id": null, "likes": null, "user_reports": [], "saved": false, "id": "emphs6b", "banned_at_utc": null, "mod_reason_title": null, "gilded": 0, "archived": true, "no_follow": true, "author": "not_really_redditing", "can_mod_post": false, "send_replies": true, "parent_id": "t1_emohrav", "score": 2, "author_fullname": "t2_b3zkz", "report_reasons": null, "approved_by": null, "all_awardings": [], "subreddit_id": "t5_2qhfi", "collapsed": false, "body": "Thank you for your service. Results on convergence are quite useful and are far beyond my ability to prove.", "edited": false, "author_flair_css_class": null, "is_submitter": false, "downs": 0, "author_flair_richtext": [], "author_patreon_flair": false, "body_html": "<div class=\"md\"><p>Thank you for your service. Results on convergence are quite useful and are far beyond my ability to prove.</p>\n</div>", "gildings": {}, "collapsed_reason": null, "associated_award": null, "stickied": false, "author_premium": false, "subreddit_type": "public", "can_gild": true, "subreddit": "statistics", "author_flair_text_color": null, "score_hidden": false, "permalink": "/r/statistics/comments/blhbio/bayesian_statisticians_what_does_your/emphs6b/", "num_reports": null, "locked": false, "name": "t1_emphs6b", "created": 1557230082.0, "author_flair_text": null, "treatment_tags": [], "created_utc": 1557201282.0, "subreddit_name_prefixed": "r/statistics", "controversiality": 0, "depth": 1, "author_flair_background_color": null, "collapsed_because_crowd_control": null, "mod_reports": [], "mod_note": null, "distinguished": null, "_fetched": true}, {"_replies": [], "_submission": "blhbio", "_reddit": "_reddit", "total_awards_received": 0, "approved_at_utc": null, "ups": 0, "awarders": [], "mod_reason_by": null, "banned_by": null, "author_flair_type": "text", "removal_reason": null, "link_id": "t3_blhbio", "author_flair_template_id": null, "likes": null, "user_reports": [], "saved": false, "id": "emot9s1", "banned_at_utc": null, "mod_reason_title": null, "gilded": 0, "archived": true, "no_follow": true, "author": "awayand", "can_mod_post": false, "send_replies": true, "parent_id": "t1_emohrav", "score": 0, "author_fullname": "t2_51v6h", "report_reasons": null, "approved_by": null, "all_awardings": [], "subreddit_id": "t5_2qhfi", "collapsed": false, "body": "in English? ;)", "edited": false, "author_flair_css_class": null, "is_submitter": false, "downs": 0, "author_flair_richtext": [], "author_patreon_flair": false, "body_html": "<div class=\"md\"><p>in English? ;)</p>\n</div>", "gildings": {}, "collapsed_reason": null, "associated_award": null, "stickied": false, "author_premium": true, "subreddit_type": "public", "can_gild": true, "subreddit": "statistics", "author_flair_text_color": null, "score_hidden": false, "permalink": "/r/statistics/comments/blhbio/bayesian_statisticians_what_does_your/emot9s1/", "num_reports": null, "locked": false, "name": "t1_emot9s1", "created": 1557212954.0, "author_flair_text": null, "treatment_tags": [], "created_utc": 1557184154.0, "subreddit_name_prefixed": "r/statistics", "controversiality": 1, "depth": 1, "author_flair_background_color": null, "collapsed_because_crowd_control": null, "mod_reports": [], "mod_note": null, "distinguished": null, "_fetched": true}, {"_replies": [], "_submission": "blhbio", "_reddit": "_reddit", "total_awards_received": 0, "approved_at_utc": null, "ups": 1, "awarders": [], "mod_reason_by": null, "banned_by": null, "author_flair_type": "text", "removal_reason": null, "link_id": "t3_blhbio", "author_flair_template_id": null, "likes": null, "user_reports": [], "saved": false, "id": "emphrv2", "banned_at_utc": null, "mod_reason_title": null, "gilded": 0, "archived": true, "no_follow": true, "author": "Roytee", "can_mod_post": false, "send_replies": true, "parent_id": "t1_emoqa9v", "score": 1, "author_fullname": "t2_9hxq8", "report_reasons": null, "approved_by": null, "all_awardings": [], "subreddit_id": "t5_2qhfi", "collapsed": false, "body": "Actuary turned data scientist here! I was leading efforts for moving our rules-based automated underwriting engine into a data-driven model using a Bayesian belief network. I unfortunately left half through the project for a different job (move unrelated to the job).", "edited": false, "author_flair_css_class": null, "is_submitter": false, "downs": 0, "author_flair_richtext": [], "author_patreon_flair": false, "body_html": "<div class=\"md\"><p>Actuary turned data scientist here! I was leading efforts for moving our rules-based automated underwriting engine into a data-driven model using a Bayesian belief network. I unfortunately left half through the project for a different job (move unrelated to the job).</p>\n</div>", "gildings": {}, "collapsed_reason": null, "associated_award": null, "stickied": false, "author_premium": false, "subreddit_type": "public", "can_gild": true, "subreddit": "statistics", "author_flair_text_color": null, "score_hidden": false, "permalink": "/r/statistics/comments/blhbio/bayesian_statisticians_what_does_your/emphrv2/", "num_reports": null, "locked": false, "name": "t1_emphrv2", "created": 1557230075.0, "author_flair_text": null, "treatment_tags": [], "created_utc": 1557201275.0, "subreddit_name_prefixed": "r/statistics", "controversiality": 0, "depth": 1, "author_flair_background_color": null, "collapsed_because_crowd_control": null, "mod_reports": [], "mod_note": null, "distinguished": null, "_fetched": true}, {"_replies": ["empq0tl"], "_submission": "blhbio", "_reddit": "_reddit", "total_awards_received": 0, "approved_at_utc": null, "ups": 2, "awarders": [], "mod_reason_by": null, "banned_by": null, "author_flair_type": "text", "removal_reason": null, "link_id": "t3_blhbio", "author_flair_template_id": null, "likes": null, "user_reports": [], "saved": false, "id": "emoya86", "banned_at_utc": null, "mod_reason_title": null, "gilded": 0, "archived": true, "no_follow": true, "author": "FlimFlamFlamberge", "can_mod_post": false, "send_replies": true, "parent_id": "t1_emoijci", "score": 2, "author_fullname": "t2_13hiz9", "report_reasons": null, "approved_by": null, "all_awardings": [], "subreddit_id": "t5_2qhfi", "collapsed": false, "body": "That\u2019s a cool application! Is this some kind of corpus data for applied linguistics? Reminds me of the LIWC, and might be some way to improve the validity of those sorts of approaches.", "edited": false, "author_flair_css_class": null, "is_submitter": false, "downs": 0, "author_flair_richtext": [], "author_patreon_flair": false, "body_html": "<div class=\"md\"><p>That\u2019s a cool application! Is this some kind of corpus data for applied linguistics? Reminds me of the LIWC, and might be some way to improve the validity of those sorts of approaches.</p>\n</div>", "gildings": {}, "collapsed_reason": null, "associated_award": null, "stickied": false, "author_premium": false, "subreddit_type": "public", "can_gild": true, "subreddit": "statistics", "author_flair_text_color": null, "score_hidden": false, "permalink": "/r/statistics/comments/blhbio/bayesian_statisticians_what_does_your/emoya86/", "num_reports": null, "locked": false, "name": "t1_emoya86", "created": 1557216102.0, "author_flair_text": null, "treatment_tags": [], "created_utc": 1557187302.0, "subreddit_name_prefixed": "r/statistics", "controversiality": 0, "depth": 1, "author_flair_background_color": null, "collapsed_because_crowd_control": null, "mod_reports": [], "mod_note": null, "distinguished": null, "_fetched": true}, {"_replies": ["emp5low", "empxarc"], "_submission": "blhbio", "_reddit": "_reddit", "total_awards_received": 0, "approved_at_utc": null, "ups": 7, "awarders": [], "mod_reason_by": null, "banned_by": null, "author_flair_type": "text", "removal_reason": null, "link_id": "t3_blhbio", "author_flair_template_id": null, "likes": null, "user_reports": [], "saved": false, "id": "emp232m", "banned_at_utc": null, "mod_reason_title": null, "gilded": 0, "archived": true, "no_follow": false, "author": "khaberni", "can_mod_post": false, "send_replies": true, "parent_id": "t1_emp1hzf", "score": 7, "author_fullname": "t2_sixsw", "report_reasons": null, "approved_by": null, "all_awardings": [], "subreddit_id": "t5_2qhfi", "collapsed": false, "body": "Well start with Statistical Rethinking and then of course \u201cthe book\u201d on bayesian statistics Bayesian Data Analysis. \n\nThe first one has a video lecture series with it on YouTube. Highly recommended. The second book has really nice and broad set of examples that always use as a baseline approach to any problem I encounter.", "edited": false, "author_flair_css_class": null, "is_submitter": false, "downs": 0, "author_flair_richtext": [], "author_patreon_flair": false, "body_html": "<div class=\"md\"><p>Well start with Statistical Rethinking and then of course \u201cthe book\u201d on bayesian statistics Bayesian Data Analysis. </p>\n\n<p>The first one has a video lecture series with it on YouTube. Highly recommended. The second book has really nice and broad set of examples that always use as a baseline approach to any problem I encounter.</p>\n</div>", "gildings": {}, "collapsed_reason": null, "associated_award": null, "stickied": false, "author_premium": false, "subreddit_type": "public", "can_gild": true, "subreddit": "statistics", "author_flair_text_color": null, "score_hidden": false, "permalink": "/r/statistics/comments/blhbio/bayesian_statisticians_what_does_your/emp232m/", "num_reports": null, "locked": false, "name": "t1_emp232m", "created": 1557218659.0, "author_flair_text": null, "treatment_tags": [], "created_utc": 1557189859.0, "subreddit_name_prefixed": "r/statistics", "controversiality": 0, "depth": 1, "author_flair_background_color": null, "collapsed_because_crowd_control": null, "mod_reports": [], "mod_note": null, "distinguished": null, "_fetched": true}, {"_replies": [], "_submission": "blhbio", "_reddit": "_reddit", "total_awards_received": 0, "approved_at_utc": null, "ups": 1, "awarders": [], "mod_reason_by": null, "banned_by": null, "author_flair_type": "text", "removal_reason": null, "link_id": "t3_blhbio", "author_flair_template_id": null, "likes": null, "user_reports": [], "saved": false, "id": "empzofo", "banned_at_utc": null, "mod_reason_title": null, "gilded": 0, "archived": true, "no_follow": true, "author": "obsoletelearner", "can_mod_post": false, "send_replies": true, "parent_id": "t1_emp1hzf", "score": 1, "author_fullname": "t2_b86xu", "report_reasons": null, "approved_by": null, "all_awardings": [], "subreddit_id": "t5_2qhfi", "collapsed": false, "body": "I think you should start with \"Bayesian Logical Data Analysis for the Physical Sciences A Comparative Approach with Mathematica\u00ae Support\". Its very nice, although sometimes it leaves a few explanations open. \nlink :https://www.cambridge.org/pl/academic/subjects/statistics-probability/statistics-physical-sciences-and-engineering/bayesian-logical-data-analysis-physical-sciences-comparative-approach-mathematica-support#bookPeople", "edited": false, "author_flair_css_class": null, "is_submitter": false, "downs": 0, "author_flair_richtext": [], "author_patreon_flair": false, "body_html": "<div class=\"md\"><p>I think you should start with &quot;Bayesian Logical Data Analysis for the Physical Sciences A Comparative Approach with Mathematica\u00ae Support&quot;. Its very nice, although sometimes it leaves a few explanations open. \nlink :<a href=\"https://www.cambridge.org/pl/academic/subjects/statistics-probability/statistics-physical-sciences-and-engineering/bayesian-logical-data-analysis-physical-sciences-comparative-approach-mathematica-support#bookPeople\">https://www.cambridge.org/pl/academic/subjects/statistics-probability/statistics-physical-sciences-and-engineering/bayesian-logical-data-analysis-physical-sciences-comparative-approach-mathematica-support#bookPeople</a></p>\n</div>", "gildings": {}, "collapsed_reason": null, "associated_award": null, "stickied": false, "author_premium": false, "subreddit_type": "public", "can_gild": true, "subreddit": "statistics", "author_flair_text_color": null, "score_hidden": false, "permalink": "/r/statistics/comments/blhbio/bayesian_statisticians_what_does_your/empzofo/", "num_reports": null, "locked": false, "name": "t1_empzofo", "created": 1557246446.0, "author_flair_text": null, "treatment_tags": [], "created_utc": 1557217646.0, "subreddit_name_prefixed": "r/statistics", "controversiality": 0, "depth": 1, "author_flair_background_color": null, "collapsed_because_crowd_control": null, "mod_reports": [], "mod_note": null, "distinguished": null, "_fetched": true}, {"_replies": ["emrsofh"], "_submission": "blhbio", "_reddit": "_reddit", "total_awards_received": 0, "approved_at_utc": null, "ups": 1, "awarders": [], "mod_reason_by": null, "banned_by": null, "author_flair_type": "text", "removal_reason": null, "link_id": "t3_blhbio", "author_flair_template_id": null, "likes": null, "user_reports": [], "saved": false, "id": "emrqfl9", "banned_at_utc": null, "mod_reason_title": null, "gilded": 0, "archived": true, "no_follow": true, "author": "MikeEdoxx", "can_mod_post": false, "send_replies": true, "parent_id": "t1_empfgjb", "score": 1, "author_fullname": "t2_14k6m8", "report_reasons": null, "approved_by": null, "all_awardings": [], "subreddit_id": "t5_2qhfi", "collapsed": false, "body": "Do you know how to compute a derivative?", "edited": false, "author_flair_css_class": null, "is_submitter": false, "downs": 0, "author_flair_richtext": [], "author_patreon_flair": false, "body_html": "<div class=\"md\"><p>Do you know how to compute a derivative?</p>\n</div>", "gildings": {}, "collapsed_reason": null, "associated_award": null, "stickied": false, "author_premium": false, "subreddit_type": "public", "can_gild": true, "subreddit": "statistics", "author_flair_text_color": null, "score_hidden": false, "permalink": "/r/statistics/comments/blhbio/bayesian_statisticians_what_does_your/emrqfl9/", "num_reports": null, "locked": false, "name": "t1_emrqfl9", "created": 1557289548.0, "author_flair_text": null, "treatment_tags": [], "created_utc": 1557260748.0, "subreddit_name_prefixed": "r/statistics", "controversiality": 0, "depth": 1, "author_flair_background_color": null, "collapsed_because_crowd_control": null, "mod_reports": [], "mod_note": null, "distinguished": null, "_fetched": true}, {"_replies": ["enhu15x"], "_submission": "blhbio", "_reddit": "_reddit", "total_awards_received": 0, "approved_at_utc": null, "ups": 1, "awarders": [], "mod_reason_by": null, "banned_by": null, "author_flair_type": "text", "removal_reason": null, "link_id": "t3_blhbio", "author_flair_template_id": null, "likes": null, "user_reports": [], "saved": false, "id": "en8wkcl", "banned_at_utc": null, "mod_reason_title": null, "gilded": 0, "archived": true, "no_follow": true, "author": "midianite_rambler", "can_mod_post": false, "created_utc": 1557690865.0, "send_replies": true, "parent_id": "t1_empt85e", "score": 1, "author_fullname": "t2_4za7z", "report_reasons": null, "approved_by": null, "all_awardings": [], "subreddit_id": "t5_2qhfi", "body": "What is the Twitter feed which you follow? Thanks. I tried to search for it but wasn't able to figure it out.", "edited": false, "author_flair_css_class": null, "is_submitter": false, "downs": 0, "author_flair_richtext": [], "author_patreon_flair": false, "body_html": "<div class=\"md\"><p>What is the Twitter feed which you follow? Thanks. I tried to search for it but wasn&#39;t able to figure it out.</p>\n</div>", "gildings": {}, "collapsed_reason": null, "associated_award": null, "stickied": false, "author_premium": false, "subreddit_type": "public", "can_gild": true, "subreddit": "statistics", "author_flair_text_color": null, "score_hidden": false, "permalink": "/r/statistics/comments/blhbio/bayesian_statisticians_what_does_your/en8wkcl/", "num_reports": null, "locked": false, "name": "t1_en8wkcl", "created": 1557719665.0, "author_flair_text": null, "treatment_tags": [], "collapsed": false, "subreddit_name_prefixed": "r/statistics", "controversiality": 0, "depth": 2, "author_flair_background_color": null, "collapsed_because_crowd_control": null, "mod_reports": [], "mod_note": null, "distinguished": null, "_fetched": true}, {"_replies": ["empg6ap"], "_submission": "blhbio", "_reddit": "_reddit", "total_awards_received": 0, "approved_at_utc": null, "ups": 6, "awarders": [], "mod_reason_by": null, "banned_by": null, "author_flair_type": "text", "removal_reason": null, "link_id": "t3_blhbio", "author_flair_template_id": null, "likes": null, "user_reports": [], "saved": false, "id": "empbrmp", "banned_at_utc": null, "mod_reason_title": null, "gilded": 0, "archived": true, "no_follow": false, "author": "Wbw_bbt", "can_mod_post": false, "created_utc": 1557196613.0, "send_replies": true, "parent_id": "t1_emoy2do", "score": 6, "author_fullname": "t2_3vmipba", "report_reasons": null, "approved_by": null, "all_awardings": [], "subreddit_id": "t5_2qhfi", "body": "It\u2019s often about proving that the markov chain corresponding to a particular MCMC algorithm is *geometrically ergodic*, meaning that the Markov chain converges to its stationary distribution (the posterior) at a geometric rate. \n\nGeometric ergodicity plus a bit more than a second moment is sufficient for a Markov chain CLT, which allows you to get valid asymptotic standard errors for your MCMC based estimators, which is often something people gloss over in practice.", "edited": false, "author_flair_css_class": null, "is_submitter": false, "downs": 0, "author_flair_richtext": [], "author_patreon_flair": false, "body_html": "<div class=\"md\"><p>It\u2019s often about proving that the markov chain corresponding to a particular MCMC algorithm is <em>geometrically ergodic</em>, meaning that the Markov chain converges to its stationary distribution (the posterior) at a geometric rate. </p>\n\n<p>Geometric ergodicity plus a bit more than a second moment is sufficient for a Markov chain CLT, which allows you to get valid asymptotic standard errors for your MCMC based estimators, which is often something people gloss over in practice.</p>\n</div>", "gildings": {}, "collapsed_reason": null, "associated_award": null, "stickied": false, "author_premium": false, "subreddit_type": "public", "can_gild": true, "subreddit": "statistics", "author_flair_text_color": null, "score_hidden": false, "permalink": "/r/statistics/comments/blhbio/bayesian_statisticians_what_does_your/empbrmp/", "num_reports": null, "locked": false, "name": "t1_empbrmp", "created": 1557225413.0, "author_flair_text": null, "treatment_tags": [], "collapsed": false, "subreddit_name_prefixed": "r/statistics", "controversiality": 0, "depth": 2, "author_flair_background_color": null, "collapsed_because_crowd_control": null, "mod_reports": [], "mod_note": null, "distinguished": null, "_fetched": true}, {"_replies": [], "_submission": "blhbio", "_reddit": "_reddit", "total_awards_received": 0, "approved_at_utc": null, "ups": 2, "awarders": [], "mod_reason_by": null, "banned_by": null, "author_flair_type": "text", "removal_reason": null, "link_id": "t3_blhbio", "author_flair_template_id": null, "likes": null, "user_reports": [], "saved": false, "id": "empq0tl", "banned_at_utc": null, "mod_reason_title": null, "gilded": 0, "archived": true, "no_follow": true, "author": "applingu", "can_mod_post": false, "created_utc": 1557207958.0, "send_replies": true, "parent_id": "t1_emoya86", "score": 2, "author_fullname": "t2_qrcj0xf", "report_reasons": null, "approved_by": null, "all_awardings": [], "subreddit_id": "t5_2qhfi", "body": "Thanks! I wasn't really aware of LIWC as I usually work with AntConc, some web based tools and R when it comes to text analysis. Looks like a great tool really, especially the sentiment analysis part. I'll definitely look into it, so thanks again! \n\nRegarding your question, my research was not based on corpus data. I had 3 psychometric scales and a demographic questionnaire for data collection. Honestly, my primary aim in this research was to see how Bayesian statistics could be useful for me and apparently it is quite useful. But I'm positive that it could be useful with corpus data as well. After seeing how informative it is, it really makes much more sense to use Bayesian statistics for my research now.", "edited": false, "author_flair_css_class": null, "is_submitter": false, "downs": 0, "author_flair_richtext": [], "author_patreon_flair": false, "body_html": "<div class=\"md\"><p>Thanks! I wasn&#39;t really aware of LIWC as I usually work with AntConc, some web based tools and R when it comes to text analysis. Looks like a great tool really, especially the sentiment analysis part. I&#39;ll definitely look into it, so thanks again! </p>\n\n<p>Regarding your question, my research was not based on corpus data. I had 3 psychometric scales and a demographic questionnaire for data collection. Honestly, my primary aim in this research was to see how Bayesian statistics could be useful for me and apparently it is quite useful. But I&#39;m positive that it could be useful with corpus data as well. After seeing how informative it is, it really makes much more sense to use Bayesian statistics for my research now.</p>\n</div>", "gildings": {}, "collapsed_reason": null, "associated_award": null, "stickied": false, "author_premium": false, "subreddit_type": "public", "can_gild": true, "subreddit": "statistics", "author_flair_text_color": null, "score_hidden": false, "permalink": "/r/statistics/comments/blhbio/bayesian_statisticians_what_does_your/empq0tl/", "num_reports": null, "locked": false, "name": "t1_empq0tl", "created": 1557236758.0, "author_flair_text": null, "treatment_tags": [], "collapsed": false, "subreddit_name_prefixed": "r/statistics", "controversiality": 0, "depth": 2, "author_flair_background_color": null, "collapsed_because_crowd_control": null, "mod_reports": [], "mod_note": null, "distinguished": null, "_fetched": true}, {"_replies": [], "_submission": "blhbio", "_reddit": "_reddit", "total_awards_received": 0, "approved_at_utc": null, "ups": 3, "awarders": [], "mod_reason_by": null, "banned_by": null, "author_flair_type": "text", "removal_reason": null, "link_id": "t3_blhbio", "author_flair_template_id": null, "likes": null, "user_reports": [], "saved": false, "id": "emp5low", "banned_at_utc": null, "mod_reason_title": null, "gilded": 0, "archived": true, "no_follow": false, "author": "hurhurdedur", "can_mod_post": false, "created_utc": 1557192226.0, "send_replies": true, "parent_id": "t1_emp232m", "score": 3, "author_fullname": "t2_fv9tc", "report_reasons": null, "approved_by": null, "all_awardings": [], "subreddit_id": "t5_2qhfi", "body": "Yeah, Statistical Rethinking is a great introduction. It's the most well-written stats book I've ever come across, poetic in some places even.", "edited": false, "author_flair_css_class": null, "is_submitter": false, "downs": 0, "author_flair_richtext": [], "author_patreon_flair": false, "body_html": "<div class=\"md\"><p>Yeah, Statistical Rethinking is a great introduction. It&#39;s the most well-written stats book I&#39;ve ever come across, poetic in some places even.</p>\n</div>", "gildings": {}, "collapsed_reason": null, "associated_award": null, "stickied": false, "author_premium": false, "subreddit_type": "public", "can_gild": true, "subreddit": "statistics", "author_flair_text_color": null, "score_hidden": false, "permalink": "/r/statistics/comments/blhbio/bayesian_statisticians_what_does_your/emp5low/", "num_reports": null, "locked": false, "name": "t1_emp5low", "created": 1557221026.0, "author_flair_text": null, "treatment_tags": [], "collapsed": false, "subreddit_name_prefixed": "r/statistics", "controversiality": 0, "depth": 2, "author_flair_background_color": null, "collapsed_because_crowd_control": null, "mod_reports": [], "mod_note": null, "distinguished": null, "_fetched": true}, {"_replies": [], "_submission": "blhbio", "_reddit": "_reddit", "total_awards_received": 0, "approved_at_utc": null, "ups": 1, "awarders": [], "mod_reason_by": null, "banned_by": null, "author_flair_type": "text", "removal_reason": null, "link_id": "t3_blhbio", "author_flair_template_id": null, "likes": null, "user_reports": [], "saved": false, "id": "empxarc", "banned_at_utc": null, "mod_reason_title": null, "gilded": 0, "archived": true, "no_follow": true, "author": "StiffWood", "can_mod_post": false, "created_utc": 1557215168.0, "send_replies": true, "parent_id": "t1_emp232m", "score": 1, "author_fullname": "t2_aez35", "report_reasons": null, "approved_by": null, "all_awardings": [], "subreddit_id": "t5_2qhfi", "body": "I second that. Read the book and watch the lectures on YT while going through the chapters. Richard McElreath is great!\n\nAlso, Doing Bayesian Data Analysis by John K. Kruschke is a good and thorough book.", "edited": false, "author_flair_css_class": null, "is_submitter": false, "downs": 0, "author_flair_richtext": [], "author_patreon_flair": false, "body_html": "<div class=\"md\"><p>I second that. Read the book and watch the lectures on YT while going through the chapters. Richard McElreath is great!</p>\n\n<p>Also, Doing Bayesian Data Analysis by John K. Kruschke is a good and thorough book.</p>\n</div>", "gildings": {}, "collapsed_reason": null, "associated_award": null, "stickied": false, "author_premium": false, "subreddit_type": "public", "can_gild": true, "subreddit": "statistics", "author_flair_text_color": null, "score_hidden": false, "permalink": "/r/statistics/comments/blhbio/bayesian_statisticians_what_does_your/empxarc/", "num_reports": null, "locked": false, "name": "t1_empxarc", "created": 1557243968.0, "author_flair_text": null, "treatment_tags": [], "collapsed": false, "subreddit_name_prefixed": "r/statistics", "controversiality": 0, "depth": 2, "author_flair_background_color": null, "collapsed_because_crowd_control": null, "mod_reports": [], "mod_note": null, "distinguished": null, "_fetched": true}, {"_replies": [], "_submission": "blhbio", "_reddit": "_reddit", "total_awards_received": 0, "approved_at_utc": null, "ups": 1, "awarders": [], "mod_reason_by": null, "banned_by": null, "author_flair_type": "text", "removal_reason": null, "link_id": "t3_blhbio", "author_flair_template_id": null, "likes": null, "user_reports": [], "saved": false, "id": "emrsofh", "banned_at_utc": null, "mod_reason_title": null, "gilded": 0, "archived": true, "no_follow": true, "author": "DatAmygdala", "can_mod_post": false, "created_utc": 1557262114.0, "send_replies": true, "parent_id": "t1_emrqfl9", "score": 1, "author_fullname": "t2_dw02b", "report_reasons": null, "approved_by": null, "all_awardings": [], "subreddit_id": "t5_2qhfi", "body": "Yeah, just did it yesterday :)", "edited": false, "author_flair_css_class": null, "is_submitter": false, "downs": 0, "author_flair_richtext": [], "author_patreon_flair": false, "body_html": "<div class=\"md\"><p>Yeah, just did it yesterday :)</p>\n</div>", "gildings": {}, "collapsed_reason": null, "associated_award": null, "stickied": false, "author_premium": false, "subreddit_type": "public", "can_gild": true, "subreddit": "statistics", "author_flair_text_color": null, "score_hidden": false, "permalink": "/r/statistics/comments/blhbio/bayesian_statisticians_what_does_your/emrsofh/", "num_reports": null, "locked": false, "name": "t1_emrsofh", "created": 1557290914.0, "author_flair_text": null, "treatment_tags": [], "collapsed": false, "subreddit_name_prefixed": "r/statistics", "controversiality": 0, "depth": 2, "author_flair_background_color": null, "collapsed_because_crowd_control": null, "mod_reports": [], "mod_note": null, "distinguished": null, "_fetched": true}, {"_replies": [], "_submission": "blhbio", "_reddit": "_reddit", "total_awards_received": 0, "approved_at_utc": null, "ups": 1, "awarders": [], "mod_reason_by": null, "banned_by": null, "author_flair_type": "text", "removal_reason": null, "link_id": "t3_blhbio", "author_flair_template_id": null, "likes": null, "user_reports": [], "saved": false, "id": "enhu15x", "banned_at_utc": null, "mod_reason_title": null, "gilded": 0, "archived": true, "no_follow": true, "author": "sawyerwelden", "can_mod_post": false, "send_replies": true, "parent_id": "t1_en8wkcl", "score": 1, "author_fullname": "t2_9a6jt", "report_reasons": null, "approved_by": null, "all_awardings": [], "subreddit_id": "t5_2qhfi", "body": "Not my place to give his real name, sorry", "edited": false, "downs": 0, "author_flair_css_class": null, "is_submitter": false, "collapsed": false, "author_flair_richtext": [], "author_patreon_flair": false, "body_html": "<div class=\"md\"><p>Not my place to give his real name, sorry</p>\n</div>", "gildings": {}, "collapsed_reason": null, "associated_award": null, "stickied": false, "author_premium": false, "subreddit_type": "public", "can_gild": true, "subreddit": "statistics", "author_flair_text_color": null, "score_hidden": false, "permalink": "/r/statistics/comments/blhbio/bayesian_statisticians_what_does_your/enhu15x/", "num_reports": null, "locked": false, "name": "t1_enhu15x", "created": 1557885982.0, "author_flair_text": null, "treatment_tags": [], "created_utc": 1557857182.0, "subreddit_name_prefixed": "r/statistics", "controversiality": 0, "depth": 3, "author_flair_background_color": null, "collapsed_because_crowd_control": null, "mod_reports": [], "mod_note": null, "distinguished": null, "_fetched": true}, {"_replies": ["emozn1s"], "_submission": "blhbio", "_reddit": "_reddit", "total_awards_received": 0, "approved_at_utc": null, "ups": 2, "awarders": [], "mod_reason_by": null, "banned_by": null, "author_flair_type": "text", "removal_reason": null, "link_id": "t3_blhbio", "author_flair_template_id": null, "likes": null, "user_reports": [], "saved": false, "id": "emozane", "banned_at_utc": null, "mod_reason_title": null, "gilded": 0, "archived": true, "no_follow": true, "author": "Karsticles", "can_mod_post": false, "send_replies": true, "parent_id": "t1_emoy9si", "score": 2, "author_fullname": "t2_tcne0", "report_reasons": null, "approved_by": null, "all_awardings": [], "subreddit_id": "t5_2qhfi", "body": "How do you translate that into optimal drug quantities for individual patients? Do you do the research for the drug company so it makes recommendations to doctors? Can I ask how you got into the role, and what your rough pay is? I'm trying to figure out how to specialize in the discipline as I'm going through my MS, and I don't hear much about biostatistics.", "edited": false, "downs": 0, "author_flair_css_class": null, "is_submitter": false, "collapsed": false, "author_flair_richtext": [], "author_patreon_flair": false, "body_html": "<div class=\"md\"><p>How do you translate that into optimal drug quantities for individual patients? Do you do the research for the drug company so it makes recommendations to doctors? Can I ask how you got into the role, and what your rough pay is? I&#39;m trying to figure out how to specialize in the discipline as I&#39;m going through my MS, and I don&#39;t hear much about biostatistics.</p>\n</div>", "gildings": {}, "collapsed_reason": null, "associated_award": null, "stickied": false, "author_premium": false, "subreddit_type": "public", "can_gild": true, "subreddit": "statistics", "author_flair_text_color": null, "score_hidden": false, "permalink": "/r/statistics/comments/blhbio/bayesian_statisticians_what_does_your/emozane/", "num_reports": null, "locked": false, "name": "t1_emozane", "created": 1557216763.0, "author_flair_text": null, "treatment_tags": [], "created_utc": 1557187963.0, "subreddit_name_prefixed": "r/statistics", "controversiality": 0, "depth": 3, "author_flair_background_color": null, "collapsed_because_crowd_control": null, "mod_reports": [], "mod_note": null, "distinguished": null, "_fetched": true}, {"_replies": [], "_submission": "blhbio", "_reddit": "_reddit", "total_awards_received": 0, "approved_at_utc": null, "ups": 1, "awarders": [], "mod_reason_by": null, "banned_by": null, "author_flair_type": "text", "removal_reason": null, "link_id": "t3_blhbio", "author_flair_template_id": null, "likes": null, "user_reports": [], "saved": false, "id": "empd9jw", "banned_at_utc": null, "mod_reason_title": null, "gilded": 0, "archived": true, "no_follow": true, "author": "_Zer0_Cool_", "can_mod_post": false, "send_replies": true, "parent_id": "t1_empcz1i", "score": 1, "author_fullname": "t2_ifqls", "report_reasons": null, "approved_by": null, "all_awardings": [], "subreddit_id": "t5_2qhfi", "body": "Oh interesting. Well bright future after that I'm sure. PHDs make bank in the field.", "edited": false, "downs": 0, "author_flair_css_class": null, "is_submitter": false, "collapsed": false, "author_flair_richtext": [], "author_patreon_flair": false, "body_html": "<div class=\"md\"><p>Oh interesting. Well bright future after that I&#39;m sure. PHDs make bank in the field.</p>\n</div>", "gildings": {}, "collapsed_reason": null, "associated_award": null, "stickied": false, "author_premium": false, "subreddit_type": "public", "can_gild": true, "subreddit": "statistics", "author_flair_text_color": null, "score_hidden": false, "permalink": "/r/statistics/comments/blhbio/bayesian_statisticians_what_does_your/empd9jw/", "num_reports": null, "locked": false, "name": "t1_empd9jw", "created": 1557226520.0, "author_flair_text": null, "treatment_tags": [], "created_utc": 1557197720.0, "subreddit_name_prefixed": "r/statistics", "controversiality": 0, "depth": 3, "author_flair_background_color": null, "collapsed_because_crowd_control": null, "mod_reports": [], "mod_note": null, "distinguished": null, "_fetched": true}, {"_replies": [], "_submission": "blhbio", "_reddit": "_reddit", "total_awards_received": 0, "approved_at_utc": null, "ups": 1, "awarders": [], "mod_reason_by": null, "banned_by": null, "author_flair_type": "text", "removal_reason": null, "link_id": "t3_blhbio", "author_flair_template_id": null, "likes": null, "user_reports": [], "saved": false, "id": "emtrghz", "banned_at_utc": null, "mod_reason_title": null, "gilded": 0, "archived": true, "no_follow": true, "author": "DReicht", "can_mod_post": false, "send_replies": true, "parent_id": "t1_emqj57l", "score": 1, "author_fullname": "t2_3euku", "report_reasons": null, "approved_by": null, "all_awardings": [], "subreddit_id": "t5_2qhfi", "body": "Can you recommend an introduction?", "edited": false, "downs": 0, "author_flair_css_class": null, "is_submitter": false, "collapsed": false, "author_flair_richtext": [], "author_patreon_flair": false, "body_html": "<div class=\"md\"><p>Can you recommend an introduction?</p>\n</div>", "gildings": {}, "collapsed_reason": null, "associated_award": null, "stickied": false, "author_premium": false, "subreddit_type": "public", "can_gild": true, "subreddit": "statistics", "author_flair_text_color": null, "score_hidden": false, "permalink": "/r/statistics/comments/blhbio/bayesian_statisticians_what_does_your/emtrghz/", "num_reports": null, "locked": false, "name": "t1_emtrghz", "created": 1557350060.0, "author_flair_text": null, "treatment_tags": [], "created_utc": 1557321260.0, "subreddit_name_prefixed": "r/statistics", "controversiality": 0, "depth": 3, "author_flair_background_color": null, "collapsed_because_crowd_control": null, "mod_reports": [], "mod_note": null, "distinguished": null, "_fetched": true}, {"_replies": [], "_submission": "blhbio", "_reddit": "_reddit", "total_awards_received": 0, "approved_at_utc": null, "ups": 1, "awarders": [], "mod_reason_by": null, "banned_by": null, "author_flair_type": "text", "removal_reason": null, "link_id": "t3_blhbio", "author_flair_template_id": null, "likes": null, "user_reports": [], "saved": false, "id": "emrjvk0", "banned_at_utc": null, "mod_reason_title": null, "gilded": 0, "archived": true, "no_follow": true, "author": "midianite_rambler", "can_mod_post": false, "send_replies": true, "parent_id": "t1_emriqtn", "score": 1, "author_fullname": "t2_4za7z", "report_reasons": null, "approved_by": null, "all_awardings": [], "subreddit_id": "t5_2qhfi", "body": "Thanks, actually I'm more interested in how you or anyone formulates the inference problem, what are the inferences of interest, how to solve problems one runs into, that kind of bigger-picture stuff.", "edited": false, "downs": 0, "author_flair_css_class": null, "is_submitter": false, "collapsed": false, "author_flair_richtext": [], "author_patreon_flair": false, "body_html": "<div class=\"md\"><p>Thanks, actually I&#39;m more interested in how you or anyone formulates the inference problem, what are the inferences of interest, how to solve problems one runs into, that kind of bigger-picture stuff.</p>\n</div>", "gildings": {}, "collapsed_reason": null, "associated_award": null, "stickied": false, "author_premium": false, "subreddit_type": "public", "can_gild": true, "subreddit": "statistics", "author_flair_text_color": null, "score_hidden": false, "permalink": "/r/statistics/comments/blhbio/bayesian_statisticians_what_does_your/emrjvk0/", "num_reports": null, "locked": false, "name": "t1_emrjvk0", "created": 1557285591.0, "author_flair_text": null, "treatment_tags": [], "created_utc": 1557256791.0, "subreddit_name_prefixed": "r/statistics", "controversiality": 0, "depth": 3, "author_flair_background_color": null, "collapsed_because_crowd_control": null, "mod_reports": [], "mod_note": null, "distinguished": null, "_fetched": true}, {"_replies": [], "_submission": "blhbio", "_reddit": "_reddit", "total_awards_received": 0, "approved_at_utc": null, "ups": 2, "awarders": [], "mod_reason_by": null, "banned_by": null, "author_flair_type": "text", "removal_reason": null, "link_id": "t3_blhbio", "author_flair_template_id": null, "likes": null, "user_reports": [], "saved": false, "id": "empg6ap", "banned_at_utc": null, "mod_reason_title": null, "gilded": 0, "archived": true, "no_follow": true, "author": "FlimFlamFlamberge", "can_mod_post": false, "send_replies": true, "parent_id": "t1_empbrmp", "score": 2, "author_fullname": "t2_13hiz9", "report_reasons": null, "approved_by": null, "all_awardings": [], "subreddit_id": "t5_2qhfi", "body": "My dude (or dudette), forgive my ignorance, I\u2019m coming at this with not quite enough background, and this is one juicy pizza pie I want to sink my teeth into. \n\nOff the dome, ergodicity (in my limited understanding) has/had something to do with whether certain summary statistics were valid... like, whether means can accurately summarize a distribution of data (is that even right? Man, I feel like I don\u2019t know jack, it\u2019s usually framed to me as a problem)...\n\nI am afraid the words \u201csecond moment\u201d only vaguely melt into my brain in some visualization I have about Metropolis-Hastings steps, which strike me as different from parts of MCMC, but seriously WTF do I even know (thank you for bringing this ignorance to my attention).\n\nBut the second part of your comment and math goodness to me sounds like the stuff I read about the advantages of certain fit indices like the LOOIC/WAIC due to being \u201cinvariant to reparameterization\u201d due to some fully Bayesian asymptotic equivalence (which, IIRC, I read from Spiegelhalter (sp?)/Watanabe), so I am going to extend my feeble offering of understanding to say, it sounds like you know or are researching the actual behavior of the distributions as estimated by the MCMC algorithm for their validity.\n\nAm I barking up the right tree at all? I need to read a damn book for once. If you have any 3blue1brown concepts I am missing to even get to where you are I would be beyond grateful for you to hit me with them.", "edited": 1557200495.0, "downs": 0, "author_flair_css_class": null, "is_submitter": false, "collapsed": false, "author_flair_richtext": [], "author_patreon_flair": false, "body_html": "<div class=\"md\"><p>My dude (or dudette), forgive my ignorance, I\u2019m coming at this with not quite enough background, and this is one juicy pizza pie I want to sink my teeth into. </p>\n\n<p>Off the dome, ergodicity (in my limited understanding) has/had something to do with whether certain summary statistics were valid... like, whether means can accurately summarize a distribution of data (is that even right? Man, I feel like I don\u2019t know jack, it\u2019s usually framed to me as a problem)...</p>\n\n<p>I am afraid the words \u201csecond moment\u201d only vaguely melt into my brain in some visualization I have about Metropolis-Hastings steps, which strike me as different from parts of MCMC, but seriously WTF do I even know (thank you for bringing this ignorance to my attention).</p>\n\n<p>But the second part of your comment and math goodness to me sounds like the stuff I read about the advantages of certain fit indices like the LOOIC/WAIC due to being \u201cinvariant to reparameterization\u201d due to some fully Bayesian asymptotic equivalence (which, IIRC, I read from Spiegelhalter (sp?)/Watanabe), so I am going to extend my feeble offering of understanding to say, it sounds like you know or are researching the actual behavior of the distributions as estimated by the MCMC algorithm for their validity.</p>\n\n<p>Am I barking up the right tree at all? I need to read a damn book for once. If you have any 3blue1brown concepts I am missing to even get to where you are I would be beyond grateful for you to hit me with them.</p>\n</div>", "gildings": {}, "collapsed_reason": null, "associated_award": null, "stickied": false, "author_premium": false, "subreddit_type": "public", "can_gild": true, "subreddit": "statistics", "author_flair_text_color": null, "score_hidden": false, "permalink": "/r/statistics/comments/blhbio/bayesian_statisticians_what_does_your/empg6ap/", "num_reports": null, "locked": false, "name": "t1_empg6ap", "created": 1557228765.0, "author_flair_text": null, "treatment_tags": [], "created_utc": 1557199965.0, "subreddit_name_prefixed": "r/statistics", "controversiality": 0, "depth": 3, "author_flair_background_color": null, "collapsed_because_crowd_control": null, "mod_reports": [], "mod_note": null, "distinguished": null, "_fetched": true}, {"_replies": [], "_submission": "blhbio", "_reddit": "_reddit", "total_awards_received": 0, "approved_at_utc": null, "ups": 2, "awarders": [], "mod_reason_by": null, "banned_by": null, "author_flair_type": "text", "removal_reason": null, "link_id": "t3_blhbio", "author_flair_template_id": null, "likes": null, "user_reports": [], "saved": false, "id": "emp13z4", "banned_at_utc": null, "mod_reason_title": null, "gilded": 0, "archived": true, "no_follow": true, "author": "Normbias", "can_mod_post": false, "created_utc": 1557189187.0, "send_replies": true, "parent_id": "t1_emozn1s", "score": 2, "author_fullname": "t2_17dto2", "report_reasons": null, "approved_by": null, "all_awardings": [], "subreddit_id": "t5_2qhfi", "body": "You write clearly. 15 years time you'll be an industry leader.", "edited": false, "author_flair_css_class": null, "is_submitter": false, "downs": 0, "author_flair_richtext": [], "author_patreon_flair": false, "body_html": "<div class=\"md\"><p>You write clearly. 15 years time you&#39;ll be an industry leader.</p>\n</div>", "gildings": {}, "collapsed_reason": null, "associated_award": null, "stickied": false, "author_premium": false, "subreddit_type": "public", "can_gild": true, "subreddit": "statistics", "author_flair_text_color": null, "score_hidden": false, "permalink": "/r/statistics/comments/blhbio/bayesian_statisticians_what_does_your/emp13z4/", "num_reports": null, "locked": false, "name": "t1_emp13z4", "created": 1557217987.0, "author_flair_text": null, "treatment_tags": [], "collapsed": false, "subreddit_name_prefixed": "r/statistics", "controversiality": 0, "depth": 5, "author_flair_background_color": null, "collapsed_because_crowd_control": null, "mod_reports": [], "mod_note": null, "distinguished": null, "_fetched": true}, {"_replies": [], "_submission": "blhbio", "_reddit": "_reddit", "total_awards_received": 0, "approved_at_utc": null, "ups": 1, "awarders": [], "mod_reason_by": null, "banned_by": null, "author_flair_type": "text", "removal_reason": null, "link_id": "t3_blhbio", "author_flair_template_id": null, "likes": null, "user_reports": [], "saved": false, "id": "emp0ada", "banned_at_utc": null, "mod_reason_title": null, "gilded": 0, "archived": true, "no_follow": true, "author": "Karsticles", "can_mod_post": false, "created_utc": 1557188627.0, "send_replies": true, "parent_id": "t1_emozn1s", "score": 1, "author_fullname": "t2_tcne0", "report_reasons": null, "approved_by": null, "all_awardings": [], "subreddit_id": "t5_2qhfi", "body": "Ah, I understand - thank you for what you shared so far. :)", "edited": false, "author_flair_css_class": null, "is_submitter": false, "downs": 0, "author_flair_richtext": [], "author_patreon_flair": false, "body_html": "<div class=\"md\"><p>Ah, I understand - thank you for what you shared so far. :)</p>\n</div>", "gildings": {}, "collapsed_reason": null, "associated_award": null, "stickied": false, "author_premium": false, "subreddit_type": "public", "can_gild": true, "subreddit": "statistics", "author_flair_text_color": null, "score_hidden": false, "permalink": "/r/statistics/comments/blhbio/bayesian_statisticians_what_does_your/emp0ada/", "num_reports": null, "locked": false, "name": "t1_emp0ada", "created": 1557217427.0, "author_flair_text": null, "treatment_tags": [], "collapsed": false, "subreddit_name_prefixed": "r/statistics", "controversiality": 0, "depth": 5, "author_flair_background_color": null, "collapsed_because_crowd_control": null, "mod_reports": [], "mod_note": null, "distinguished": null, "_fetched": true}]}