{"_reddit": "_reddit", "approved_at_utc": null, "subreddit": "statistics", "selftext": "What the title says. I'm quite familiar with R and SAS, and I enjoy writing my own Python code for more simple statistical procedures so as to review methodology, but I'm entering grad school (professional master's) and want to know what packages are industry standard so I can do some reading. \n\nTL;DR\nI wanna know, whether you're a student, academic, professional, what have been the most useful packages in Python for you in your career, especially regarding statistics?", "author_fullname": "t2_2r6uos0j", "saved": false, "mod_reason_title": null, "gilded": 0, "clicked": false, "title": "Most useful python packages for statisticians", "link_flair_richtext": [], "subreddit_name_prefixed": "r/statistics", "hidden": false, "pwls": 6, "link_flair_css_class": "", "downs": 0, "hide_score": false, "name": "t3_buvz05", "quarantine": false, "link_flair_text_color": "dark", "upvote_ratio": 0.91, "author_flair_background_color": null, "subreddit_type": "public", "ups": 44, "total_awards_received": 0, "media_embed": {}, "author_flair_template_id": null, "is_original_content": false, "user_reports": [], "secure_media": null, "is_reddit_media_domain": false, "is_meta": false, "category": null, "secure_media_embed": {}, "link_flair_text": "Software", "can_mod_post": false, "score": 44, "approved_by": null, "author_premium": false, "thumbnail": "", "edited": false, "author_flair_css_class": null, "author_flair_richtext": [], "gildings": {}, "content_categories": null, "is_self": true, "mod_note": null, "created": 1559266144.0, "link_flair_type": "text", "wls": 6, "removed_by_category": null, "banned_by": null, "author_flair_type": "text", "domain": "self.statistics", "allow_live_comments": true, "selftext_html": "<!-- SC_OFF --><div class=\"md\"><p>What the title says. I&#39;m quite familiar with R and SAS, and I enjoy writing my own Python code for more simple statistical procedures so as to review methodology, but I&#39;m entering grad school (professional master&#39;s) and want to know what packages are industry standard so I can do some reading. </p>\n\n<p>TL;DR\nI wanna know, whether you&#39;re a student, academic, professional, what have been the most useful packages in Python for you in your career, especially regarding statistics?</p>\n</div><!-- SC_ON -->", "likes": null, "suggested_sort": null, "banned_at_utc": null, "view_count": null, "archived": true, "no_follow": false, "is_crosspostable": true, "pinned": false, "over_18": false, "all_awardings": [], "awarders": [], "media_only": false, "link_flair_template_id": "effadb52-35a0-11e7-a48d-0eadb7a13cd2", "can_gild": true, "spoiler": false, "locked": false, "author_flair_text": null, "treatment_tags": [], "visited": false, "removed_by": null, "num_reports": null, "distinguished": null, "subreddit_id": "t5_2qhfi", "mod_reason_by": null, "removal_reason": null, "link_flair_background_color": "", "id": "buvz05", "is_robot_indexable": true, "report_reasons": null, "author": "cjmooselover", "discussion_type": null, "num_comments": 14, "send_replies": true, "whitelist_status": "all_ads", "contest_mode": false, "mod_reports": [], "author_patreon_flair": false, "author_flair_text_color": null, "permalink": "/r/statistics/comments/buvz05/most_useful_python_packages_for_statisticians/", "parent_whitelist_status": "all_ads", "stickied": false, "url": "https://www.reddit.com/r/statistics/comments/buvz05/most_useful_python_packages_for_statisticians/", "subreddit_subscribers": 106209, "created_utc": 1559237344.0, "num_crossposts": 0, "media": null, "is_video": false, "_fetched": false, "comment_limit": 2048, "comment_sort": "best", "_comments_by_id": {}, "_comments": [{"_replies": ["epk73i1"], "_submission": "buvz05", "_reddit": "_reddit", "total_awards_received": 0, "approved_at_utc": null, "ups": 10, "awarders": [], "mod_reason_by": null, "banned_by": null, "author_flair_type": "text", "removal_reason": null, "link_id": "t3_buvz05", "author_flair_template_id": null, "likes": null, "user_reports": [], "saved": false, "id": "epife57", "banned_at_utc": null, "mod_reason_title": null, "gilded": 0, "archived": true, "no_follow": false, "author": "costelny", "can_mod_post": false, "send_replies": true, "parent_id": "t3_buvz05", "score": 10, "author_fullname": "t2_11yjubbb", "report_reasons": null, "approved_by": null, "all_awardings": [], "subreddit_id": "t5_2qhfi", "body": "Depends on what you want to do. Usual suspects are pandas, numpy, scikit learn, statsmodels. For visualization matplotlib, seaborn, plotly. For Deep Learning tensorflow, keras, pytorch, fastai.", "edited": false, "downs": 0, "author_flair_css_class": null, "is_submitter": false, "collapsed": false, "author_flair_richtext": [], "author_patreon_flair": false, "body_html": "<div class=\"md\"><p>Depends on what you want to do. Usual suspects are pandas, numpy, scikit learn, statsmodels. For visualization matplotlib, seaborn, plotly. For Deep Learning tensorflow, keras, pytorch, fastai.</p>\n</div>", "gildings": {}, "collapsed_reason": null, "associated_award": null, "stickied": false, "author_premium": false, "subreddit_type": "public", "can_gild": true, "subreddit": "statistics", "author_flair_text_color": null, "score_hidden": false, "permalink": "/r/statistics/comments/buvz05/most_useful_python_packages_for_statisticians/epife57/", "num_reports": null, "locked": false, "name": "t1_epife57", "created": 1559267233.0, "author_flair_text": null, "treatment_tags": [], "created_utc": 1559238433.0, "subreddit_name_prefixed": "r/statistics", "controversiality": 0, "depth": 0, "author_flair_background_color": null, "collapsed_because_crowd_control": null, "mod_reports": [], "mod_note": null, "distinguished": null, "_fetched": true}, {"_replies": ["epk2n3t"], "_submission": "buvz05", "_reddit": "_reddit", "total_awards_received": 0, "approved_at_utc": null, "ups": 4, "awarders": [], "mod_reason_by": null, "banned_by": null, "author_flair_type": "text", "removal_reason": null, "link_id": "t3_buvz05", "author_flair_template_id": null, "likes": null, "user_reports": [], "saved": false, "id": "epjr9t5", "banned_at_utc": null, "mod_reason_title": null, "gilded": 0, "archived": true, "no_follow": false, "author": "jerrylessthanthree", "can_mod_post": false, "send_replies": true, "parent_id": "t3_buvz05", "score": 4, "author_fullname": "t2_oxgj60x", "report_reasons": null, "approved_by": null, "all_awardings": [], "subreddit_id": "t5_2qhfi", "body": "I use patsy a lot", "edited": false, "downs": 0, "author_flair_css_class": null, "is_submitter": false, "collapsed": false, "author_flair_richtext": [], "author_patreon_flair": false, "body_html": "<div class=\"md\"><p>I use patsy a lot</p>\n</div>", "gildings": {}, "collapsed_reason": null, "associated_award": null, "stickied": false, "author_premium": false, "subreddit_type": "public", "can_gild": true, "subreddit": "statistics", "author_flair_text_color": null, "score_hidden": false, "permalink": "/r/statistics/comments/buvz05/most_useful_python_packages_for_statisticians/epjr9t5/", "num_reports": null, "locked": false, "name": "t1_epjr9t5", "created": 1559287275.0, "author_flair_text": null, "treatment_tags": [], "created_utc": 1559258475.0, "subreddit_name_prefixed": "r/statistics", "controversiality": 0, "depth": 0, "author_flair_background_color": null, "collapsed_because_crowd_control": null, "mod_reports": [], "mod_note": null, "distinguished": null, "_fetched": true}, {"_replies": [], "_submission": "buvz05", "_reddit": "_reddit", "total_awards_received": 0, "approved_at_utc": null, "ups": 1, "awarders": [], "mod_reason_by": null, "banned_by": null, "author_flair_type": "text", "removal_reason": null, "link_id": "t3_buvz05", "author_flair_template_id": null, "likes": null, "user_reports": [], "saved": false, "id": "epk1ju6", "banned_at_utc": null, "mod_reason_title": null, "gilded": 0, "archived": true, "no_follow": true, "author": "shaggorama", "can_mod_post": false, "send_replies": true, "parent_id": "t3_buvz05", "score": 1, "author_fullname": "t2_3d829", "report_reasons": null, "approved_by": null, "all_awardings": [], "subreddit_id": "t5_2qhfi", "body": "For big data, pyspark.", "edited": false, "downs": 0, "author_flair_css_class": null, "is_submitter": false, "collapsed": false, "author_flair_richtext": [], "author_patreon_flair": false, "body_html": "<div class=\"md\"><p>For big data, pyspark.</p>\n</div>", "gildings": {}, "collapsed_reason": null, "associated_award": null, "stickied": false, "author_premium": false, "subreddit_type": "public", "can_gild": true, "subreddit": "statistics", "author_flair_text_color": null, "score_hidden": false, "permalink": "/r/statistics/comments/buvz05/most_useful_python_packages_for_statisticians/epk1ju6/", "num_reports": null, "locked": false, "name": "t1_epk1ju6", "created": 1559294326.0, "author_flair_text": null, "treatment_tags": [], "created_utc": 1559265526.0, "subreddit_name_prefixed": "r/statistics", "controversiality": 0, "depth": 0, "author_flair_background_color": null, "collapsed_because_crowd_control": null, "mod_reports": [], "mod_note": null, "distinguished": null, "_fetched": true}, {"_replies": [], "_submission": "buvz05", "_reddit": "_reddit", "total_awards_received": 0, "approved_at_utc": null, "ups": 1, "awarders": [], "mod_reason_by": null, "banned_by": null, "author_flair_type": "text", "removal_reason": null, "link_id": "t3_buvz05", "author_flair_template_id": null, "likes": null, "user_reports": [], "saved": false, "id": "epljmbo", "banned_at_utc": null, "mod_reason_title": null, "gilded": 0, "archived": true, "no_follow": true, "author": "MiloszSTX", "can_mod_post": false, "send_replies": true, "parent_id": "t3_buvz05", "score": 1, "author_fullname": "t2_2navuo12", "report_reasons": null, "approved_by": null, "all_awardings": [], "subreddit_id": "t5_2qhfi", "body": "Hey, you could check out this list -  [https://stxnext.com/blog/2018/09/20/most-popular-python-scientific-libraries/](https://stxnext.com/blog/2018/09/20/most-popular-python-scientific-libraries/) \\- most popular python scientific libraries.", "edited": false, "downs": 0, "author_flair_css_class": null, "is_submitter": false, "collapsed": false, "author_flair_richtext": [], "author_patreon_flair": false, "body_html": "<div class=\"md\"><p>Hey, you could check out this list -  <a href=\"https://stxnext.com/blog/2018/09/20/most-popular-python-scientific-libraries/\">https://stxnext.com/blog/2018/09/20/most-popular-python-scientific-libraries/</a> - most popular python scientific libraries.</p>\n</div>", "gildings": {}, "collapsed_reason": null, "associated_award": null, "stickied": false, "author_premium": false, "subreddit_type": "public", "can_gild": true, "subreddit": "statistics", "author_flair_text_color": null, "score_hidden": false, "permalink": "/r/statistics/comments/buvz05/most_useful_python_packages_for_statisticians/epljmbo/", "num_reports": null, "locked": false, "name": "t1_epljmbo", "created": 1559326032.0, "author_flair_text": null, "treatment_tags": [], "created_utc": 1559297232.0, "subreddit_name_prefixed": "r/statistics", "controversiality": 0, "depth": 0, "author_flair_background_color": null, "collapsed_because_crowd_control": null, "mod_reports": [], "mod_note": null, "distinguished": null, "_fetched": true}, {"_replies": ["epken0g"], "_submission": "buvz05", "_reddit": "_reddit", "total_awards_received": 0, "approved_at_utc": null, "ups": 27, "awarders": [], "mod_reason_by": null, "banned_by": null, "author_flair_type": "text", "removal_reason": null, "link_id": "t3_buvz05", "author_flair_template_id": null, "likes": null, "user_reports": [], "saved": false, "id": "epjyj79", "banned_at_utc": null, "mod_reason_title": null, "gilded": 0, "archived": true, "no_follow": false, "author": "Jdkdydheg", "can_mod_post": false, "send_replies": true, "parent_id": "t1_epin85s", "score": 27, "author_fullname": "t2_1ls7boam", "report_reasons": null, "approved_by": null, "all_awardings": [], "subreddit_id": "t5_2qhfi", "collapsed": false, "body": "More like pandas:  this is like R\u2019s dplyr but worse", "edited": false, "author_flair_css_class": null, "is_submitter": false, "downs": 0, "author_flair_richtext": [], "author_patreon_flair": false, "body_html": "<div class=\"md\"><p>More like pandas:  this is like R\u2019s dplyr but worse</p>\n</div>", "gildings": {}, "collapsed_reason": null, "associated_award": null, "stickied": false, "author_premium": false, "subreddit_type": "public", "can_gild": true, "subreddit": "statistics", "author_flair_text_color": null, "score_hidden": false, "permalink": "/r/statistics/comments/buvz05/most_useful_python_packages_for_statisticians/epjyj79/", "num_reports": null, "locked": false, "name": "t1_epjyj79", "created": 1559292085.0, "author_flair_text": null, "treatment_tags": [], "created_utc": 1559263285.0, "subreddit_name_prefixed": "r/statistics", "controversiality": 0, "depth": 1, "author_flair_background_color": null, "collapsed_because_crowd_control": null, "mod_reports": [], "mod_note": null, "distinguished": null, "_fetched": true}, {"_replies": [], "_submission": "buvz05", "_reddit": "_reddit", "total_awards_received": 0, "approved_at_utc": null, "ups": 9, "awarders": [], "mod_reason_by": null, "banned_by": null, "author_flair_type": "text", "removal_reason": null, "link_id": "t3_buvz05", "author_flair_template_id": null, "likes": null, "user_reports": [], "saved": false, "id": "epk72rz", "banned_at_utc": null, "mod_reason_title": null, "gilded": 0, "archived": true, "no_follow": false, "author": "doppelganger000", "can_mod_post": false, "send_replies": true, "parent_id": "t1_epin85s", "score": 9, "author_fullname": "t2_kjz0o", "report_reasons": null, "approved_by": null, "all_awardings": [], "subreddit_id": "t5_2qhfi", "collapsed": false, "body": "Also PyMC3 for bayesian stuff, preatty good imho", "edited": false, "author_flair_css_class": null, "is_submitter": false, "downs": 0, "author_flair_richtext": [], "author_patreon_flair": false, "body_html": "<div class=\"md\"><p>Also PyMC3 for bayesian stuff, preatty good imho</p>\n</div>", "gildings": {}, "collapsed_reason": null, "associated_award": null, "stickied": false, "author_premium": false, "subreddit_type": "public", "can_gild": true, "subreddit": "statistics", "author_flair_text_color": null, "score_hidden": false, "permalink": "/r/statistics/comments/buvz05/most_useful_python_packages_for_statisticians/epk72rz/", "num_reports": null, "locked": false, "name": "t1_epk72rz", "created": 1559297856.0, "author_flair_text": null, "treatment_tags": [], "created_utc": 1559269056.0, "subreddit_name_prefixed": "r/statistics", "controversiality": 0, "depth": 1, "author_flair_background_color": null, "collapsed_because_crowd_control": null, "mod_reports": [], "mod_note": null, "distinguished": null, "_fetched": true}, {"_replies": [], "_submission": "buvz05", "_reddit": "_reddit", "total_awards_received": 0, "approved_at_utc": null, "ups": 1, "awarders": [], "mod_reason_by": null, "banned_by": null, "author_flair_type": "text", "removal_reason": null, "link_id": "t3_buvz05", "author_flair_template_id": null, "likes": null, "user_reports": [], "saved": false, "id": "epk73i1", "banned_at_utc": null, "mod_reason_title": null, "gilded": 0, "archived": true, "no_follow": true, "author": "Vervain7", "can_mod_post": false, "send_replies": true, "parent_id": "t1_epife57", "score": 1, "author_fullname": "t2_he02w", "report_reasons": null, "approved_by": null, "all_awardings": [], "subreddit_id": "t5_2qhfi", "collapsed": false, "body": "I learned all this in my professorial masters . \n\nI use R 100% of the time though .", "edited": false, "author_flair_css_class": null, "is_submitter": false, "downs": 0, "author_flair_richtext": [], "author_patreon_flair": false, "body_html": "<div class=\"md\"><p>I learned all this in my professorial masters . </p>\n\n<p>I use R 100% of the time though .</p>\n</div>", "gildings": {}, "collapsed_reason": null, "associated_award": null, "stickied": false, "author_premium": false, "subreddit_type": "public", "can_gild": true, "subreddit": "statistics", "author_flair_text_color": null, "score_hidden": false, "permalink": "/r/statistics/comments/buvz05/most_useful_python_packages_for_statisticians/epk73i1/", "num_reports": null, "locked": false, "name": "t1_epk73i1", "created": 1559297869.0, "author_flair_text": null, "treatment_tags": [], "created_utc": 1559269069.0, "subreddit_name_prefixed": "r/statistics", "controversiality": 0, "depth": 1, "author_flair_background_color": null, "collapsed_because_crowd_control": null, "mod_reports": [], "mod_note": null, "distinguished": null, "_fetched": true}, {"_replies": [], "_submission": "buvz05", "_reddit": "_reddit", "total_awards_received": 0, "approved_at_utc": null, "ups": 1, "awarders": [], "mod_reason_by": null, "banned_by": null, "author_flair_type": "text", "removal_reason": null, "link_id": "t3_buvz05", "author_flair_template_id": null, "likes": null, "user_reports": [], "saved": false, "id": "epk2n3t", "banned_at_utc": null, "mod_reason_title": null, "gilded": 0, "archived": true, "no_follow": true, "author": "coffee-pizza", "can_mod_post": false, "send_replies": true, "parent_id": "t1_epjr9t5", "score": 1, "author_fullname": "t2_3s6oeomb", "report_reasons": null, "approved_by": null, "all_awardings": [], "subreddit_id": "t5_2qhfi", "collapsed": false, "body": "I don\u2019t know why you got downvoted, patsy is a good library that aims to be the python version of R\u2019s formulas and easily portable across libraries. \n\nIt\u2019s not your work horse but it\u2019s nice to have in your belt.", "edited": false, "author_flair_css_class": null, "is_submitter": false, "downs": 0, "author_flair_richtext": [], "author_patreon_flair": false, "body_html": "<div class=\"md\"><p>I don\u2019t know why you got downvoted, patsy is a good library that aims to be the python version of R\u2019s formulas and easily portable across libraries. </p>\n\n<p>It\u2019s not your work horse but it\u2019s nice to have in your belt.</p>\n</div>", "gildings": {}, "collapsed_reason": null, "associated_award": null, "stickied": false, "author_premium": false, "subreddit_type": "public", "can_gild": true, "subreddit": "statistics", "author_flair_text_color": null, "score_hidden": false, "permalink": "/r/statistics/comments/buvz05/most_useful_python_packages_for_statisticians/epk2n3t/", "num_reports": null, "locked": false, "name": "t1_epk2n3t", "created": 1559295037.0, "author_flair_text": null, "treatment_tags": [], "created_utc": 1559266237.0, "subreddit_name_prefixed": "r/statistics", "controversiality": 0, "depth": 1, "author_flair_background_color": null, "collapsed_because_crowd_control": null, "mod_reports": [], "mod_note": null, "distinguished": null, "_fetched": true}, {"_replies": ["epknebl"], "_submission": "buvz05", "_reddit": "_reddit", "total_awards_received": 0, "approved_at_utc": null, "ups": 1, "awarders": [], "mod_reason_by": null, "banned_by": null, "author_flair_type": "text", "removal_reason": null, "link_id": "t3_buvz05", "author_flair_template_id": null, "likes": null, "user_reports": [], "saved": false, "id": "epken0g", "banned_at_utc": null, "mod_reason_title": null, "gilded": 0, "archived": true, "no_follow": true, "author": "HillTheBilly", "can_mod_post": false, "created_utc": 1559273204.0, "send_replies": true, "parent_id": "t1_epjyj79", "score": 1, "author_fullname": "t2_1b2msvdh", "report_reasons": null, "approved_by": null, "all_awardings": [], "subreddit_id": "t5_2qhfi", "body": "So is pandas good or not for data wrangling? Because dplyr looks fine to me...", "edited": false, "author_flair_css_class": null, "is_submitter": false, "downs": 0, "author_flair_richtext": [], "author_patreon_flair": false, "body_html": "<div class=\"md\"><p>So is pandas good or not for data wrangling? Because dplyr looks fine to me...</p>\n</div>", "gildings": {}, "collapsed_reason": null, "associated_award": null, "stickied": false, "author_premium": false, "subreddit_type": "public", "can_gild": true, "subreddit": "statistics", "author_flair_text_color": null, "score_hidden": false, "permalink": "/r/statistics/comments/buvz05/most_useful_python_packages_for_statisticians/epken0g/", "num_reports": null, "locked": false, "name": "t1_epken0g", "created": 1559302004.0, "author_flair_text": null, "treatment_tags": [], "collapsed": false, "subreddit_name_prefixed": "r/statistics", "controversiality": 0, "depth": 2, "author_flair_background_color": null, "collapsed_because_crowd_control": null, "mod_reports": [], "mod_note": null, "distinguished": null, "_fetched": true}, {"_replies": ["epkpxsg", "epmk2e5"], "_submission": "buvz05", "_reddit": "_reddit", "total_awards_received": 0, "approved_at_utc": null, "ups": 2, "awarders": [], "mod_reason_by": null, "banned_by": null, "author_flair_type": "text", "removal_reason": null, "link_id": "t3_buvz05", "author_flair_template_id": null, "likes": null, "user_reports": [], "saved": false, "id": "epknebl", "banned_at_utc": null, "mod_reason_title": null, "gilded": 0, "archived": true, "no_follow": true, "author": "alexisprince", "can_mod_post": false, "send_replies": true, "parent_id": "t1_epken0g", "score": 2, "author_fullname": "t2_9zvt3", "report_reasons": null, "approved_by": null, "all_awardings": [], "subreddit_id": "t5_2qhfi", "body": "It\u2019s good for data wrangling, but so is dplyr. Just because one is good doesn\u2019t mean the other can\u2019t be.", "edited": false, "downs": 0, "author_flair_css_class": null, "is_submitter": false, "collapsed": false, "author_flair_richtext": [], "author_patreon_flair": false, "body_html": "<div class=\"md\"><p>It\u2019s good for data wrangling, but so is dplyr. Just because one is good doesn\u2019t mean the other can\u2019t be.</p>\n</div>", "gildings": {}, "collapsed_reason": null, "associated_award": null, "stickied": false, "author_premium": false, "subreddit_type": "public", "can_gild": true, "subreddit": "statistics", "author_flair_text_color": null, "score_hidden": false, "permalink": "/r/statistics/comments/buvz05/most_useful_python_packages_for_statisticians/epknebl/", "num_reports": null, "locked": false, "name": "t1_epknebl", "created": 1559306183.0, "author_flair_text": null, "treatment_tags": [], "created_utc": 1559277383.0, "subreddit_name_prefixed": "r/statistics", "controversiality": 0, "depth": 3, "author_flair_background_color": null, "collapsed_because_crowd_control": null, "mod_reports": [], "mod_note": null, "distinguished": null, "_fetched": true}, {"_replies": [], "_submission": "buvz05", "_reddit": "_reddit", "total_awards_received": 0, "approved_at_utc": null, "ups": 2, "awarders": [], "mod_reason_by": null, "banned_by": null, "author_flair_type": "text", "removal_reason": null, "link_id": "t3_buvz05", "author_flair_template_id": null, "likes": null, "user_reports": [], "saved": false, "id": "epkpxsg", "banned_at_utc": null, "mod_reason_title": null, "gilded": 0, "archived": true, "no_follow": true, "author": "YoloSwaggedBased", "can_mod_post": false, "send_replies": true, "parent_id": "t1_epknebl", "score": 2, "author_fullname": "t2_bdc2f", "report_reasons": null, "approved_by": null, "all_awardings": [], "subreddit_id": "t5_2qhfi", "collapsed": false, "body": "But one can be better.", "edited": false, "author_flair_css_class": null, "is_submitter": false, "downs": 0, "author_flair_richtext": [], "author_patreon_flair": false, "body_html": "<div class=\"md\"><p>But one can be better.</p>\n</div>", "gildings": {}, "collapsed_reason": null, "associated_award": null, "stickied": false, "author_premium": false, "subreddit_type": "public", "can_gild": true, "subreddit": "statistics", "author_flair_text_color": null, "score_hidden": false, "permalink": "/r/statistics/comments/buvz05/most_useful_python_packages_for_statisticians/epkpxsg/", "num_reports": null, "locked": false, "name": "t1_epkpxsg", "created": 1559307644.0, "author_flair_text": null, "treatment_tags": [], "created_utc": 1559278844.0, "subreddit_name_prefixed": "r/statistics", "controversiality": 0, "depth": 4, "author_flair_background_color": null, "collapsed_because_crowd_control": null, "mod_reports": [], "mod_note": null, "distinguished": null, "_fetched": true}, {"_replies": ["epml9d9"], "_submission": "buvz05", "_reddit": "_reddit", "total_awards_received": 0, "approved_at_utc": null, "ups": 1, "awarders": [], "mod_reason_by": null, "banned_by": null, "author_flair_type": "text", "removal_reason": null, "link_id": "t3_buvz05", "author_flair_template_id": null, "likes": null, "user_reports": [], "saved": false, "id": "epmk2e5", "banned_at_utc": null, "mod_reason_title": null, "gilded": 0, "archived": true, "no_follow": true, "author": "HillTheBilly", "can_mod_post": false, "send_replies": true, "parent_id": "t1_epknebl", "score": 1, "author_fullname": "t2_1b2msvdh", "report_reasons": null, "approved_by": null, "all_awardings": [], "subreddit_id": "t5_2qhfi", "collapsed": false, "body": "I thought you meant it as an analogy for something bad, as in the case if dplyr was bad. \n\nAre there fast alternatives to pandas dataframe. \nEspecially considering different variable types in a predictor setting.", "edited": false, "author_flair_css_class": null, "is_submitter": false, "downs": 0, "author_flair_richtext": [], "author_patreon_flair": false, "body_html": "<div class=\"md\"><p>I thought you meant it as an analogy for something bad, as in the case if dplyr was bad. </p>\n\n<p>Are there fast alternatives to pandas dataframe. \nEspecially considering different variable types in a predictor setting.</p>\n</div>", "gildings": {}, "collapsed_reason": null, "associated_award": null, "stickied": false, "author_premium": false, "subreddit_type": "public", "can_gild": true, "subreddit": "statistics", "author_flair_text_color": null, "score_hidden": false, "permalink": "/r/statistics/comments/buvz05/most_useful_python_packages_for_statisticians/epmk2e5/", "num_reports": null, "locked": false, "name": "t1_epmk2e5", "created": 1559342889.0, "author_flair_text": null, "treatment_tags": [], "created_utc": 1559314089.0, "subreddit_name_prefixed": "r/statistics", "controversiality": 0, "depth": 4, "author_flair_background_color": null, "collapsed_because_crowd_control": null, "mod_reports": [], "mod_note": null, "distinguished": null, "_fetched": true}, {"_replies": ["epnf0y0"], "_submission": "buvz05", "_reddit": "_reddit", "total_awards_received": 0, "approved_at_utc": null, "ups": 2, "awarders": [], "mod_reason_by": null, "banned_by": null, "author_flair_type": "text", "removal_reason": null, "link_id": "t3_buvz05", "author_flair_template_id": null, "likes": null, "user_reports": [], "saved": false, "id": "epml9d9", "banned_at_utc": null, "mod_reason_title": null, "gilded": 0, "archived": true, "no_follow": true, "author": "alexisprince", "can_mod_post": false, "created_utc": 1559314483.0, "send_replies": true, "parent_id": "t1_epmk2e5", "score": 2, "author_fullname": "t2_9zvt3", "report_reasons": null, "approved_by": null, "all_awardings": [], "subreddit_id": "t5_2qhfi", "body": "Most often used are numpy\u2019s arrays. Pandas is actually built on top of them to achieve the same fast speeds. Scikit learn integrates really well with numpy (see scikit\u2019s preprocessing package for examples).", "edited": false, "author_flair_css_class": null, "is_submitter": false, "downs": 0, "author_flair_richtext": [], "author_patreon_flair": false, "body_html": "<div class=\"md\"><p>Most often used are numpy\u2019s arrays. Pandas is actually built on top of them to achieve the same fast speeds. Scikit learn integrates really well with numpy (see scikit\u2019s preprocessing package for examples).</p>\n</div>", "gildings": {}, "collapsed_reason": null, "associated_award": null, "stickied": false, "author_premium": false, "subreddit_type": "public", "can_gild": true, "subreddit": "statistics", "author_flair_text_color": null, "score_hidden": false, "permalink": "/r/statistics/comments/buvz05/most_useful_python_packages_for_statisticians/epml9d9/", "num_reports": null, "locked": false, "name": "t1_epml9d9", "created": 1559343283.0, "author_flair_text": null, "treatment_tags": [], "collapsed": false, "subreddit_name_prefixed": "r/statistics", "controversiality": 0, "depth": 5, "author_flair_background_color": null, "collapsed_because_crowd_control": null, "mod_reports": [], "mod_note": null, "distinguished": null, "_fetched": true}, {"_replies": [], "_submission": "buvz05", "_reddit": "_reddit", "total_awards_received": 0, "approved_at_utc": null, "ups": 1, "awarders": [], "mod_reason_by": null, "banned_by": null, "author_flair_type": "text", "removal_reason": null, "link_id": "t3_buvz05", "author_flair_template_id": null, "likes": null, "user_reports": [], "saved": false, "id": "epnf0y0", "banned_at_utc": null, "mod_reason_title": null, "gilded": 0, "archived": true, "no_follow": true, "author": "HillTheBilly", "can_mod_post": false, "send_replies": true, "parent_id": "t1_epml9d9", "score": 1, "author_fullname": "t2_1b2msvdh", "report_reasons": null, "approved_by": null, "all_awardings": [], "subreddit_id": "t5_2qhfi", "body": "I see thanks.", "edited": false, "downs": 0, "author_flair_css_class": null, "is_submitter": false, "collapsed": false, "author_flair_richtext": [], "author_patreon_flair": false, "body_html": "<div class=\"md\"><p>I see thanks.</p>\n</div>", "gildings": {}, "collapsed_reason": null, "associated_award": null, "stickied": false, "author_premium": false, "subreddit_type": "public", "can_gild": true, "subreddit": "statistics", "author_flair_text_color": null, "score_hidden": false, "permalink": "/r/statistics/comments/buvz05/most_useful_python_packages_for_statisticians/epnf0y0/", "num_reports": null, "locked": false, "name": "t1_epnf0y0", "created": 1559355203.0, "author_flair_text": null, "treatment_tags": [], "created_utc": 1559326403.0, "subreddit_name_prefixed": "r/statistics", "controversiality": 0, "depth": 6, "author_flair_background_color": null, "collapsed_because_crowd_control": null, "mod_reports": [], "mod_note": null, "distinguished": null, "_fetched": true}]}