{"_reddit": "_reddit", "approved_at_utc": null, "subreddit": "statistics", "selftext": "Nobody likes them, but everyone has to listen to them eventually.", "author_fullname": "t2_d2muu", "saved": false, "mod_reason_title": null, "gilded": 0, "clicked": false, "title": "P-values are like Nickelback.", "link_flair_richtext": [], "subreddit_name_prefixed": "r/statistics", "hidden": false, "pwls": 6, "link_flair_css_class": "", "downs": 0, "hide_score": false, "name": "t3_b603wb", "quarantine": false, "link_flair_text_color": "dark", "upvote_ratio": 0.76, "author_flair_background_color": null, "subreddit_type": "public", "ups": 64, "total_awards_received": 0, "media_embed": {}, "author_flair_template_id": null, "is_original_content": false, "user_reports": [], "secure_media": null, "is_reddit_media_domain": false, "is_meta": false, "category": null, "secure_media_embed": {}, "link_flair_text": "Meta", "can_mod_post": false, "score": 64, "approved_by": null, "author_premium": false, "thumbnail": "", "edited": false, "author_flair_css_class": null, "author_flair_richtext": [], "gildings": {}, "content_categories": null, "is_self": true, "mod_note": null, "created": 1553690503.0, "link_flair_type": "text", "wls": 6, "removed_by_category": null, "banned_by": null, "author_flair_type": "text", "domain": "self.statistics", "allow_live_comments": true, "selftext_html": "<!-- SC_OFF --><div class=\"md\"><p>Nobody likes them, but everyone has to listen to them eventually.</p>\n</div><!-- SC_ON -->", "likes": null, "suggested_sort": null, "banned_at_utc": null, "view_count": null, "archived": true, "no_follow": false, "is_crosspostable": true, "pinned": false, "over_18": false, "all_awardings": [], "awarders": [], "media_only": false, "link_flair_template_id": "f92f06d0-35a0-11e7-8757-0e9f3ce60390", "can_gild": true, "spoiler": false, "locked": false, "author_flair_text": null, "treatment_tags": [], "visited": false, "removed_by": null, "num_reports": null, "distinguished": null, "subreddit_id": "t5_2qhfi", "mod_reason_by": null, "removal_reason": null, "link_flair_background_color": "", "id": "b603wb", "is_robot_indexable": true, "report_reasons": null, "author": "greatmainewoods", "discussion_type": null, "num_comments": 33, "send_replies": true, "whitelist_status": "all_ads", "contest_mode": false, "mod_reports": [], "author_patreon_flair": false, "author_flair_text_color": null, "permalink": "/r/statistics/comments/b603wb/pvalues_are_like_nickelback/", "parent_whitelist_status": "all_ads", "stickied": false, "url": "https://www.reddit.com/r/statistics/comments/b603wb/pvalues_are_like_nickelback/", "subreddit_subscribers": 106209, "created_utc": 1553661703.0, "num_crossposts": 0, "media": null, "is_video": false, "_fetched": false, "comment_limit": 2048, "comment_sort": "best", "_comments_by_id": {}, "_comments": [{"_replies": ["ejh87ao", "ejhzigh", "ejhh3hz", "ejhu3us"], "_submission": "b603wb", "_reddit": "_reddit", "total_awards_received": 0, "approved_at_utc": null, "ups": 61, "awarders": [], "mod_reason_by": null, "banned_by": null, "author_flair_type": "text", "removal_reason": null, "link_id": "t3_b603wb", "author_flair_template_id": null, "likes": null, "user_reports": [], "saved": false, "id": "ejh5km8", "banned_at_utc": null, "mod_reason_title": null, "gilded": 0, "archived": true, "no_follow": false, "author": "toothirds", "can_mod_post": false, "send_replies": true, "parent_id": "t3_b603wb", "score": 61, "author_fullname": "t2_1kwn58eq", "report_reasons": null, "approved_by": null, "all_awardings": [], "subreddit_id": "t5_2qhfi", "body": "Hate to be the one that says it but I think I do like Nickelback and P-values aren't half that bad.\n\nSo yeah, let the downvotes come. At least I'll sleep well having sent my truth out into the reddit abyss.", "edited": false, "downs": 0, "author_flair_css_class": null, "is_submitter": false, "collapsed": false, "author_flair_richtext": [], "author_patreon_flair": false, "body_html": "<div class=\"md\"><p>Hate to be the one that says it but I think I do like Nickelback and P-values aren&#39;t half that bad.</p>\n\n<p>So yeah, let the downvotes come. At least I&#39;ll sleep well having sent my truth out into the reddit abyss.</p>\n</div>", "gildings": {}, "collapsed_reason": null, "associated_award": null, "stickied": false, "author_premium": false, "subreddit_type": "public", "can_gild": true, "subreddit": "statistics", "author_flair_text_color": null, "score_hidden": false, "permalink": "/r/statistics/comments/b603wb/pvalues_are_like_nickelback/ejh5km8/", "num_reports": null, "locked": false, "name": "t1_ejh5km8", "created": 1553692107.0, "author_flair_text": null, "treatment_tags": [], "created_utc": 1553663307.0, "subreddit_name_prefixed": "r/statistics", "controversiality": 0, "depth": 0, "author_flair_background_color": null, "collapsed_because_crowd_control": null, "mod_reports": [], "mod_note": null, "distinguished": null, "_fetched": true}, {"_replies": ["ejhzfco"], "_submission": "b603wb", "_reddit": "_reddit", "total_awards_received": 0, "approved_at_utc": null, "ups": 7, "awarders": [], "mod_reason_by": null, "banned_by": null, "author_flair_type": "text", "removal_reason": null, "link_id": "t3_b603wb", "author_flair_template_id": null, "likes": null, "user_reports": [], "saved": false, "id": "ejhowsk", "banned_at_utc": null, "mod_reason_title": null, "gilded": 0, "archived": true, "no_follow": false, "author": "Magrik", "can_mod_post": false, "send_replies": true, "parent_id": "t3_b603wb", "score": 7, "author_fullname": "t2_14lbam", "report_reasons": null, "approved_by": null, "all_awardings": [], "subreddit_id": "t5_2qhfi", "body": "Quality shitpost lol", "edited": false, "downs": 0, "author_flair_css_class": null, "is_submitter": false, "collapsed": false, "author_flair_richtext": [], "author_patreon_flair": false, "body_html": "<div class=\"md\"><p>Quality shitpost lol</p>\n</div>", "gildings": {}, "collapsed_reason": null, "associated_award": null, "stickied": false, "author_premium": false, "subreddit_type": "public", "can_gild": true, "subreddit": "statistics", "author_flair_text_color": null, "score_hidden": false, "permalink": "/r/statistics/comments/b603wb/pvalues_are_like_nickelback/ejhowsk/", "num_reports": null, "locked": false, "name": "t1_ejhowsk", "created": 1553718506.0, "author_flair_text": null, "treatment_tags": [], "created_utc": 1553689706.0, "subreddit_name_prefixed": "r/statistics", "controversiality": 0, "depth": 0, "author_flair_background_color": null, "collapsed_because_crowd_control": null, "mod_reports": [], "mod_note": null, "distinguished": null, "_fetched": true}, {"_replies": [], "_submission": "b603wb", "_reddit": "_reddit", "total_awards_received": 0, "approved_at_utc": null, "ups": 5, "awarders": [], "mod_reason_by": null, "banned_by": null, "author_flair_type": "text", "removal_reason": null, "link_id": "t3_b603wb", "author_flair_template_id": null, "likes": null, "user_reports": [], "saved": false, "id": "ejhtw3o", "banned_at_utc": null, "mod_reason_title": null, "gilded": 0, "archived": true, "no_follow": false, "author": "leogodin217", "can_mod_post": false, "send_replies": true, "parent_id": "t3_b603wb", "score": 5, "author_fullname": "t2_8ov8i", "report_reasons": null, "approved_by": null, "all_awardings": [], "subreddit_id": "t5_2qhfi", "body": "I'm with /u/toothirds. Niceklback is a fun band. On P-values, wouldn't it be more useful to have a scale of P-values for significance? Instead of setting alpha, we would simply report the P-value and have an accepted range. \n\nFor instance, < .001 suggests great significance. .01 is good. .05 is acceptable. .1 is interesting, but more research should be done. Something like that. In other words. Don't throw out the research, but instead add it to the body of work and let experts critique it. ", "edited": false, "downs": 0, "author_flair_css_class": null, "is_submitter": false, "collapsed": false, "author_flair_richtext": [], "author_patreon_flair": false, "body_html": "<div class=\"md\"><p>I&#39;m with <a href=\"/u/toothirds\">/u/toothirds</a>. Niceklback is a fun band. On P-values, wouldn&#39;t it be more useful to have a scale of P-values for significance? Instead of setting alpha, we would simply report the P-value and have an accepted range. </p>\n\n<p>For instance, &lt; .001 suggests great significance. .01 is good. .05 is acceptable. .1 is interesting, but more research should be done. Something like that. In other words. Don&#39;t throw out the research, but instead add it to the body of work and let experts critique it. </p>\n</div>", "gildings": {}, "collapsed_reason": null, "associated_award": null, "stickied": false, "author_premium": false, "subreddit_type": "public", "can_gild": true, "subreddit": "statistics", "author_flair_text_color": null, "score_hidden": false, "permalink": "/r/statistics/comments/b603wb/pvalues_are_like_nickelback/ejhtw3o/", "num_reports": null, "locked": false, "name": "t1_ejhtw3o", "created": 1553722669.0, "author_flair_text": null, "treatment_tags": [], "created_utc": 1553693869.0, "subreddit_name_prefixed": "r/statistics", "controversiality": 0, "depth": 0, "author_flair_background_color": null, "collapsed_because_crowd_control": null, "mod_reports": [], "mod_note": null, "distinguished": null, "_fetched": true}, {"_replies": ["ejhe5t1"], "_submission": "b603wb", "_reddit": "_reddit", "total_awards_received": 0, "approved_at_utc": null, "ups": 7, "awarders": [], "mod_reason_by": null, "banned_by": null, "author_flair_type": "text", "removal_reason": null, "link_id": "t3_b603wb", "author_flair_template_id": null, "likes": null, "user_reports": [], "saved": false, "id": "ejh8n7h", "banned_at_utc": null, "mod_reason_title": null, "gilded": 0, "archived": true, "no_follow": false, "author": "tomvorlostriddle", "can_mod_post": false, "send_replies": true, "parent_id": "t3_b603wb", "score": 7, "author_fullname": "t2_bskwmlk", "report_reasons": null, "approved_by": null, "all_awardings": [], "subreddit_id": "t5_2qhfi", "body": "It is being made responsible for many perceived negative aspects that have nothing to do with the p-value.\n\nFor example the need to make binary decisions with hard cutoffs even though the data is uncertain or ambiguous.\n\nNobody really likes doing that, but that's not the p-values fault, that's the fault of reality with its need for binary decisions.", "edited": false, "downs": 0, "author_flair_css_class": null, "is_submitter": false, "collapsed": false, "author_flair_richtext": [], "author_patreon_flair": false, "body_html": "<div class=\"md\"><p>It is being made responsible for many perceived negative aspects that have nothing to do with the p-value.</p>\n\n<p>For example the need to make binary decisions with hard cutoffs even though the data is uncertain or ambiguous.</p>\n\n<p>Nobody really likes doing that, but that&#39;s not the p-values fault, that&#39;s the fault of reality with its need for binary decisions.</p>\n</div>", "gildings": {}, "collapsed_reason": null, "associated_award": null, "stickied": false, "author_premium": false, "subreddit_type": "public", "can_gild": true, "subreddit": "statistics", "author_flair_text_color": null, "score_hidden": false, "permalink": "/r/statistics/comments/b603wb/pvalues_are_like_nickelback/ejh8n7h/", "num_reports": null, "locked": false, "name": "t1_ejh8n7h", "created": 1553696053.0, "author_flair_text": null, "treatment_tags": [], "created_utc": 1553667253.0, "subreddit_name_prefixed": "r/statistics", "controversiality": 0, "depth": 0, "author_flair_background_color": null, "collapsed_because_crowd_control": null, "mod_reports": [], "mod_note": null, "distinguished": null, "_fetched": true}, {"_replies": [], "_submission": "b603wb", "_reddit": "_reddit", "total_awards_received": 0, "approved_at_utc": null, "ups": 2, "awarders": [], "mod_reason_by": null, "banned_by": null, "author_flair_type": "text", "removal_reason": null, "link_id": "t3_b603wb", "author_flair_template_id": null, "likes": null, "user_reports": [], "saved": false, "id": "ejia1de", "banned_at_utc": null, "mod_reason_title": null, "gilded": 0, "archived": true, "no_follow": true, "author": "AncientLion", "can_mod_post": false, "send_replies": true, "parent_id": "t3_b603wb", "score": 2, "author_fullname": "t2_mbyj6", "report_reasons": null, "approved_by": null, "all_awardings": [], "subreddit_id": "t5_2qhfi", "body": "I fail to see how they are a problem. They are a probability and you could handle them the same way. ", "edited": false, "downs": 0, "author_flair_css_class": null, "is_submitter": false, "collapsed": false, "author_flair_richtext": [], "author_patreon_flair": false, "body_html": "<div class=\"md\"><p>I fail to see how they are a problem. They are a probability and you could handle them the same way. </p>\n</div>", "gildings": {}, "collapsed_reason": null, "associated_award": null, "stickied": false, "author_premium": false, "subreddit_type": "public", "can_gild": true, "subreddit": "statistics", "author_flair_text_color": null, "score_hidden": false, "permalink": "/r/statistics/comments/b603wb/pvalues_are_like_nickelback/ejia1de/", "num_reports": null, "locked": false, "name": "t1_ejia1de", "created": 1553736035.0, "author_flair_text": null, "treatment_tags": [], "created_utc": 1553707235.0, "subreddit_name_prefixed": "r/statistics", "controversiality": 0, "depth": 0, "author_flair_background_color": null, "collapsed_because_crowd_control": null, "mod_reports": [], "mod_note": null, "distinguished": null, "_fetched": true}, {"_replies": [], "_submission": "b603wb", "_reddit": "_reddit", "total_awards_received": 0, "approved_at_utc": null, "ups": 1, "awarders": [], "mod_reason_by": null, "banned_by": null, "author_flair_type": "text", "removal_reason": null, "link_id": "t3_b603wb", "author_flair_template_id": null, "likes": null, "user_reports": [], "saved": false, "id": "ejiwbw7", "banned_at_utc": null, "mod_reason_title": null, "gilded": 0, "archived": true, "no_follow": true, "author": "syntaxvorlon", "can_mod_post": false, "send_replies": true, "parent_id": "t3_b603wb", "score": 1, "author_fullname": "t2_dptek", "report_reasons": null, "approved_by": null, "all_awardings": [], "subreddit_id": "t5_2qhfi", "body": "This is patently false. P-values are notoriously difficult to replicate.", "edited": false, "downs": 0, "author_flair_css_class": null, "is_submitter": false, "collapsed": false, "author_flair_richtext": [], "author_patreon_flair": false, "body_html": "<div class=\"md\"><p>This is patently false. P-values are notoriously difficult to replicate.</p>\n</div>", "gildings": {}, "collapsed_reason": null, "associated_award": null, "stickied": false, "author_premium": false, "subreddit_type": "public", "can_gild": true, "subreddit": "statistics", "author_flair_text_color": null, "score_hidden": false, "permalink": "/r/statistics/comments/b603wb/pvalues_are_like_nickelback/ejiwbw7/", "num_reports": null, "locked": false, "name": "t1_ejiwbw7", "created": 1553749893.0, "author_flair_text": null, "treatment_tags": [], "created_utc": 1553721093.0, "subreddit_name_prefixed": "r/statistics", "controversiality": 0, "depth": 0, "author_flair_background_color": null, "collapsed_because_crowd_control": null, "mod_reports": [], "mod_note": null, "distinguished": null, "_fetched": true}, {"_replies": ["eji5aml", "ejiab89", "ejhqurn"], "_submission": "b603wb", "_reddit": "_reddit", "total_awards_received": 0, "approved_at_utc": null, "ups": 15, "awarders": [], "mod_reason_by": null, "banned_by": null, "author_flair_type": "text", "removal_reason": null, "link_id": "t3_b603wb", "author_flair_template_id": null, "likes": null, "user_reports": [], "saved": false, "id": "ejhqg7t", "banned_at_utc": null, "mod_reason_title": null, "gilded": 0, "archived": true, "no_follow": false, "author": "nondescriptshadow", "can_mod_post": false, "send_replies": true, "parent_id": "t1_ejhf4uf", "score": 15, "author_fullname": "t2_5z11j", "report_reasons": null, "approved_by": null, "all_awardings": [], "subreddit_id": "t5_2qhfi", "collapsed": false, "body": "P value 0.06? The correlation hypothesis must be absolute shit", "edited": false, "author_flair_css_class": null, "is_submitter": false, "downs": 0, "author_flair_richtext": [], "author_patreon_flair": false, "body_html": "<div class=\"md\"><p>P value 0.06? The correlation hypothesis must be absolute shit</p>\n</div>", "gildings": {}, "collapsed_reason": null, "associated_award": null, "stickied": false, "author_premium": false, "subreddit_type": "public", "can_gild": true, "subreddit": "statistics", "author_flair_text_color": null, "score_hidden": false, "permalink": "/r/statistics/comments/b603wb/pvalues_are_like_nickelback/ejhqg7t/", "num_reports": null, "locked": false, "name": "t1_ejhqg7t", "created": 1553719885.0, "author_flair_text": null, "treatment_tags": [], "created_utc": 1553691085.0, "subreddit_name_prefixed": "r/statistics", "controversiality": 0, "depth": 1, "author_flair_background_color": null, "collapsed_because_crowd_control": null, "mod_reports": [], "mod_note": null, "distinguished": null, "_fetched": true}, {"_replies": ["ejhart1"], "_submission": "b603wb", "_reddit": "_reddit", "total_awards_received": 0, "approved_at_utc": null, "ups": 18, "awarders": [], "mod_reason_by": null, "banned_by": null, "author_flair_type": "text", "removal_reason": null, "link_id": "t3_b603wb", "author_flair_template_id": null, "likes": null, "user_reports": [], "saved": false, "id": "ejh87ao", "banned_at_utc": null, "mod_reason_title": null, "gilded": 0, "archived": true, "no_follow": false, "author": "engelthefallen", "can_mod_post": false, "send_replies": true, "parent_id": "t1_ejh5km8", "score": 18, "author_fullname": "t2_6c2hf", "report_reasons": null, "approved_by": null, "all_awardings": [], "subreddit_id": "t5_2qhfi", "collapsed": false, "body": "I think P-Values definitely have a use.  Editors and reviewers just have to stop letting authors say p-values do things they cannot and sample size considerations need to be addressed.  But I personally would like to know if the null was false what is the likelihood of getting results at least as extreme as are being reporting.  That just should not be where analyses or discussion of results stop.\n\nI am almost wondering if any quant paper should be assigned a statistical editor just to check the numbers and conclusions as a final pass before publication to veto papers that are misusing statistics and request additional analyses if needed.  This could also serve to cut down on papers that use test while violating the assumptions of said tests.", "edited": false, "author_flair_css_class": null, "is_submitter": false, "downs": 0, "author_flair_richtext": [], "author_patreon_flair": false, "body_html": "<div class=\"md\"><p>I think P-Values definitely have a use.  Editors and reviewers just have to stop letting authors say p-values do things they cannot and sample size considerations need to be addressed.  But I personally would like to know if the null was false what is the likelihood of getting results at least as extreme as are being reporting.  That just should not be where analyses or discussion of results stop.</p>\n\n<p>I am almost wondering if any quant paper should be assigned a statistical editor just to check the numbers and conclusions as a final pass before publication to veto papers that are misusing statistics and request additional analyses if needed.  This could also serve to cut down on papers that use test while violating the assumptions of said tests.</p>\n</div>", "gildings": {}, "collapsed_reason": null, "associated_award": null, "stickied": false, "author_premium": false, "subreddit_type": "public", "can_gild": true, "subreddit": "statistics", "author_flair_text_color": null, "score_hidden": false, "permalink": "/r/statistics/comments/b603wb/pvalues_are_like_nickelback/ejh87ao/", "num_reports": null, "locked": false, "name": "t1_ejh87ao", "created": 1553695445.0, "author_flair_text": null, "treatment_tags": [], "created_utc": 1553666645.0, "subreddit_name_prefixed": "r/statistics", "controversiality": 0, "depth": 1, "author_flair_background_color": null, "collapsed_because_crowd_control": null, "mod_reports": [], "mod_note": null, "distinguished": null, "_fetched": true}, {"_replies": ["ejixoxy", "ejj8nwu"], "_submission": "b603wb", "_reddit": "_reddit", "total_awards_received": 0, "approved_at_utc": null, "ups": 3, "awarders": [], "mod_reason_by": null, "banned_by": null, "author_flair_type": "text", "removal_reason": null, "link_id": "t3_b603wb", "author_flair_template_id": null, "likes": null, "user_reports": [], "saved": false, "id": "ejhzigh", "banned_at_utc": null, "mod_reason_title": null, "gilded": 0, "archived": true, "no_follow": true, "author": "greatmainewoods", "can_mod_post": false, "send_replies": true, "parent_id": "t1_ejh5km8", "score": 3, "author_fullname": "t2_d2muu", "report_reasons": null, "approved_by": null, "all_awardings": [], "subreddit_id": "t5_2qhfi", "collapsed": false, "body": "Hahaha. I sort of agree. Just a meta shitpost.\n\nNickelback, to its credit, has catchy songs that frequently get stuck in my head. I'll give em that. P-values are fine, but there's been a lot of P-value hate posts lately!", "edited": false, "author_flair_css_class": null, "is_submitter": true, "downs": 0, "author_flair_richtext": [], "author_patreon_flair": false, "body_html": "<div class=\"md\"><p>Hahaha. I sort of agree. Just a meta shitpost.</p>\n\n<p>Nickelback, to its credit, has catchy songs that frequently get stuck in my head. I&#39;ll give em that. P-values are fine, but there&#39;s been a lot of P-value hate posts lately!</p>\n</div>", "gildings": {}, "collapsed_reason": null, "associated_award": null, "stickied": false, "author_premium": false, "subreddit_type": "public", "can_gild": true, "subreddit": "statistics", "author_flair_text_color": null, "score_hidden": false, "permalink": "/r/statistics/comments/b603wb/pvalues_are_like_nickelback/ejhzigh/", "num_reports": null, "locked": false, "name": "t1_ejhzigh", "created": 1553727463.0, "author_flair_text": null, "treatment_tags": [], "created_utc": 1553698663.0, "subreddit_name_prefixed": "r/statistics", "controversiality": 0, "depth": 1, "author_flair_background_color": null, "collapsed_because_crowd_control": null, "mod_reports": [], "mod_note": null, "distinguished": null, "_fetched": true}, {"_replies": [], "_submission": "b603wb", "_reddit": "_reddit", "total_awards_received": 0, "approved_at_utc": null, "ups": 2, "awarders": [], "mod_reason_by": null, "banned_by": null, "author_flair_type": "text", "removal_reason": null, "link_id": "t3_b603wb", "author_flair_template_id": null, "likes": null, "user_reports": [], "saved": false, "id": "ejhh3hz", "banned_at_utc": null, "mod_reason_title": null, "gilded": 0, "archived": true, "no_follow": true, "author": "lightbulb43", "can_mod_post": false, "send_replies": true, "parent_id": "t1_ejh5km8", "score": 2, "author_fullname": "t2_2vqij4pr", "report_reasons": null, "approved_by": null, "all_awardings": [], "subreddit_id": "t5_2qhfi", "collapsed": false, "body": "Now I won't sleep cause I have to quantify the badness of p-values. ", "edited": false, "author_flair_css_class": null, "is_submitter": false, "downs": 0, "author_flair_richtext": [], "author_patreon_flair": false, "body_html": "<div class=\"md\"><p>Now I won&#39;t sleep cause I have to quantify the badness of p-values. </p>\n</div>", "gildings": {}, "collapsed_reason": null, "associated_award": null, "stickied": false, "author_premium": false, "subreddit_type": "public", "can_gild": true, "subreddit": "statistics", "author_flair_text_color": null, "score_hidden": false, "permalink": "/r/statistics/comments/b603wb/pvalues_are_like_nickelback/ejhh3hz/", "num_reports": null, "locked": false, "name": "t1_ejhh3hz", "created": 1553709313.0, "author_flair_text": null, "treatment_tags": [], "created_utc": 1553680513.0, "subreddit_name_prefixed": "r/statistics", "controversiality": 0, "depth": 1, "author_flair_background_color": null, "collapsed_because_crowd_control": null, "mod_reports": [], "mod_note": null, "distinguished": null, "_fetched": true}, {"_replies": [], "_submission": "b603wb", "_reddit": "_reddit", "total_awards_received": 0, "approved_at_utc": null, "ups": 2, "awarders": [], "mod_reason_by": null, "banned_by": null, "author_flair_type": "text", "removal_reason": null, "link_id": "t3_b603wb", "author_flair_template_id": null, "likes": null, "user_reports": [], "saved": false, "id": "ejhu3us", "banned_at_utc": null, "mod_reason_title": null, "gilded": 0, "archived": true, "no_follow": true, "author": "CommanderShift", "can_mod_post": false, "send_replies": true, "parent_id": "t1_ejh5km8", "score": 2, "author_fullname": "t2_nd2h6da", "report_reasons": null, "approved_by": null, "all_awardings": [], "subreddit_id": "t5_2qhfi", "collapsed": false, "body": "Early nickelback wasn't bad at all! Late nickelback I can do without. Seemed like every hit became a song about being rich, doing blow, partying with women and being kind of an overall dirtbag.", "edited": false, "author_flair_css_class": null, "is_submitter": false, "downs": 0, "author_flair_richtext": [], "author_patreon_flair": false, "body_html": "<div class=\"md\"><p>Early nickelback wasn&#39;t bad at all! Late nickelback I can do without. Seemed like every hit became a song about being rich, doing blow, partying with women and being kind of an overall dirtbag.</p>\n</div>", "gildings": {}, "collapsed_reason": null, "associated_award": null, "stickied": false, "author_premium": false, "subreddit_type": "public", "can_gild": true, "subreddit": "statistics", "author_flair_text_color": null, "score_hidden": false, "permalink": "/r/statistics/comments/b603wb/pvalues_are_like_nickelback/ejhu3us/", "num_reports": null, "locked": false, "name": "t1_ejhu3us", "created": 1553722831.0, "author_flair_text": null, "treatment_tags": [], "created_utc": 1553694031.0, "subreddit_name_prefixed": "r/statistics", "controversiality": 0, "depth": 1, "author_flair_background_color": null, "collapsed_because_crowd_control": null, "mod_reports": [], "mod_note": null, "distinguished": null, "_fetched": true}, {"_replies": ["ejhzj8w"], "_submission": "b603wb", "_reddit": "_reddit", "total_awards_received": 0, "approved_at_utc": null, "ups": 3, "awarders": [], "mod_reason_by": null, "banned_by": null, "author_flair_type": "text", "removal_reason": null, "link_id": "t3_b603wb", "author_flair_template_id": null, "likes": null, "user_reports": [], "saved": false, "id": "ejhzfco", "banned_at_utc": null, "mod_reason_title": null, "gilded": 0, "archived": true, "no_follow": true, "author": "greatmainewoods", "can_mod_post": false, "send_replies": true, "parent_id": "t1_ejhowsk", "score": 3, "author_fullname": "t2_d2muu", "report_reasons": null, "approved_by": null, "all_awardings": [], "subreddit_id": "t5_2qhfi", "collapsed": false, "body": "Thanks. People are taking it way too seriously and defending their favorite band and method of evaluating outcomes of analyses.", "edited": false, "author_flair_css_class": null, "is_submitter": true, "downs": 0, "author_flair_richtext": [], "author_patreon_flair": false, "body_html": "<div class=\"md\"><p>Thanks. People are taking it way too seriously and defending their favorite band and method of evaluating outcomes of analyses.</p>\n</div>", "gildings": {}, "collapsed_reason": null, "associated_award": null, "stickied": false, "author_premium": false, "subreddit_type": "public", "can_gild": true, "subreddit": "statistics", "author_flair_text_color": null, "score_hidden": false, "permalink": "/r/statistics/comments/b603wb/pvalues_are_like_nickelback/ejhzfco/", "num_reports": null, "locked": false, "name": "t1_ejhzfco", "created": 1553727372.0, "author_flair_text": null, "treatment_tags": [], "created_utc": 1553698572.0, "subreddit_name_prefixed": "r/statistics", "controversiality": 0, "depth": 1, "author_flair_background_color": null, "collapsed_because_crowd_control": null, "mod_reports": [], "mod_note": null, "distinguished": null, "_fetched": true}, {"_replies": ["ejibe2i"], "_submission": "b603wb", "_reddit": "_reddit", "total_awards_received": 0, "approved_at_utc": null, "ups": 4, "awarders": [], "mod_reason_by": null, "banned_by": null, "author_flair_type": "text", "removal_reason": null, "link_id": "t3_b603wb", "author_flair_template_id": null, "likes": null, "user_reports": [], "saved": false, "id": "ejhe5t1", "banned_at_utc": null, "mod_reason_title": null, "gilded": 0, "archived": true, "no_follow": false, "author": "thrope", "can_mod_post": false, "send_replies": true, "parent_id": "t1_ejh8n7h", "score": 4, "author_fullname": "t2_43nxa", "report_reasons": null, "approved_by": null, "all_awardings": [], "subreddit_id": "t5_2qhfi", "collapsed": false, "body": "p-value thresholds are a terrible way to make real world binary decisions - that's the point of the argument against them. Any real world decision should consider a properly defined loss function, i.e. cost of action taken, cost of being wrong etc. to come up with a decision strategy that is optimum in some sense. If the cost of being wrong is high, more evidence is needed, etc. ", "edited": false, "author_flair_css_class": null, "is_submitter": false, "downs": 0, "author_flair_richtext": [], "author_patreon_flair": false, "body_html": "<div class=\"md\"><p>p-value thresholds are a terrible way to make real world binary decisions - that&#39;s the point of the argument against them. Any real world decision should consider a properly defined loss function, i.e. cost of action taken, cost of being wrong etc. to come up with a decision strategy that is optimum in some sense. If the cost of being wrong is high, more evidence is needed, etc. </p>\n</div>", "gildings": {}, "collapsed_reason": null, "associated_award": null, "stickied": false, "author_premium": false, "subreddit_type": "public", "can_gild": true, "subreddit": "statistics", "author_flair_text_color": null, "score_hidden": false, "permalink": "/r/statistics/comments/b603wb/pvalues_are_like_nickelback/ejhe5t1/", "num_reports": null, "locked": false, "name": "t1_ejhe5t1", "created": 1553704678.0, "author_flair_text": null, "treatment_tags": [], "created_utc": 1553675878.0, "subreddit_name_prefixed": "r/statistics", "controversiality": 0, "depth": 1, "author_flair_background_color": null, "collapsed_because_crowd_control": null, "mod_reports": [], "mod_note": null, "distinguished": null, "_fetched": true}, {"_replies": [], "_submission": "b603wb", "_reddit": "_reddit", "total_awards_received": 0, "approved_at_utc": null, "ups": 1, "awarders": [], "mod_reason_by": null, "banned_by": null, "author_flair_type": "text", "removal_reason": null, "link_id": "t3_b603wb", "author_flair_template_id": null, "likes": null, "user_reports": [], "saved": false, "id": "ejjryx4", "banned_at_utc": null, "mod_reason_title": null, "gilded": 0, "archived": true, "no_follow": true, "author": "avocadopapii", "can_mod_post": false, "send_replies": true, "parent_id": "t1_ejjfivs", "score": 1, "author_fullname": "t2_2hz8parj", "report_reasons": null, "approved_by": null, "all_awardings": [], "subreddit_id": "t5_2qhfi", "collapsed": false, "body": "Yep I agree. People tend to just memorize p < .05 , reject the null. Without truly thinking about or understanding what the pvalue is. ", "edited": false, "author_flair_css_class": null, "is_submitter": false, "downs": 0, "author_flair_richtext": [], "author_patreon_flair": false, "body_html": "<div class=\"md\"><p>Yep I agree. People tend to just memorize p &lt; .05 , reject the null. Without truly thinking about or understanding what the pvalue is. </p>\n</div>", "gildings": {}, "collapsed_reason": null, "associated_award": null, "stickied": false, "author_premium": false, "subreddit_type": "public", "can_gild": true, "subreddit": "statistics", "author_flair_text_color": null, "score_hidden": false, "permalink": "/r/statistics/comments/b603wb/pvalues_are_like_nickelback/ejjryx4/", "num_reports": null, "locked": false, "name": "t1_ejjryx4", "created": 1553773312.0, "author_flair_text": null, "treatment_tags": [], "created_utc": 1553744512.0, "subreddit_name_prefixed": "r/statistics", "controversiality": 0, "depth": 1, "author_flair_background_color": null, "collapsed_because_crowd_control": null, "mod_reports": [], "mod_note": null, "distinguished": null, "_fetched": true}, {"_replies": ["ejia6q7"], "_submission": "b603wb", "_reddit": "_reddit", "total_awards_received": 0, "approved_at_utc": null, "ups": 8, "awarders": [], "mod_reason_by": null, "banned_by": null, "author_flair_type": "text", "removal_reason": null, "link_id": "t3_b603wb", "author_flair_template_id": null, "likes": null, "user_reports": [], "saved": false, "id": "eji5aml", "banned_at_utc": null, "mod_reason_title": null, "gilded": 0, "archived": true, "no_follow": false, "author": "twi3k", "can_mod_post": false, "created_utc": 1553704304.0, "send_replies": true, "parent_id": "t1_ejhqg7t", "score": 8, "author_fullname": "t2_h08tn", "report_reasons": null, "approved_by": null, "all_awardings": [], "subreddit_id": "t5_2qhfi", "body": "Do more experiments so you can reduce it to 0.049", "edited": false, "author_flair_css_class": null, "is_submitter": false, "downs": 0, "author_flair_richtext": [], "author_patreon_flair": false, "body_html": "<div class=\"md\"><p>Do more experiments so you can reduce it to 0.049</p>\n</div>", "gildings": {}, "collapsed_reason": null, "associated_award": null, "stickied": false, "author_premium": false, "subreddit_type": "public", "can_gild": true, "subreddit": "statistics", "author_flair_text_color": null, "score_hidden": false, "permalink": "/r/statistics/comments/b603wb/pvalues_are_like_nickelback/eji5aml/", "num_reports": null, "locked": false, "name": "t1_eji5aml", "created": 1553733104.0, "author_flair_text": null, "treatment_tags": [], "collapsed": false, "subreddit_name_prefixed": "r/statistics", "controversiality": 0, "depth": 2, "author_flair_background_color": null, "collapsed_because_crowd_control": null, "mod_reports": [], "mod_note": null, "distinguished": null, "_fetched": true}, {"_replies": ["ejijznq"], "_submission": "b603wb", "_reddit": "_reddit", "total_awards_received": 0, "approved_at_utc": null, "ups": 4, "awarders": [], "mod_reason_by": null, "banned_by": null, "author_flair_type": "text", "removal_reason": null, "link_id": "t3_b603wb", "author_flair_template_id": null, "likes": null, "user_reports": [], "saved": false, "id": "ejiab89", "banned_at_utc": null, "mod_reason_title": null, "gilded": 0, "archived": true, "no_follow": false, "author": "AllezCannes", "can_mod_post": false, "created_utc": 1553707404.0, "send_replies": true, "parent_id": "t1_ejhqg7t", "score": 4, "author_fullname": "t2_c9o7q", "report_reasons": null, "approved_by": null, "all_awardings": [], "subreddit_id": "t5_2qhfi", "body": "https://twitter.com/d_spiegel/status/1110477993317679104\n\n> This paper motivates the call for the end of significance. A 25% mortality reduction, but because P=0.06 (two-sided), they declare it \u2018did not reduce\u2019 mortality. Appalling. https://jamanetwork.com/journals/jama/article-abstract/2724361\n\n", "edited": false, "author_flair_css_class": null, "is_submitter": false, "downs": 0, "author_flair_richtext": [], "author_patreon_flair": false, "body_html": "<div class=\"md\"><p><a href=\"https://twitter.com/d_spiegel/status/1110477993317679104\">https://twitter.com/d_spiegel/status/1110477993317679104</a></p>\n\n<blockquote>\n<p>This paper motivates the call for the end of significance. A 25% mortality reduction, but because P=0.06 (two-sided), they declare it \u2018did not reduce\u2019 mortality. Appalling. <a href=\"https://jamanetwork.com/journals/jama/article-abstract/2724361\">https://jamanetwork.com/journals/jama/article-abstract/2724361</a></p>\n</blockquote>\n</div>", "gildings": {}, "collapsed_reason": null, "associated_award": null, "stickied": false, "author_premium": false, "subreddit_type": "public", "can_gild": true, "subreddit": "statistics", "author_flair_text_color": null, "score_hidden": false, "permalink": "/r/statistics/comments/b603wb/pvalues_are_like_nickelback/ejiab89/", "num_reports": null, "locked": false, "name": "t1_ejiab89", "created": 1553736204.0, "author_flair_text": null, "treatment_tags": [], "collapsed": false, "subreddit_name_prefixed": "r/statistics", "controversiality": 0, "depth": 2, "author_flair_background_color": null, "collapsed_because_crowd_control": null, "mod_reports": [], "mod_note": null, "distinguished": null, "_fetched": true}, {"_replies": ["ejhtjbt"], "_submission": "b603wb", "_reddit": "_reddit", "total_awards_received": 0, "approved_at_utc": null, "ups": 8, "awarders": [], "mod_reason_by": null, "banned_by": null, "author_flair_type": "text", "removal_reason": null, "link_id": "t3_b603wb", "author_flair_template_id": null, "likes": null, "user_reports": [], "saved": false, "id": "ejhart1", "banned_at_utc": null, "mod_reason_title": null, "gilded": 0, "archived": true, "no_follow": false, "author": "toothirds", "can_mod_post": false, "created_utc": 1553670400.0, "send_replies": true, "parent_id": "t1_ejh87ao", "score": 8, "author_fullname": "t2_1kwn58eq", "report_reasons": null, "approved_by": null, "all_awardings": [], "subreddit_id": "t5_2qhfi", "body": "I agree that P-values are widely misused despite them having their place.\n\nIn light of the original post, I propose we coin the term for validating such papers the \"Nickelback Test\" as a sort of double entendre, given that a simple example of an experimental design problem is a coin flip.", "edited": false, "author_flair_css_class": null, "is_submitter": false, "downs": 0, "author_flair_richtext": [], "author_patreon_flair": false, "body_html": "<div class=\"md\"><p>I agree that P-values are widely misused despite them having their place.</p>\n\n<p>In light of the original post, I propose we coin the term for validating such papers the &quot;Nickelback Test&quot; as a sort of double entendre, given that a simple example of an experimental design problem is a coin flip.</p>\n</div>", "gildings": {}, "collapsed_reason": null, "associated_award": null, "stickied": false, "author_premium": false, "subreddit_type": "public", "can_gild": true, "subreddit": "statistics", "author_flair_text_color": null, "score_hidden": false, "permalink": "/r/statistics/comments/b603wb/pvalues_are_like_nickelback/ejhart1/", "num_reports": null, "locked": false, "name": "t1_ejhart1", "created": 1553699200.0, "author_flair_text": null, "treatment_tags": [], "collapsed": false, "subreddit_name_prefixed": "r/statistics", "controversiality": 0, "depth": 2, "author_flair_background_color": null, "collapsed_because_crowd_control": null, "mod_reports": [], "mod_note": null, "distinguished": null, "_fetched": true}, {"_replies": [], "_submission": "b603wb", "_reddit": "_reddit", "total_awards_received": 0, "approved_at_utc": null, "ups": 2, "awarders": [], "mod_reason_by": null, "banned_by": null, "author_flair_type": "text", "removal_reason": null, "link_id": "t3_b603wb", "author_flair_template_id": null, "likes": null, "user_reports": [], "saved": false, "id": "ejixoxy", "banned_at_utc": null, "mod_reason_title": null, "gilded": 0, "archived": true, "no_follow": true, "author": "Automatic_Towel", "can_mod_post": false, "created_utc": 1553721944.0, "send_replies": true, "parent_id": "t1_ejhzigh", "score": 2, "author_fullname": "t2_2906x37b", "report_reasons": null, "approved_by": null, "all_awardings": [], "subreddit_id": "t5_2qhfi", "body": "> Nickelback, to its credit, has catchy songs that frequently get stuck in my head.\n\nWho knows how Nickelback will be regarded, in the long run.", "edited": false, "author_flair_css_class": null, "is_submitter": false, "downs": 0, "author_flair_richtext": [], "author_patreon_flair": false, "body_html": "<div class=\"md\"><blockquote>\n<p>Nickelback, to its credit, has catchy songs that frequently get stuck in my head.</p>\n</blockquote>\n\n<p>Who knows how Nickelback will be regarded, in the long run.</p>\n</div>", "gildings": {}, "collapsed_reason": null, "associated_award": null, "stickied": false, "author_premium": false, "subreddit_type": "public", "can_gild": true, "subreddit": "statistics", "author_flair_text_color": null, "score_hidden": false, "permalink": "/r/statistics/comments/b603wb/pvalues_are_like_nickelback/ejixoxy/", "num_reports": null, "locked": false, "name": "t1_ejixoxy", "created": 1553750744.0, "author_flair_text": null, "treatment_tags": [], "collapsed": false, "subreddit_name_prefixed": "r/statistics", "controversiality": 0, "depth": 2, "author_flair_background_color": null, "collapsed_because_crowd_control": null, "mod_reports": [], "mod_note": null, "distinguished": null, "_fetched": true}, {"_replies": [], "_submission": "b603wb", "_reddit": "_reddit", "total_awards_received": 0, "approved_at_utc": null, "ups": 1, "awarders": [], "mod_reason_by": null, "banned_by": null, "author_flair_type": "text", "removal_reason": null, "link_id": "t3_b603wb", "author_flair_template_id": null, "likes": null, "user_reports": [], "saved": false, "id": "ejj8nwu", "banned_at_utc": null, "mod_reason_title": null, "gilded": 0, "archived": true, "no_follow": true, "author": "toothirds", "can_mod_post": false, "created_utc": 1553729334.0, "send_replies": true, "parent_id": "t1_ejhzigh", "score": 1, "author_fullname": "t2_1kwn58eq", "report_reasons": null, "approved_by": null, "all_awardings": [], "subreddit_id": "t5_2qhfi", "body": "Hahah.  I'm glad we sort of agree. Nice shitpost!", "edited": false, "author_flair_css_class": null, "is_submitter": false, "downs": 0, "author_flair_richtext": [], "author_patreon_flair": false, "body_html": "<div class=\"md\"><p>Hahah.  I&#39;m glad we sort of agree. Nice shitpost!</p>\n</div>", "gildings": {}, "collapsed_reason": null, "associated_award": null, "stickied": false, "author_premium": false, "subreddit_type": "public", "can_gild": true, "subreddit": "statistics", "author_flair_text_color": null, "score_hidden": false, "permalink": "/r/statistics/comments/b603wb/pvalues_are_like_nickelback/ejj8nwu/", "num_reports": null, "locked": false, "name": "t1_ejj8nwu", "created": 1553758134.0, "author_flair_text": null, "treatment_tags": [], "collapsed": false, "subreddit_name_prefixed": "r/statistics", "controversiality": 0, "depth": 2, "author_flair_background_color": null, "collapsed_because_crowd_control": null, "mod_reports": [], "mod_note": null, "distinguished": null, "_fetched": true}, {"_replies": [], "_submission": "b603wb", "_reddit": "_reddit", "total_awards_received": 0, "approved_at_utc": null, "ups": 3, "awarders": [], "mod_reason_by": null, "banned_by": null, "author_flair_type": "text", "removal_reason": null, "link_id": "t3_b603wb", "author_flair_template_id": null, "likes": null, "user_reports": [], "saved": false, "id": "ejhzj8w", "banned_at_utc": null, "mod_reason_title": null, "gilded": 0, "archived": true, "no_follow": true, "author": "Magrik", "can_mod_post": false, "created_utc": 1553698685.0, "send_replies": true, "parent_id": "t1_ejhzfco", "score": 3, "author_fullname": "t2_14lbam", "report_reasons": null, "approved_by": null, "all_awardings": [], "subreddit_id": "t5_2qhfi", "body": "I enjoyed it. The anti p-value train rolled through last week, so its nice to laugh at it.", "edited": false, "author_flair_css_class": null, "is_submitter": false, "downs": 0, "author_flair_richtext": [], "author_patreon_flair": false, "body_html": "<div class=\"md\"><p>I enjoyed it. The anti p-value train rolled through last week, so its nice to laugh at it.</p>\n</div>", "gildings": {}, "collapsed_reason": null, "associated_award": null, "stickied": false, "author_premium": false, "subreddit_type": "public", "can_gild": true, "subreddit": "statistics", "author_flair_text_color": null, "score_hidden": false, "permalink": "/r/statistics/comments/b603wb/pvalues_are_like_nickelback/ejhzj8w/", "num_reports": null, "locked": false, "name": "t1_ejhzj8w", "created": 1553727485.0, "author_flair_text": null, "treatment_tags": [], "collapsed": false, "subreddit_name_prefixed": "r/statistics", "controversiality": 0, "depth": 2, "author_flair_background_color": null, "collapsed_because_crowd_control": null, "mod_reports": [], "mod_note": null, "distinguished": null, "_fetched": true}, {"_replies": [], "_submission": "b603wb", "_reddit": "_reddit", "total_awards_received": 0, "approved_at_utc": null, "ups": 1, "awarders": [], "mod_reason_by": null, "banned_by": null, "author_flair_type": "text", "removal_reason": null, "link_id": "t3_b603wb", "author_flair_template_id": null, "likes": null, "user_reports": [], "saved": false, "id": "ejibe2i", "banned_at_utc": null, "mod_reason_title": null, "gilded": 0, "archived": true, "no_follow": true, "author": "hyphenomicon", "can_mod_post": false, "created_utc": 1553708064.0, "send_replies": true, "parent_id": "t1_ejhe5t1", "score": 1, "author_fullname": "t2_25nbc3g1", "report_reasons": null, "approved_by": null, "all_awardings": [], "subreddit_id": "t5_2qhfi", "body": "That's hard, though. It also won't be easy to standardize. For a first pass approach, using p values with caution seems fine.\n\nIn addition, even though the way p-values are used is often bad, it is generally bad in an obvious way. If p values lose their persuasiveness, I worry the quality of bad research will stay the same due to unchanged incentives, but the nature by which bad research fails will be more undetectable and idiosyncratic.", "edited": false, "author_flair_css_class": null, "is_submitter": false, "downs": 0, "author_flair_richtext": [], "author_patreon_flair": false, "body_html": "<div class=\"md\"><p>That&#39;s hard, though. It also won&#39;t be easy to standardize. For a first pass approach, using p values with caution seems fine.</p>\n\n<p>In addition, even though the way p-values are used is often bad, it is generally bad in an obvious way. If p values lose their persuasiveness, I worry the quality of bad research will stay the same due to unchanged incentives, but the nature by which bad research fails will be more undetectable and idiosyncratic.</p>\n</div>", "gildings": {}, "collapsed_reason": null, "associated_award": null, "stickied": false, "author_premium": false, "subreddit_type": "public", "can_gild": true, "subreddit": "statistics", "author_flair_text_color": null, "score_hidden": false, "permalink": "/r/statistics/comments/b603wb/pvalues_are_like_nickelback/ejibe2i/", "num_reports": null, "locked": false, "name": "t1_ejibe2i", "created": 1553736864.0, "author_flair_text": null, "treatment_tags": [], "collapsed": false, "subreddit_name_prefixed": "r/statistics", "controversiality": 0, "depth": 2, "author_flair_background_color": null, "collapsed_because_crowd_control": null, "mod_reports": [], "mod_note": null, "distinguished": null, "_fetched": true}, {"_replies": ["ejic1t1"], "_submission": "b603wb", "_reddit": "_reddit", "total_awards_received": 0, "approved_at_utc": null, "ups": 1, "awarders": [], "mod_reason_by": null, "banned_by": null, "author_flair_type": "text", "removal_reason": null, "link_id": "t3_b603wb", "author_flair_template_id": null, "likes": null, "user_reports": [], "saved": false, "id": "ejia6q7", "banned_at_utc": null, "mod_reason_title": null, "gilded": 0, "archived": true, "no_follow": true, "author": "AllezCannes", "can_mod_post": false, "send_replies": true, "parent_id": "t1_eji5aml", "score": 1, "author_fullname": "t2_c9o7q", "report_reasons": null, "approved_by": null, "all_awardings": [], "subreddit_id": "t5_2qhfi", "body": "That's p-hacking. (I assume you're kidding, but not everyone may realize this.)", "edited": 1553708030.0, "downs": 0, "author_flair_css_class": null, "is_submitter": false, "collapsed": false, "author_flair_richtext": [], "author_patreon_flair": false, "body_html": "<div class=\"md\"><p>That&#39;s p-hacking. (I assume you&#39;re kidding, but not everyone may realize this.)</p>\n</div>", "gildings": {}, "collapsed_reason": null, "associated_award": null, "stickied": false, "author_premium": false, "subreddit_type": "public", "can_gild": true, "subreddit": "statistics", "author_flair_text_color": null, "score_hidden": false, "permalink": "/r/statistics/comments/b603wb/pvalues_are_like_nickelback/ejia6q7/", "num_reports": null, "locked": false, "name": "t1_ejia6q7", "created": 1553736126.0, "author_flair_text": null, "treatment_tags": [], "created_utc": 1553707326.0, "subreddit_name_prefixed": "r/statistics", "controversiality": 0, "depth": 3, "author_flair_background_color": null, "collapsed_because_crowd_control": null, "mod_reports": [], "mod_note": null, "distinguished": null, "_fetched": true}, {"_replies": [], "_submission": "b603wb", "_reddit": "_reddit", "total_awards_received": 0, "approved_at_utc": null, "ups": 2, "awarders": [], "mod_reason_by": null, "banned_by": null, "author_flair_type": "text", "removal_reason": null, "link_id": "t3_b603wb", "author_flair_template_id": null, "likes": null, "user_reports": [], "saved": false, "id": "ejijznq", "banned_at_utc": null, "mod_reason_title": null, "gilded": 0, "archived": true, "no_follow": true, "author": "d_v_c", "can_mod_post": false, "send_replies": true, "parent_id": "t1_ejiab89", "score": 2, "author_fullname": "t2_3fra3393", "report_reasons": null, "approved_by": null, "all_awardings": [], "subreddit_id": "t5_2qhfi", "body": "Wow, just wow ", "edited": false, "downs": 0, "author_flair_css_class": null, "is_submitter": false, "collapsed": false, "author_flair_richtext": [], "author_patreon_flair": false, "body_html": "<div class=\"md\"><p>Wow, just wow </p>\n</div>", "gildings": {}, "collapsed_reason": null, "associated_award": null, "stickied": false, "author_premium": false, "subreddit_type": "public", "can_gild": true, "subreddit": "statistics", "author_flair_text_color": null, "score_hidden": false, "permalink": "/r/statistics/comments/b603wb/pvalues_are_like_nickelback/ejijznq/", "num_reports": null, "locked": false, "name": "t1_ejijznq", "created": 1553742235.0, "author_flair_text": null, "treatment_tags": [], "created_utc": 1553713435.0, "subreddit_name_prefixed": "r/statistics", "controversiality": 0, "depth": 3, "author_flair_background_color": null, "collapsed_because_crowd_control": null, "mod_reports": [], "mod_note": null, "distinguished": null, "_fetched": true}, {"_replies": ["eji6inn"], "_submission": "b603wb", "_reddit": "_reddit", "total_awards_received": 0, "approved_at_utc": null, "ups": 3, "awarders": [], "mod_reason_by": null, "banned_by": null, "author_flair_type": "text", "removal_reason": null, "link_id": "t3_b603wb", "author_flair_template_id": null, "likes": null, "user_reports": [], "saved": false, "id": "ejhxpn7", "banned_at_utc": null, "mod_reason_title": null, "gilded": 0, "archived": true, "no_follow": false, "author": "nondescriptshadow", "can_mod_post": false, "send_replies": true, "parent_id": "t1_ejhqurn", "score": 3, "author_fullname": "t2_5z11j", "report_reasons": null, "approved_by": null, "all_awardings": [], "subreddit_id": "t5_2qhfi", "body": "I'm mocking an attitude that I've seen in tech companies. If something doesn't meet the 0.05 threshold then it's not worth paying attention to at all", "edited": false, "downs": 0, "author_flair_css_class": null, "is_submitter": false, "collapsed": false, "author_flair_richtext": [], "author_patreon_flair": false, "body_html": "<div class=\"md\"><p>I&#39;m mocking an attitude that I&#39;ve seen in tech companies. If something doesn&#39;t meet the 0.05 threshold then it&#39;s not worth paying attention to at all</p>\n</div>", "gildings": {}, "collapsed_reason": null, "associated_award": null, "stickied": false, "author_premium": false, "subreddit_type": "public", "can_gild": true, "subreddit": "statistics", "author_flair_text_color": null, "score_hidden": false, "permalink": "/r/statistics/comments/b603wb/pvalues_are_like_nickelback/ejhxpn7/", "num_reports": null, "locked": false, "name": "t1_ejhxpn7", "created": 1553725601.0, "author_flair_text": null, "treatment_tags": [], "created_utc": 1553696801.0, "subreddit_name_prefixed": "r/statistics", "controversiality": 0, "depth": 3, "author_flair_background_color": null, "collapsed_because_crowd_control": null, "mod_reports": [], "mod_note": null, "distinguished": null, "_fetched": true}, {"_replies": [], "_submission": "b603wb", "_reddit": "_reddit", "total_awards_received": 0, "approved_at_utc": null, "ups": 2, "awarders": [], "mod_reason_by": null, "banned_by": null, "author_flair_type": "text", "removal_reason": null, "link_id": "t3_b603wb", "author_flair_template_id": null, "likes": null, "user_reports": [], "saved": false, "id": "ejhtjbt", "banned_at_utc": null, "mod_reason_title": null, "gilded": 0, "archived": true, "no_follow": true, "author": "leogodin217", "can_mod_post": false, "send_replies": true, "parent_id": "t1_ejhart1", "score": 2, "author_fullname": "t2_8ov8i", "report_reasons": null, "approved_by": null, "all_awardings": [], "subreddit_id": "t5_2qhfi", "body": "Love it! ", "edited": false, "downs": 0, "author_flair_css_class": null, "is_submitter": false, "collapsed": false, "author_flair_richtext": [], "author_patreon_flair": false, "body_html": "<div class=\"md\"><p>Love it! </p>\n</div>", "gildings": {}, "collapsed_reason": null, "associated_award": null, "stickied": false, "author_premium": false, "subreddit_type": "public", "can_gild": true, "subreddit": "statistics", "author_flair_text_color": null, "score_hidden": false, "permalink": "/r/statistics/comments/b603wb/pvalues_are_like_nickelback/ejhtjbt/", "num_reports": null, "locked": false, "name": "t1_ejhtjbt", "created": 1553722396.0, "author_flair_text": null, "treatment_tags": [], "created_utc": 1553693596.0, "subreddit_name_prefixed": "r/statistics", "controversiality": 0, "depth": 3, "author_flair_background_color": null, "collapsed_because_crowd_control": null, "mod_reports": [], "mod_note": null, "distinguished": null, "_fetched": true}, {"_replies": [], "_submission": "b603wb", "_reddit": "_reddit", "total_awards_received": 0, "approved_at_utc": null, "ups": 2, "awarders": [], "mod_reason_by": null, "banned_by": null, "author_flair_type": "text", "removal_reason": null, "link_id": "t3_b603wb", "author_flair_template_id": null, "likes": null, "user_reports": [], "saved": false, "id": "ejic1t1", "banned_at_utc": null, "mod_reason_title": null, "gilded": 0, "archived": true, "no_follow": true, "author": "twi3k", "can_mod_post": false, "send_replies": true, "parent_id": "t1_ejia6q7", "score": 2, "author_fullname": "t2_h08tn", "report_reasons": null, "approved_by": null, "all_awardings": [], "subreddit_id": "t5_2qhfi", "collapsed": false, "body": "I'm kidding. Unfortunately, I have to listen shit like that on a daily basis", "edited": false, "author_flair_css_class": null, "is_submitter": false, "downs": 0, "author_flair_richtext": [], "author_patreon_flair": false, "body_html": "<div class=\"md\"><p>I&#39;m kidding. Unfortunately, I have to listen shit like that on a daily basis</p>\n</div>", "gildings": {}, "collapsed_reason": null, "associated_award": null, "stickied": false, "author_premium": false, "subreddit_type": "public", "can_gild": true, "subreddit": "statistics", "author_flair_text_color": null, "score_hidden": false, "permalink": "/r/statistics/comments/b603wb/pvalues_are_like_nickelback/ejic1t1/", "num_reports": null, "locked": false, "name": "t1_ejic1t1", "created": 1553737271.0, "author_flair_text": null, "treatment_tags": [], "created_utc": 1553708471.0, "subreddit_name_prefixed": "r/statistics", "controversiality": 0, "depth": 4, "author_flair_background_color": null, "collapsed_because_crowd_control": null, "mod_reports": [], "mod_note": null, "distinguished": null, "_fetched": true}, {"_replies": ["ejiiddq", "ejixiwq"], "_submission": "b603wb", "_reddit": "_reddit", "total_awards_received": 0, "approved_at_utc": null, "ups": 3, "awarders": [], "mod_reason_by": null, "banned_by": null, "author_flair_type": "text", "removal_reason": null, "link_id": "t3_b603wb", "author_flair_template_id": null, "likes": null, "user_reports": [], "saved": false, "id": "eji6inn", "banned_at_utc": null, "mod_reason_title": null, "gilded": 0, "archived": true, "no_follow": false, "author": "abcxyd", "can_mod_post": false, "send_replies": true, "parent_id": "t1_ejhxpn7", "score": 3, "author_fullname": "t2_hssio", "report_reasons": null, "approved_by": null, "all_awardings": [], "subreddit_id": "t5_2qhfi", "collapsed": false, "body": "Not just in tech companies, I see this attitude almost everywhere.", "edited": false, "author_flair_css_class": null, "is_submitter": false, "downs": 0, "author_flair_richtext": [], "author_patreon_flair": false, "body_html": "<div class=\"md\"><p>Not just in tech companies, I see this attitude almost everywhere.</p>\n</div>", "gildings": {}, "collapsed_reason": null, "associated_award": null, "stickied": false, "author_premium": false, "subreddit_type": "public", "can_gild": true, "subreddit": "statistics", "author_flair_text_color": null, "score_hidden": false, "permalink": "/r/statistics/comments/b603wb/pvalues_are_like_nickelback/eji6inn/", "num_reports": null, "locked": false, "name": "t1_eji6inn", "created": 1553733875.0, "author_flair_text": null, "treatment_tags": [], "created_utc": 1553705075.0, "subreddit_name_prefixed": "r/statistics", "controversiality": 0, "depth": 4, "author_flair_background_color": null, "collapsed_because_crowd_control": null, "mod_reports": [], "mod_note": null, "distinguished": null, "_fetched": true}, {"_replies": [], "_submission": "b603wb", "_reddit": "_reddit", "total_awards_received": 0, "approved_at_utc": null, "ups": 2, "awarders": [], "mod_reason_by": null, "banned_by": null, "author_flair_type": "text", "removal_reason": null, "link_id": "t3_b603wb", "author_flair_template_id": null, "likes": null, "user_reports": [], "saved": false, "id": "ejiiddq", "banned_at_utc": null, "mod_reason_title": null, "gilded": 0, "archived": true, "no_follow": true, "author": "PJHFortyTwo", "can_mod_post": false, "created_utc": 1553712421.0, "send_replies": true, "parent_id": "t1_eji6inn", "score": 2, "author_fullname": "t2_dw1uz", "report_reasons": null, "approved_by": null, "all_awardings": [], "subreddit_id": "t5_2qhfi", "body": "It's notoriously bad in academia. ", "edited": false, "author_flair_css_class": null, "is_submitter": false, "downs": 0, "author_flair_richtext": [], "author_patreon_flair": false, "body_html": "<div class=\"md\"><p>It&#39;s notoriously bad in academia. </p>\n</div>", "gildings": {}, "collapsed_reason": null, "associated_award": null, "stickied": false, "author_premium": false, "subreddit_type": "public", "can_gild": true, "subreddit": "statistics", "author_flair_text_color": null, "score_hidden": false, "permalink": "/r/statistics/comments/b603wb/pvalues_are_like_nickelback/ejiiddq/", "num_reports": null, "locked": false, "name": "t1_ejiiddq", "created": 1553741221.0, "author_flair_text": null, "treatment_tags": [], "collapsed": false, "subreddit_name_prefixed": "r/statistics", "controversiality": 0, "depth": 5, "author_flair_background_color": null, "collapsed_because_crowd_control": null, "mod_reports": [], "mod_note": null, "distinguished": null, "_fetched": true}, {"_replies": [], "_submission": "b603wb", "_reddit": "_reddit", "total_awards_received": 0, "approved_at_utc": null, "ups": 1, "awarders": [], "mod_reason_by": null, "banned_by": null, "author_flair_type": "text", "removal_reason": null, "link_id": "t3_b603wb", "author_flair_template_id": null, "likes": null, "user_reports": [], "saved": false, "id": "ejixiwq", "banned_at_utc": null, "mod_reason_title": null, "gilded": 0, "archived": true, "no_follow": true, "author": "Automatic_Towel", "can_mod_post": false, "created_utc": 1553721844.0, "send_replies": true, "parent_id": "t1_eji6inn", "score": 1, "author_fullname": "t2_2906x37b", "report_reasons": null, "approved_by": null, "all_awardings": [], "subreddit_id": "t5_2qhfi", "body": "It goes... *even higher than you think!*\n\n> Personally, the writer prefers to set a low standard of significance at the 5 per cent point, and ignore entirely all results which fails to reach this level.\n\nFisher, R.A. (1926). The arrangement of field experiments. Journal of the Ministry of Agriculture of Great Britain, 33: 503-513.", "edited": false, "author_flair_css_class": null, "is_submitter": false, "downs": 0, "author_flair_richtext": [], "author_patreon_flair": false, "body_html": "<div class=\"md\"><p>It goes... <em>even higher than you think!</em></p>\n\n<blockquote>\n<p>Personally, the writer prefers to set a low standard of significance at the 5 per cent point, and ignore entirely all results which fails to reach this level.</p>\n</blockquote>\n\n<p>Fisher, R.A. (1926). The arrangement of field experiments. Journal of the Ministry of Agriculture of Great Britain, 33: 503-513.</p>\n</div>", "gildings": {}, "collapsed_reason": null, "associated_award": null, "stickied": false, "author_premium": false, "subreddit_type": "public", "can_gild": true, "subreddit": "statistics", "author_flair_text_color": null, "score_hidden": false, "permalink": "/r/statistics/comments/b603wb/pvalues_are_like_nickelback/ejixiwq/", "num_reports": null, "locked": false, "name": "t1_ejixiwq", "created": 1553750644.0, "author_flair_text": null, "treatment_tags": [], "collapsed": false, "subreddit_name_prefixed": "r/statistics", "controversiality": 0, "depth": 5, "author_flair_background_color": null, "collapsed_because_crowd_control": null, "mod_reports": [], "mod_note": null, "distinguished": null, "_fetched": true}]}