{"_reddit": "_reddit", "approved_at_utc": null, "subreddit": "statistics", "selftext": "I've tried my best to compile a list of resources( from Reddit, random blogs, KDNuggets, AnalyticsVidhya etc) and **will love to hear back from you guys on from where exactly I should start learning**.\n\nJust a one line intro on myself : I'm working as a Business Analyst in a retail firm right now and my work revolves around SQL, Excel and Tableau.\n\n&#x200B;\n\nI found usually Computer Science people who have no Math background use the top down approach to step up their game, which means they use resources that have less Math theory and more of implementing the Math in real life scenarios and then learn the Math that is going behind that application.\n\nIn alignment with the **top-down approach** I found the following resources :\n\n1. [https://app.dataquest.io/path/data-scientist](https://app.dataquest.io/path/data-scientist) : **DATAQUEST** has a full blown path which includes Python basics, Data Cleaning with Python, SQL, Visualizing data, Probability and Statistics, Calculus, Linear Algebra and just so much more. I don't really know how much Math heavy this course is, but the reviews that I have come across so far have been good.\n2. [https://www.amazon.com/Think-Stats-Allen-B-Downey/dp/1449307116](https://www.amazon.com/Think-Stats-Allen-B-Downey/dp/1449307116) : This book is named **THINK STATS** and is basically a Python heavy book that teaches stats.\n3. [https://www.amazon.com/Discovering-Statistics-Using-Andy-Field/dp/1446200469/ref=sr\\_1\\_2?crid=2MQVY5ZKAOTUR&keywords=andy+field+statistics&qid=1560924739&s=books&sprefix=andy+field+st%2Cstripbooks-intl-ship%2C409&sr=1-2#customerReviews](https://www.amazon.com/Discovering-Statistics-Using-Andy-Field/dp/1446200469/ref=sr_1_2?crid=2MQVY5ZKAOTUR&keywords=andy+field+statistics&qid=1560924739&s=books&sprefix=andy+field+st%2Cstripbooks-intl-ship%2C409&sr=1-2#customerReviews) : **Discovering Statistics by Andy Field** \\-  Have read excellent reviews on this book by many saying this is one of the best introductory textbook to Statistics.\n4. [https://www.amazon.in/Statistics-Plain-English-Timothy-Urdan/dp/1138838349](https://www.amazon.in/Statistics-Plain-English-Timothy-Urdan/dp/1138838349) : **Statistics in Plain English** \\-  This one's really not a top down approach book, but I have read excellent reviews about this book again, and as the name suggests it is not a very theory heavy Book.\n\n&#x200B;\n\nIn alignment with the **bottom up** approach I found these resources :\n\n1. [https://mml-book.github.io/](https://mml-book.github.io/) : This book is still not fully written, but the reddit post under which I found this book had only and literally only positive things to say about it. Looks very very Math heavy to me though :(\n2. [https://projects.iq.harvard.edu/stat110](https://projects.iq.harvard.edu/stat110) : **Stat 110 MOOC by Harvard** along with the book Introduction to Probability by Joe Blitzstein which is to be read hand to hand along with the MOOC.\n3. [https://www.amazon.in/Introduction-Statistical-Learning-Applications-Statistics/dp/1461471370](https://www.amazon.in/Introduction-Statistical-Learning-Applications-Statistics/dp/1461471370) : **Introduction to Statistical Learning -**  Got recommendation to start with this book at various and various places. Many people said this is the GOAT book for beginners!\n\n&#x200B;\n\nIf you have come so far in the post, **thanks a lot for reading**, any recommendation regarding the approach(top-down or bottom-up), resource(book,MOOC) anything if you can share I will be glad to hear.\n\n**My biggest fear is I also don't have any background in Linear Algebra and Calculus**, and at quite a few places I read I should first get the Linear Algebra and Calculus basics cleared before diving into Stats.\n\nPlease let me know if you have anything to say regarding which resource among the above mentioned ones I should go for, or any other resource that you think can help me!\n\nThanks a ton !!!", "author_fullname": "t2_yl8ul14", "saved": false, "mod_reason_title": null, "gilded": 0, "clicked": false, "title": "Learning Statistics/Math for a Computer Science graduate(aspiring Data Scientist) who has absolutely no Math background", "link_flair_richtext": [], "subreddit_name_prefixed": "r/statistics", "hidden": false, "pwls": 6, "link_flair_css_class": "", "downs": 0, "hide_score": false, "name": "t3_c2ffja", "quarantine": false, "link_flair_text_color": "dark", "upvote_ratio": 0.84, "author_flair_background_color": null, "subreddit_type": "public", "ups": 34, "total_awards_received": 0, "media_embed": {}, "author_flair_template_id": null, "is_original_content": false, "user_reports": [], "secure_media": null, "is_reddit_media_domain": false, "is_meta": false, "category": null, "secure_media_embed": {}, "link_flair_text": "Discussion", "can_mod_post": false, "score": 34, "approved_by": null, "author_premium": false, "thumbnail": "", "edited": 1560940754.0, "author_flair_css_class": null, "author_flair_richtext": [], "gildings": {}, "content_categories": null, "is_self": true, "mod_note": null, "created": 1560969302.0, "link_flair_type": "text", "wls": 6, "removed_by_category": null, "banned_by": null, "author_flair_type": "text", "domain": "self.statistics", "allow_live_comments": false, "selftext_html": "<!-- SC_OFF --><div class=\"md\"><p>I&#39;ve tried my best to compile a list of resources( from Reddit, random blogs, KDNuggets, AnalyticsVidhya etc) and <strong>will love to hear back from you guys on from where exactly I should start learning</strong>.</p>\n\n<p>Just a one line intro on myself : I&#39;m working as a Business Analyst in a retail firm right now and my work revolves around SQL, Excel and Tableau.</p>\n\n<p>&#x200B;</p>\n\n<p>I found usually Computer Science people who have no Math background use the top down approach to step up their game, which means they use resources that have less Math theory and more of implementing the Math in real life scenarios and then learn the Math that is going behind that application.</p>\n\n<p>In alignment with the <strong>top-down approach</strong> I found the following resources :</p>\n\n<ol>\n<li><a href=\"https://app.dataquest.io/path/data-scientist\">https://app.dataquest.io/path/data-scientist</a> : <strong>DATAQUEST</strong> has a full blown path which includes Python basics, Data Cleaning with Python, SQL, Visualizing data, Probability and Statistics, Calculus, Linear Algebra and just so much more. I don&#39;t really know how much Math heavy this course is, but the reviews that I have come across so far have been good.</li>\n<li><a href=\"https://www.amazon.com/Think-Stats-Allen-B-Downey/dp/1449307116\">https://www.amazon.com/Think-Stats-Allen-B-Downey/dp/1449307116</a> : This book is named <strong>THINK STATS</strong> and is basically a Python heavy book that teaches stats.</li>\n<li><a href=\"https://www.amazon.com/Discovering-Statistics-Using-Andy-Field/dp/1446200469/ref=sr_1_2?crid=2MQVY5ZKAOTUR&amp;keywords=andy+field+statistics&amp;qid=1560924739&amp;s=books&amp;sprefix=andy+field+st%2Cstripbooks-intl-ship%2C409&amp;sr=1-2#customerReviews\">https://www.amazon.com/Discovering-Statistics-Using-Andy-Field/dp/1446200469/ref=sr_1_2?crid=2MQVY5ZKAOTUR&amp;keywords=andy+field+statistics&amp;qid=1560924739&amp;s=books&amp;sprefix=andy+field+st%2Cstripbooks-intl-ship%2C409&amp;sr=1-2#customerReviews</a> : <strong>Discovering Statistics by Andy Field</strong> -  Have read excellent reviews on this book by many saying this is one of the best introductory textbook to Statistics.</li>\n<li><a href=\"https://www.amazon.in/Statistics-Plain-English-Timothy-Urdan/dp/1138838349\">https://www.amazon.in/Statistics-Plain-English-Timothy-Urdan/dp/1138838349</a> : <strong>Statistics in Plain English</strong> -  This one&#39;s really not a top down approach book, but I have read excellent reviews about this book again, and as the name suggests it is not a very theory heavy Book.</li>\n</ol>\n\n<p>&#x200B;</p>\n\n<p>In alignment with the <strong>bottom up</strong> approach I found these resources :</p>\n\n<ol>\n<li><a href=\"https://mml-book.github.io/\">https://mml-book.github.io/</a> : This book is still not fully written, but the reddit post under which I found this book had only and literally only positive things to say about it. Looks very very Math heavy to me though :(</li>\n<li><a href=\"https://projects.iq.harvard.edu/stat110\">https://projects.iq.harvard.edu/stat110</a> : <strong>Stat 110 MOOC by Harvard</strong> along with the book Introduction to Probability by Joe Blitzstein which is to be read hand to hand along with the MOOC.</li>\n<li><a href=\"https://www.amazon.in/Introduction-Statistical-Learning-Applications-Statistics/dp/1461471370\">https://www.amazon.in/Introduction-Statistical-Learning-Applications-Statistics/dp/1461471370</a> : <strong>Introduction to Statistical Learning -</strong>  Got recommendation to start with this book at various and various places. Many people said this is the GOAT book for beginners!</li>\n</ol>\n\n<p>&#x200B;</p>\n\n<p>If you have come so far in the post, <strong>thanks a lot for reading</strong>, any recommendation regarding the approach(top-down or bottom-up), resource(book,MOOC) anything if you can share I will be glad to hear.</p>\n\n<p><strong>My biggest fear is I also don&#39;t have any background in Linear Algebra and Calculus</strong>, and at quite a few places I read I should first get the Linear Algebra and Calculus basics cleared before diving into Stats.</p>\n\n<p>Please let me know if you have anything to say regarding which resource among the above mentioned ones I should go for, or any other resource that you think can help me!</p>\n\n<p>Thanks a ton !!!</p>\n</div><!-- SC_ON -->", "likes": null, "suggested_sort": null, "banned_at_utc": null, "view_count": null, "archived": true, "no_follow": false, "is_crosspostable": true, "pinned": false, "over_18": false, "all_awardings": [], "awarders": [], "media_only": false, "link_flair_template_id": "f267e31c-35a0-11e7-906f-0e9fd3d54af4", "can_gild": true, "spoiler": false, "locked": false, "author_flair_text": null, "treatment_tags": [], "visited": false, "removed_by": null, "num_reports": null, "distinguished": null, "subreddit_id": "t5_2qhfi", "mod_reason_by": null, "removal_reason": null, "link_flair_background_color": "", "id": "c2ffja", "is_robot_indexable": true, "report_reasons": null, "author": "MavSidharth", "discussion_type": null, "num_comments": 33, "send_replies": true, "whitelist_status": "all_ads", "contest_mode": false, "mod_reports": [], "author_patreon_flair": false, "author_flair_text_color": null, "permalink": "/r/statistics/comments/c2ffja/learning_statisticsmath_for_a_computer_science/", "parent_whitelist_status": "all_ads", "stickied": false, "url": "https://www.reddit.com/r/statistics/comments/c2ffja/learning_statisticsmath_for_a_computer_science/", "subreddit_subscribers": 106209, "created_utc": 1560940502.0, "num_crossposts": 0, "media": null, "is_video": false, "_fetched": false, "comment_limit": 2048, "comment_sort": "best", "_comments_by_id": {}, "_comments": [{"_replies": ["erk1ww1", "erloyzk"], "_submission": "c2ffja", "_reddit": "_reddit", "total_awards_received": 0, "approved_at_utc": null, "ups": 29, "awarders": [], "mod_reason_by": null, "banned_by": null, "author_flair_type": "text", "removal_reason": null, "link_id": "t3_c2ffja", "author_flair_template_id": null, "likes": null, "user_reports": [], "saved": false, "id": "erk08sr", "banned_at_utc": null, "mod_reason_title": null, "gilded": 0, "archived": true, "no_follow": false, "author": "shaggorama", "can_mod_post": false, "send_replies": true, "parent_id": "t3_c2ffja", "score": 29, "author_fullname": "t2_3d829", "report_reasons": null, "approved_by": null, "all_awardings": [], "subreddit_id": "t5_2qhfi", "body": "How did you get a CS degree with zero math?", "edited": false, "downs": 0, "author_flair_css_class": null, "is_submitter": false, "collapsed": false, "author_flair_richtext": [], "author_patreon_flair": false, "body_html": "<div class=\"md\"><p>How did you get a CS degree with zero math?</p>\n</div>", "gildings": {}, "collapsed_reason": null, "associated_award": null, "stickied": false, "author_premium": false, "subreddit_type": "public", "can_gild": true, "subreddit": "statistics", "author_flair_text_color": null, "score_hidden": false, "permalink": "/r/statistics/comments/c2ffja/learning_statisticsmath_for_a_computer_science/erk08sr/", "num_reports": null, "locked": false, "name": "t1_erk08sr", "created": 1560980869.0, "author_flair_text": null, "treatment_tags": [], "created_utc": 1560952069.0, "subreddit_name_prefixed": "r/statistics", "controversiality": 0, "depth": 0, "author_flair_background_color": null, "collapsed_because_crowd_control": null, "mod_reports": [], "mod_note": null, "distinguished": null, "_fetched": true}, {"_replies": ["erjpu1o", "erkjv3a"], "_submission": "c2ffja", "_reddit": "_reddit", "total_awards_received": 0, "approved_at_utc": null, "ups": 10, "awarders": [], "mod_reason_by": null, "banned_by": null, "author_flair_type": "text", "removal_reason": null, "link_id": "t3_c2ffja", "author_flair_template_id": null, "likes": null, "user_reports": [], "saved": false, "id": "erjply5", "banned_at_utc": null, "mod_reason_title": null, "gilded": 0, "archived": true, "no_follow": false, "author": "antiquemule", "can_mod_post": false, "send_replies": true, "parent_id": "t3_c2ffja", "score": 10, "author_fullname": "t2_vunzf", "report_reasons": null, "approved_by": null, "all_awardings": [], "subreddit_id": "t5_2qhfi", "body": "\" **My biggest fear is I also don't have any background in Linear Algebra and Calculus**, and at quite a few places I read I should first get the Linear Algebra and Calculus basics cleared before diving into Stats. \"\n\n&#x200B;\n\nI've managed to get to a decent level (self-assessed) in stats without the formal background. It may not be the \"best\" way to do it, but sitting down with Schaum's \"Linear Algebra\" first is not any fun at all. So, wtf, I just dived in and caught up as and when it became painfully obvious that there was a need.", "edited": false, "downs": 0, "author_flair_css_class": null, "is_submitter": false, "collapsed": false, "author_flair_richtext": [], "author_patreon_flair": false, "body_html": "<div class=\"md\"><p>&quot; <strong>My biggest fear is I also don&#39;t have any background in Linear Algebra and Calculus</strong>, and at quite a few places I read I should first get the Linear Algebra and Calculus basics cleared before diving into Stats. &quot;</p>\n\n<p>&#x200B;</p>\n\n<p>I&#39;ve managed to get to a decent level (self-assessed) in stats without the formal background. It may not be the &quot;best&quot; way to do it, but sitting down with Schaum&#39;s &quot;Linear Algebra&quot; first is not any fun at all. So, wtf, I just dived in and caught up as and when it became painfully obvious that there was a need.</p>\n</div>", "gildings": {}, "collapsed_reason": null, "associated_award": null, "stickied": false, "author_premium": false, "subreddit_type": "public", "can_gild": true, "subreddit": "statistics", "author_flair_text_color": null, "score_hidden": false, "permalink": "/r/statistics/comments/c2ffja/learning_statisticsmath_for_a_computer_science/erjply5/", "num_reports": null, "locked": false, "name": "t1_erjply5", "created": 1560970782.0, "author_flair_text": null, "treatment_tags": [], "created_utc": 1560941982.0, "subreddit_name_prefixed": "r/statistics", "controversiality": 0, "depth": 0, "author_flair_background_color": null, "collapsed_because_crowd_control": null, "mod_reports": [], "mod_note": null, "distinguished": null, "_fetched": true}, {"_replies": ["erlp57d"], "_submission": "c2ffja", "_reddit": "_reddit", "total_awards_received": 0, "approved_at_utc": null, "ups": 11, "awarders": [], "mod_reason_by": null, "banned_by": null, "author_flair_type": "text", "removal_reason": null, "link_id": "t3_c2ffja", "author_flair_template_id": null, "likes": null, "user_reports": [], "saved": false, "id": "erjzdh7", "banned_at_utc": null, "mod_reason_title": null, "gilded": 0, "archived": true, "no_follow": false, "author": "BlueDevilStats", "can_mod_post": false, "send_replies": true, "parent_id": "t3_c2ffja", "score": 11, "author_fullname": "t2_2n3yugmp", "report_reasons": null, "approved_by": null, "all_awardings": [], "subreddit_id": "t5_2qhfi", "body": ">**Linear Algebra and Calculus**\n\nYou are not alone! This happens to a lot of peopled to the shoddy nature of most linear algebra classes. The first place you should go - Go there right now - Is MIT's OpenCourseware site. Search for Linear Algebra and start working on Gilbert Strang's class from beginning to end. While you are doing that you can watch the \"Essence of Linear Algebra\" series on YouTube to build some more intuition. If you do these two things you will have a solid LA foundation.\n\nCheck out the Calculus course from Ohio State University on Coursera. To get a refresher there. The YouTube series \"Essence of Calculus\" is also great for intuition.\n\nGood luck! Post back here with progress updates and questions!", "edited": false, "downs": 0, "author_flair_css_class": null, "is_submitter": false, "collapsed": false, "author_flair_richtext": [], "author_patreon_flair": false, "body_html": "<div class=\"md\"><blockquote>\n<p><strong>Linear Algebra and Calculus</strong></p>\n</blockquote>\n\n<p>You are not alone! This happens to a lot of peopled to the shoddy nature of most linear algebra classes. The first place you should go - Go there right now - Is MIT&#39;s OpenCourseware site. Search for Linear Algebra and start working on Gilbert Strang&#39;s class from beginning to end. While you are doing that you can watch the &quot;Essence of Linear Algebra&quot; series on YouTube to build some more intuition. If you do these two things you will have a solid LA foundation.</p>\n\n<p>Check out the Calculus course from Ohio State University on Coursera. To get a refresher there. The YouTube series &quot;Essence of Calculus&quot; is also great for intuition.</p>\n\n<p>Good luck! Post back here with progress updates and questions!</p>\n</div>", "gildings": {}, "collapsed_reason": null, "associated_award": null, "stickied": false, "author_premium": false, "subreddit_type": "public", "can_gild": true, "subreddit": "statistics", "author_flair_text_color": null, "score_hidden": false, "permalink": "/r/statistics/comments/c2ffja/learning_statisticsmath_for_a_computer_science/erjzdh7/", "num_reports": null, "locked": false, "name": "t1_erjzdh7", "created": 1560980215.0, "author_flair_text": null, "treatment_tags": [], "created_utc": 1560951415.0, "subreddit_name_prefixed": "r/statistics", "controversiality": 0, "depth": 0, "author_flair_background_color": null, "collapsed_because_crowd_control": null, "mod_reports": [], "mod_note": null, "distinguished": null, "_fetched": true}, {"_replies": ["erlpdbc"], "_submission": "c2ffja", "_reddit": "_reddit", "total_awards_received": 0, "approved_at_utc": null, "ups": 3, "awarders": [], "mod_reason_by": null, "banned_by": null, "author_flair_type": "text", "removal_reason": null, "link_id": "t3_c2ffja", "author_flair_template_id": null, "likes": null, "user_reports": [], "saved": false, "id": "erkx5ng", "banned_at_utc": null, "mod_reason_title": null, "gilded": 0, "archived": true, "no_follow": true, "author": "krkrkra", "can_mod_post": false, "send_replies": true, "parent_id": "t3_c2ffja", "score": 3, "author_fullname": "t2_19t6l320", "report_reasons": null, "approved_by": null, "all_awardings": [], "subreddit_id": "t5_2qhfi", "body": "If you have no real stats background, don't start with ISLR. It's a great book (working through it using the companion course on Lagunita), but IMO it's going to be really hard without decent stats and maybe rusty calculus. So far at least (through chapter 6), not much linear algebra required.\n\nPersonally, I'd at least work through a basic stats course. I did Foundations of Data Analysis I and II from UT on edX. I've also done Differential and Integral Calculus on Khan Academy. That was reasonably good prep for ISLR and it's moooostly not the math I'm finding particularly difficult.", "edited": false, "downs": 0, "author_flair_css_class": null, "is_submitter": false, "collapsed": false, "author_flair_richtext": [], "author_patreon_flair": false, "body_html": "<div class=\"md\"><p>If you have no real stats background, don&#39;t start with ISLR. It&#39;s a great book (working through it using the companion course on Lagunita), but IMO it&#39;s going to be really hard without decent stats and maybe rusty calculus. So far at least (through chapter 6), not much linear algebra required.</p>\n\n<p>Personally, I&#39;d at least work through a basic stats course. I did Foundations of Data Analysis I and II from UT on edX. I&#39;ve also done Differential and Integral Calculus on Khan Academy. That was reasonably good prep for ISLR and it&#39;s moooostly not the math I&#39;m finding particularly difficult.</p>\n</div>", "gildings": {}, "collapsed_reason": null, "associated_award": null, "stickied": false, "author_premium": false, "subreddit_type": "public", "can_gild": true, "subreddit": "statistics", "author_flair_text_color": null, "score_hidden": false, "permalink": "/r/statistics/comments/c2ffja/learning_statisticsmath_for_a_computer_science/erkx5ng/", "num_reports": null, "locked": false, "name": "t1_erkx5ng", "created": 1561002211.0, "author_flair_text": null, "treatment_tags": [], "created_utc": 1560973411.0, "subreddit_name_prefixed": "r/statistics", "controversiality": 0, "depth": 0, "author_flair_background_color": null, "collapsed_because_crowd_control": null, "mod_reports": [], "mod_note": null, "distinguished": null, "_fetched": true}, {"_replies": ["erlprko"], "_submission": "c2ffja", "_reddit": "_reddit", "total_awards_received": 0, "approved_at_utc": null, "ups": 3, "awarders": [], "mod_reason_by": null, "banned_by": null, "author_flair_type": "text", "removal_reason": null, "link_id": "t3_c2ffja", "author_flair_template_id": null, "likes": null, "user_reports": [], "saved": false, "id": "erlc98v", "banned_at_utc": null, "mod_reason_title": null, "gilded": 0, "archived": true, "no_follow": true, "author": "jwclark17", "can_mod_post": false, "send_replies": true, "parent_id": "t3_c2ffja", "score": 3, "author_fullname": "t2_ihn7cmk", "report_reasons": null, "approved_by": null, "all_awardings": [], "subreddit_id": "t5_2qhfi", "body": "I wouldn\u2019t stress it too much. The main problem with the field right now is that there\u2019s no consistent definition of what a \u201cdata scientist\u201d is. It could mean everything from machine learning to just filtering/ merging and aggregating data from various sources. \n\nMy advice, use your time to get good at programming in R and learning how to read package documentation. It\u2019s great at data manipulation tasks and a lot of the heavy statistics can be done with a few lines of code.  \n\nThe more nuanced topics aren\u2019t always presented in a strait-forward way- like dealing with multicollinearity or overfitting, they\u2019re usually done on the job. \n\nUnless you\u2019re looking to work at a tech company, most businesses are stuck in excel using vlookups and pivot table and you can add tremendous business value with just descriptive statistics. Trust me, the vast majority of people in the workplace aren\u2019t good at stats either - you just gotta learn how to effectively google and you\u2019ll do just fine.", "edited": false, "downs": 0, "author_flair_css_class": null, "is_submitter": false, "collapsed": false, "author_flair_richtext": [], "author_patreon_flair": false, "body_html": "<div class=\"md\"><p>I wouldn\u2019t stress it too much. The main problem with the field right now is that there\u2019s no consistent definition of what a \u201cdata scientist\u201d is. It could mean everything from machine learning to just filtering/ merging and aggregating data from various sources. </p>\n\n<p>My advice, use your time to get good at programming in R and learning how to read package documentation. It\u2019s great at data manipulation tasks and a lot of the heavy statistics can be done with a few lines of code.  </p>\n\n<p>The more nuanced topics aren\u2019t always presented in a strait-forward way- like dealing with multicollinearity or overfitting, they\u2019re usually done on the job. </p>\n\n<p>Unless you\u2019re looking to work at a tech company, most businesses are stuck in excel using vlookups and pivot table and you can add tremendous business value with just descriptive statistics. Trust me, the vast majority of people in the workplace aren\u2019t good at stats either - you just gotta learn how to effectively google and you\u2019ll do just fine.</p>\n</div>", "gildings": {}, "collapsed_reason": null, "associated_award": null, "stickied": false, "author_premium": false, "subreddit_type": "public", "can_gild": true, "subreddit": "statistics", "author_flair_text_color": null, "score_hidden": false, "permalink": "/r/statistics/comments/c2ffja/learning_statisticsmath_for_a_computer_science/erlc98v/", "num_reports": null, "locked": false, "name": "t1_erlc98v", "created": 1561012242.0, "author_flair_text": null, "treatment_tags": [], "created_utc": 1560983442.0, "subreddit_name_prefixed": "r/statistics", "controversiality": 0, "depth": 0, "author_flair_background_color": null, "collapsed_because_crowd_control": null, "mod_reports": [], "mod_note": null, "distinguished": null, "_fetched": true}, {"_replies": ["erjz2xg", "erkad88", "erlchi5"], "_submission": "c2ffja", "_reddit": "_reddit", "total_awards_received": 0, "approved_at_utc": null, "ups": 2, "awarders": [], "mod_reason_by": null, "banned_by": null, "author_flair_type": "text", "removal_reason": null, "link_id": "t3_c2ffja", "author_flair_template_id": null, "likes": null, "user_reports": [], "saved": false, "id": "erjtds3", "banned_at_utc": null, "mod_reason_title": null, "gilded": 0, "archived": true, "no_follow": true, "author": "TheRealUsernaame", "can_mod_post": false, "send_replies": true, "parent_id": "t3_c2ffja", "score": 2, "author_fullname": "t2_3867momg", "report_reasons": null, "approved_by": null, "all_awardings": [], "subreddit_id": "t5_2qhfi", "body": "I have a math degree. Is there a book or an online class that explains math behind machine learning ?", "edited": false, "downs": 0, "author_flair_css_class": null, "is_submitter": false, "collapsed": false, "author_flair_richtext": [], "author_patreon_flair": false, "body_html": "<div class=\"md\"><p>I have a math degree. Is there a book or an online class that explains math behind machine learning ?</p>\n</div>", "gildings": {}, "collapsed_reason": null, "associated_award": null, "stickied": false, "author_premium": false, "subreddit_type": "public", "can_gild": true, "subreddit": "statistics", "author_flair_text_color": null, "score_hidden": false, "permalink": "/r/statistics/comments/c2ffja/learning_statisticsmath_for_a_computer_science/erjtds3/", "num_reports": null, "locked": false, "name": "t1_erjtds3", "created": 1560975030.0, "author_flair_text": null, "treatment_tags": [], "created_utc": 1560946230.0, "subreddit_name_prefixed": "r/statistics", "controversiality": 0, "depth": 0, "author_flair_background_color": null, "collapsed_because_crowd_control": null, "mod_reports": [], "mod_note": null, "distinguished": null, "_fetched": true}, {"_replies": ["erlpm4u"], "_submission": "c2ffja", "_reddit": "_reddit", "total_awards_received": 0, "approved_at_utc": null, "ups": 2, "awarders": [], "mod_reason_by": null, "banned_by": null, "author_flair_type": "text", "removal_reason": null, "link_id": "t3_c2ffja", "author_flair_template_id": null, "likes": null, "user_reports": [], "saved": false, "id": "erl3bpd", "banned_at_utc": null, "mod_reason_title": null, "gilded": 0, "archived": true, "no_follow": true, "author": "ILikeBigButtss", "can_mod_post": false, "send_replies": true, "parent_id": "t3_c2ffja", "score": 2, "author_fullname": "t2_ackvl", "report_reasons": null, "approved_by": null, "all_awardings": [], "subreddit_id": "t5_2qhfi", "body": "Khan academy is pretty good for getting the basics of calculus and linear algebra.", "edited": false, "downs": 0, "author_flair_css_class": null, "is_submitter": false, "collapsed": false, "author_flair_richtext": [], "author_patreon_flair": false, "body_html": "<div class=\"md\"><p>Khan academy is pretty good for getting the basics of calculus and linear algebra.</p>\n</div>", "gildings": {}, "collapsed_reason": null, "associated_award": null, "stickied": false, "author_premium": false, "subreddit_type": "public", "can_gild": true, "subreddit": "statistics", "author_flair_text_color": null, "score_hidden": false, "permalink": "/r/statistics/comments/c2ffja/learning_statisticsmath_for_a_computer_science/erl3bpd/", "num_reports": null, "locked": false, "name": "t1_erl3bpd", "created": 1561006110.0, "author_flair_text": null, "treatment_tags": [], "created_utc": 1560977310.0, "subreddit_name_prefixed": "r/statistics", "controversiality": 0, "depth": 0, "author_flair_background_color": null, "collapsed_because_crowd_control": null, "mod_reports": [], "mod_note": null, "distinguished": null, "_fetched": true}, {"_replies": [], "_submission": "c2ffja", "_reddit": "_reddit", "total_awards_received": 0, "approved_at_utc": null, "ups": 2, "awarders": [], "mod_reason_by": null, "banned_by": null, "author_flair_type": "text", "removal_reason": null, "link_id": "t3_c2ffja", "author_flair_template_id": null, "likes": null, "user_reports": [], "saved": false, "id": "ermsfur", "banned_at_utc": null, "mod_reason_title": null, "gilded": 0, "archived": true, "no_follow": true, "author": "jbuddy_13", "can_mod_post": false, "send_replies": true, "parent_id": "t3_c2ffja", "score": 2, "author_fullname": "t2_201d2h31", "report_reasons": null, "approved_by": null, "all_awardings": [], "subreddit_id": "t5_2qhfi", "body": "OP, I\u2019d recommend taking a business calc and business LA classes at your uni. In my business analytics MS program, SEVERAL people came from quantitative backgrounds. But having taken calc 1-3 in excess of 5+ years, the knowledge isn\u2019t readily available if you haven\u2019t been using it in the industry. Some of my peers took business calc etc and found that it was requisite for data science coursework.\n\nThe emphasis in data science is knowing what problems a technique can solve and its core assumptions. Knowing how integrate an insane function isn\u2019t AS necessary as knowing what tools to use to approximate that integral. Hopefully you get the idea!", "edited": false, "downs": 0, "author_flair_css_class": null, "is_submitter": false, "collapsed": false, "author_flair_richtext": [], "author_patreon_flair": false, "body_html": "<div class=\"md\"><p>OP, I\u2019d recommend taking a business calc and business LA classes at your uni. In my business analytics MS program, SEVERAL people came from quantitative backgrounds. But having taken calc 1-3 in excess of 5+ years, the knowledge isn\u2019t readily available if you haven\u2019t been using it in the industry. Some of my peers took business calc etc and found that it was requisite for data science coursework.</p>\n\n<p>The emphasis in data science is knowing what problems a technique can solve and its core assumptions. Knowing how integrate an insane function isn\u2019t AS necessary as knowing what tools to use to approximate that integral. Hopefully you get the idea!</p>\n</div>", "gildings": {}, "collapsed_reason": null, "associated_award": null, "stickied": false, "author_premium": false, "subreddit_type": "public", "can_gild": true, "subreddit": "statistics", "author_flair_text_color": null, "score_hidden": false, "permalink": "/r/statistics/comments/c2ffja/learning_statisticsmath_for_a_computer_science/ermsfur/", "num_reports": null, "locked": false, "name": "t1_ermsfur", "created": 1561064562.0, "author_flair_text": null, "treatment_tags": [], "created_utc": 1561035762.0, "subreddit_name_prefixed": "r/statistics", "controversiality": 0, "depth": 0, "author_flair_background_color": null, "collapsed_because_crowd_control": null, "mod_reports": [], "mod_note": null, "distinguished": null, "_fetched": true}, {"_replies": ["erlpith"], "_submission": "c2ffja", "_reddit": "_reddit", "total_awards_received": 0, "approved_at_utc": null, "ups": 3, "awarders": [], "mod_reason_by": null, "banned_by": null, "author_flair_type": "text", "removal_reason": null, "link_id": "t3_c2ffja", "author_flair_template_id": null, "likes": null, "user_reports": [], "saved": false, "id": "erk1ver", "banned_at_utc": null, "mod_reason_title": null, "gilded": 0, "archived": true, "no_follow": true, "author": "prshutana", "can_mod_post": false, "send_replies": true, "parent_id": "t3_c2ffja", "score": 3, "author_fullname": "t2_v47wgx0", "report_reasons": null, "approved_by": null, "all_awardings": [], "subreddit_id": "t5_2qhfi", "body": "As someone who is also a rookie in this field, I would highly recommend Probability & Statistics for Engineers & Scientists by Walpole, it covers all of the essential chapters that any data scientist should know (including crash course for probability) and also the explanations are written in a way that it's very easy to understand even without background in linear algebra (at least in my humble opinion).  Also, every explanation is covered by an example and you have practice exercises after every chapter.", "edited": 1560956998.0, "downs": 0, "author_flair_css_class": null, "is_submitter": false, "collapsed": false, "author_flair_richtext": [], "author_patreon_flair": false, "body_html": "<div class=\"md\"><p>As someone who is also a rookie in this field, I would highly recommend Probability &amp; Statistics for Engineers &amp; Scientists by Walpole, it covers all of the essential chapters that any data scientist should know (including crash course for probability) and also the explanations are written in a way that it&#39;s very easy to understand even without background in linear algebra (at least in my humble opinion).  Also, every explanation is covered by an example and you have practice exercises after every chapter.</p>\n</div>", "gildings": {}, "collapsed_reason": null, "associated_award": null, "stickied": false, "author_premium": false, "subreddit_type": "public", "can_gild": true, "subreddit": "statistics", "author_flair_text_color": null, "score_hidden": false, "permalink": "/r/statistics/comments/c2ffja/learning_statisticsmath_for_a_computer_science/erk1ver/", "num_reports": null, "locked": false, "name": "t1_erk1ver", "created": 1560982065.0, "author_flair_text": null, "treatment_tags": [], "created_utc": 1560953265.0, "subreddit_name_prefixed": "r/statistics", "controversiality": 0, "depth": 0, "author_flair_background_color": null, "collapsed_because_crowd_control": null, "mod_reports": [], "mod_note": null, "distinguished": null, "_fetched": true}, {"_replies": [], "_submission": "c2ffja", "_reddit": "_reddit", "total_awards_received": 0, "approved_at_utc": null, "ups": 1, "awarders": [], "mod_reason_by": null, "banned_by": null, "author_flair_type": "text", "removal_reason": null, "link_id": "t3_c2ffja", "author_flair_template_id": null, "likes": null, "user_reports": [], "saved": false, "id": "erkwjrw", "banned_at_utc": null, "mod_reason_title": null, "gilded": 0, "archived": true, "no_follow": true, "author": "halien69", "can_mod_post": false, "send_replies": true, "parent_id": "t3_c2ffja", "score": 1, "author_fullname": "t2_7eeyg", "report_reasons": null, "approved_by": null, "all_awardings": [], "subreddit_id": "t5_2qhfi", "body": "You really dont need to be a maths expert to be good at Data Science. It is nore important to be able to program, analyse data, think critically, work independently, effectively and know how to deal with data. The rest will follow. My advice is to get a good book or online course on ML in python. Introduction to Machine learning in python is a good one (probability outdated), check out Udemy and even data quest. Get on Kaggle and download some data. Play with it. Try to reproduce the results of others on Kaggle. Get accustomed to the life cycle of a data science project. Then try your hand at some competitions. Go to online data repositories and come up with a project and see it to completion. Setup a github repo and push all your projects to it. Do this until it becomes easy. If you could join some hackatons or ML get togethers.", "edited": false, "downs": 0, "author_flair_css_class": null, "is_submitter": false, "collapsed": false, "author_flair_richtext": [], "author_patreon_flair": false, "body_html": "<div class=\"md\"><p>You really dont need to be a maths expert to be good at Data Science. It is nore important to be able to program, analyse data, think critically, work independently, effectively and know how to deal with data. The rest will follow. My advice is to get a good book or online course on ML in python. Introduction to Machine learning in python is a good one (probability outdated), check out Udemy and even data quest. Get on Kaggle and download some data. Play with it. Try to reproduce the results of others on Kaggle. Get accustomed to the life cycle of a data science project. Then try your hand at some competitions. Go to online data repositories and come up with a project and see it to completion. Setup a github repo and push all your projects to it. Do this until it becomes easy. If you could join some hackatons or ML get togethers.</p>\n</div>", "gildings": {}, "collapsed_reason": null, "associated_award": null, "stickied": false, "author_premium": false, "subreddit_type": "public", "can_gild": true, "subreddit": "statistics", "author_flair_text_color": null, "score_hidden": false, "permalink": "/r/statistics/comments/c2ffja/learning_statisticsmath_for_a_computer_science/erkwjrw/", "num_reports": null, "locked": false, "name": "t1_erkwjrw", "created": 1561001823.0, "author_flair_text": null, "treatment_tags": [], "created_utc": 1560973023.0, "subreddit_name_prefixed": "r/statistics", "controversiality": 0, "depth": 0, "author_flair_background_color": null, "collapsed_because_crowd_control": null, "mod_reports": [], "mod_note": null, "distinguished": null, "_fetched": true}, {"_replies": [], "_submission": "c2ffja", "_reddit": "_reddit", "total_awards_received": 0, "approved_at_utc": null, "ups": 0, "awarders": [], "mod_reason_by": null, "banned_by": null, "author_flair_type": "text", "removal_reason": null, "link_id": "t3_c2ffja", "author_flair_template_id": null, "likes": null, "user_reports": [], "saved": false, "id": "erkx3f5", "banned_at_utc": null, "mod_reason_title": null, "gilded": 0, "archived": true, "no_follow": true, "author": "pretysmitty", "can_mod_post": false, "send_replies": true, "parent_id": "t3_c2ffja", "score": 0, "author_fullname": "t2_n830n", "report_reasons": null, "approved_by": null, "all_awardings": [], "subreddit_id": "t5_2qhfi", "body": "If you wanna get good at Lin Alg/calc, it\u2019s just about practice man. Just like lifting weights, you make progress through incremental gains. \n\n10, 20 problems a day, one day at a time. It only looks intimidating when you look at the mountain  ahead instead of each immediate step. \n\nAgain, find an online course and a textbook for practice problems, and just do nothing but problems. It\u2019s just practice and putting in work.", "edited": false, "downs": 0, "author_flair_css_class": null, "is_submitter": false, "collapsed": false, "author_flair_richtext": [], "author_patreon_flair": false, "body_html": "<div class=\"md\"><p>If you wanna get good at Lin Alg/calc, it\u2019s just about practice man. Just like lifting weights, you make progress through incremental gains. </p>\n\n<p>10, 20 problems a day, one day at a time. It only looks intimidating when you look at the mountain  ahead instead of each immediate step. </p>\n\n<p>Again, find an online course and a textbook for practice problems, and just do nothing but problems. It\u2019s just practice and putting in work.</p>\n</div>", "gildings": {}, "collapsed_reason": null, "associated_award": null, "stickied": false, "author_premium": false, "subreddit_type": "public", "can_gild": true, "subreddit": "statistics", "author_flair_text_color": null, "score_hidden": false, "permalink": "/r/statistics/comments/c2ffja/learning_statisticsmath_for_a_computer_science/erkx3f5/", "num_reports": null, "locked": false, "name": "t1_erkx3f5", "created": 1561002171.0, "author_flair_text": null, "treatment_tags": [], "created_utc": 1560973371.0, "subreddit_name_prefixed": "r/statistics", "controversiality": 0, "depth": 0, "author_flair_background_color": null, "collapsed_because_crowd_control": null, "mod_reports": [], "mod_note": null, "distinguished": null, "_fetched": true}, {"_replies": [], "_submission": "c2ffja", "_reddit": "_reddit", "total_awards_received": 0, "approved_at_utc": null, "ups": 0, "awarders": [], "mod_reason_by": null, "banned_by": null, "author_flair_type": "text", "removal_reason": null, "link_id": "t3_c2ffja", "author_flair_template_id": null, "likes": null, "user_reports": [], "saved": false, "id": "erki1ae", "banned_at_utc": null, "mod_reason_title": null, "gilded": 0, "archived": true, "no_follow": true, "author": "jerrylessthanthree", "can_mod_post": false, "send_replies": true, "parent_id": "t3_c2ffja", "score": 0, "author_fullname": "t2_oxgj60x", "report_reasons": null, "approved_by": null, "all_awardings": [], "subreddit_id": "t5_2qhfi", "body": "Okay, now do the converse.", "edited": false, "downs": 0, "author_flair_css_class": null, "is_submitter": false, "collapsed": false, "author_flair_richtext": [], "author_patreon_flair": false, "body_html": "<div class=\"md\"><p>Okay, now do the converse.</p>\n</div>", "gildings": {}, "collapsed_reason": null, "associated_award": null, "stickied": false, "author_premium": false, "subreddit_type": "public", "can_gild": true, "subreddit": "statistics", "author_flair_text_color": null, "score_hidden": false, "permalink": "/r/statistics/comments/c2ffja/learning_statisticsmath_for_a_computer_science/erki1ae/", "num_reports": null, "locked": false, "name": "t1_erki1ae", "created": 1560992713.0, "author_flair_text": null, "treatment_tags": [], "created_utc": 1560963913.0, "subreddit_name_prefixed": "r/statistics", "controversiality": 0, "depth": 0, "author_flair_background_color": null, "collapsed_because_crowd_control": null, "mod_reports": [], "mod_note": null, "distinguished": null, "_fetched": true}, {"_replies": ["erk2g3j", "erkwwb3"], "_submission": "c2ffja", "_reddit": "_reddit", "total_awards_received": 0, "approved_at_utc": null, "ups": 4, "awarders": [], "mod_reason_by": null, "banned_by": null, "author_flair_type": "text", "removal_reason": null, "link_id": "t3_c2ffja", "author_flair_template_id": null, "likes": null, "user_reports": [], "saved": false, "id": "erk1ww1", "banned_at_utc": null, "mod_reason_title": null, "gilded": 0, "archived": true, "no_follow": true, "author": "camdemonium", "can_mod_post": false, "send_replies": true, "parent_id": "t1_erk08sr", "score": 4, "author_fullname": "t2_59iun", "report_reasons": null, "approved_by": null, "all_awardings": [], "subreddit_id": "t5_2qhfi", "collapsed": false, "body": "Some colleges give BA degrees in CS I think.", "edited": false, "author_flair_css_class": null, "is_submitter": false, "downs": 0, "author_flair_richtext": [], "author_patreon_flair": false, "body_html": "<div class=\"md\"><p>Some colleges give BA degrees in CS I think.</p>\n</div>", "gildings": {}, "collapsed_reason": null, "associated_award": null, "stickied": false, "author_premium": false, "subreddit_type": "public", "can_gild": true, "subreddit": "statistics", "author_flair_text_color": null, "score_hidden": false, "permalink": "/r/statistics/comments/c2ffja/learning_statisticsmath_for_a_computer_science/erk1ww1/", "num_reports": null, "locked": false, "name": "t1_erk1ww1", "created": 1560982095.0, "author_flair_text": null, "treatment_tags": [], "created_utc": 1560953295.0, "subreddit_name_prefixed": "r/statistics", "controversiality": 0, "depth": 1, "author_flair_background_color": null, "collapsed_because_crowd_control": null, "mod_reports": [], "mod_note": null, "distinguished": null, "_fetched": true}, {"_replies": [], "_submission": "c2ffja", "_reddit": "_reddit", "total_awards_received": 0, "approved_at_utc": null, "ups": 2, "awarders": [], "mod_reason_by": null, "banned_by": null, "author_flair_type": "text", "removal_reason": null, "link_id": "t3_c2ffja", "author_flair_template_id": null, "likes": null, "user_reports": [], "saved": false, "id": "erloyzk", "banned_at_utc": null, "mod_reason_title": null, "gilded": 0, "archived": true, "no_follow": true, "author": "MavSidharth", "can_mod_post": false, "send_replies": true, "parent_id": "t1_erk08sr", "score": 2, "author_fullname": "t2_yl8ul14", "report_reasons": null, "approved_by": null, "all_awardings": [], "subreddit_id": "t5_2qhfi", "collapsed": false, "body": "OP here : I have basically jerked off my entire graduation. Barely got through it, trying to improve now! Hopefully, it is not too late", "edited": false, "author_flair_css_class": null, "is_submitter": true, "downs": 0, "author_flair_richtext": [], "author_patreon_flair": false, "body_html": "<div class=\"md\"><p>OP here : I have basically jerked off my entire graduation. Barely got through it, trying to improve now! Hopefully, it is not too late</p>\n</div>", "gildings": {}, "collapsed_reason": null, "associated_award": null, "stickied": false, "author_premium": false, "subreddit_type": "public", "can_gild": true, "subreddit": "statistics", "author_flair_text_color": null, "score_hidden": false, "permalink": "/r/statistics/comments/c2ffja/learning_statisticsmath_for_a_computer_science/erloyzk/", "num_reports": null, "locked": false, "name": "t1_erloyzk", "created": 1561021844.0, "author_flair_text": null, "treatment_tags": [], "created_utc": 1560993044.0, "subreddit_name_prefixed": "r/statistics", "controversiality": 0, "depth": 1, "author_flair_background_color": null, "collapsed_because_crowd_control": null, "mod_reports": [], "mod_note": null, "distinguished": null, "_fetched": true}, {"_replies": [], "_submission": "c2ffja", "_reddit": "_reddit", "total_awards_received": 0, "approved_at_utc": null, "ups": 3, "awarders": [], "mod_reason_by": null, "banned_by": null, "author_flair_type": "text", "removal_reason": null, "link_id": "t3_c2ffja", "author_flair_template_id": null, "likes": null, "user_reports": [], "saved": false, "id": "erjpu1o", "banned_at_utc": null, "mod_reason_title": null, "gilded": 0, "archived": true, "no_follow": true, "author": "MavSidharth", "can_mod_post": false, "send_replies": true, "parent_id": "t1_erjply5", "score": 3, "author_fullname": "t2_yl8ul14", "report_reasons": null, "approved_by": null, "all_awardings": [], "subreddit_id": "t5_2qhfi", "collapsed": false, "body": "This gives me a lot of confidence! Thank You\n\n&#x200B;\n\nAnything you'll like to tell me about starting with Statistics? Even better if it aligns with Data Science!", "edited": false, "author_flair_css_class": null, "is_submitter": true, "downs": 0, "author_flair_richtext": [], "author_patreon_flair": false, "body_html": "<div class=\"md\"><p>This gives me a lot of confidence! Thank You</p>\n\n<p>&#x200B;</p>\n\n<p>Anything you&#39;ll like to tell me about starting with Statistics? Even better if it aligns with Data Science!</p>\n</div>", "gildings": {}, "collapsed_reason": null, "associated_award": null, "stickied": false, "author_premium": false, "subreddit_type": "public", "can_gild": true, "subreddit": "statistics", "author_flair_text_color": null, "score_hidden": false, "permalink": "/r/statistics/comments/c2ffja/learning_statisticsmath_for_a_computer_science/erjpu1o/", "num_reports": null, "locked": false, "name": "t1_erjpu1o", "created": 1560971067.0, "author_flair_text": null, "treatment_tags": [], "created_utc": 1560942267.0, "subreddit_name_prefixed": "r/statistics", "controversiality": 0, "depth": 1, "author_flair_background_color": null, "collapsed_because_crowd_control": null, "mod_reports": [], "mod_note": null, "distinguished": null, "_fetched": true}, {"_replies": [], "_submission": "c2ffja", "_reddit": "_reddit", "total_awards_received": 0, "approved_at_utc": null, "ups": 0, "awarders": [], "mod_reason_by": null, "banned_by": null, "author_flair_type": "text", "removal_reason": null, "link_id": "t3_c2ffja", "author_flair_template_id": null, "likes": null, "user_reports": [], "saved": false, "id": "erkjv3a", "banned_at_utc": null, "mod_reason_title": null, "gilded": 0, "archived": true, "no_follow": true, "author": "BrainlessPhD", "can_mod_post": false, "send_replies": true, "parent_id": "t1_erjply5", "score": 0, "author_fullname": "t2_r8jtkyx", "report_reasons": null, "approved_by": null, "all_awardings": [], "subreddit_id": "t5_2qhfi", "collapsed": false, "body": "I second this... I've passed many advanced statistics classes in grad school without having taken algebra II in high school or calculus ever. It might not be ideal but it's doable.", "edited": false, "author_flair_css_class": null, "is_submitter": false, "downs": 0, "author_flair_richtext": [], "author_patreon_flair": false, "body_html": "<div class=\"md\"><p>I second this... I&#39;ve passed many advanced statistics classes in grad school without having taken algebra II in high school or calculus ever. It might not be ideal but it&#39;s doable.</p>\n</div>", "gildings": {}, "collapsed_reason": null, "associated_award": null, "stickied": false, "author_premium": false, "subreddit_type": "public", "can_gild": true, "subreddit": "statistics", "author_flair_text_color": null, "score_hidden": false, "permalink": "/r/statistics/comments/c2ffja/learning_statisticsmath_for_a_computer_science/erkjv3a/", "num_reports": null, "locked": false, "name": "t1_erkjv3a", "created": 1560993863.0, "author_flair_text": null, "treatment_tags": [], "created_utc": 1560965063.0, "subreddit_name_prefixed": "r/statistics", "controversiality": 0, "depth": 1, "author_flair_background_color": null, "collapsed_because_crowd_control": null, "mod_reports": [], "mod_note": null, "distinguished": null, "_fetched": true}, {"_replies": [], "_submission": "c2ffja", "_reddit": "_reddit", "total_awards_received": 0, "approved_at_utc": null, "ups": 1, "awarders": [], "mod_reason_by": null, "banned_by": null, "author_flair_type": "text", "removal_reason": null, "link_id": "t3_c2ffja", "author_flair_template_id": null, "likes": null, "user_reports": [], "saved": false, "id": "erlp57d", "banned_at_utc": null, "mod_reason_title": null, "gilded": 0, "archived": true, "no_follow": true, "author": "MavSidharth", "can_mod_post": false, "send_replies": true, "parent_id": "t1_erjzdh7", "score": 1, "author_fullname": "t2_yl8ul14", "report_reasons": null, "approved_by": null, "all_awardings": [], "subreddit_id": "t5_2qhfi", "collapsed": false, "body": "I will check both these things right away, as soon as I am done reading all the comments.\n\nThanks a lot for the advice! :) :)", "edited": false, "author_flair_css_class": null, "is_submitter": true, "downs": 0, "author_flair_richtext": [], "author_patreon_flair": false, "body_html": "<div class=\"md\"><p>I will check both these things right away, as soon as I am done reading all the comments.</p>\n\n<p>Thanks a lot for the advice! :) :)</p>\n</div>", "gildings": {}, "collapsed_reason": null, "associated_award": null, "stickied": false, "author_premium": false, "subreddit_type": "public", "can_gild": true, "subreddit": "statistics", "author_flair_text_color": null, "score_hidden": false, "permalink": "/r/statistics/comments/c2ffja/learning_statisticsmath_for_a_computer_science/erlp57d/", "num_reports": null, "locked": false, "name": "t1_erlp57d", "created": 1561021972.0, "author_flair_text": null, "treatment_tags": [], "created_utc": 1560993172.0, "subreddit_name_prefixed": "r/statistics", "controversiality": 0, "depth": 1, "author_flair_background_color": null, "collapsed_because_crowd_control": null, "mod_reports": [], "mod_note": null, "distinguished": null, "_fetched": true}, {"_replies": ["erlqfpo"], "_submission": "c2ffja", "_reddit": "_reddit", "total_awards_received": 0, "approved_at_utc": null, "ups": 1, "awarders": [], "mod_reason_by": null, "banned_by": null, "author_flair_type": "text", "removal_reason": null, "link_id": "t3_c2ffja", "author_flair_template_id": null, "likes": null, "user_reports": [], "saved": false, "id": "erlpdbc", "banned_at_utc": null, "mod_reason_title": null, "gilded": 0, "archived": true, "no_follow": true, "author": "MavSidharth", "can_mod_post": false, "send_replies": true, "parent_id": "t1_erkx5ng", "score": 1, "author_fullname": "t2_yl8ul14", "report_reasons": null, "approved_by": null, "all_awardings": [], "subreddit_id": "t5_2qhfi", "collapsed": false, "body": "Mind if I ask what which among the two you mentioned here I should start with?\n\n&#x200B;\n\nThe calculus course on Khan Academy  OR Foundation of Data Analysis on edx?\n\n&#x200B;\n\nAlso thanks a lot for the reply!! :)", "edited": false, "author_flair_css_class": null, "is_submitter": true, "downs": 0, "author_flair_richtext": [], "author_patreon_flair": false, "body_html": "<div class=\"md\"><p>Mind if I ask what which among the two you mentioned here I should start with?</p>\n\n<p>&#x200B;</p>\n\n<p>The calculus course on Khan Academy  OR Foundation of Data Analysis on edx?</p>\n\n<p>&#x200B;</p>\n\n<p>Also thanks a lot for the reply!! :)</p>\n</div>", "gildings": {}, "collapsed_reason": null, "associated_award": null, "stickied": false, "author_premium": false, "subreddit_type": "public", "can_gild": true, "subreddit": "statistics", "author_flair_text_color": null, "score_hidden": false, "permalink": "/r/statistics/comments/c2ffja/learning_statisticsmath_for_a_computer_science/erlpdbc/", "num_reports": null, "locked": false, "name": "t1_erlpdbc", "created": 1561022138.0, "author_flair_text": null, "treatment_tags": [], "created_utc": 1560993338.0, "subreddit_name_prefixed": "r/statistics", "controversiality": 0, "depth": 1, "author_flair_background_color": null, "collapsed_because_crowd_control": null, "mod_reports": [], "mod_note": null, "distinguished": null, "_fetched": true}, {"_replies": [], "_submission": "c2ffja", "_reddit": "_reddit", "total_awards_received": 0, "approved_at_utc": null, "ups": 1, "awarders": [], "mod_reason_by": null, "banned_by": null, "author_flair_type": "text", "removal_reason": null, "link_id": "t3_c2ffja", "author_flair_template_id": null, "likes": null, "user_reports": [], "saved": false, "id": "erlprko", "banned_at_utc": null, "mod_reason_title": null, "gilded": 0, "archived": true, "no_follow": true, "author": "MavSidharth", "can_mod_post": false, "send_replies": true, "parent_id": "t1_erlc98v", "score": 1, "author_fullname": "t2_yl8ul14", "report_reasons": null, "approved_by": null, "all_awardings": [], "subreddit_id": "t5_2qhfi", "collapsed": false, "body": "Agree with everything you said, especially the last paragraph as I am literally in that boat right now where I am using a lot of SQL, VLookups in Excel.", "edited": false, "author_flair_css_class": null, "is_submitter": true, "downs": 0, "author_flair_richtext": [], "author_patreon_flair": false, "body_html": "<div class=\"md\"><p>Agree with everything you said, especially the last paragraph as I am literally in that boat right now where I am using a lot of SQL, VLookups in Excel.</p>\n</div>", "gildings": {}, "collapsed_reason": null, "associated_award": null, "stickied": false, "author_premium": false, "subreddit_type": "public", "can_gild": true, "subreddit": "statistics", "author_flair_text_color": null, "score_hidden": false, "permalink": "/r/statistics/comments/c2ffja/learning_statisticsmath_for_a_computer_science/erlprko/", "num_reports": null, "locked": false, "name": "t1_erlprko", "created": 1561022430.0, "author_flair_text": null, "treatment_tags": [], "created_utc": 1560993630.0, "subreddit_name_prefixed": "r/statistics", "controversiality": 0, "depth": 1, "author_flair_background_color": null, "collapsed_because_crowd_control": null, "mod_reports": [], "mod_note": null, "distinguished": null, "_fetched": true}, {"_replies": ["erkez9b"], "_submission": "c2ffja", "_reddit": "_reddit", "total_awards_received": 0, "approved_at_utc": null, "ups": 6, "awarders": [], "mod_reason_by": null, "banned_by": null, "author_flair_type": "text", "removal_reason": null, "link_id": "t3_c2ffja", "author_flair_template_id": null, "likes": null, "user_reports": [], "saved": false, "id": "erjz2xg", "banned_at_utc": null, "mod_reason_title": null, "gilded": 0, "archived": true, "no_follow": false, "author": "0R1E1Q2U3", "can_mod_post": false, "send_replies": true, "parent_id": "t1_erjtds3", "score": 6, "author_fullname": "t2_mcvz8uw", "report_reasons": null, "approved_by": null, "all_awardings": [], "subreddit_id": "t5_2qhfi", "collapsed": false, "body": "Elements of statistical learning is a fairly extensive book on the theory behind algorithms. However, it\u2019s not exactly the most readable book ever written and perhaps best suited as an in-depth reference", "edited": false, "author_flair_css_class": null, "is_submitter": false, "downs": 0, "author_flair_richtext": [], "author_patreon_flair": false, "body_html": "<div class=\"md\"><p>Elements of statistical learning is a fairly extensive book on the theory behind algorithms. However, it\u2019s not exactly the most readable book ever written and perhaps best suited as an in-depth reference</p>\n</div>", "gildings": {}, "collapsed_reason": null, "associated_award": null, "stickied": false, "author_premium": false, "subreddit_type": "public", "can_gild": true, "subreddit": "statistics", "author_flair_text_color": null, "score_hidden": false, "permalink": "/r/statistics/comments/c2ffja/learning_statisticsmath_for_a_computer_science/erjz2xg/", "num_reports": null, "locked": false, "name": "t1_erjz2xg", "created": 1560979989.0, "author_flair_text": null, "treatment_tags": [], "created_utc": 1560951189.0, "subreddit_name_prefixed": "r/statistics", "controversiality": 0, "depth": 1, "author_flair_background_color": null, "collapsed_because_crowd_control": null, "mod_reports": [], "mod_note": null, "distinguished": null, "_fetched": true}, {"_replies": [], "_submission": "c2ffja", "_reddit": "_reddit", "total_awards_received": 0, "approved_at_utc": null, "ups": 2, "awarders": [], "mod_reason_by": null, "banned_by": null, "author_flair_type": "text", "removal_reason": null, "link_id": "t3_c2ffja", "author_flair_template_id": null, "likes": null, "user_reports": [], "saved": false, "id": "erkad88", "banned_at_utc": null, "mod_reason_title": null, "gilded": 0, "archived": true, "no_follow": true, "author": "eemamedo", "can_mod_post": false, "send_replies": true, "parent_id": "t1_erjtds3", "score": 2, "author_fullname": "t2_o0s8m", "report_reasons": null, "approved_by": null, "all_awardings": [], "subreddit_id": "t5_2qhfi", "collapsed": false, "body": "Shai Ben-David book is a pretty good one.", "edited": false, "author_flair_css_class": null, "is_submitter": false, "downs": 0, "author_flair_richtext": [], "author_patreon_flair": false, "body_html": "<div class=\"md\"><p>Shai Ben-David book is a pretty good one.</p>\n</div>", "gildings": {}, "collapsed_reason": null, "associated_award": null, "stickied": false, "author_premium": false, "subreddit_type": "public", "can_gild": true, "subreddit": "statistics", "author_flair_text_color": null, "score_hidden": false, "permalink": "/r/statistics/comments/c2ffja/learning_statisticsmath_for_a_computer_science/erkad88/", "num_reports": null, "locked": false, "name": "t1_erkad88", "created": 1560987827.0, "author_flair_text": null, "treatment_tags": [], "created_utc": 1560959027.0, "subreddit_name_prefixed": "r/statistics", "controversiality": 0, "depth": 1, "author_flair_background_color": null, "collapsed_because_crowd_control": null, "mod_reports": [], "mod_note": null, "distinguished": null, "_fetched": true}, {"_replies": [], "_submission": "c2ffja", "_reddit": "_reddit", "total_awards_received": 0, "approved_at_utc": null, "ups": 1, "awarders": [], "mod_reason_by": null, "banned_by": null, "author_flair_type": "text", "removal_reason": null, "link_id": "t3_c2ffja", "author_flair_template_id": null, "likes": null, "user_reports": [], "saved": false, "id": "erlchi5", "banned_at_utc": null, "mod_reason_title": null, "gilded": 0, "archived": true, "no_follow": true, "author": "jwclark17", "can_mod_post": false, "send_replies": true, "parent_id": "t1_erjtds3", "score": 1, "author_fullname": "t2_ihn7cmk", "report_reasons": null, "approved_by": null, "all_awardings": [], "subreddit_id": "t5_2qhfi", "collapsed": false, "body": "It\u2019s essentially iterative linear programming aimed at minimizing error or variance.", "edited": false, "author_flair_css_class": null, "is_submitter": false, "downs": 0, "author_flair_richtext": [], "author_patreon_flair": false, "body_html": "<div class=\"md\"><p>It\u2019s essentially iterative linear programming aimed at minimizing error or variance.</p>\n</div>", "gildings": {}, "collapsed_reason": null, "associated_award": null, "stickied": false, "author_premium": false, "subreddit_type": "public", "can_gild": true, "subreddit": "statistics", "author_flair_text_color": null, "score_hidden": false, "permalink": "/r/statistics/comments/c2ffja/learning_statisticsmath_for_a_computer_science/erlchi5/", "num_reports": null, "locked": false, "name": "t1_erlchi5", "created": 1561012408.0, "author_flair_text": null, "treatment_tags": [], "created_utc": 1560983608.0, "subreddit_name_prefixed": "r/statistics", "controversiality": 0, "depth": 1, "author_flair_background_color": null, "collapsed_because_crowd_control": null, "mod_reports": [], "mod_note": null, "distinguished": null, "_fetched": true}, {"_replies": ["erlqtrz"], "_submission": "c2ffja", "_reddit": "_reddit", "total_awards_received": 0, "approved_at_utc": null, "ups": 2, "awarders": [], "mod_reason_by": null, "banned_by": null, "author_flair_type": "text", "removal_reason": null, "link_id": "t3_c2ffja", "author_flair_template_id": null, "likes": null, "user_reports": [], "saved": false, "id": "erlpm4u", "banned_at_utc": null, "mod_reason_title": null, "gilded": 0, "archived": true, "no_follow": true, "author": "MavSidharth", "can_mod_post": false, "send_replies": true, "parent_id": "t1_erl3bpd", "score": 2, "author_fullname": "t2_yl8ul14", "report_reasons": null, "approved_by": null, "all_awardings": [], "subreddit_id": "t5_2qhfi", "collapsed": false, "body": "Thank You!  So you do recommend getting good with Calculus and Linear Algebra before starting with Stats right?", "edited": false, "author_flair_css_class": null, "is_submitter": true, "downs": 0, "author_flair_richtext": [], "author_patreon_flair": false, "body_html": "<div class=\"md\"><p>Thank You!  So you do recommend getting good with Calculus and Linear Algebra before starting with Stats right?</p>\n</div>", "gildings": {}, "collapsed_reason": null, "associated_award": null, "stickied": false, "author_premium": false, "subreddit_type": "public", "can_gild": true, "subreddit": "statistics", "author_flair_text_color": null, "score_hidden": false, "permalink": "/r/statistics/comments/c2ffja/learning_statisticsmath_for_a_computer_science/erlpm4u/", "num_reports": null, "locked": false, "name": "t1_erlpm4u", "created": 1561022317.0, "author_flair_text": null, "treatment_tags": [], "created_utc": 1560993517.0, "subreddit_name_prefixed": "r/statistics", "controversiality": 0, "depth": 1, "author_flair_background_color": null, "collapsed_because_crowd_control": null, "mod_reports": [], "mod_note": null, "distinguished": null, "_fetched": true}, {"_replies": [], "_submission": "c2ffja", "_reddit": "_reddit", "total_awards_received": 0, "approved_at_utc": null, "ups": 1, "awarders": [], "mod_reason_by": null, "banned_by": null, "author_flair_type": "text", "removal_reason": null, "link_id": "t3_c2ffja", "author_flair_template_id": null, "likes": null, "user_reports": [], "saved": false, "id": "erlpith", "banned_at_utc": null, "mod_reason_title": null, "gilded": 0, "archived": true, "no_follow": true, "author": "MavSidharth", "can_mod_post": false, "send_replies": true, "parent_id": "t1_erk1ver", "score": 1, "author_fullname": "t2_yl8ul14", "report_reasons": null, "approved_by": null, "all_awardings": [], "subreddit_id": "t5_2qhfi", "collapsed": false, "body": "Thanks a  lot! I will check the book right away.", "edited": false, "author_flair_css_class": null, "is_submitter": true, "downs": 0, "author_flair_richtext": [], "author_patreon_flair": false, "body_html": "<div class=\"md\"><p>Thanks a  lot! I will check the book right away.</p>\n</div>", "gildings": {}, "collapsed_reason": null, "associated_award": null, "stickied": false, "author_premium": false, "subreddit_type": "public", "can_gild": true, "subreddit": "statistics", "author_flair_text_color": null, "score_hidden": false, "permalink": "/r/statistics/comments/c2ffja/learning_statisticsmath_for_a_computer_science/erlpith/", "num_reports": null, "locked": false, "name": "t1_erlpith", "created": 1561022250.0, "author_flair_text": null, "treatment_tags": [], "created_utc": 1560993450.0, "subreddit_name_prefixed": "r/statistics", "controversiality": 0, "depth": 1, "author_flair_background_color": null, "collapsed_because_crowd_control": null, "mod_reports": [], "mod_note": null, "distinguished": null, "_fetched": true}, {"_replies": ["erk3z1u"], "_submission": "c2ffja", "_reddit": "_reddit", "total_awards_received": 0, "approved_at_utc": null, "ups": 13, "awarders": [], "mod_reason_by": null, "banned_by": null, "author_flair_type": "text", "removal_reason": null, "link_id": "t3_c2ffja", "author_flair_template_id": null, "likes": null, "user_reports": [], "saved": false, "id": "erk2g3j", "banned_at_utc": null, "mod_reason_title": null, "gilded": 0, "archived": true, "no_follow": false, "author": "shaggorama", "can_mod_post": false, "created_utc": 1560953680.0, "send_replies": true, "parent_id": "t1_erk1ww1", "score": 13, "author_fullname": "t2_3d829", "report_reasons": null, "approved_by": null, "all_awardings": [], "subreddit_id": "t5_2qhfi", "body": "Maybe they should call their degree \"software engineering,\" because CS basically is a branch of math.", "edited": false, "author_flair_css_class": null, "is_submitter": false, "downs": 0, "author_flair_richtext": [], "author_patreon_flair": false, "body_html": "<div class=\"md\"><p>Maybe they should call their degree &quot;software engineering,&quot; because CS basically is a branch of math.</p>\n</div>", "gildings": {}, "collapsed_reason": null, "associated_award": null, "stickied": false, "author_premium": false, "subreddit_type": "public", "can_gild": true, "subreddit": "statistics", "author_flair_text_color": null, "score_hidden": false, "permalink": "/r/statistics/comments/c2ffja/learning_statisticsmath_for_a_computer_science/erk2g3j/", "num_reports": null, "locked": false, "name": "t1_erk2g3j", "created": 1560982480.0, "author_flair_text": null, "treatment_tags": [], "collapsed": false, "subreddit_name_prefixed": "r/statistics", "controversiality": 0, "depth": 2, "author_flair_background_color": null, "collapsed_because_crowd_control": null, "mod_reports": [], "mod_note": null, "distinguished": null, "_fetched": true}, {"_replies": [], "_submission": "c2ffja", "_reddit": "_reddit", "total_awards_received": 0, "approved_at_utc": null, "ups": 3, "awarders": [], "mod_reason_by": null, "banned_by": null, "author_flair_type": "text", "removal_reason": null, "link_id": "t3_c2ffja", "author_flair_template_id": null, "likes": null, "user_reports": [], "saved": false, "id": "erkwwb3", "banned_at_utc": null, "mod_reason_title": null, "gilded": 0, "archived": true, "no_follow": true, "author": "sawyerwelden", "can_mod_post": false, "created_utc": 1560973246.0, "send_replies": true, "parent_id": "t1_erk1ww1", "score": 3, "author_fullname": "t2_9a6jt", "report_reasons": null, "approved_by": null, "all_awardings": [], "subreddit_id": "t5_2qhfi", "body": "They should still have math. I finished a CS BA in May and I had to take calc1-3, linear, discrete, and some wildcards.", "edited": false, "author_flair_css_class": null, "is_submitter": false, "downs": 0, "author_flair_richtext": [], "author_patreon_flair": false, "body_html": "<div class=\"md\"><p>They should still have math. I finished a CS BA in May and I had to take calc1-3, linear, discrete, and some wildcards.</p>\n</div>", "gildings": {}, "collapsed_reason": null, "associated_award": null, "stickied": false, "author_premium": false, "subreddit_type": "public", "can_gild": true, "subreddit": "statistics", "author_flair_text_color": null, "score_hidden": false, "permalink": "/r/statistics/comments/c2ffja/learning_statisticsmath_for_a_computer_science/erkwwb3/", "num_reports": null, "locked": false, "name": "t1_erkwwb3", "created": 1561002046.0, "author_flair_text": null, "treatment_tags": [], "collapsed": false, "subreddit_name_prefixed": "r/statistics", "controversiality": 0, "depth": 2, "author_flair_background_color": null, "collapsed_because_crowd_control": null, "mod_reports": [], "mod_note": null, "distinguished": null, "_fetched": true}, {"_replies": [], "_submission": "c2ffja", "_reddit": "_reddit", "total_awards_received": 0, "approved_at_utc": null, "ups": 2, "awarders": [], "mod_reason_by": null, "banned_by": null, "author_flair_type": "text", "removal_reason": null, "link_id": "t3_c2ffja", "author_flair_template_id": null, "likes": null, "user_reports": [], "saved": false, "id": "erlqfpo", "banned_at_utc": null, "mod_reason_title": null, "gilded": 0, "archived": true, "no_follow": true, "author": "krkrkra", "can_mod_post": false, "created_utc": 1560994138.0, "send_replies": true, "parent_id": "t1_erlpdbc", "score": 2, "author_fullname": "t2_19t6l320", "report_reasons": null, "approved_by": null, "all_awardings": [], "subreddit_id": "t5_2qhfi", "body": "What follows is just my advice as a non-expert, to be clear. I'm still learning myself, so take what I say with a grain of salt.\n\nI'd probably decide based on time and goals. If you don't have to get going on stuff super quick, I'd probably do the calculus first to build the foundation. I never took calculus and the whole thing took me a few months to get through, working pretty regularly. It also hasn't been as immediately applicable, so if you need to get going right away then I might do the Foundations of Data Analysis courses first, and just work slowly through the calculus when I had time.", "edited": false, "author_flair_css_class": null, "is_submitter": false, "downs": 0, "author_flair_richtext": [], "author_patreon_flair": false, "body_html": "<div class=\"md\"><p>What follows is just my advice as a non-expert, to be clear. I&#39;m still learning myself, so take what I say with a grain of salt.</p>\n\n<p>I&#39;d probably decide based on time and goals. If you don&#39;t have to get going on stuff super quick, I&#39;d probably do the calculus first to build the foundation. I never took calculus and the whole thing took me a few months to get through, working pretty regularly. It also hasn&#39;t been as immediately applicable, so if you need to get going right away then I might do the Foundations of Data Analysis courses first, and just work slowly through the calculus when I had time.</p>\n</div>", "gildings": {}, "collapsed_reason": null, "associated_award": null, "stickied": false, "author_premium": false, "subreddit_type": "public", "can_gild": true, "subreddit": "statistics", "author_flair_text_color": null, "score_hidden": false, "permalink": "/r/statistics/comments/c2ffja/learning_statisticsmath_for_a_computer_science/erlqfpo/", "num_reports": null, "locked": false, "name": "t1_erlqfpo", "created": 1561022938.0, "author_flair_text": null, "treatment_tags": [], "collapsed": false, "subreddit_name_prefixed": "r/statistics", "controversiality": 0, "depth": 2, "author_flair_background_color": null, "collapsed_because_crowd_control": null, "mod_reports": [], "mod_note": null, "distinguished": null, "_fetched": true}, {"_replies": ["erkmnpk", "erkq2sa"], "_submission": "c2ffja", "_reddit": "_reddit", "total_awards_received": 0, "approved_at_utc": null, "ups": 8, "awarders": [], "mod_reason_by": null, "banned_by": null, "author_flair_type": "text", "removal_reason": null, "link_id": "t3_c2ffja", "author_flair_template_id": null, "likes": null, "user_reports": [], "saved": false, "id": "erkez9b", "banned_at_utc": null, "mod_reason_title": null, "gilded": 0, "archived": true, "no_follow": false, "author": "shaggorama", "can_mod_post": false, "created_utc": 1560961984.0, "send_replies": true, "parent_id": "t1_erjz2xg", "score": 8, "author_fullname": "t2_3d829", "report_reasons": null, "approved_by": null, "all_awardings": [], "subreddit_id": "t5_2qhfi", "body": "It should be plenty readable for someone with a math background.", "edited": false, "author_flair_css_class": null, "is_submitter": false, "downs": 0, "author_flair_richtext": [], "author_patreon_flair": false, "body_html": "<div class=\"md\"><p>It should be plenty readable for someone with a math background.</p>\n</div>", "gildings": {}, "collapsed_reason": null, "associated_award": null, "stickied": false, "author_premium": false, "subreddit_type": "public", "can_gild": true, "subreddit": "statistics", "author_flair_text_color": null, "score_hidden": false, "permalink": "/r/statistics/comments/c2ffja/learning_statisticsmath_for_a_computer_science/erkez9b/", "num_reports": null, "locked": false, "name": "t1_erkez9b", "created": 1560990784.0, "author_flair_text": null, "treatment_tags": [], "collapsed": false, "subreddit_name_prefixed": "r/statistics", "controversiality": 0, "depth": 2, "author_flair_background_color": null, "collapsed_because_crowd_control": null, "mod_reports": [], "mod_note": null, "distinguished": null, "_fetched": true}, {"_replies": [], "_submission": "c2ffja", "_reddit": "_reddit", "total_awards_received": 0, "approved_at_utc": null, "ups": 2, "awarders": [], "mod_reason_by": null, "banned_by": null, "author_flair_type": "text", "removal_reason": null, "link_id": "t3_c2ffja", "author_flair_template_id": null, "likes": null, "user_reports": [], "saved": false, "id": "erlqtrz", "banned_at_utc": null, "mod_reason_title": null, "gilded": 0, "archived": true, "no_follow": true, "author": "ILikeBigButtss", "can_mod_post": false, "created_utc": 1560994436.0, "send_replies": true, "parent_id": "t1_erlpm4u", "score": 2, "author_fullname": "t2_ackvl", "report_reasons": null, "approved_by": null, "all_awardings": [], "subreddit_id": "t5_2qhfi", "body": "This one I don't have a good answer for. Intro level stats only really requires high school algebra, but a good understanding of calculus would help your understanding of stats. Doing basic stats first might be easier and shore up your algebra skills which will help a lot in learning calculus. No matter what you decide, do lots of practice problems. The key to learning math is practice.", "edited": false, "author_flair_css_class": null, "is_submitter": false, "downs": 0, "author_flair_richtext": [], "author_patreon_flair": false, "body_html": "<div class=\"md\"><p>This one I don&#39;t have a good answer for. Intro level stats only really requires high school algebra, but a good understanding of calculus would help your understanding of stats. Doing basic stats first might be easier and shore up your algebra skills which will help a lot in learning calculus. No matter what you decide, do lots of practice problems. The key to learning math is practice.</p>\n</div>", "gildings": {}, "collapsed_reason": null, "associated_award": null, "stickied": false, "author_premium": false, "subreddit_type": "public", "can_gild": true, "subreddit": "statistics", "author_flair_text_color": null, "score_hidden": false, "permalink": "/r/statistics/comments/c2ffja/learning_statisticsmath_for_a_computer_science/erlqtrz/", "num_reports": null, "locked": false, "name": "t1_erlqtrz", "created": 1561023236.0, "author_flair_text": null, "treatment_tags": [], "collapsed": false, "subreddit_name_prefixed": "r/statistics", "controversiality": 0, "depth": 2, "author_flair_background_color": null, "collapsed_because_crowd_control": null, "mod_reports": [], "mod_note": null, "distinguished": null, "_fetched": true}, {"_replies": ["erkew89"], "_submission": "c2ffja", "_reddit": "_reddit", "total_awards_received": 0, "approved_at_utc": null, "ups": 9, "awarders": [], "mod_reason_by": null, "banned_by": null, "author_flair_type": "text", "removal_reason": null, "link_id": "t3_c2ffja", "author_flair_template_id": null, "likes": null, "user_reports": [], "saved": false, "id": "erk3z1u", "banned_at_utc": null, "mod_reason_title": null, "gilded": 0, "archived": true, "no_follow": false, "author": "Sk1rm1sh", "can_mod_post": false, "send_replies": true, "parent_id": "t1_erk2g3j", "score": 9, "author_fullname": "t2_r6g59", "report_reasons": null, "approved_by": null, "all_awardings": [], "subreddit_id": "t5_2qhfi", "body": "Where I'm from SE is CS held to engineering standards.", "edited": false, "downs": 0, "author_flair_css_class": null, "is_submitter": false, "collapsed": false, "author_flair_richtext": [], "author_patreon_flair": false, "body_html": "<div class=\"md\"><p>Where I&#39;m from SE is CS held to engineering standards.</p>\n</div>", "gildings": {}, "collapsed_reason": null, "associated_award": null, "stickied": false, "author_premium": false, "subreddit_type": "public", "can_gild": true, "subreddit": "statistics", "author_flair_text_color": null, "score_hidden": false, "permalink": "/r/statistics/comments/c2ffja/learning_statisticsmath_for_a_computer_science/erk3z1u/", "num_reports": null, "locked": false, "name": "t1_erk3z1u", "created": 1560983553.0, "author_flair_text": null, "treatment_tags": [], "created_utc": 1560954753.0, "subreddit_name_prefixed": "r/statistics", "controversiality": 0, "depth": 3, "author_flair_background_color": null, "collapsed_because_crowd_control": null, "mod_reports": [], "mod_note": null, "distinguished": null, "_fetched": true}, {"_replies": [], "_submission": "c2ffja", "_reddit": "_reddit", "total_awards_received": 0, "approved_at_utc": null, "ups": 0, "awarders": [], "mod_reason_by": null, "banned_by": null, "author_flair_type": "text", "removal_reason": null, "link_id": "t3_c2ffja", "author_flair_template_id": null, "likes": null, "user_reports": [], "saved": false, "id": "erkmnpk", "banned_at_utc": null, "mod_reason_title": null, "gilded": 0, "archived": true, "no_follow": true, "author": "0R1E1Q2U3", "can_mod_post": false, "send_replies": true, "parent_id": "t1_erkez9b", "score": 0, "author_fullname": "t2_mcvz8uw", "report_reasons": null, "approved_by": null, "all_awardings": [], "subreddit_id": "t5_2qhfi", "body": "Sure, still a fairly dense book and overkill if you mostly want to develop a working intuition about the algo\u2019s", "edited": false, "downs": 0, "author_flair_css_class": null, "is_submitter": false, "collapsed": false, "author_flair_richtext": [], "author_patreon_flair": false, "body_html": "<div class=\"md\"><p>Sure, still a fairly dense book and overkill if you mostly want to develop a working intuition about the algo\u2019s</p>\n</div>", "gildings": {}, "collapsed_reason": null, "associated_award": null, "stickied": false, "author_premium": false, "subreddit_type": "public", "can_gild": true, "subreddit": "statistics", "author_flair_text_color": null, "score_hidden": false, "permalink": "/r/statistics/comments/c2ffja/learning_statisticsmath_for_a_computer_science/erkmnpk/", "num_reports": null, "locked": false, "name": "t1_erkmnpk", "created": 1560995582.0, "author_flair_text": null, "treatment_tags": [], "created_utc": 1560966782.0, "subreddit_name_prefixed": "r/statistics", "controversiality": 0, "depth": 3, "author_flair_background_color": null, "collapsed_because_crowd_control": null, "mod_reports": [], "mod_note": null, "distinguished": null, "_fetched": true}, {"_replies": [], "_submission": "c2ffja", "_reddit": "_reddit", "total_awards_received": 0, "approved_at_utc": null, "ups": 2, "awarders": [], "mod_reason_by": null, "banned_by": null, "author_flair_type": "text", "removal_reason": null, "link_id": "t3_c2ffja", "author_flair_template_id": null, "likes": null, "user_reports": [], "saved": false, "id": "erkew89", "banned_at_utc": null, "mod_reason_title": null, "gilded": 0, "archived": true, "no_follow": true, "author": "shaggorama", "can_mod_post": false, "send_replies": true, "parent_id": "t1_erk3z1u", "score": 2, "author_fullname": "t2_3d829", "report_reasons": null, "approved_by": null, "all_awardings": [], "subreddit_id": "t5_2qhfi", "collapsed": false, "body": "Maybe software *development* then", "edited": false, "author_flair_css_class": null, "is_submitter": false, "downs": 0, "author_flair_richtext": [], "author_patreon_flair": false, "body_html": "<div class=\"md\"><p>Maybe software <em>development</em> then</p>\n</div>", "gildings": {}, "collapsed_reason": null, "associated_award": null, "stickied": false, "author_premium": false, "subreddit_type": "public", "can_gild": true, "subreddit": "statistics", "author_flair_text_color": null, "score_hidden": false, "permalink": "/r/statistics/comments/c2ffja/learning_statisticsmath_for_a_computer_science/erkew89/", "num_reports": null, "locked": false, "name": "t1_erkew89", "created": 1560990730.0, "author_flair_text": null, "treatment_tags": [], "created_utc": 1560961930.0, "subreddit_name_prefixed": "r/statistics", "controversiality": 0, "depth": 4, "author_flair_background_color": null, "collapsed_because_crowd_control": null, "mod_reports": [], "mod_note": null, "distinguished": null, "_fetched": true}]}