{"_reddit": "_reddit", "approved_at_utc": null, "subreddit": "statistics", "selftext": "Currently, I only have high school level of stats knowledge (binomial/poisson/normal distribution, simple linear regression, confidence interval). Due to rote learning for the sake of passing exams, I only knew how to apply them to problems blindly, rather than understand how and why these methods came about. My goal is to be able to understand books like *Elements of Statistical Learning* and *Pattern Recognition and Machine Learning* some day.\n\nShould I start with the classical type of textbooks like Statistical Inference (Casella & Berger) or the modern type that uses R or SPSS as a companion learning tool?\n\nEdit: Spelled out the book titles", "author_fullname": "t2_q3uyroq", "saved": false, "mod_reason_title": null, "gilded": 0, "clicked": false, "title": "[Question] Best textbook for building intuition in statistics?", "link_flair_richtext": [], "subreddit_name_prefixed": "r/statistics", "hidden": false, "pwls": 6, "link_flair_css_class": null, "downs": 0, "hide_score": false, "name": "t3_dhh5iz", "quarantine": false, "link_flair_text_color": "dark", "upvote_ratio": 0.95, "author_flair_background_color": null, "subreddit_type": "public", "ups": 52, "total_awards_received": 0, "media_embed": {}, "author_flair_template_id": null, "is_original_content": false, "user_reports": [], "secure_media": null, "is_reddit_media_domain": false, "is_meta": false, "category": null, "secure_media_embed": {}, "link_flair_text": "Question", "can_mod_post": false, "score": 52, "approved_by": null, "author_premium": false, "thumbnail": "", "edited": 1571005460.0, "author_flair_css_class": null, "author_flair_richtext": [], "gildings": {}, "content_categories": null, "is_self": true, "mod_note": null, "created": 1571032289.0, "link_flair_type": "text", "wls": 6, "removed_by_category": null, "banned_by": null, "author_flair_type": "text", "domain": "self.statistics", "allow_live_comments": false, "selftext_html": "<!-- SC_OFF --><div class=\"md\"><p>Currently, I only have high school level of stats knowledge (binomial/poisson/normal distribution, simple linear regression, confidence interval). Due to rote learning for the sake of passing exams, I only knew how to apply them to problems blindly, rather than understand how and why these methods came about. My goal is to be able to understand books like <em>Elements of Statistical Learning</em> and <em>Pattern Recognition and Machine Learning</em> some day.</p>\n\n<p>Should I start with the classical type of textbooks like Statistical Inference (Casella &amp; Berger) or the modern type that uses R or SPSS as a companion learning tool?</p>\n\n<p>Edit: Spelled out the book titles</p>\n</div><!-- SC_ON -->", "likes": null, "suggested_sort": null, "banned_at_utc": null, "view_count": null, "archived": true, "no_follow": false, "is_crosspostable": true, "pinned": false, "over_18": false, "all_awardings": [], "awarders": [], "media_only": false, "can_gild": true, "spoiler": false, "locked": false, "author_flair_text": null, "treatment_tags": [], "visited": false, "removed_by": null, "num_reports": null, "distinguished": null, "subreddit_id": "t5_2qhfi", "mod_reason_by": null, "removal_reason": null, "link_flair_background_color": "", "id": "dhh5iz", "is_robot_indexable": true, "report_reasons": null, "author": "UnintelligibleThing", "discussion_type": null, "num_comments": 19, "send_replies": true, "whitelist_status": "all_ads", "contest_mode": false, "mod_reports": [], "author_patreon_flair": false, "author_flair_text_color": null, "permalink": "/r/statistics/comments/dhh5iz/question_best_textbook_for_building_intuition_in/", "parent_whitelist_status": "all_ads", "stickied": false, "url": "https://www.reddit.com/r/statistics/comments/dhh5iz/question_best_textbook_for_building_intuition_in/", "subreddit_subscribers": 106209, "created_utc": 1571003489.0, "num_crossposts": 0, "media": null, "is_video": false, "_fetched": false, "comment_limit": 2048, "comment_sort": "best", "_comments_by_id": {}, "_comments": [{"_replies": ["f3ptng1", "f3q6i29"], "_submission": "dhh5iz", "_reddit": "_reddit", "total_awards_received": 0, "approved_at_utc": null, "ups": 21, "awarders": [], "mod_reason_by": null, "banned_by": null, "author_flair_type": "text", "removal_reason": null, "link_id": "t3_dhh5iz", "author_flair_template_id": null, "likes": null, "user_reports": [], "saved": false, "id": "f3or6f8", "banned_at_utc": null, "mod_reason_title": null, "gilded": 0, "archived": true, "no_follow": false, "author": "hurhurdedur", "can_mod_post": false, "send_replies": true, "parent_id": "t3_dhh5iz", "score": 21, "author_fullname": "t2_fv9tc", "report_reasons": null, "approved_by": null, "all_awardings": [], "subreddit_id": "t5_2qhfi", "body": "This is a great question! Building statistical intuition is much more valuable in my opinion than understanding how to manipulate Poisson distributions or calculate degrees of freedom. Obviously you can improve your statistical intuition by learning these calculations, but I think you'll get much more value from spending an hour reading good texts on the intuition or by working with puzzles/simulations that are about statistical reasoning rather than about calculations or memorizing properties of specific distributions. In a nutshell, I think [this quote from Nate Silver](https://twitter.com/NateSilver538/status/1180900333771542529) is spot on.\n\nTo answer your question, there are two books that I think provide great intuitive understandings of statistical concepts, and which I'd recommend reading before or alongside a classical mathematical textbook such as **Mathematical Statistics with Applications** by Wackerly, Mendenhall, and Schaffer.\n\nThe first book is **How Not to Be Wrong: The Power of Mathematical Thinking** by Jordan Ellenberg. This is really an exceptional book, with some of the clearest, most engaging writing about mathematics and statistics you'll likely ever encounter. While the book is not entirely about statistics, it has several chapters with excellent coverage of statistical topics. Sections III and IV of the book (titled \"Expectation\" and \"Regression\", respectively) are great for building your intuition for the important notions of expectations/means as well as regression to the mean. These chapters are great for building intuition as well as learning a little bit about the historical development of these ideas.\n\nThe second book is **The Seven Pillars of Statistical Wisdom** by Stephen Stigler, which discusses fundamental philosophical ideas of statistics, such as aggregation or comparing variance within groups to variance between groups. The two main reasons I'd recommend the book is its very clear writing style, as well as the fact that by focusing on deep fundamental  ideas (e.g. aggregation), it helps you gain intuition for shared logic that underlies seemingly unrelated concepts such as sufficiency or multilevel Bayesian models. If you really enjoy reading about the history of statistics, then this is a particularly suitable book.\n\nI think after you've read these books and gone through the standard mathematical treatments of books like the Wackerly/Mendenhall or Casella and Berger text, then another great book for improving your statistical intutions is **Computer Age Statistical Inference** by the statistical rock stars Bradley Efron and Trever Hastie. This book is great for understanding the deep ideas uniting and separating Bayesian and Frequentist statistics, and also is one of the absolute best texts for seeing how these ideas continue to play out in modern and cutting-edge topics such as computational statistics, non-parametric modeling, and machine learning.", "edited": 1571027720.0, "downs": 0, "author_flair_css_class": null, "is_submitter": false, "collapsed": false, "author_flair_richtext": [], "author_patreon_flair": false, "body_html": "<div class=\"md\"><p>This is a great question! Building statistical intuition is much more valuable in my opinion than understanding how to manipulate Poisson distributions or calculate degrees of freedom. Obviously you can improve your statistical intuition by learning these calculations, but I think you&#39;ll get much more value from spending an hour reading good texts on the intuition or by working with puzzles/simulations that are about statistical reasoning rather than about calculations or memorizing properties of specific distributions. In a nutshell, I think <a href=\"https://twitter.com/NateSilver538/status/1180900333771542529\">this quote from Nate Silver</a> is spot on.</p>\n\n<p>To answer your question, there are two books that I think provide great intuitive understandings of statistical concepts, and which I&#39;d recommend reading before or alongside a classical mathematical textbook such as <strong>Mathematical Statistics with Applications</strong> by Wackerly, Mendenhall, and Schaffer.</p>\n\n<p>The first book is <strong>How Not to Be Wrong: The Power of Mathematical Thinking</strong> by Jordan Ellenberg. This is really an exceptional book, with some of the clearest, most engaging writing about mathematics and statistics you&#39;ll likely ever encounter. While the book is not entirely about statistics, it has several chapters with excellent coverage of statistical topics. Sections III and IV of the book (titled &quot;Expectation&quot; and &quot;Regression&quot;, respectively) are great for building your intuition for the important notions of expectations/means as well as regression to the mean. These chapters are great for building intuition as well as learning a little bit about the historical development of these ideas.</p>\n\n<p>The second book is <strong>The Seven Pillars of Statistical Wisdom</strong> by Stephen Stigler, which discusses fundamental philosophical ideas of statistics, such as aggregation or comparing variance within groups to variance between groups. The two main reasons I&#39;d recommend the book is its very clear writing style, as well as the fact that by focusing on deep fundamental  ideas (e.g. aggregation), it helps you gain intuition for shared logic that underlies seemingly unrelated concepts such as sufficiency or multilevel Bayesian models. If you really enjoy reading about the history of statistics, then this is a particularly suitable book.</p>\n\n<p>I think after you&#39;ve read these books and gone through the standard mathematical treatments of books like the Wackerly/Mendenhall or Casella and Berger text, then another great book for improving your statistical intutions is <strong>Computer Age Statistical Inference</strong> by the statistical rock stars Bradley Efron and Trever Hastie. This book is great for understanding the deep ideas uniting and separating Bayesian and Frequentist statistics, and also is one of the absolute best texts for seeing how these ideas continue to play out in modern and cutting-edge topics such as computational statistics, non-parametric modeling, and machine learning.</p>\n</div>", "gildings": {}, "collapsed_reason": null, "associated_award": null, "stickied": false, "author_premium": false, "subreddit_type": "public", "can_gild": true, "subreddit": "statistics", "author_flair_text_color": null, "score_hidden": false, "permalink": "/r/statistics/comments/dhh5iz/question_best_textbook_for_building_intuition_in/f3or6f8/", "num_reports": null, "locked": false, "name": "t1_f3or6f8", "created": 1571054734.0, "author_flair_text": null, "treatment_tags": [], "created_utc": 1571025934.0, "subreddit_name_prefixed": "r/statistics", "controversiality": 0, "depth": 0, "author_flair_background_color": null, "collapsed_because_crowd_control": null, "mod_reports": [], "mod_note": null, "distinguished": null, "_fetched": true}, {"_replies": ["f3oqruh", "f3os0c0"], "_submission": "dhh5iz", "_reddit": "_reddit", "total_awards_received": 0, "approved_at_utc": null, "ups": 18, "awarders": [], "mod_reason_by": null, "banned_by": null, "author_flair_type": "text", "removal_reason": null, "link_id": "t3_dhh5iz", "author_flair_template_id": null, "likes": null, "user_reports": [], "saved": false, "id": "f3o02e8", "banned_at_utc": null, "mod_reason_title": null, "gilded": 0, "archived": true, "no_follow": false, "author": "efrique", "can_mod_post": false, "send_replies": true, "parent_id": "t3_dhh5iz", "score": 18, "author_fullname": "t2_38629", "report_reasons": null, "approved_by": null, "all_awardings": [], "subreddit_id": "t5_2qhfi", "body": "It's probably better to spell out book titles, especially with Bishop's book. Some people here will know it but many readers with potential to offer helpful advice won't be able to guess that from just its initials.\n\nI wouldn't *start* with Casella and Berger unless you have good command of calculus and linear algebra (and maybe a course in basic probability would help).\n\nIf you're struggling to understand ESL you'll probably find Casella and Berger difficult.\n\nMaybe consider something like Wackerly, Mendenhall and Scheaffer (*Mathematical Statistics with Applications* - essentially any edition, don't worry if it's not a recent one) or any number of similar books for getting started; they're a bit more geared to help you through things.\n\nIf you've  had a look through the Casella & Berger book and think you'll be comfortable with it, it's a reasonable choice for theoretical background on statistical inference but it will not help you understand how to do a lot of the stuff you need to do good data analysis. \n\nYou may find a review of regression mathematics useful, but I'd suggest looking for something with a fairly practical bent. Perhaps Fox's *Applied Regression*, or any of a number of decent practical regression texts. \n\nKeep an eye out for sets of notes for university subjects available online -- some are pretty decent.\n\nAfter you have a little more background, something like Shalizi's *Advanced Data Analysis from an Elementary Point of View* may be helpful to you:\nhttp://www.stat.cmu.edu/~cshalizi/ADAfaEPoV/\n\nAt least it would be useful alongside ESL.", "edited": false, "downs": 0, "author_flair_css_class": null, "is_submitter": false, "collapsed": false, "author_flair_richtext": [], "author_patreon_flair": false, "body_html": "<div class=\"md\"><p>It&#39;s probably better to spell out book titles, especially with Bishop&#39;s book. Some people here will know it but many readers with potential to offer helpful advice won&#39;t be able to guess that from just its initials.</p>\n\n<p>I wouldn&#39;t <em>start</em> with Casella and Berger unless you have good command of calculus and linear algebra (and maybe a course in basic probability would help).</p>\n\n<p>If you&#39;re struggling to understand ESL you&#39;ll probably find Casella and Berger difficult.</p>\n\n<p>Maybe consider something like Wackerly, Mendenhall and Scheaffer (<em>Mathematical Statistics with Applications</em> - essentially any edition, don&#39;t worry if it&#39;s not a recent one) or any number of similar books for getting started; they&#39;re a bit more geared to help you through things.</p>\n\n<p>If you&#39;ve  had a look through the Casella &amp; Berger book and think you&#39;ll be comfortable with it, it&#39;s a reasonable choice for theoretical background on statistical inference but it will not help you understand how to do a lot of the stuff you need to do good data analysis. </p>\n\n<p>You may find a review of regression mathematics useful, but I&#39;d suggest looking for something with a fairly practical bent. Perhaps Fox&#39;s <em>Applied Regression</em>, or any of a number of decent practical regression texts. </p>\n\n<p>Keep an eye out for sets of notes for university subjects available online -- some are pretty decent.</p>\n\n<p>After you have a little more background, something like Shalizi&#39;s <em>Advanced Data Analysis from an Elementary Point of View</em> may be helpful to you:\n<a href=\"http://www.stat.cmu.edu/%7Ecshalizi/ADAfaEPoV/\">http://www.stat.cmu.edu/~cshalizi/ADAfaEPoV/</a></p>\n\n<p>At least it would be useful alongside ESL.</p>\n</div>", "gildings": {}, "collapsed_reason": null, "associated_award": null, "stickied": false, "author_premium": true, "subreddit_type": "public", "can_gild": true, "subreddit": "statistics", "author_flair_text_color": null, "score_hidden": false, "permalink": "/r/statistics/comments/dhh5iz/question_best_textbook_for_building_intuition_in/f3o02e8/", "num_reports": null, "locked": false, "name": "t1_f3o02e8", "created": 1571033844.0, "author_flair_text": null, "treatment_tags": [], "created_utc": 1571005044.0, "subreddit_name_prefixed": "r/statistics", "controversiality": 0, "depth": 0, "author_flair_background_color": null, "collapsed_because_crowd_control": null, "mod_reports": [], "mod_note": null, "distinguished": null, "_fetched": true}, {"_replies": ["f3oril1"], "_submission": "dhh5iz", "_reddit": "_reddit", "total_awards_received": 0, "approved_at_utc": null, "ups": 7, "awarders": [], "mod_reason_by": null, "banned_by": null, "author_flair_type": "text", "removal_reason": null, "link_id": "t3_dhh5iz", "author_flair_template_id": null, "likes": null, "user_reports": [], "saved": false, "id": "f3oorus", "banned_at_utc": null, "mod_reason_title": null, "gilded": 0, "archived": true, "no_follow": false, "author": "woodscat", "can_mod_post": false, "send_replies": true, "parent_id": "t3_dhh5iz", "score": 7, "author_fullname": "t2_1knyqr5k", "report_reasons": null, "approved_by": null, "all_awardings": [], "subreddit_id": "t5_2qhfi", "body": "Statistics for the Terrified (John H Kranzler) has a short and sweet introduction to the theory.  It covers quite a bit from a maths overview, univariate data, correlation coefficients & linear regression to inferential stats (t-test. ANOVA) and a nonparametric test.  It's a small book but is worth working through before you shell out for the more advanced and expensive textbooks.\n\nI'd skip SPSS.  I think it's only used by students and for social sciences.  You need to focus on R.\n\n[Doscoveringstatistics.com](https://Doscoveringstatistics.com) has lectures online if you can bear his presentation style.\n\nEdited to add: [https://www.r-statistics.com/tag/trevor-hastie/](https://www.r-statistics.com/tag/trevor-hastie/) has quite a few free resources on R", "edited": 1571035319.0, "downs": 0, "author_flair_css_class": null, "is_submitter": false, "collapsed": false, "author_flair_richtext": [], "author_patreon_flair": false, "body_html": "<div class=\"md\"><p>Statistics for the Terrified (John H Kranzler) has a short and sweet introduction to the theory.  It covers quite a bit from a maths overview, univariate data, correlation coefficients &amp; linear regression to inferential stats (t-test. ANOVA) and a nonparametric test.  It&#39;s a small book but is worth working through before you shell out for the more advanced and expensive textbooks.</p>\n\n<p>I&#39;d skip SPSS.  I think it&#39;s only used by students and for social sciences.  You need to focus on R.</p>\n\n<p><a href=\"https://Doscoveringstatistics.com\">Doscoveringstatistics.com</a> has lectures online if you can bear his presentation style.</p>\n\n<p>Edited to add: <a href=\"https://www.r-statistics.com/tag/trevor-hastie/\">https://www.r-statistics.com/tag/trevor-hastie/</a> has quite a few free resources on R</p>\n</div>", "gildings": {}, "collapsed_reason": null, "associated_award": null, "stickied": false, "author_premium": false, "subreddit_type": "public", "can_gild": true, "subreddit": "statistics", "author_flair_text_color": null, "score_hidden": false, "permalink": "/r/statistics/comments/dhh5iz/question_best_textbook_for_building_intuition_in/f3oorus/", "num_reports": null, "locked": false, "name": "t1_f3oorus", "created": 1571052592.0, "author_flair_text": null, "treatment_tags": [], "created_utc": 1571023792.0, "subreddit_name_prefixed": "r/statistics", "controversiality": 0, "depth": 0, "author_flair_background_color": null, "collapsed_because_crowd_control": null, "mod_reports": [], "mod_note": null, "distinguished": null, "_fetched": true}, {"_replies": [], "_submission": "dhh5iz", "_reddit": "_reddit", "total_awards_received": 0, "approved_at_utc": null, "ups": 2, "awarders": [], "mod_reason_by": null, "banned_by": null, "author_flair_type": "text", "removal_reason": null, "link_id": "t3_dhh5iz", "author_flair_template_id": null, "likes": null, "user_reports": [], "saved": false, "id": "f3rhppq", "banned_at_utc": null, "mod_reason_title": null, "gilded": 0, "archived": true, "no_follow": true, "author": "Valgor", "can_mod_post": false, "send_replies": true, "parent_id": "t3_dhh5iz", "score": 2, "author_fullname": "t2_5mmfr", "report_reasons": null, "approved_by": null, "all_awardings": [], "subreddit_id": "t5_2qhfi", "body": "I haven't not read book, but I have read great things about Introduction to Probability by Blitzstein and Hwang for really instilling the basics into the reader.  The book and videos that go along with it can be found here: [https://projects.iq.harvard.edu/stat110/home](https://projects.iq.harvard.edu/stat110/home)  \n\n\nYou can find other books on a similar thread there: [https://news.ycombinator.com/item?id=17474646](https://news.ycombinator.com/item?id=17474646)", "edited": false, "downs": 0, "author_flair_css_class": null, "is_submitter": false, "collapsed": false, "author_flair_richtext": [], "author_patreon_flair": false, "body_html": "<div class=\"md\"><p>I haven&#39;t not read book, but I have read great things about Introduction to Probability by Blitzstein and Hwang for really instilling the basics into the reader.  The book and videos that go along with it can be found here: <a href=\"https://projects.iq.harvard.edu/stat110/home\">https://projects.iq.harvard.edu/stat110/home</a>  </p>\n\n<p>You can find other books on a similar thread there: <a href=\"https://news.ycombinator.com/item?id=17474646\">https://news.ycombinator.com/item?id=17474646</a></p>\n</div>", "gildings": {}, "collapsed_reason": null, "associated_award": null, "stickied": false, "author_premium": false, "subreddit_type": "public", "can_gild": true, "subreddit": "statistics", "author_flair_text_color": null, "score_hidden": false, "permalink": "/r/statistics/comments/dhh5iz/question_best_textbook_for_building_intuition_in/f3rhppq/", "num_reports": null, "locked": false, "name": "t1_f3rhppq", "created": 1571117011.0, "author_flair_text": null, "treatment_tags": [], "created_utc": 1571088211.0, "subreddit_name_prefixed": "r/statistics", "controversiality": 0, "depth": 0, "author_flair_background_color": null, "collapsed_because_crowd_control": null, "mod_reports": [], "mod_note": null, "distinguished": null, "_fetched": true}, {"_replies": ["f3ps51a"], "_submission": "dhh5iz", "_reddit": "_reddit", "total_awards_received": 0, "approved_at_utc": null, "ups": 4, "awarders": [], "mod_reason_by": null, "banned_by": null, "author_flair_type": "text", "removal_reason": null, "link_id": "t3_dhh5iz", "author_flair_template_id": null, "likes": null, "user_reports": [], "saved": false, "id": "f3p49lj", "banned_at_utc": null, "mod_reason_title": null, "gilded": 0, "archived": true, "no_follow": true, "author": "ProfessorPhi", "can_mod_post": false, "send_replies": true, "parent_id": "t3_dhh5iz", "score": 4, "author_fullname": "t2_84c4z", "report_reasons": null, "approved_by": null, "all_awardings": [], "subreddit_id": "t5_2qhfi", "body": "I would recommend a Bayesian Inference textbook since it's by far the most intuitive way to approach stats (Especially if you have none already).\n\nRethinking by Richard McElreath is fantastic in this space.", "edited": false, "downs": 0, "author_flair_css_class": null, "is_submitter": false, "collapsed": false, "author_flair_richtext": [], "author_patreon_flair": false, "body_html": "<div class=\"md\"><p>I would recommend a Bayesian Inference textbook since it&#39;s by far the most intuitive way to approach stats (Especially if you have none already).</p>\n\n<p>Rethinking by Richard McElreath is fantastic in this space.</p>\n</div>", "gildings": {}, "collapsed_reason": null, "associated_award": null, "stickied": false, "author_premium": false, "subreddit_type": "public", "can_gild": true, "subreddit": "statistics", "author_flair_text_color": null, "score_hidden": false, "permalink": "/r/statistics/comments/dhh5iz/question_best_textbook_for_building_intuition_in/f3p49lj/", "num_reports": null, "locked": false, "name": "t1_f3p49lj", "created": 1571071486.0, "author_flair_text": null, "treatment_tags": [], "created_utc": 1571042686.0, "subreddit_name_prefixed": "r/statistics", "controversiality": 0, "depth": 0, "author_flair_background_color": null, "collapsed_because_crowd_control": null, "mod_reports": [], "mod_note": null, "distinguished": null, "_fetched": true}, {"_replies": [], "_submission": "dhh5iz", "_reddit": "_reddit", "total_awards_received": 0, "approved_at_utc": null, "ups": 1, "awarders": [], "mod_reason_by": null, "banned_by": null, "author_flair_type": "text", "removal_reason": null, "link_id": "t3_dhh5iz", "author_flair_template_id": null, "likes": null, "user_reports": [], "saved": false, "id": "f3orvfs", "banned_at_utc": null, "mod_reason_title": null, "gilded": 0, "archived": true, "no_follow": true, "author": "GhostGlacier", "can_mod_post": false, "send_replies": true, "parent_id": "t3_dhh5iz", "score": 1, "author_fullname": "t2_63dsl", "report_reasons": null, "approved_by": null, "all_awardings": [], "subreddit_id": "t5_2qhfi", "body": "If you're just starting out I might suggest the following websites for an intuitive understanding of statistics. I think they're better than most books for visualizing and explaining the fundamentals. \n\n[https://www.youtube.com/channel/UCFrjdcImgcQVyFbK04MBEhA](https://www.youtube.com/channel/UCFrjdcImgcQVyFbK04MBEhA)\n\n[https://www.youtube.com/channel/UCtYLUTtgS3k1Fg4y5tAhLbw](https://www.youtube.com/channel/UCtYLUTtgS3k1Fg4y5tAhLbw)\n\n[https://statquest.org/video-index/](https://statquest.org/video-index/)\n\n[http://www.bcfoltz.com/blog/stats-101/](http://www.bcfoltz.com/blog/stats-101/)\n\nAs far as books go for intuitively understanding the basics: there's [PDQ Statistics](https://www.amazon.com/Pdq-Statistics-Third-Geoffrey-Norman/dp/1550092073), I also like the stats for dummies books.", "edited": false, "downs": 0, "author_flair_css_class": null, "is_submitter": false, "collapsed": false, "author_flair_richtext": [], "author_patreon_flair": false, "body_html": "<div class=\"md\"><p>If you&#39;re just starting out I might suggest the following websites for an intuitive understanding of statistics. I think they&#39;re better than most books for visualizing and explaining the fundamentals. </p>\n\n<p><a href=\"https://www.youtube.com/channel/UCFrjdcImgcQVyFbK04MBEhA\">https://www.youtube.com/channel/UCFrjdcImgcQVyFbK04MBEhA</a></p>\n\n<p><a href=\"https://www.youtube.com/channel/UCtYLUTtgS3k1Fg4y5tAhLbw\">https://www.youtube.com/channel/UCtYLUTtgS3k1Fg4y5tAhLbw</a></p>\n\n<p><a href=\"https://statquest.org/video-index/\">https://statquest.org/video-index/</a></p>\n\n<p><a href=\"http://www.bcfoltz.com/blog/stats-101/\">http://www.bcfoltz.com/blog/stats-101/</a></p>\n\n<p>As far as books go for intuitively understanding the basics: there&#39;s <a href=\"https://www.amazon.com/Pdq-Statistics-Third-Geoffrey-Norman/dp/1550092073\">PDQ Statistics</a>, I also like the stats for dummies books.</p>\n</div>", "gildings": {}, "collapsed_reason": null, "associated_award": null, "stickied": false, "author_premium": false, "subreddit_type": "public", "can_gild": true, "subreddit": "statistics", "author_flair_text_color": null, "score_hidden": false, "permalink": "/r/statistics/comments/dhh5iz/question_best_textbook_for_building_intuition_in/f3orvfs/", "num_reports": null, "locked": false, "name": "t1_f3orvfs", "created": 1571055379.0, "author_flair_text": null, "treatment_tags": [], "created_utc": 1571026579.0, "subreddit_name_prefixed": "r/statistics", "controversiality": 0, "depth": 0, "author_flair_background_color": null, "collapsed_because_crowd_control": null, "mod_reports": [], "mod_note": null, "distinguished": null, "_fetched": true}, {"_replies": [], "_submission": "dhh5iz", "_reddit": "_reddit", "total_awards_received": 0, "approved_at_utc": null, "ups": 1, "awarders": [], "mod_reason_by": null, "banned_by": null, "author_flair_type": "text", "removal_reason": null, "link_id": "t3_dhh5iz", "author_flair_template_id": null, "likes": null, "user_reports": [], "saved": false, "id": "f3p0ha4", "banned_at_utc": null, "mod_reason_title": null, "gilded": 0, "archived": true, "no_follow": true, "author": "enilkcals", "can_mod_post": false, "send_replies": true, "parent_id": "t3_dhh5iz", "score": 1, "author_fullname": "t2_91o9h", "report_reasons": null, "approved_by": null, "all_awardings": [], "subreddit_id": "t5_2qhfi", "body": "I'd recommend [Intuitive Biostatistics by Harvey Motulsky](http://www.intuitivebiostatistics.com/) and [The Art of Statistics: How to Learn from Data by David Spiegelhalter](https://www.goodreads.com/book/show/43722897-the-art-of-statistics)", "edited": false, "downs": 0, "author_flair_css_class": null, "is_submitter": false, "collapsed": false, "author_flair_richtext": [], "author_patreon_flair": false, "body_html": "<div class=\"md\"><p>I&#39;d recommend <a href=\"http://www.intuitivebiostatistics.com/\">Intuitive Biostatistics by Harvey Motulsky</a> and <a href=\"https://www.goodreads.com/book/show/43722897-the-art-of-statistics\">The Art of Statistics: How to Learn from Data by David Spiegelhalter</a></p>\n</div>", "gildings": {}, "collapsed_reason": null, "associated_award": null, "stickied": false, "author_premium": false, "subreddit_type": "public", "can_gild": true, "subreddit": "statistics", "author_flair_text_color": null, "score_hidden": false, "permalink": "/r/statistics/comments/dhh5iz/question_best_textbook_for_building_intuition_in/f3p0ha4/", "num_reports": null, "locked": false, "name": "t1_f3p0ha4", "created": 1571065442.0, "author_flair_text": null, "treatment_tags": [], "created_utc": 1571036642.0, "subreddit_name_prefixed": "r/statistics", "controversiality": 0, "depth": 0, "author_flair_background_color": null, "collapsed_because_crowd_control": null, "mod_reports": [], "mod_note": null, "distinguished": null, "_fetched": true}, {"_replies": [], "_submission": "dhh5iz", "_reddit": "_reddit", "total_awards_received": 0, "approved_at_utc": null, "ups": 1, "awarders": [], "mod_reason_by": null, "banned_by": null, "author_flair_type": "text", "removal_reason": null, "link_id": "t3_dhh5iz", "author_flair_template_id": null, "likes": null, "user_reports": [], "saved": false, "id": "f3rtjlj", "banned_at_utc": null, "mod_reason_title": null, "gilded": 0, "archived": true, "no_follow": true, "author": "mathmare", "can_mod_post": false, "send_replies": true, "parent_id": "t3_dhh5iz", "score": 1, "author_fullname": "t2_y9iuz", "report_reasons": null, "approved_by": null, "all_awardings": [], "subreddit_id": "t5_2qhfi", "body": "I'm still a student, so take my advice with a grain of salt. I would recommend that you learn the mathematics of statistics. Topics like calculus, matrix algebra, probability, etc. I recommend Mathematics for Machine Learning: [https://mml-book.github.io/book/mml-book.pdf](https://mml-book.github.io/book/mml-book.pdf)\n\nAs for programming, I recommend Python (but you should use whatever language you want). If you're willing to break into Python, I recommend the book [Introduction to Computation and Programming Using Python: With Application to Understanding Data](https://www.amazon.com/Introduction-Computation-Programming-Using-Python/dp/0262529629) \n\nWhen starting out learning calculus, linear algebra, etc. you don't necessary need to work out these problems by hand. You can instead use computer algebra. Sympy is a great CAS; here is a tutorial: [https://peerj.com/articles/cs-103/](https://peerj.com/articles/cs-103/)\n\nGood luck with learning stats :D", "edited": false, "downs": 0, "author_flair_css_class": null, "is_submitter": false, "collapsed": false, "author_flair_richtext": [], "author_patreon_flair": false, "body_html": "<div class=\"md\"><p>I&#39;m still a student, so take my advice with a grain of salt. I would recommend that you learn the mathematics of statistics. Topics like calculus, matrix algebra, probability, etc. I recommend Mathematics for Machine Learning: <a href=\"https://mml-book.github.io/book/mml-book.pdf\">https://mml-book.github.io/book/mml-book.pdf</a></p>\n\n<p>As for programming, I recommend Python (but you should use whatever language you want). If you&#39;re willing to break into Python, I recommend the book <a href=\"https://www.amazon.com/Introduction-Computation-Programming-Using-Python/dp/0262529629\">Introduction to Computation and Programming Using Python: With Application to Understanding Data</a> </p>\n\n<p>When starting out learning calculus, linear algebra, etc. you don&#39;t necessary need to work out these problems by hand. You can instead use computer algebra. Sympy is a great CAS; here is a tutorial: <a href=\"https://peerj.com/articles/cs-103/\">https://peerj.com/articles/cs-103/</a></p>\n\n<p>Good luck with learning stats :D</p>\n</div>", "gildings": {}, "collapsed_reason": null, "associated_award": null, "stickied": false, "author_premium": false, "subreddit_type": "public", "can_gild": true, "subreddit": "statistics", "author_flair_text_color": null, "score_hidden": false, "permalink": "/r/statistics/comments/dhh5iz/question_best_textbook_for_building_intuition_in/f3rtjlj/", "num_reports": null, "locked": false, "name": "t1_f3rtjlj", "created": 1571120442.0, "author_flair_text": null, "treatment_tags": [], "created_utc": 1571091642.0, "subreddit_name_prefixed": "r/statistics", "controversiality": 0, "depth": 0, "author_flair_background_color": null, "collapsed_because_crowd_control": null, "mod_reports": [], "mod_note": null, "distinguished": null, "_fetched": true}, {"_replies": [], "_submission": "dhh5iz", "_reddit": "_reddit", "total_awards_received": 0, "approved_at_utc": null, "ups": -1, "awarders": [], "mod_reason_by": null, "banned_by": null, "author_flair_type": "text", "removal_reason": null, "link_id": "t3_dhh5iz", "author_flair_template_id": null, "likes": null, "user_reports": [], "saved": false, "id": "f3p6kj3", "banned_at_utc": null, "mod_reason_title": null, "gilded": 0, "archived": true, "no_follow": true, "author": "Patiiii", "can_mod_post": false, "send_replies": true, "parent_id": "t3_dhh5iz", "score": -1, "author_fullname": "t2_l22g4", "report_reasons": null, "approved_by": null, "all_awardings": [], "subreddit_id": "t5_2qhfi", "body": "Introduction to Statistical Learning", "edited": false, "downs": 0, "author_flair_css_class": null, "is_submitter": false, "collapsed": false, "author_flair_richtext": [], "author_patreon_flair": false, "body_html": "<div class=\"md\"><p>Introduction to Statistical Learning</p>\n</div>", "gildings": {}, "collapsed_reason": null, "associated_award": null, "stickied": false, "author_premium": false, "subreddit_type": "public", "can_gild": true, "subreddit": "statistics", "author_flair_text_color": null, "score_hidden": false, "permalink": "/r/statistics/comments/dhh5iz/question_best_textbook_for_building_intuition_in/f3p6kj3/", "num_reports": null, "locked": false, "name": "t1_f3p6kj3", "created": 1571075321.0, "author_flair_text": null, "treatment_tags": [], "created_utc": 1571046521.0, "subreddit_name_prefixed": "r/statistics", "controversiality": 0, "depth": 0, "author_flair_background_color": null, "collapsed_because_crowd_control": null, "mod_reports": [], "mod_note": null, "distinguished": null, "_fetched": true}, {"_replies": ["f3q4nt9"], "_submission": "dhh5iz", "_reddit": "_reddit", "total_awards_received": 0, "approved_at_utc": null, "ups": 5, "awarders": [], "mod_reason_by": null, "banned_by": null, "author_flair_type": "text", "removal_reason": null, "link_id": "t3_dhh5iz", "author_flair_template_id": null, "likes": null, "user_reports": [], "saved": false, "id": "f3ptng1", "banned_at_utc": null, "mod_reason_title": null, "gilded": 0, "archived": true, "no_follow": false, "author": "TinyBookOrWorms", "can_mod_post": false, "send_replies": true, "parent_id": "t1_f3or6f8", "score": 5, "author_fullname": "t2_mwm9pzb", "report_reasons": null, "approved_by": null, "all_awardings": [], "subreddit_id": "t5_2qhfi", "collapsed": false, "body": "Nate's quote is hot garbage. If it were true, no freshly minted MS or PhD holder in statistics would be of use.", "edited": false, "author_flair_css_class": null, "is_submitter": false, "downs": 0, "author_flair_richtext": [], "author_patreon_flair": false, "body_html": "<div class=\"md\"><p>Nate&#39;s quote is hot garbage. If it were true, no freshly minted MS or PhD holder in statistics would be of use.</p>\n</div>", "gildings": {}, "collapsed_reason": null, "associated_award": null, "stickied": false, "author_premium": false, "subreddit_type": "public", "can_gild": true, "subreddit": "statistics", "author_flair_text_color": null, "score_hidden": false, "permalink": "/r/statistics/comments/dhh5iz/question_best_textbook_for_building_intuition_in/f3ptng1/", "num_reports": null, "locked": false, "name": "t1_f3ptng1", "created": 1571093639.0, "author_flair_text": null, "treatment_tags": [], "created_utc": 1571064839.0, "subreddit_name_prefixed": "r/statistics", "controversiality": 0, "depth": 1, "author_flair_background_color": null, "collapsed_because_crowd_control": null, "mod_reports": [], "mod_note": null, "distinguished": null, "_fetched": true}, {"_replies": ["f3q867z"], "_submission": "dhh5iz", "_reddit": "_reddit", "total_awards_received": 0, "approved_at_utc": null, "ups": 2, "awarders": [], "mod_reason_by": null, "banned_by": null, "author_flair_type": "text", "removal_reason": null, "link_id": "t3_dhh5iz", "author_flair_template_id": null, "likes": null, "user_reports": [], "saved": false, "id": "f3q6i29", "banned_at_utc": null, "mod_reason_title": null, "gilded": 0, "archived": true, "no_follow": true, "author": "midianite_rambler", "can_mod_post": false, "send_replies": true, "parent_id": "t1_f3or6f8", "score": 2, "author_fullname": "t2_4za7z", "report_reasons": null, "approved_by": null, "all_awardings": [], "subreddit_id": "t5_2qhfi", "collapsed": false, "body": ">The Seven Pillars of Statistical Wisdom  \n>  \n>by Stephen Stigler\n\nHuh. The name's possibly inspired by a rather different kind of book, [The Seven Pillars of Wisdom](https://en.wikipedia.org/wiki/Seven_Pillars_of_Wisdom) by T.E. Lawrence.", "edited": false, "author_flair_css_class": null, "is_submitter": false, "downs": 0, "author_flair_richtext": [], "author_patreon_flair": false, "body_html": "<div class=\"md\"><blockquote>\n<p>The Seven Pillars of Statistical Wisdom  </p>\n\n<p>by Stephen Stigler</p>\n</blockquote>\n\n<p>Huh. The name&#39;s possibly inspired by a rather different kind of book, <a href=\"https://en.wikipedia.org/wiki/Seven_Pillars_of_Wisdom\">The Seven Pillars of Wisdom</a> by T.E. Lawrence.</p>\n</div>", "gildings": {}, "collapsed_reason": null, "associated_award": null, "stickied": false, "author_premium": false, "subreddit_type": "public", "can_gild": true, "subreddit": "statistics", "author_flair_text_color": null, "score_hidden": false, "permalink": "/r/statistics/comments/dhh5iz/question_best_textbook_for_building_intuition_in/f3q6i29/", "num_reports": null, "locked": false, "name": "t1_f3q6i29", "created": 1571099128.0, "author_flair_text": null, "treatment_tags": [], "created_utc": 1571070328.0, "subreddit_name_prefixed": "r/statistics", "controversiality": 0, "depth": 1, "author_flair_background_color": null, "collapsed_because_crowd_control": null, "mod_reports": [], "mod_note": null, "distinguished": null, "_fetched": true}, {"_replies": [], "_submission": "dhh5iz", "_reddit": "_reddit", "total_awards_received": 0, "approved_at_utc": null, "ups": 11, "awarders": [], "mod_reason_by": null, "banned_by": null, "author_flair_type": "text", "removal_reason": null, "link_id": "t3_dhh5iz", "author_flair_template_id": null, "likes": null, "user_reports": [], "saved": false, "id": "f3oqruh", "banned_at_utc": null, "mod_reason_title": null, "gilded": 0, "archived": true, "no_follow": false, "author": "Bayequentist", "can_mod_post": false, "send_replies": true, "parent_id": "t1_f3o02e8", "score": 11, "author_fullname": "t2_3bgm2wkz", "report_reasons": null, "approved_by": null, "all_awardings": [], "subreddit_id": "t5_2qhfi", "collapsed": false, "body": "For regression, I can recommend Larry Wasserman's [Modern Regression](http://www.stat.cmu.edu/~larry/=stat401/) class! This class is in fact the prerequisite for Shalizi's ADA class at CMU.", "edited": false, "author_flair_css_class": null, "is_submitter": false, "downs": 0, "author_flair_richtext": [], "author_patreon_flair": false, "body_html": "<div class=\"md\"><p>For regression, I can recommend Larry Wasserman&#39;s <a href=\"http://www.stat.cmu.edu/%7Elarry/=stat401/\">Modern Regression</a> class! This class is in fact the prerequisite for Shalizi&#39;s ADA class at CMU.</p>\n</div>", "gildings": {}, "collapsed_reason": null, "associated_award": null, "stickied": false, "author_premium": false, "subreddit_type": "public", "can_gild": true, "subreddit": "statistics", "author_flair_text_color": null, "score_hidden": false, "permalink": "/r/statistics/comments/dhh5iz/question_best_textbook_for_building_intuition_in/f3oqruh/", "num_reports": null, "locked": false, "name": "t1_f3oqruh", "created": 1571054362.0, "author_flair_text": null, "treatment_tags": [], "created_utc": 1571025562.0, "subreddit_name_prefixed": "r/statistics", "controversiality": 0, "depth": 1, "author_flair_background_color": null, "collapsed_because_crowd_control": null, "mod_reports": [], "mod_note": null, "distinguished": null, "_fetched": true}, {"_replies": ["f3osjmq"], "_submission": "dhh5iz", "_reddit": "_reddit", "total_awards_received": 0, "approved_at_utc": null, "ups": 7, "awarders": [], "mod_reason_by": null, "banned_by": null, "author_flair_type": "text", "removal_reason": null, "link_id": "t3_dhh5iz", "author_flair_template_id": null, "likes": null, "user_reports": [], "saved": false, "id": "f3os0c0", "banned_at_utc": null, "mod_reason_title": null, "gilded": 0, "archived": true, "no_follow": false, "author": "hurhurdedur", "can_mod_post": false, "send_replies": true, "parent_id": "t1_f3o02e8", "score": 7, "author_fullname": "t2_fv9tc", "report_reasons": null, "approved_by": null, "all_awardings": [], "subreddit_id": "t5_2qhfi", "collapsed": false, "body": "I'd strongly second the recommendation to consider Wackerly, Mendenhall and Scheaffer before Casella & Berger. The Wackerly et al. book provides a much more accessible yet still rigorous introduction to several important topics in statistics, ranging from essential probability distributions to maximum likelihood estimation and Bayesian inference.\n\nThe Shalizi course notes are fantastic too, but you really would be best served by approaching those only after you have built good statistical intuition and, after that, have gone through mathematical treatments like those in Wackerly et al. Ideally, you'd also do some hands-on data analysis before going through a very mathematical text such as Casella & Berger or the Shalizi notes, which have a lot of nuance and treat some very subtle topics.", "edited": 1571027336.0, "author_flair_css_class": null, "is_submitter": false, "downs": 0, "author_flair_richtext": [], "author_patreon_flair": false, "body_html": "<div class=\"md\"><p>I&#39;d strongly second the recommendation to consider Wackerly, Mendenhall and Scheaffer before Casella &amp; Berger. The Wackerly et al. book provides a much more accessible yet still rigorous introduction to several important topics in statistics, ranging from essential probability distributions to maximum likelihood estimation and Bayesian inference.</p>\n\n<p>The Shalizi course notes are fantastic too, but you really would be best served by approaching those only after you have built good statistical intuition and, after that, have gone through mathematical treatments like those in Wackerly et al. Ideally, you&#39;d also do some hands-on data analysis before going through a very mathematical text such as Casella &amp; Berger or the Shalizi notes, which have a lot of nuance and treat some very subtle topics.</p>\n</div>", "gildings": {}, "collapsed_reason": null, "associated_award": null, "stickied": false, "author_premium": false, "subreddit_type": "public", "can_gild": true, "subreddit": "statistics", "author_flair_text_color": null, "score_hidden": false, "permalink": "/r/statistics/comments/dhh5iz/question_best_textbook_for_building_intuition_in/f3os0c0/", "num_reports": null, "locked": false, "name": "t1_f3os0c0", "created": 1571055506.0, "author_flair_text": null, "treatment_tags": [], "created_utc": 1571026706.0, "subreddit_name_prefixed": "r/statistics", "controversiality": 0, "depth": 1, "author_flair_background_color": null, "collapsed_because_crowd_control": null, "mod_reports": [], "mod_note": null, "distinguished": null, "_fetched": true}, {"_replies": [], "_submission": "dhh5iz", "_reddit": "_reddit", "total_awards_received": 0, "approved_at_utc": null, "ups": 3, "awarders": [], "mod_reason_by": null, "banned_by": null, "author_flair_type": "text", "removal_reason": null, "link_id": "t3_dhh5iz", "author_flair_template_id": null, "likes": null, "user_reports": [], "saved": false, "id": "f3oril1", "banned_at_utc": null, "mod_reason_title": null, "gilded": 0, "archived": true, "no_follow": true, "author": "hurhurdedur", "can_mod_post": false, "send_replies": true, "parent_id": "t1_f3oorus", "score": 3, "author_fullname": "t2_fv9tc", "report_reasons": null, "approved_by": null, "all_awardings": [], "subreddit_id": "t5_2qhfi", "collapsed": false, "body": "Like probably most people on this subreddit, I second this advice about R vs SPSS. Try to avoid learning SPSS if you can; it's increasingly outdated and R is much better from both an educational and a career skills perspective.", "edited": false, "author_flair_css_class": null, "is_submitter": false, "downs": 0, "author_flair_richtext": [], "author_patreon_flair": false, "body_html": "<div class=\"md\"><p>Like probably most people on this subreddit, I second this advice about R vs SPSS. Try to avoid learning SPSS if you can; it&#39;s increasingly outdated and R is much better from both an educational and a career skills perspective.</p>\n</div>", "gildings": {}, "collapsed_reason": null, "associated_award": null, "stickied": false, "author_premium": false, "subreddit_type": "public", "can_gild": true, "subreddit": "statistics", "author_flair_text_color": null, "score_hidden": false, "permalink": "/r/statistics/comments/dhh5iz/question_best_textbook_for_building_intuition_in/f3oril1/", "num_reports": null, "locked": false, "name": "t1_f3oril1", "created": 1571055045.0, "author_flair_text": null, "treatment_tags": [], "created_utc": 1571026245.0, "subreddit_name_prefixed": "r/statistics", "controversiality": 0, "depth": 1, "author_flair_background_color": null, "collapsed_because_crowd_control": null, "mod_reports": [], "mod_note": null, "distinguished": null, "_fetched": true}, {"_replies": [], "_submission": "dhh5iz", "_reddit": "_reddit", "total_awards_received": 0, "approved_at_utc": null, "ups": 1, "awarders": [], "mod_reason_by": null, "banned_by": null, "author_flair_type": "text", "removal_reason": null, "link_id": "t3_dhh5iz", "author_flair_template_id": null, "likes": null, "user_reports": [], "saved": false, "id": "f3ps51a", "banned_at_utc": null, "mod_reason_title": null, "gilded": 0, "archived": true, "no_follow": true, "author": "praetoriangourd", "can_mod_post": false, "send_replies": true, "parent_id": "t1_f3p49lj", "score": 1, "author_fullname": "t2_1ezw0x5x", "report_reasons": null, "approved_by": null, "all_awardings": [], "subreddit_id": "t5_2qhfi", "collapsed": false, "body": "Statistical Rethinking is my favorite too for the intuition", "edited": false, "author_flair_css_class": null, "is_submitter": false, "downs": 0, "author_flair_richtext": [], "author_patreon_flair": false, "body_html": "<div class=\"md\"><p>Statistical Rethinking is my favorite too for the intuition</p>\n</div>", "gildings": {}, "collapsed_reason": null, "associated_award": null, "stickied": false, "author_premium": false, "subreddit_type": "public", "can_gild": true, "subreddit": "statistics", "author_flair_text_color": null, "score_hidden": false, "permalink": "/r/statistics/comments/dhh5iz/question_best_textbook_for_building_intuition_in/f3ps51a/", "num_reports": null, "locked": false, "name": "t1_f3ps51a", "created": 1571092960.0, "author_flair_text": null, "treatment_tags": [], "created_utc": 1571064160.0, "subreddit_name_prefixed": "r/statistics", "controversiality": 0, "depth": 1, "author_flair_background_color": null, "collapsed_because_crowd_control": null, "mod_reports": [], "mod_note": null, "distinguished": null, "_fetched": true}, {"_replies": ["f3q80af"], "_submission": "dhh5iz", "_reddit": "_reddit", "total_awards_received": 0, "approved_at_utc": null, "ups": 2, "awarders": [], "mod_reason_by": null, "banned_by": null, "author_flair_type": "text", "removal_reason": null, "link_id": "t3_dhh5iz", "author_flair_template_id": null, "likes": null, "user_reports": [], "saved": false, "id": "f3q4nt9", "banned_at_utc": null, "mod_reason_title": null, "gilded": 0, "archived": true, "no_follow": true, "author": "hurhurdedur", "can_mod_post": false, "created_utc": 1571069582.0, "send_replies": true, "parent_id": "t1_f3ptng1", "score": 2, "author_fullname": "t2_fv9tc", "report_reasons": null, "approved_by": null, "all_awardings": [], "subreddit_id": "t5_2qhfi", "body": "Nate's quote is a bit polemic (2% is too small), yet the point still stands. Statistical intuition and subject matter knowledge generally provide more value in applied research than precise knowledge of which regression technique or algorithm to use. This is especially true in the fields of social science. Statistical model selection is only a single part of the broader research process, including problem formation, data collection, and synthesis of findings with other research. All these broader parts are crucial and by necessity are usually guided by statistical intuition and subject matter knowledge.\n\n For example, in designing data collection for a political poll, you'd use reasoning like the following: \"we should gather data with phones and online surveys, since political attitudes vary by age and income and phone surveys tend to underrepresent young voters. We could do statistical nonresponse adjustments on phone surveys of young voters, but the sample sizes would be so small that our variance would be too large and in any case the young voters who have landlines are probably unrepresentative in important ways.\" This line of reasoning is crucially important for the study, and it relied heavily on subject matter knowledge as well as intuition about bias, variance, and types of missing data.\n\nThis argument is made much more thoroughly in the excellent paper \"Statistical Models and Shoe Leather\" by David Freedman.", "edited": false, "author_flair_css_class": null, "is_submitter": false, "downs": 0, "author_flair_richtext": [], "author_patreon_flair": false, "body_html": "<div class=\"md\"><p>Nate&#39;s quote is a bit polemic (2% is too small), yet the point still stands. Statistical intuition and subject matter knowledge generally provide more value in applied research than precise knowledge of which regression technique or algorithm to use. This is especially true in the fields of social science. Statistical model selection is only a single part of the broader research process, including problem formation, data collection, and synthesis of findings with other research. All these broader parts are crucial and by necessity are usually guided by statistical intuition and subject matter knowledge.</p>\n\n<p>For example, in designing data collection for a political poll, you&#39;d use reasoning like the following: &quot;we should gather data with phones and online surveys, since political attitudes vary by age and income and phone surveys tend to underrepresent young voters. We could do statistical nonresponse adjustments on phone surveys of young voters, but the sample sizes would be so small that our variance would be too large and in any case the young voters who have landlines are probably unrepresentative in important ways.&quot; This line of reasoning is crucially important for the study, and it relied heavily on subject matter knowledge as well as intuition about bias, variance, and types of missing data.</p>\n\n<p>This argument is made much more thoroughly in the excellent paper &quot;Statistical Models and Shoe Leather&quot; by David Freedman.</p>\n</div>", "gildings": {}, "collapsed_reason": null, "associated_award": null, "stickied": false, "author_premium": false, "subreddit_type": "public", "can_gild": true, "subreddit": "statistics", "author_flair_text_color": null, "score_hidden": false, "permalink": "/r/statistics/comments/dhh5iz/question_best_textbook_for_building_intuition_in/f3q4nt9/", "num_reports": null, "locked": false, "name": "t1_f3q4nt9", "created": 1571098382.0, "author_flair_text": null, "treatment_tags": [], "collapsed": false, "subreddit_name_prefixed": "r/statistics", "controversiality": 0, "depth": 2, "author_flair_background_color": null, "collapsed_because_crowd_control": null, "mod_reports": [], "mod_note": null, "distinguished": null, "_fetched": true}, {"_replies": [], "_submission": "dhh5iz", "_reddit": "_reddit", "total_awards_received": 0, "approved_at_utc": null, "ups": 1, "awarders": [], "mod_reason_by": null, "banned_by": null, "author_flair_type": "text", "removal_reason": null, "link_id": "t3_dhh5iz", "author_flair_template_id": null, "likes": null, "user_reports": [], "saved": false, "id": "f3q867z", "banned_at_utc": null, "mod_reason_title": null, "gilded": 0, "archived": true, "no_follow": true, "author": "hurhurdedur", "can_mod_post": false, "created_utc": 1571071052.0, "send_replies": true, "parent_id": "t1_f3q6i29", "score": 1, "author_fullname": "t2_fv9tc", "report_reasons": null, "approved_by": null, "all_awardings": [], "subreddit_id": "t5_2qhfi", "body": "Interesting. I believe both books derive their title from a line in the book of Proverbs from the Hebrew Bible: \n\n> \"Wisdom hath builded her house, she hath hewn out her seven pillars.\" (Proverbs 9:1)\n\nBut given Stigler is a history buff, I wouldn't be surprised if he got the idea of the title from Lawrence's book.", "edited": false, "author_flair_css_class": null, "is_submitter": false, "downs": 0, "author_flair_richtext": [], "author_patreon_flair": false, "body_html": "<div class=\"md\"><p>Interesting. I believe both books derive their title from a line in the book of Proverbs from the Hebrew Bible: </p>\n\n<blockquote>\n<p>&quot;Wisdom hath builded her house, she hath hewn out her seven pillars.&quot; (Proverbs 9:1)</p>\n</blockquote>\n\n<p>But given Stigler is a history buff, I wouldn&#39;t be surprised if he got the idea of the title from Lawrence&#39;s book.</p>\n</div>", "gildings": {}, "collapsed_reason": null, "associated_award": null, "stickied": false, "author_premium": false, "subreddit_type": "public", "can_gild": true, "subreddit": "statistics", "author_flair_text_color": null, "score_hidden": false, "permalink": "/r/statistics/comments/dhh5iz/question_best_textbook_for_building_intuition_in/f3q867z/", "num_reports": null, "locked": false, "name": "t1_f3q867z", "created": 1571099852.0, "author_flair_text": null, "treatment_tags": [], "collapsed": false, "subreddit_name_prefixed": "r/statistics", "controversiality": 0, "depth": 2, "author_flair_background_color": null, "collapsed_because_crowd_control": null, "mod_reports": [], "mod_note": null, "distinguished": null, "_fetched": true}, {"_replies": [], "_submission": "dhh5iz", "_reddit": "_reddit", "total_awards_received": 0, "approved_at_utc": null, "ups": 5, "awarders": [], "mod_reason_by": null, "banned_by": null, "author_flair_type": "text", "removal_reason": null, "link_id": "t3_dhh5iz", "author_flair_template_id": null, "likes": null, "user_reports": [], "saved": false, "id": "f3osjmq", "banned_at_utc": null, "mod_reason_title": null, "gilded": 0, "archived": true, "no_follow": false, "author": "efrique", "can_mod_post": false, "created_utc": 1571027214.0, "send_replies": true, "parent_id": "t1_f3os0c0", "score": 5, "author_fullname": "t2_38629", "report_reasons": null, "approved_by": null, "all_awardings": [], "subreddit_id": "t5_2qhfi", "body": "I wouldn't disagree with anything you wrote there.", "edited": false, "author_flair_css_class": null, "is_submitter": false, "downs": 0, "author_flair_richtext": [], "author_patreon_flair": false, "body_html": "<div class=\"md\"><p>I wouldn&#39;t disagree with anything you wrote there.</p>\n</div>", "gildings": {}, "collapsed_reason": null, "associated_award": null, "stickied": false, "author_premium": true, "subreddit_type": "public", "can_gild": true, "subreddit": "statistics", "author_flair_text_color": null, "score_hidden": false, "permalink": "/r/statistics/comments/dhh5iz/question_best_textbook_for_building_intuition_in/f3osjmq/", "num_reports": null, "locked": false, "name": "t1_f3osjmq", "created": 1571056014.0, "author_flair_text": null, "treatment_tags": [], "collapsed": false, "subreddit_name_prefixed": "r/statistics", "controversiality": 0, "depth": 2, "author_flair_background_color": null, "collapsed_because_crowd_control": null, "mod_reports": [], "mod_note": null, "distinguished": null, "_fetched": true}, {"_replies": [], "_submission": "dhh5iz", "_reddit": "_reddit", "total_awards_received": 0, "approved_at_utc": null, "ups": 3, "awarders": [], "mod_reason_by": null, "banned_by": null, "author_flair_type": "text", "removal_reason": null, "link_id": "t3_dhh5iz", "author_flair_template_id": null, "likes": null, "user_reports": [], "saved": false, "id": "f3q80af", "banned_at_utc": null, "mod_reason_title": null, "gilded": 0, "archived": true, "no_follow": true, "author": "TinyBookOrWorms", "can_mod_post": false, "send_replies": true, "parent_id": "t1_f3q4nt9", "score": 3, "author_fullname": "t2_mwm9pzb", "report_reasons": null, "approved_by": null, "all_awardings": [], "subreddit_id": "t5_2qhfi", "body": "> This line of reasoning is crucially important for the study, and it relied heavily on subject matter knowledge as well as intuition about bias, variance, and types of missing data.\n\nI've worked with people with this kind of knowledge and intuition. We worked together to design a study that used their expertise about the subject matter and my expertise about the methodology. When it came time to do the analysis, they did it themselves at first. They threw all the subject matter expertise from both of our ends and proceeded like the study design was collected according to a random sample instead of the study design that was chosen to address their subject matter identified issues. I'm not saying subject matter expertise is unimportant. But the idea that it and intuition are more important is moot since you can't do nontrivial projects effectively without all three. And this idea that intuition and methods are completely unrelated is also baffling. I don't know about you, but I never took any courses on \"intuition\". I took courses on theory and methods, and got all my intuition there.", "edited": false, "downs": 0, "author_flair_css_class": null, "is_submitter": false, "collapsed": false, "author_flair_richtext": [], "author_patreon_flair": false, "body_html": "<div class=\"md\"><blockquote>\n<p>This line of reasoning is crucially important for the study, and it relied heavily on subject matter knowledge as well as intuition about bias, variance, and types of missing data.</p>\n</blockquote>\n\n<p>I&#39;ve worked with people with this kind of knowledge and intuition. We worked together to design a study that used their expertise about the subject matter and my expertise about the methodology. When it came time to do the analysis, they did it themselves at first. They threw all the subject matter expertise from both of our ends and proceeded like the study design was collected according to a random sample instead of the study design that was chosen to address their subject matter identified issues. I&#39;m not saying subject matter expertise is unimportant. But the idea that it and intuition are more important is moot since you can&#39;t do nontrivial projects effectively without all three. And this idea that intuition and methods are completely unrelated is also baffling. I don&#39;t know about you, but I never took any courses on &quot;intuition&quot;. I took courses on theory and methods, and got all my intuition there.</p>\n</div>", "gildings": {}, "collapsed_reason": null, "associated_award": null, "stickied": false, "author_premium": false, "subreddit_type": "public", "can_gild": true, "subreddit": "statistics", "author_flair_text_color": null, "score_hidden": false, "permalink": "/r/statistics/comments/dhh5iz/question_best_textbook_for_building_intuition_in/f3q80af/", "num_reports": null, "locked": false, "name": "t1_f3q80af", "created": 1571099786.0, "author_flair_text": null, "treatment_tags": [], "created_utc": 1571070986.0, "subreddit_name_prefixed": "r/statistics", "controversiality": 0, "depth": 3, "author_flair_background_color": null, "collapsed_because_crowd_control": null, "mod_reports": [], "mod_note": null, "distinguished": null, "_fetched": true}]}