{"_reddit": "_reddit", "approved_at_utc": null, "subreddit": "statistics", "selftext": "We have just launched a youtube channel focussing around the Stan probabilistic language. We will be posting regular videos on not just the usage of Stan but also case studies of different bayesian techniques and how to implement them in Stan. Don't forget to subscribe, so that you don't miss a thing!\n\n[https://youtu.be/k9sH7x8O0Y8](https://youtu.be/k9sH7x8O0Y8)", "author_fullname": "t2_2iplzuw2", "saved": false, "mod_reason_title": null, "gilded": 0, "clicked": false, "title": "[E] The official stan youtube channel", "link_flair_richtext": [], "subreddit_name_prefixed": "r/statistics", "hidden": false, "pwls": 6, "link_flair_css_class": null, "downs": 0, "hide_score": false, "name": "t3_dddlnn", "quarantine": false, "link_flair_text_color": "dark", "upvote_ratio": 0.94, "author_flair_background_color": null, "subreddit_type": "public", "ups": 75, "total_awards_received": 0, "media_embed": {}, "author_flair_template_id": null, "is_original_content": false, "user_reports": [], "secure_media": null, "is_reddit_media_domain": false, "is_meta": false, "category": null, "secure_media_embed": {}, "link_flair_text": "Education", "can_mod_post": false, "score": 75, "approved_by": null, "author_premium": false, "thumbnail": "", "edited": false, "author_flair_css_class": null, "author_flair_richtext": [], "gildings": {}, "content_categories": null, "is_self": true, "mod_note": null, "created": 1570252240.0, "link_flair_type": "text", "wls": 6, "removed_by_category": null, "banned_by": null, "author_flair_type": "text", "domain": "self.statistics", "allow_live_comments": false, "selftext_html": "<!-- SC_OFF --><div class=\"md\"><p>We have just launched a youtube channel focussing around the Stan probabilistic language. We will be posting regular videos on not just the usage of Stan but also case studies of different bayesian techniques and how to implement them in Stan. Don&#39;t forget to subscribe, so that you don&#39;t miss a thing!</p>\n\n<p><a href=\"https://youtu.be/k9sH7x8O0Y8\">https://youtu.be/k9sH7x8O0Y8</a></p>\n</div><!-- SC_ON -->", "likes": null, "suggested_sort": null, "banned_at_utc": null, "view_count": null, "archived": true, "no_follow": false, "is_crosspostable": true, "pinned": false, "over_18": false, "all_awardings": [], "awarders": [], "media_only": false, "can_gild": true, "spoiler": false, "locked": false, "author_flair_text": null, "treatment_tags": [], "visited": false, "removed_by": null, "num_reports": null, "distinguished": null, "subreddit_id": "t5_2qhfi", "mod_reason_by": null, "removal_reason": null, "link_flair_background_color": "", "id": "dddlnn", "is_robot_indexable": true, "report_reasons": null, "author": "space_mog", "discussion_type": null, "num_comments": 10, "send_replies": true, "whitelist_status": "all_ads", "contest_mode": false, "mod_reports": [], "author_patreon_flair": false, "author_flair_text_color": null, "permalink": "/r/statistics/comments/dddlnn/e_the_official_stan_youtube_channel/", "parent_whitelist_status": "all_ads", "stickied": false, "url": "https://www.reddit.com/r/statistics/comments/dddlnn/e_the_official_stan_youtube_channel/", "subreddit_subscribers": 106209, "created_utc": 1570223440.0, "num_crossposts": 0, "media": null, "is_video": false, "_fetched": false, "comment_limit": 2048, "comment_sort": "best", "_comments_by_id": {}, "_comments": [{"_replies": ["f2iksf2"], "_submission": "dddlnn", "_reddit": "_reddit", "total_awards_received": 0, "approved_at_utc": null, "ups": 4, "awarders": [], "mod_reason_by": null, "banned_by": null, "author_flair_type": "text", "removal_reason": null, "link_id": "t3_dddlnn", "author_flair_template_id": null, "likes": null, "user_reports": [], "saved": false, "id": "f2h549c", "banned_at_utc": null, "mod_reason_title": null, "gilded": 0, "archived": true, "no_follow": true, "author": "connar_with_a_t", "can_mod_post": false, "send_replies": true, "parent_id": "t3_dddlnn", "score": 4, "author_fullname": "t2_3pz19voe", "report_reasons": null, "approved_by": null, "all_awardings": [], "subreddit_id": "t5_2qhfi", "body": "This is awesome not enough info on Bayesian techniques!", "edited": false, "downs": 0, "author_flair_css_class": null, "is_submitter": false, "collapsed": false, "author_flair_richtext": [], "author_patreon_flair": false, "body_html": "<div class=\"md\"><p>This is awesome not enough info on Bayesian techniques!</p>\n</div>", "gildings": {}, "collapsed_reason": null, "associated_award": null, "stickied": false, "author_premium": false, "subreddit_type": "public", "can_gild": true, "subreddit": "statistics", "author_flair_text_color": null, "score_hidden": false, "permalink": "/r/statistics/comments/dddlnn/e_the_official_stan_youtube_channel/f2h549c/", "num_reports": null, "locked": false, "name": "t1_f2h549c", "created": 1570268315.0, "author_flair_text": null, "treatment_tags": [], "created_utc": 1570239515.0, "subreddit_name_prefixed": "r/statistics", "controversiality": 0, "depth": 0, "author_flair_background_color": null, "collapsed_because_crowd_control": null, "mod_reports": [], "mod_note": null, "distinguished": null, "_fetched": true}, {"_replies": ["f2i6jia"], "_submission": "dddlnn", "_reddit": "_reddit", "total_awards_received": 0, "approved_at_utc": null, "ups": 7, "awarders": [], "mod_reason_by": null, "banned_by": null, "author_flair_type": "text", "removal_reason": null, "link_id": "t3_dddlnn", "author_flair_template_id": null, "likes": null, "user_reports": [], "saved": false, "id": "f2gl8um", "banned_at_utc": null, "mod_reason_title": null, "gilded": 0, "archived": true, "no_follow": false, "author": "chicken__soup", "can_mod_post": false, "send_replies": true, "parent_id": "t3_dddlnn", "score": 7, "author_fullname": "t2_opgc4", "report_reasons": null, "approved_by": null, "all_awardings": [], "subreddit_id": "t5_2qhfi", "body": "Can you estimate what would happen if I do miss a thing?", "edited": false, "downs": 0, "author_flair_css_class": null, "is_submitter": false, "collapsed": false, "author_flair_richtext": [], "author_patreon_flair": false, "body_html": "<div class=\"md\"><p>Can you estimate what would happen if I do miss a thing?</p>\n</div>", "gildings": {}, "collapsed_reason": null, "associated_award": null, "stickied": false, "author_premium": false, "subreddit_type": "public", "can_gild": true, "subreddit": "statistics", "author_flair_text_color": null, "score_hidden": false, "permalink": "/r/statistics/comments/dddlnn/e_the_official_stan_youtube_channel/f2gl8um/", "num_reports": null, "locked": false, "name": "t1_f2gl8um", "created": 1570260897.0, "author_flair_text": null, "treatment_tags": [], "created_utc": 1570232097.0, "subreddit_name_prefixed": "r/statistics", "controversiality": 0, "depth": 0, "author_flair_background_color": null, "collapsed_because_crowd_control": null, "mod_reports": [], "mod_note": null, "distinguished": null, "_fetched": true}, {"_replies": [], "_submission": "dddlnn", "_reddit": "_reddit", "total_awards_received": 0, "approved_at_utc": null, "ups": 2, "awarders": [], "mod_reason_by": null, "banned_by": null, "author_flair_type": "text", "removal_reason": null, "link_id": "t3_dddlnn", "author_flair_template_id": null, "likes": null, "user_reports": [], "saved": false, "id": "f2hfsc4", "banned_at_utc": null, "mod_reason_title": null, "gilded": 0, "archived": true, "no_follow": true, "author": "dampew", "can_mod_post": false, "send_replies": true, "parent_id": "t3_dddlnn", "score": 2, "author_fullname": "t2_5t3z9", "report_reasons": null, "approved_by": null, "all_awardings": [], "subreddit_id": "t5_2qhfi", "body": "Subscribed!", "edited": false, "downs": 0, "author_flair_css_class": null, "is_submitter": false, "collapsed": false, "author_flair_richtext": [], "author_patreon_flair": false, "body_html": "<div class=\"md\"><p>Subscribed!</p>\n</div>", "gildings": {}, "collapsed_reason": null, "associated_award": null, "stickied": false, "author_premium": false, "subreddit_type": "public", "can_gild": true, "subreddit": "statistics", "author_flair_text_color": null, "score_hidden": false, "permalink": "/r/statistics/comments/dddlnn/e_the_official_stan_youtube_channel/f2hfsc4/", "num_reports": null, "locked": false, "name": "t1_f2hfsc4", "created": 1570271910.0, "author_flair_text": null, "treatment_tags": [], "created_utc": 1570243110.0, "subreddit_name_prefixed": "r/statistics", "controversiality": 0, "depth": 0, "author_flair_background_color": null, "collapsed_because_crowd_control": null, "mod_reports": [], "mod_note": null, "distinguished": null, "_fetched": true}, {"_replies": [], "_submission": "dddlnn", "_reddit": "_reddit", "total_awards_received": 0, "approved_at_utc": null, "ups": 2, "awarders": [], "mod_reason_by": null, "banned_by": null, "author_flair_type": "text", "removal_reason": null, "link_id": "t3_dddlnn", "author_flair_template_id": null, "likes": null, "user_reports": [], "saved": false, "id": "f2jlhjt", "banned_at_utc": null, "mod_reason_title": null, "gilded": 0, "archived": true, "no_follow": true, "author": "stuvet", "can_mod_post": false, "send_replies": true, "parent_id": "t3_dddlnn", "score": 2, "author_fullname": "t2_266w07el", "report_reasons": null, "approved_by": null, "all_awardings": [], "subreddit_id": "t5_2qhfi", "body": "Subscribed! Working outside academia I get a huge amount of statistical/tooling/hardware education from YouTube. Great to see Stan on there too!!", "edited": false, "downs": 0, "author_flair_css_class": null, "is_submitter": false, "collapsed": false, "author_flair_richtext": [], "author_patreon_flair": false, "body_html": "<div class=\"md\"><p>Subscribed! Working outside academia I get a huge amount of statistical/tooling/hardware education from YouTube. Great to see Stan on there too!!</p>\n</div>", "gildings": {}, "collapsed_reason": null, "associated_award": null, "stickied": false, "author_premium": false, "subreddit_type": "public", "can_gild": true, "subreddit": "statistics", "author_flair_text_color": null, "score_hidden": false, "permalink": "/r/statistics/comments/dddlnn/e_the_official_stan_youtube_channel/f2jlhjt/", "num_reports": null, "locked": false, "name": "t1_f2jlhjt", "created": 1570303046.0, "author_flair_text": null, "treatment_tags": [], "created_utc": 1570274246.0, "subreddit_name_prefixed": "r/statistics", "controversiality": 0, "depth": 0, "author_flair_background_color": null, "collapsed_because_crowd_control": null, "mod_reports": [], "mod_note": null, "distinguished": null, "_fetched": true}, {"_replies": ["f2ikugm"], "_submission": "dddlnn", "_reddit": "_reddit", "total_awards_received": 0, "approved_at_utc": null, "ups": 2, "awarders": [], "mod_reason_by": null, "banned_by": null, "author_flair_type": "text", "removal_reason": null, "link_id": "t3_dddlnn", "author_flair_template_id": null, "likes": null, "user_reports": [], "saved": false, "id": "f2g36gn", "banned_at_utc": null, "mod_reason_title": null, "gilded": 0, "archived": true, "no_follow": true, "author": "theeskimospantry", "can_mod_post": false, "send_replies": true, "parent_id": "t3_dddlnn", "score": 2, "author_fullname": "t2_30ar9f4r", "report_reasons": null, "approved_by": null, "all_awardings": [], "subreddit_id": "t5_2qhfi", "body": "OoO interesting!  Please can you post them here when you put them on Youtube?", "edited": false, "downs": 0, "author_flair_css_class": null, "is_submitter": false, "collapsed": false, "author_flair_richtext": [], "author_patreon_flair": false, "body_html": "<div class=\"md\"><p>OoO interesting!  Please can you post them here when you put them on Youtube?</p>\n</div>", "gildings": {}, "collapsed_reason": null, "associated_award": null, "stickied": false, "author_premium": false, "subreddit_type": "public", "can_gild": true, "subreddit": "statistics", "author_flair_text_color": null, "score_hidden": false, "permalink": "/r/statistics/comments/dddlnn/e_the_official_stan_youtube_channel/f2g36gn/", "num_reports": null, "locked": false, "name": "t1_f2g36gn", "created": 1570254765.0, "author_flair_text": null, "treatment_tags": [], "created_utc": 1570225965.0, "subreddit_name_prefixed": "r/statistics", "controversiality": 0, "depth": 0, "author_flair_background_color": null, "collapsed_because_crowd_control": null, "mod_reports": [], "mod_note": null, "distinguished": null, "_fetched": true}, {"_replies": [], "_submission": "dddlnn", "_reddit": "_reddit", "total_awards_received": 0, "approved_at_utc": null, "ups": 2, "awarders": [], "mod_reason_by": null, "banned_by": null, "author_flair_type": "text", "removal_reason": null, "link_id": "t3_dddlnn", "author_flair_template_id": null, "likes": null, "user_reports": [], "saved": false, "id": "f2hmc4w", "banned_at_utc": null, "mod_reason_title": null, "gilded": 0, "archived": true, "no_follow": true, "author": "cammm54", "can_mod_post": false, "send_replies": true, "parent_id": "t3_dddlnn", "score": 2, "author_fullname": "t2_1278kk", "report_reasons": null, "approved_by": null, "all_awardings": [], "subreddit_id": "t5_2qhfi", "body": "Awesome! The STAN forums are amazing so I'm keen to check out this YouTube content", "edited": false, "downs": 0, "author_flair_css_class": null, "is_submitter": false, "collapsed": false, "author_flair_richtext": [], "author_patreon_flair": false, "body_html": "<div class=\"md\"><p>Awesome! The STAN forums are amazing so I&#39;m keen to check out this YouTube content</p>\n</div>", "gildings": {}, "collapsed_reason": null, "associated_award": null, "stickied": false, "author_premium": false, "subreddit_type": "public", "can_gild": true, "subreddit": "statistics", "author_flair_text_color": null, "score_hidden": false, "permalink": "/r/statistics/comments/dddlnn/e_the_official_stan_youtube_channel/f2hmc4w/", "num_reports": null, "locked": false, "name": "t1_f2hmc4w", "created": 1570274159.0, "author_flair_text": null, "treatment_tags": [], "created_utc": 1570245359.0, "subreddit_name_prefixed": "r/statistics", "controversiality": 0, "depth": 0, "author_flair_background_color": null, "collapsed_because_crowd_control": null, "mod_reports": [], "mod_note": null, "distinguished": null, "_fetched": true}, {"_replies": [], "_submission": "dddlnn", "_reddit": "_reddit", "total_awards_received": 0, "approved_at_utc": null, "ups": 1, "awarders": [], "mod_reason_by": null, "banned_by": null, "author_flair_type": "text", "removal_reason": null, "link_id": "t3_dddlnn", "author_flair_template_id": null, "likes": null, "user_reports": [], "saved": false, "id": "f2ikr6c", "banned_at_utc": null, "mod_reason_title": null, "gilded": 0, "archived": true, "no_follow": true, "author": "space_mog", "can_mod_post": false, "send_replies": true, "parent_id": "t1_f2ge68z", "score": 1, "author_fullname": "t2_2iplzuw2", "report_reasons": null, "approved_by": null, "all_awardings": [], "subreddit_id": "t5_2qhfi", "collapsed": false, "body": "We are excited to see how it goes too!", "edited": false, "author_flair_css_class": null, "is_submitter": true, "downs": 0, "author_flair_richtext": [], "author_patreon_flair": false, "body_html": "<div class=\"md\"><p>We are excited to see how it goes too!</p>\n</div>", "gildings": {}, "collapsed_reason": null, "associated_award": null, "stickied": false, "author_premium": false, "subreddit_type": "public", "can_gild": true, "subreddit": "statistics", "author_flair_text_color": null, "score_hidden": false, "permalink": "/r/statistics/comments/dddlnn/e_the_official_stan_youtube_channel/f2ikr6c/", "num_reports": null, "locked": false, "name": "t1_f2ikr6c", "created": 1570287447.0, "author_flair_text": null, "treatment_tags": [], "created_utc": 1570258647.0, "subreddit_name_prefixed": "r/statistics", "controversiality": 0, "depth": 1, "author_flair_background_color": null, "collapsed_because_crowd_control": null, "mod_reports": [], "mod_note": null, "distinguished": null, "_fetched": true}, {"_replies": [], "_submission": "dddlnn", "_reddit": "_reddit", "total_awards_received": 0, "approved_at_utc": null, "ups": 1, "awarders": [], "mod_reason_by": null, "banned_by": null, "author_flair_type": "text", "removal_reason": null, "link_id": "t3_dddlnn", "author_flair_template_id": null, "likes": null, "user_reports": [], "saved": false, "id": "f2iksf2", "banned_at_utc": null, "mod_reason_title": null, "gilded": 0, "archived": true, "no_follow": true, "author": "space_mog", "can_mod_post": false, "send_replies": true, "parent_id": "t1_f2h549c", "score": 1, "author_fullname": "t2_2iplzuw2", "report_reasons": null, "approved_by": null, "all_awardings": [], "subreddit_id": "t5_2qhfi", "collapsed": false, "body": "Exactly!", "edited": false, "author_flair_css_class": null, "is_submitter": true, "downs": 0, "author_flair_richtext": [], "author_patreon_flair": false, "body_html": "<div class=\"md\"><p>Exactly!</p>\n</div>", "gildings": {}, "collapsed_reason": null, "associated_award": null, "stickied": false, "author_premium": false, "subreddit_type": "public", "can_gild": true, "subreddit": "statistics", "author_flair_text_color": null, "score_hidden": false, "permalink": "/r/statistics/comments/dddlnn/e_the_official_stan_youtube_channel/f2iksf2/", "num_reports": null, "locked": false, "name": "t1_f2iksf2", "created": 1570287461.0, "author_flair_text": null, "treatment_tags": [], "created_utc": 1570258661.0, "subreddit_name_prefixed": "r/statistics", "controversiality": 0, "depth": 1, "author_flair_background_color": null, "collapsed_because_crowd_control": null, "mod_reports": [], "mod_note": null, "distinguished": null, "_fetched": true}, {"_replies": [], "_submission": "dddlnn", "_reddit": "_reddit", "total_awards_received": 0, "approved_at_utc": null, "ups": 2, "awarders": [], "mod_reason_by": null, "banned_by": null, "author_flair_type": "text", "removal_reason": null, "link_id": "t3_dddlnn", "author_flair_template_id": null, "likes": null, "user_reports": [], "saved": false, "id": "f2ikugm", "banned_at_utc": null, "mod_reason_title": null, "gilded": 0, "archived": true, "no_follow": true, "author": "space_mog", "can_mod_post": false, "send_replies": true, "parent_id": "t1_f2g36gn", "score": 2, "author_fullname": "t2_2iplzuw2", "report_reasons": null, "approved_by": null, "all_awardings": [], "subreddit_id": "t5_2qhfi", "collapsed": false, "body": "Yes we will try our best!", "edited": false, "author_flair_css_class": null, "is_submitter": true, "downs": 0, "author_flair_richtext": [], "author_patreon_flair": false, "body_html": "<div class=\"md\"><p>Yes we will try our best!</p>\n</div>", "gildings": {}, "collapsed_reason": null, "associated_award": null, "stickied": false, "author_premium": false, "subreddit_type": "public", "can_gild": true, "subreddit": "statistics", "author_flair_text_color": null, "score_hidden": false, "permalink": "/r/statistics/comments/dddlnn/e_the_official_stan_youtube_channel/f2ikugm/", "num_reports": null, "locked": false, "name": "t1_f2ikugm", "created": 1570287483.0, "author_flair_text": null, "treatment_tags": [], "created_utc": 1570258683.0, "subreddit_name_prefixed": "r/statistics", "controversiality": 0, "depth": 1, "author_flair_background_color": null, "collapsed_because_crowd_control": null, "mod_reports": [], "mod_note": null, "distinguished": null, "_fetched": true}, {"_replies": [], "_submission": "dddlnn", "_reddit": "_reddit", "total_awards_received": 0, "approved_at_utc": null, "ups": 2, "awarders": [], "mod_reason_by": null, "banned_by": null, "author_flair_type": "text", "removal_reason": null, "link_id": "t3_dddlnn", "author_flair_template_id": null, "likes": null, "user_reports": [], "saved": false, "id": "f2iof0c", "banned_at_utc": null, "mod_reason_title": null, "gilded": 0, "archived": true, "no_follow": true, "author": "bubbles212", "can_mod_post": false, "created_utc": 1570260148.0, "send_replies": true, "parent_id": "t1_f2i6jia", "score": 2, "author_fullname": "t2_4psu1", "report_reasons": null, "approved_by": null, "all_awardings": [], "subreddit_id": "t5_2qhfi", "body": "I\u2019m feeling lazy, just give me the MAP", "edited": false, "author_flair_css_class": null, "is_submitter": false, "downs": 0, "author_flair_richtext": [], "author_patreon_flair": false, "body_html": "<div class=\"md\"><p>I\u2019m feeling lazy, just give me the MAP</p>\n</div>", "gildings": {}, "collapsed_reason": null, "associated_award": null, "stickied": false, "author_premium": false, "subreddit_type": "public", "can_gild": true, "subreddit": "statistics", "author_flair_text_color": null, "score_hidden": false, "permalink": "/r/statistics/comments/dddlnn/e_the_official_stan_youtube_channel/f2iof0c/", "num_reports": null, "locked": false, "name": "t1_f2iof0c", "created": 1570288948.0, "author_flair_text": null, "treatment_tags": [], "collapsed": false, "subreddit_name_prefixed": "r/statistics", "controversiality": 0, "depth": 2, "author_flair_background_color": null, "collapsed_because_crowd_control": null, "mod_reports": [], "mod_note": null, "distinguished": null, "_fetched": true}]}