{"_reddit": "_reddit", "approved_at_utc": null, "subreddit": "statistics", "selftext": "I just came across the following paper by [Steven Piantadosi](https://psychology.berkeley.edu/people/steven-piantadosi) from Sept. 2018:\n\n**One parameter is always enough** [AIP Advances 8, 095118 (2018)](https://doi.org/10.1063/1.5031956)\n\n>We construct an elementary equation f\u03b8(x) with a single real valued parameter \u03b8 \u2208 \\[0, 1\\] that, as \u03b8 varies, is capable of fitting any scatter plot on any number of points to within a fixed precision. Specifically, given \u03f5 > 0, we may construct f\u03b8 so that for any collection of ordered pairs {(xj,yj)}nj=0 with n,xi\u2208\u2115 and yi \u2208 (0, 1), there exists a \u03b8 \u2208 \\[0, 1\\] giving |f\u03b8(xj) \u2212 yj| < \u03f5 for all j simultaneously. To achieve this, we apply results about the logistic map, an iterated map in dynamical systems theory that can be solved exactly. The existence of an equation f\u03b8 with this property highlights that \u201cparameter counting\u201d fails as a measure of model complexity when the class of models under consideration is only slightly broad.\n\nSome interesting excerpts:\n\n>elementary models exist that are capable of fitting arbitrarily many points to an arbitrary precision using only a single real-valued parameter \u03b8\n\n&#x200B;\n\n>shows that even a single parameter can overfit the data, and therefore it is not always preferable to use a model with fewer parameters.\n\n&#x200B;\n\n>such freedom in behavior illustrates a more basic problem that model complexity cannot be determined by counting parameters\n\n&#x200B;\n\n>great care must be taken in machine learning efforts to discover equations from data since some simple models can fit any data set arbitrarily well.", "author_fullname": "t2_84czy", "saved": false, "mod_reason_title": null, "gilded": 0, "clicked": false, "title": "[Research] One parameter is always enough", "link_flair_richtext": [], "subreddit_name_prefixed": "r/statistics", "hidden": false, "pwls": 6, "link_flair_css_class": null, "downs": 0, "hide_score": false, "name": "t3_d6ynes", "quarantine": false, "link_flair_text_color": "dark", "upvote_ratio": 0.94, "author_flair_background_color": null, "subreddit_type": "public", "ups": 48, "total_awards_received": 0, "media_embed": {}, "author_flair_template_id": null, "is_original_content": false, "user_reports": [], "secure_media": null, "is_reddit_media_domain": false, "is_meta": false, "category": null, "secure_media_embed": {}, "link_flair_text": "Research", "can_mod_post": false, "score": 48, "approved_by": null, "author_premium": false, "thumbnail": "", "edited": 1569003698.0, "author_flair_css_class": null, "author_flair_richtext": [], "gildings": {}, "content_categories": null, "is_self": true, "mod_note": null, "created": 1569031196.0, "link_flair_type": "text", "wls": 6, "removed_by_category": null, "banned_by": null, "author_flair_type": "text", "domain": "self.statistics", "allow_live_comments": false, "selftext_html": "<!-- SC_OFF --><div class=\"md\"><p>I just came across the following paper by <a href=\"https://psychology.berkeley.edu/people/steven-piantadosi\">Steven Piantadosi</a> from Sept. 2018:</p>\n\n<p><strong>One parameter is always enough</strong> <a href=\"https://doi.org/10.1063/1.5031956\">AIP Advances 8, 095118 (2018)</a></p>\n\n<blockquote>\n<p>We construct an elementary equation f\u03b8(x) with a single real valued parameter \u03b8 \u2208 [0, 1] that, as \u03b8 varies, is capable of fitting any scatter plot on any number of points to within a fixed precision. Specifically, given \u03f5 &gt; 0, we may construct f\u03b8 so that for any collection of ordered pairs {(xj,yj)}nj=0 with n,xi\u2208\u2115 and yi \u2208 (0, 1), there exists a \u03b8 \u2208 [0, 1] giving |f\u03b8(xj) \u2212 yj| &lt; \u03f5 for all j simultaneously. To achieve this, we apply results about the logistic map, an iterated map in dynamical systems theory that can be solved exactly. The existence of an equation f\u03b8 with this property highlights that \u201cparameter counting\u201d fails as a measure of model complexity when the class of models under consideration is only slightly broad.</p>\n</blockquote>\n\n<p>Some interesting excerpts:</p>\n\n<blockquote>\n<p>elementary models exist that are capable of fitting arbitrarily many points to an arbitrary precision using only a single real-valued parameter \u03b8</p>\n</blockquote>\n\n<p>&#x200B;</p>\n\n<blockquote>\n<p>shows that even a single parameter can overfit the data, and therefore it is not always preferable to use a model with fewer parameters.</p>\n</blockquote>\n\n<p>&#x200B;</p>\n\n<blockquote>\n<p>such freedom in behavior illustrates a more basic problem that model complexity cannot be determined by counting parameters</p>\n</blockquote>\n\n<p>&#x200B;</p>\n\n<blockquote>\n<p>great care must be taken in machine learning efforts to discover equations from data since some simple models can fit any data set arbitrarily well.</p>\n</blockquote>\n</div><!-- SC_ON -->", "likes": null, "suggested_sort": null, "banned_at_utc": null, "view_count": null, "archived": true, "no_follow": false, "is_crosspostable": true, "pinned": false, "over_18": false, "all_awardings": [], "awarders": [], "media_only": false, "can_gild": true, "spoiler": false, "locked": false, "author_flair_text": null, "treatment_tags": [], "visited": false, "removed_by": null, "num_reports": null, "distinguished": null, "subreddit_id": "t5_2qhfi", "mod_reason_by": null, "removal_reason": null, "link_flair_background_color": "", "id": "d6ynes", "is_robot_indexable": true, "report_reasons": null, "author": "josephwb", "discussion_type": null, "num_comments": 16, "send_replies": true, "whitelist_status": "all_ads", "contest_mode": false, "mod_reports": [], "author_patreon_flair": false, "author_flair_text_color": null, "permalink": "/r/statistics/comments/d6ynes/research_one_parameter_is_always_enough/", "parent_whitelist_status": "all_ads", "stickied": false, "url": "https://www.reddit.com/r/statistics/comments/d6ynes/research_one_parameter_is_always_enough/", "subreddit_subscribers": 106209, "created_utc": 1569002396.0, "num_crossposts": 0, "media": null, "is_video": false, "_fetched": false, "comment_limit": 2048, "comment_sort": "best", "_comments_by_id": {}, "_comments": [{"_replies": [], "_submission": "d6ynes", "_reddit": "_reddit", "total_awards_received": 0, "approved_at_utc": null, "ups": 13, "awarders": [], "mod_reason_by": null, "banned_by": null, "author_flair_type": "text", "removal_reason": null, "link_id": "t3_d6ynes", "author_flair_template_id": null, "likes": null, "user_reports": [], "saved": false, "id": "f0wazjy", "banned_at_utc": null, "mod_reason_title": null, "gilded": 0, "archived": true, "no_follow": false, "author": "josephwb", "can_mod_post": false, "send_replies": true, "parent_id": "t3_d6ynes", "score": 13, "author_fullname": "t2_84czy", "report_reasons": null, "approved_by": null, "all_awardings": [], "subreddit_id": "t5_2qhfi", "body": "This preprint by Laurent Bou\u00e9 explores this further:\n\n**Real numbers, data science and chaos: How to fit any dataset with a single parameter** [arXiv:1904.12320](https://arxiv.org/abs/1904.12320)", "edited": false, "downs": 0, "author_flair_css_class": null, "is_submitter": true, "collapsed": false, "author_flair_richtext": [], "author_patreon_flair": false, "body_html": "<div class=\"md\"><p>This preprint by Laurent Bou\u00e9 explores this further:</p>\n\n<p><strong>Real numbers, data science and chaos: How to fit any dataset with a single parameter</strong> <a href=\"https://arxiv.org/abs/1904.12320\">arXiv:1904.12320</a></p>\n</div>", "gildings": {}, "collapsed_reason": null, "associated_award": null, "stickied": false, "author_premium": false, "subreddit_type": "public", "can_gild": true, "subreddit": "statistics", "author_flair_text_color": null, "score_hidden": false, "permalink": "/r/statistics/comments/d6ynes/research_one_parameter_is_always_enough/f0wazjy/", "num_reports": null, "locked": false, "name": "t1_f0wazjy", "created": 1569031972.0, "author_flair_text": null, "treatment_tags": [], "created_utc": 1569003172.0, "subreddit_name_prefixed": "r/statistics", "controversiality": 0, "depth": 0, "author_flair_background_color": null, "collapsed_because_crowd_control": null, "mod_reports": [], "mod_note": null, "distinguished": null, "_fetched": true}, {"_replies": ["f0x2b34"], "_submission": "d6ynes", "_reddit": "_reddit", "total_awards_received": 0, "approved_at_utc": null, "ups": 15, "awarders": [], "mod_reason_by": null, "banned_by": null, "author_flair_type": "text", "removal_reason": null, "link_id": "t3_d6ynes", "author_flair_template_id": null, "likes": null, "user_reports": [], "saved": false, "id": "f0wx0u4", "banned_at_utc": null, "mod_reason_title": null, "gilded": 0, "archived": true, "no_follow": false, "author": "mfb-", "can_mod_post": false, "send_replies": true, "parent_id": "t3_d6ynes", "score": 15, "author_fullname": "t2_q81tq", "report_reasons": null, "approved_by": null, "all_awardings": [], "subreddit_id": "t5_2qhfi", "body": "If you make f\u03b8(x) complex enough...", "edited": false, "downs": 0, "author_flair_css_class": null, "is_submitter": false, "collapsed": false, "author_flair_richtext": [], "author_patreon_flair": false, "body_html": "<div class=\"md\"><p>If you make f\u03b8(x) complex enough...</p>\n</div>", "gildings": {}, "collapsed_reason": null, "associated_award": null, "stickied": false, "author_premium": false, "subreddit_type": "public", "can_gild": true, "subreddit": "statistics", "author_flair_text_color": null, "score_hidden": false, "permalink": "/r/statistics/comments/d6ynes/research_one_parameter_is_always_enough/f0wx0u4/", "num_reports": null, "locked": false, "name": "t1_f0wx0u4", "created": 1569044529.0, "author_flair_text": null, "treatment_tags": [], "created_utc": 1569015729.0, "subreddit_name_prefixed": "r/statistics", "controversiality": 0, "depth": 0, "author_flair_background_color": null, "collapsed_because_crowd_control": null, "mod_reports": [], "mod_note": null, "distinguished": null, "_fetched": true}, {"_replies": ["f0xcome", "f0xpvj9"], "_submission": "d6ynes", "_reddit": "_reddit", "total_awards_received": 0, "approved_at_utc": null, "ups": 12, "awarders": [], "mod_reason_by": null, "banned_by": null, "author_flair_type": "text", "removal_reason": null, "link_id": "t3_d6ynes", "author_flair_template_id": null, "likes": null, "user_reports": [], "saved": false, "id": "f0x81id", "banned_at_utc": null, "mod_reason_title": null, "gilded": 0, "archived": true, "no_follow": false, "author": "StellaAthena", "can_mod_post": false, "send_replies": true, "parent_id": "t3_d6ynes", "score": 12, "author_fullname": "t2_e57rf", "report_reasons": null, "approved_by": null, "all_awardings": [], "subreddit_id": "t5_2qhfi", "body": "It seems like the theorem follows immediately from the existence of space-filling curves. Is there something I\u2019m missing?", "edited": false, "downs": 0, "author_flair_css_class": null, "is_submitter": false, "collapsed": false, "author_flair_richtext": [], "author_patreon_flair": false, "body_html": "<div class=\"md\"><p>It seems like the theorem follows immediately from the existence of space-filling curves. Is there something I\u2019m missing?</p>\n</div>", "gildings": {}, "collapsed_reason": null, "associated_award": null, "stickied": false, "author_premium": false, "subreddit_type": "public", "can_gild": true, "subreddit": "statistics", "author_flair_text_color": null, "score_hidden": false, "permalink": "/r/statistics/comments/d6ynes/research_one_parameter_is_always_enough/f0x81id/", "num_reports": null, "locked": false, "name": "t1_f0x81id", "created": 1569053281.0, "author_flair_text": null, "treatment_tags": [], "created_utc": 1569024481.0, "subreddit_name_prefixed": "r/statistics", "controversiality": 0, "depth": 0, "author_flair_background_color": null, "collapsed_because_crowd_control": null, "mod_reports": [], "mod_note": null, "distinguished": null, "_fetched": true}, {"_replies": [], "_submission": "d6ynes", "_reddit": "_reddit", "total_awards_received": 0, "approved_at_utc": null, "ups": 7, "awarders": [], "mod_reason_by": null, "banned_by": null, "author_flair_type": "text", "removal_reason": null, "link_id": "t3_d6ynes", "author_flair_template_id": null, "likes": null, "user_reports": [], "saved": false, "id": "f0x6kfv", "banned_at_utc": null, "mod_reason_title": null, "gilded": 0, "archived": true, "no_follow": false, "author": "NOTWorthless", "can_mod_post": false, "send_replies": true, "parent_id": "t3_d6ynes", "score": 7, "author_fullname": "t2_7g746", "report_reasons": null, "approved_by": null, "all_awardings": [], "subreddit_id": "t5_2qhfi", "body": "I vaguely remember Vapnik showing this in a textbook, the point being that counting raw parameters is a very crude measure of complexity. More refined measures like VC-dimension give more reasonable answers. Anyway, the idea and intuition here is rather old; is there anything novel here beyond this?", "edited": false, "downs": 0, "author_flair_css_class": null, "is_submitter": false, "collapsed": false, "author_flair_richtext": [], "author_patreon_flair": false, "body_html": "<div class=\"md\"><p>I vaguely remember Vapnik showing this in a textbook, the point being that counting raw parameters is a very crude measure of complexity. More refined measures like VC-dimension give more reasonable answers. Anyway, the idea and intuition here is rather old; is there anything novel here beyond this?</p>\n</div>", "gildings": {}, "collapsed_reason": null, "associated_award": null, "stickied": false, "author_premium": false, "subreddit_type": "public", "can_gild": true, "subreddit": "statistics", "author_flair_text_color": null, "score_hidden": false, "permalink": "/r/statistics/comments/d6ynes/research_one_parameter_is_always_enough/f0x6kfv/", "num_reports": null, "locked": false, "name": "t1_f0x6kfv", "created": 1569052014.0, "author_flair_text": null, "treatment_tags": [], "created_utc": 1569023214.0, "subreddit_name_prefixed": "r/statistics", "controversiality": 0, "depth": 0, "author_flair_background_color": null, "collapsed_because_crowd_control": null, "mod_reports": [], "mod_note": null, "distinguished": null, "_fetched": true}, {"_replies": ["f0xkqly"], "_submission": "d6ynes", "_reddit": "_reddit", "total_awards_received": 0, "approved_at_utc": null, "ups": 7, "awarders": [], "mod_reason_by": null, "banned_by": null, "author_flair_type": "text", "removal_reason": null, "link_id": "t3_d6ynes", "author_flair_template_id": null, "likes": null, "user_reports": [], "saved": false, "id": "f0xjs42", "banned_at_utc": null, "mod_reason_title": null, "gilded": 0, "archived": true, "no_follow": false, "author": "PotatoChipPhenomenon", "can_mod_post": false, "send_replies": true, "parent_id": "t3_d6ynes", "score": 7, "author_fullname": "t2_rne7lxd", "report_reasons": null, "approved_by": null, "all_awardings": [], "subreddit_id": "t5_2qhfi", "body": "Here are my thoughts:\n\n>the number of parameters in a model cannot be a meaningful measure of its complexity once the class of models is large enough\n\nThis would be obvious to a statistician.\n\n>uncritical use of a \u201cparameter counting\u201d approach ignores the fact that a single real-valued parameter potentially contains an unboundedly large amount of information\n\nThis is a restatement of the first argument, but with a nice information-theoretic approach which should be intuitive to physicists and computer scientists. (The target audience I'm assuming).\n\n>great care must be taken in machine learning efforts to discover equations from data\n\n>attempts both at broad model comparison and automatic discovery of equations from data may often be ill-posed\n\nSshhh!! \ud83e\udd2b Don't let the investors hear this, otherwise they might stop pouring money into the AI and data science markets which we quietly benefit from! \ud83e\udd10\n\n>The result also emphasizes the importance of constraints on scientific theories that are enforced independently from the measured data set, with a focus on careful a priori consideration of the class of models that should be compared.\n\nIn other words, it emphasizes the importance of applied statistics.\n\nAt least the aphorism \"even a single parameter is enough to overfit the data\" makes for a nifty kind of \"gotcha!\" one-liner that may benefit the future generation of data scientists and make them think twice.", "edited": false, "downs": 0, "author_flair_css_class": null, "is_submitter": false, "collapsed": false, "author_flair_richtext": [], "author_patreon_flair": false, "body_html": "<div class=\"md\"><p>Here are my thoughts:</p>\n\n<blockquote>\n<p>the number of parameters in a model cannot be a meaningful measure of its complexity once the class of models is large enough</p>\n</blockquote>\n\n<p>This would be obvious to a statistician.</p>\n\n<blockquote>\n<p>uncritical use of a \u201cparameter counting\u201d approach ignores the fact that a single real-valued parameter potentially contains an unboundedly large amount of information</p>\n</blockquote>\n\n<p>This is a restatement of the first argument, but with a nice information-theoretic approach which should be intuitive to physicists and computer scientists. (The target audience I&#39;m assuming).</p>\n\n<blockquote>\n<p>great care must be taken in machine learning efforts to discover equations from data</p>\n\n<p>attempts both at broad model comparison and automatic discovery of equations from data may often be ill-posed</p>\n</blockquote>\n\n<p>Sshhh!! \ud83e\udd2b Don&#39;t let the investors hear this, otherwise they might stop pouring money into the AI and data science markets which we quietly benefit from! \ud83e\udd10</p>\n\n<blockquote>\n<p>The result also emphasizes the importance of constraints on scientific theories that are enforced independently from the measured data set, with a focus on careful a priori consideration of the class of models that should be compared.</p>\n</blockquote>\n\n<p>In other words, it emphasizes the importance of applied statistics.</p>\n\n<p>At least the aphorism &quot;even a single parameter is enough to overfit the data&quot; makes for a nifty kind of &quot;gotcha!&quot; one-liner that may benefit the future generation of data scientists and make them think twice.</p>\n</div>", "gildings": {}, "collapsed_reason": null, "associated_award": null, "stickied": false, "author_premium": false, "subreddit_type": "public", "can_gild": true, "subreddit": "statistics", "author_flair_text_color": null, "score_hidden": false, "permalink": "/r/statistics/comments/d6ynes/research_one_parameter_is_always_enough/f0xjs42/", "num_reports": null, "locked": false, "name": "t1_f0xjs42", "created": 1569063765.0, "author_flair_text": null, "treatment_tags": [], "created_utc": 1569034965.0, "subreddit_name_prefixed": "r/statistics", "controversiality": 0, "depth": 0, "author_flair_background_color": null, "collapsed_because_crowd_control": null, "mod_reports": [], "mod_note": null, "distinguished": null, "_fetched": true}, {"_replies": [], "_submission": "d6ynes", "_reddit": "_reddit", "total_awards_received": 0, "approved_at_utc": null, "ups": 2, "awarders": [], "mod_reason_by": null, "banned_by": null, "author_flair_type": "text", "removal_reason": null, "link_id": "t3_d6ynes", "author_flair_template_id": null, "likes": null, "user_reports": [], "saved": false, "id": "f0xvwgo", "banned_at_utc": null, "mod_reason_title": null, "gilded": 0, "archived": true, "no_follow": true, "author": "sciflare", "can_mod_post": false, "send_replies": true, "parent_id": "t3_d6ynes", "score": 2, "author_fullname": "t2_zl9y2", "report_reasons": null, "approved_by": null, "all_awardings": [], "subreddit_id": "t5_2qhfi", "body": "\"Counting parameters\" is only meaningful for nice objects like manifolds or algebraic varieties, for which a useful notion of dimension can be defined. If you try to do this with less pleasant objects, like space-filling curves, you end up with nonsense.\n\nManifold learning is used for dimension reduction in statistics these days because submanifolds of Euclidean space are nice and have a well-defined dimension (and codimension). \n\nSo to make the math easier, you might as well assume the ground truth is supported on a submanifold (up to random error), rather than on something more exotic.", "edited": false, "downs": 0, "author_flair_css_class": null, "is_submitter": false, "collapsed": false, "author_flair_richtext": [], "author_patreon_flair": false, "body_html": "<div class=\"md\"><p>&quot;Counting parameters&quot; is only meaningful for nice objects like manifolds or algebraic varieties, for which a useful notion of dimension can be defined. If you try to do this with less pleasant objects, like space-filling curves, you end up with nonsense.</p>\n\n<p>Manifold learning is used for dimension reduction in statistics these days because submanifolds of Euclidean space are nice and have a well-defined dimension (and codimension). </p>\n\n<p>So to make the math easier, you might as well assume the ground truth is supported on a submanifold (up to random error), rather than on something more exotic.</p>\n</div>", "gildings": {}, "collapsed_reason": null, "associated_award": null, "stickied": false, "author_premium": false, "subreddit_type": "public", "can_gild": true, "subreddit": "statistics", "author_flair_text_color": null, "score_hidden": false, "permalink": "/r/statistics/comments/d6ynes/research_one_parameter_is_always_enough/f0xvwgo/", "num_reports": null, "locked": false, "name": "t1_f0xvwgo", "created": 1569078424.0, "author_flair_text": null, "treatment_tags": [], "created_utc": 1569049624.0, "subreddit_name_prefixed": "r/statistics", "controversiality": 0, "depth": 0, "author_flair_background_color": null, "collapsed_because_crowd_control": null, "mod_reports": [], "mod_note": null, "distinguished": null, "_fetched": true}, {"_replies": [], "_submission": "d6ynes", "_reddit": "_reddit", "total_awards_received": 0, "approved_at_utc": null, "ups": 1, "awarders": [], "mod_reason_by": null, "banned_by": null, "author_flair_type": "text", "removal_reason": null, "link_id": "t3_d6ynes", "author_flair_template_id": null, "likes": null, "user_reports": [], "saved": false, "id": "f0y58nc", "banned_at_utc": null, "mod_reason_title": null, "gilded": 0, "archived": true, "no_follow": true, "author": "BahBahTheSheep", "can_mod_post": false, "send_replies": true, "parent_id": "t3_d6ynes", "score": 1, "author_fullname": "t2_5zfmp", "report_reasons": null, "approved_by": null, "all_awardings": [], "subreddit_id": "t5_2qhfi", "body": "M", "edited": false, "downs": 0, "author_flair_css_class": null, "is_submitter": false, "collapsed": false, "author_flair_richtext": [], "author_patreon_flair": false, "body_html": "<div class=\"md\"><p>M</p>\n</div>", "gildings": {}, "collapsed_reason": null, "associated_award": null, "stickied": false, "author_premium": false, "subreddit_type": "public", "can_gild": true, "subreddit": "statistics", "author_flair_text_color": null, "score_hidden": false, "permalink": "/r/statistics/comments/d6ynes/research_one_parameter_is_always_enough/f0y58nc/", "num_reports": null, "locked": false, "name": "t1_f0y58nc", "created": 1569089896.0, "author_flair_text": null, "treatment_tags": [], "created_utc": 1569061096.0, "subreddit_name_prefixed": "r/statistics", "controversiality": 0, "depth": 0, "author_flair_background_color": null, "collapsed_because_crowd_control": null, "mod_reports": [], "mod_note": null, "distinguished": null, "_fetched": true}, {"_replies": [], "_submission": "d6ynes", "_reddit": "_reddit", "total_awards_received": 0, "approved_at_utc": null, "ups": 1, "awarders": [], "mod_reason_by": null, "banned_by": null, "author_flair_type": "text", "removal_reason": null, "link_id": "t3_d6ynes", "author_flair_template_id": null, "likes": null, "user_reports": [], "saved": false, "id": "f0ydmlm", "banned_at_utc": null, "mod_reason_title": null, "gilded": 0, "archived": true, "no_follow": true, "author": "bobbyfiend", "can_mod_post": false, "send_replies": true, "parent_id": "t3_d6ynes", "score": 1, "author_fullname": "t2_36gej", "report_reasons": null, "approved_by": null, "all_awardings": [], "subreddit_id": "t5_2qhfi", "body": ">great care must be taken in machine learning efforts\n\nI think this conclusion is fairly obvious, at this point, from several lines of thought and research.", "edited": false, "downs": 0, "author_flair_css_class": null, "is_submitter": false, "collapsed": false, "author_flair_richtext": [], "author_patreon_flair": false, "body_html": "<div class=\"md\"><blockquote>\n<p>great care must be taken in machine learning efforts</p>\n</blockquote>\n\n<p>I think this conclusion is fairly obvious, at this point, from several lines of thought and research.</p>\n</div>", "gildings": {}, "collapsed_reason": null, "associated_award": null, "stickied": false, "author_premium": false, "subreddit_type": "public", "can_gild": true, "subreddit": "statistics", "author_flair_text_color": null, "score_hidden": false, "permalink": "/r/statistics/comments/d6ynes/research_one_parameter_is_always_enough/f0ydmlm/", "num_reports": null, "locked": false, "name": "t1_f0ydmlm", "created": 1569096125.0, "author_flair_text": null, "treatment_tags": [], "created_utc": 1569067325.0, "subreddit_name_prefixed": "r/statistics", "controversiality": 0, "depth": 0, "author_flair_background_color": null, "collapsed_because_crowd_control": null, "mod_reports": [], "mod_note": null, "distinguished": null, "_fetched": true}, {"_replies": [], "_submission": "d6ynes", "_reddit": "_reddit", "total_awards_received": 0, "approved_at_utc": null, "ups": 1, "awarders": [], "mod_reason_by": null, "banned_by": null, "author_flair_type": "text", "removal_reason": null, "link_id": "t3_d6ynes", "author_flair_template_id": null, "likes": null, "user_reports": [], "saved": false, "id": "f199te6", "banned_at_utc": null, "mod_reason_title": null, "gilded": 0, "archived": true, "no_follow": true, "author": "FightingPuma", "can_mod_post": false, "send_replies": true, "parent_id": "t3_d6ynes", "score": 1, "author_fullname": "t2_kube44p", "report_reasons": null, "approved_by": null, "all_awardings": [], "subreddit_id": "t5_2qhfi", "body": "Though I find this statement quite unsurprising an very intuitive from a mathematical perspective, it still make me a bit uncomfortable.\n\nOne of the reasons is that I know a lot of well-trained and experienced statisticians and data scientists  with a less mathematical background who would not consider this intuitive at all and may potentially fall for these kind of tricks.. (at least for a few hours until they find out something is fishy)", "edited": false, "downs": 0, "author_flair_css_class": null, "is_submitter": false, "collapsed": false, "author_flair_richtext": [], "author_patreon_flair": false, "body_html": "<div class=\"md\"><p>Though I find this statement quite unsurprising an very intuitive from a mathematical perspective, it still make me a bit uncomfortable.</p>\n\n<p>One of the reasons is that I know a lot of well-trained and experienced statisticians and data scientists  with a less mathematical background who would not consider this intuitive at all and may potentially fall for these kind of tricks.. (at least for a few hours until they find out something is fishy)</p>\n</div>", "gildings": {}, "collapsed_reason": null, "associated_award": null, "stickied": false, "author_premium": false, "subreddit_type": "public", "can_gild": true, "subreddit": "statistics", "author_flair_text_color": null, "score_hidden": false, "permalink": "/r/statistics/comments/d6ynes/research_one_parameter_is_always_enough/f199te6/", "num_reports": null, "locked": false, "name": "t1_f199te6", "created": 1569298489.0, "author_flair_text": null, "treatment_tags": [], "created_utc": 1569269689.0, "subreddit_name_prefixed": "r/statistics", "controversiality": 0, "depth": 0, "author_flair_background_color": null, "collapsed_because_crowd_control": null, "mod_reports": [], "mod_note": null, "distinguished": null, "_fetched": true}, {"_replies": [], "_submission": "d6ynes", "_reddit": "_reddit", "total_awards_received": 0, "approved_at_utc": null, "ups": 10, "awarders": [], "mod_reason_by": null, "banned_by": null, "author_flair_type": "text", "removal_reason": null, "link_id": "t3_d6ynes", "author_flair_template_id": null, "likes": null, "user_reports": [], "saved": false, "id": "f0x2b34", "banned_at_utc": null, "mod_reason_title": null, "gilded": 0, "archived": true, "no_follow": false, "author": "josephwb", "can_mod_post": false, "send_replies": true, "parent_id": "t1_f0wx0u4", "score": 10, "author_fullname": "t2_84czy", "report_reasons": null, "approved_by": null, "all_awardings": [], "subreddit_id": "t5_2qhfi", "collapsed": false, "body": "Yup. And make sure you've got unsigned long long doubles  (\\^\\_\u2212)\u2606", "edited": 1569023394.0, "author_flair_css_class": null, "is_submitter": true, "downs": 0, "author_flair_richtext": [], "author_patreon_flair": false, "body_html": "<div class=\"md\"><p>Yup. And make sure you&#39;ve got unsigned long long doubles  (^_\u2212)\u2606</p>\n</div>", "gildings": {}, "collapsed_reason": null, "associated_award": null, "stickied": false, "author_premium": false, "subreddit_type": "public", "can_gild": true, "subreddit": "statistics", "author_flair_text_color": null, "score_hidden": false, "permalink": "/r/statistics/comments/d6ynes/research_one_parameter_is_always_enough/f0x2b34/", "num_reports": null, "locked": false, "name": "t1_f0x2b34", "created": 1569048448.0, "author_flair_text": null, "treatment_tags": [], "created_utc": 1569019648.0, "subreddit_name_prefixed": "r/statistics", "controversiality": 0, "depth": 1, "author_flair_background_color": null, "collapsed_because_crowd_control": null, "mod_reports": [], "mod_note": null, "distinguished": null, "_fetched": true}, {"_replies": [], "_submission": "d6ynes", "_reddit": "_reddit", "total_awards_received": 0, "approved_at_utc": null, "ups": 17, "awarders": [], "mod_reason_by": null, "banned_by": null, "author_flair_type": "text", "removal_reason": null, "link_id": "t3_d6ynes", "author_flair_template_id": null, "likes": null, "user_reports": [], "saved": false, "id": "f0xcome", "banned_at_utc": null, "mod_reason_title": null, "gilded": 0, "archived": true, "no_follow": false, "author": "factotumjack", "can_mod_post": false, "send_replies": true, "parent_id": "t1_f0x81id", "score": 17, "author_fullname": "t2_5s4ur", "report_reasons": null, "approved_by": null, "all_awardings": [], "subreddit_id": "t5_2qhfi", "collapsed": false, "body": "If you believe that with total conviction, then is that the Hilbert you choose to die on?", "edited": false, "author_flair_css_class": null, "is_submitter": false, "downs": 0, "author_flair_richtext": [], "author_patreon_flair": false, "body_html": "<div class=\"md\"><p>If you believe that with total conviction, then is that the Hilbert you choose to die on?</p>\n</div>", "gildings": {}, "collapsed_reason": null, "associated_award": null, "stickied": false, "author_premium": false, "subreddit_type": "public", "can_gild": true, "subreddit": "statistics", "author_flair_text_color": null, "score_hidden": false, "permalink": "/r/statistics/comments/d6ynes/research_one_parameter_is_always_enough/f0xcome/", "num_reports": null, "locked": false, "name": "t1_f0xcome", "created": 1569057354.0, "author_flair_text": null, "treatment_tags": [], "created_utc": 1569028554.0, "subreddit_name_prefixed": "r/statistics", "controversiality": 0, "depth": 1, "author_flair_background_color": null, "collapsed_because_crowd_control": null, "mod_reports": [], "mod_note": null, "distinguished": null, "_fetched": true}, {"_replies": ["f0xpzdp"], "_submission": "d6ynes", "_reddit": "_reddit", "total_awards_received": 0, "approved_at_utc": null, "ups": 2, "awarders": [], "mod_reason_by": null, "banned_by": null, "author_flair_type": "text", "removal_reason": null, "link_id": "t3_d6ynes", "author_flair_template_id": null, "likes": null, "user_reports": [], "saved": false, "id": "f0xpvj9", "banned_at_utc": null, "mod_reason_title": null, "gilded": 0, "archived": true, "no_follow": true, "author": "NOTWorthless", "can_mod_post": false, "send_replies": true, "parent_id": "t1_f0x81id", "score": 2, "author_fullname": "t2_7g746", "report_reasons": null, "approved_by": null, "all_awardings": [], "subreddit_id": "t5_2qhfi", "collapsed": false, "body": "I don\u2019t think you really are, but there is a small technical challenge in that you need to mimic an infinite-dimensional space rather than just a fixed (but large) space that you can use a space-filling curve. But space filling curves do show immediately that raw parameter counting is not the right thing to do in general.", "edited": false, "author_flair_css_class": null, "is_submitter": false, "downs": 0, "author_flair_richtext": [], "author_patreon_flair": false, "body_html": "<div class=\"md\"><p>I don\u2019t think you really are, but there is a small technical challenge in that you need to mimic an infinite-dimensional space rather than just a fixed (but large) space that you can use a space-filling curve. But space filling curves do show immediately that raw parameter counting is not the right thing to do in general.</p>\n</div>", "gildings": {}, "collapsed_reason": null, "associated_award": null, "stickied": false, "author_premium": false, "subreddit_type": "public", "can_gild": true, "subreddit": "statistics", "author_flair_text_color": null, "score_hidden": false, "permalink": "/r/statistics/comments/d6ynes/research_one_parameter_is_always_enough/f0xpvj9/", "num_reports": null, "locked": false, "name": "t1_f0xpvj9", "created": 1569070158.0, "author_flair_text": null, "treatment_tags": [], "created_utc": 1569041358.0, "subreddit_name_prefixed": "r/statistics", "controversiality": 0, "depth": 1, "author_flair_background_color": null, "collapsed_because_crowd_control": null, "mod_reports": [], "mod_note": null, "distinguished": null, "_fetched": true}, {"_replies": [], "_submission": "d6ynes", "_reddit": "_reddit", "total_awards_received": 0, "approved_at_utc": null, "ups": 3, "awarders": [], "mod_reason_by": null, "banned_by": null, "author_flair_type": "text", "removal_reason": null, "link_id": "t3_d6ynes", "author_flair_template_id": null, "likes": null, "user_reports": [], "saved": false, "id": "f0xkqly", "banned_at_utc": null, "mod_reason_title": null, "gilded": 0, "archived": true, "no_follow": true, "author": "josephwb", "can_mod_post": false, "send_replies": true, "parent_id": "t1_f0xjs42", "score": 3, "author_fullname": "t2_84czy", "report_reasons": null, "approved_by": null, "all_awardings": [], "subreddit_id": "t5_2qhfi", "collapsed": false, "body": "My take as well. Nicely put.", "edited": false, "author_flair_css_class": null, "is_submitter": true, "downs": 0, "author_flair_richtext": [], "author_patreon_flair": false, "body_html": "<div class=\"md\"><p>My take as well. Nicely put.</p>\n</div>", "gildings": {}, "collapsed_reason": null, "associated_award": null, "stickied": false, "author_premium": false, "subreddit_type": "public", "can_gild": true, "subreddit": "statistics", "author_flair_text_color": null, "score_hidden": false, "permalink": "/r/statistics/comments/d6ynes/research_one_parameter_is_always_enough/f0xkqly/", "num_reports": null, "locked": false, "name": "t1_f0xkqly", "created": 1569064699.0, "author_flair_text": null, "treatment_tags": [], "created_utc": 1569035899.0, "subreddit_name_prefixed": "r/statistics", "controversiality": 0, "depth": 1, "author_flair_background_color": null, "collapsed_because_crowd_control": null, "mod_reports": [], "mod_note": null, "distinguished": null, "_fetched": true}, {"_replies": ["f0z22ik"], "_submission": "d6ynes", "_reddit": "_reddit", "total_awards_received": 0, "approved_at_utc": null, "ups": 1, "awarders": [], "mod_reason_by": null, "banned_by": null, "author_flair_type": "text", "removal_reason": null, "link_id": "t3_d6ynes", "author_flair_template_id": null, "likes": null, "user_reports": [], "saved": false, "id": "f0xpzdp", "banned_at_utc": null, "mod_reason_title": null, "gilded": 0, "archived": true, "no_follow": true, "author": "StellaAthena", "can_mod_post": false, "created_utc": 1569041486.0, "send_replies": true, "parent_id": "t1_f0xpvj9", "score": 1, "author_fullname": "t2_e57rf", "report_reasons": null, "approved_by": null, "all_awardings": [], "subreddit_id": "t5_2qhfi", "body": "Why do I need an infinite dimensional space? The function maps **N** to [0, 1]", "edited": false, "author_flair_css_class": null, "is_submitter": false, "downs": 0, "author_flair_richtext": [], "author_patreon_flair": false, "body_html": "<div class=\"md\"><p>Why do I need an infinite dimensional space? The function maps <strong>N</strong> to [0, 1]</p>\n</div>", "gildings": {}, "collapsed_reason": null, "associated_award": null, "stickied": false, "author_premium": false, "subreddit_type": "public", "can_gild": true, "subreddit": "statistics", "author_flair_text_color": null, "score_hidden": false, "permalink": "/r/statistics/comments/d6ynes/research_one_parameter_is_always_enough/f0xpzdp/", "num_reports": null, "locked": false, "name": "t1_f0xpzdp", "created": 1569070286.0, "author_flair_text": null, "treatment_tags": [], "collapsed": false, "subreddit_name_prefixed": "r/statistics", "controversiality": 0, "depth": 2, "author_flair_background_color": null, "collapsed_because_crowd_control": null, "mod_reports": [], "mod_note": null, "distinguished": null, "_fetched": true}, {"_replies": [], "_submission": "d6ynes", "_reddit": "_reddit", "total_awards_received": 0, "approved_at_utc": null, "ups": 1, "awarders": [], "mod_reason_by": null, "banned_by": null, "author_flair_type": "text", "removal_reason": null, "link_id": "t3_d6ynes", "author_flair_template_id": null, "likes": null, "user_reports": [], "saved": false, "id": "f0z22ik", "banned_at_utc": null, "mod_reason_title": null, "gilded": 0, "archived": true, "no_follow": true, "author": "NOTWorthless", "can_mod_post": false, "send_replies": true, "parent_id": "t1_f0xpzdp", "score": 1, "author_fullname": "t2_7g746", "report_reasons": null, "approved_by": null, "all_awardings": [], "subreddit_id": "t5_2qhfi", "body": "You need a mapping of a one dimensional parameter that is dense in an infinite dimensional function space, but a space-filling curve (to my knowledge) just gives you a function from [0,1] to a higher (but finite) dimensional space. Maybe I'm just missing how to get this immediately from a space filling curve, but my initial throught was that a space-filling curve gives you any finite-dimensional basis of whatever space you want.\n\nEDIT: OK, I see I was", "edited": 1569084650.0, "downs": 0, "author_flair_css_class": null, "is_submitter": false, "collapsed": false, "author_flair_richtext": [], "author_patreon_flair": false, "body_html": "<div class=\"md\"><p>You need a mapping of a one dimensional parameter that is dense in an infinite dimensional function space, but a space-filling curve (to my knowledge) just gives you a function from [0,1] to a higher (but finite) dimensional space. Maybe I&#39;m just missing how to get this immediately from a space filling curve, but my initial throught was that a space-filling curve gives you any finite-dimensional basis of whatever space you want.</p>\n\n<p>EDIT: OK, I see I was</p>\n</div>", "gildings": {}, "collapsed_reason": null, "associated_award": null, "stickied": false, "author_premium": false, "subreddit_type": "public", "can_gild": true, "subreddit": "statistics", "author_flair_text_color": null, "score_hidden": false, "permalink": "/r/statistics/comments/d6ynes/research_one_parameter_is_always_enough/f0z22ik/", "num_reports": null, "locked": false, "name": "t1_f0z22ik", "created": 1569113256.0, "author_flair_text": null, "treatment_tags": [], "created_utc": 1569084456.0, "subreddit_name_prefixed": "r/statistics", "controversiality": 0, "depth": 3, "author_flair_background_color": null, "collapsed_because_crowd_control": null, "mod_reports": [], "mod_note": null, "distinguished": null, "_fetched": true}]}