{"_reddit": "_reddit", "approved_at_utc": null, "subreddit": "statistics", "selftext": "Hi,\n\nHope this is a good home for this: I put up the lecture notes of my grad stats course on a wiki format online. It has the standard stats curriculum taught to Econ PhD students. Feel free to use it and also let me know if you'd like to add to this project, in case you have high-quality notes yourself you'd like to share (example topics: bayesian statistics, undergrad level statistics, measure theory, etc).\n\nThe url is [www.significantstatistics.com](https://www.significantstatistics.com).\n\nCaveat 1: New notes; typo-spotting appreciated!   \nCaveat 2: Haters, get a life.", "author_fullname": "t2_ni8vc6e", "saved": false, "mod_reason_title": null, "gilded": 0, "clicked": false, "title": "[E] Online lectures notes, graduate level", "link_flair_richtext": [], "subreddit_name_prefixed": "r/statistics", "hidden": false, "pwls": 6, "link_flair_css_class": null, "downs": 0, "hide_score": false, "name": "t3_dfc6he", "quarantine": false, "link_flair_text_color": "dark", "upvote_ratio": 0.98, "author_flair_background_color": null, "subreddit_type": "public", "ups": 167, "total_awards_received": 0, "media_embed": {}, "author_flair_template_id": null, "is_original_content": false, "user_reports": [], "secure_media": null, "is_reddit_media_domain": false, "is_meta": false, "category": null, "secure_media_embed": {}, "link_flair_text": "Education", "can_mod_post": false, "score": 167, "approved_by": null, "author_premium": false, "thumbnail": "", "edited": false, "author_flair_css_class": null, "author_flair_richtext": [], "gildings": {}, "content_categories": null, "is_self": true, "mod_note": null, "created": 1570625494.0, "link_flair_type": "text", "wls": 6, "removed_by_category": null, "banned_by": null, "author_flair_type": "text", "domain": "self.statistics", "allow_live_comments": false, "selftext_html": "<!-- SC_OFF --><div class=\"md\"><p>Hi,</p>\n\n<p>Hope this is a good home for this: I put up the lecture notes of my grad stats course on a wiki format online. It has the standard stats curriculum taught to Econ PhD students. Feel free to use it and also let me know if you&#39;d like to add to this project, in case you have high-quality notes yourself you&#39;d like to share (example topics: bayesian statistics, undergrad level statistics, measure theory, etc).</p>\n\n<p>The url is <a href=\"https://www.significantstatistics.com\">www.significantstatistics.com</a>.</p>\n\n<p>Caveat 1: New notes; typo-spotting appreciated!<br/>\nCaveat 2: Haters, get a life.</p>\n</div><!-- SC_ON -->", "likes": null, "suggested_sort": null, "banned_at_utc": null, "view_count": null, "archived": true, "no_follow": false, "is_crosspostable": true, "pinned": false, "over_18": false, "all_awardings": [], "awarders": [], "media_only": false, "can_gild": true, "spoiler": false, "locked": false, "author_flair_text": null, "treatment_tags": [], "visited": false, "removed_by": null, "num_reports": null, "distinguished": null, "subreddit_id": "t5_2qhfi", "mod_reason_by": null, "removal_reason": null, "link_flair_background_color": "", "id": "dfc6he", "is_robot_indexable": true, "report_reasons": null, "author": "gardas603", "discussion_type": null, "num_comments": 29, "send_replies": true, "whitelist_status": "all_ads", "contest_mode": false, "mod_reports": [], "author_patreon_flair": false, "author_flair_text_color": null, "permalink": "/r/statistics/comments/dfc6he/e_online_lectures_notes_graduate_level/", "parent_whitelist_status": "all_ads", "stickied": false, "url": "https://www.reddit.com/r/statistics/comments/dfc6he/e_online_lectures_notes_graduate_level/", "subreddit_subscribers": 106208, "created_utc": 1570596694.0, "num_crossposts": 0, "media": null, "is_video": false, "_fetched": false, "comment_limit": 2048, "comment_sort": "best", "_comments_by_id": {}, "_comments": [{"_replies": ["f32rmsl"], "_submission": "dfc6he", "_reddit": "_reddit", "total_awards_received": 0, "approved_at_utc": null, "ups": 17, "awarders": [], "mod_reason_by": null, "banned_by": null, "author_flair_type": "text", "removal_reason": null, "link_id": "t3_dfc6he", "author_flair_template_id": null, "likes": null, "user_reports": [], "saved": false, "id": "f32fsab", "banned_at_utc": null, "mod_reason_title": null, "gilded": 0, "archived": true, "no_follow": false, "author": "dzyang", "can_mod_post": false, "send_replies": true, "parent_id": "t3_dfc6he", "score": 17, "author_fullname": "t2_yt98b", "report_reasons": null, "approved_by": null, "all_awardings": [], "subreddit_id": "t5_2qhfi", "body": "Wouldn't know why anyone would hate on this, content on this sub is pretty much bare bones as it is. Thanks for this.", "edited": false, "downs": 0, "author_flair_css_class": null, "is_submitter": false, "collapsed": false, "author_flair_richtext": [], "author_patreon_flair": false, "body_html": "<div class=\"md\"><p>Wouldn&#39;t know why anyone would hate on this, content on this sub is pretty much bare bones as it is. Thanks for this.</p>\n</div>", "gildings": {}, "collapsed_reason": null, "associated_award": null, "stickied": false, "author_premium": false, "subreddit_type": "public", "can_gild": true, "subreddit": "statistics", "author_flair_text_color": null, "score_hidden": false, "permalink": "/r/statistics/comments/dfc6he/e_online_lectures_notes_graduate_level/f32fsab/", "num_reports": null, "locked": false, "name": "t1_f32fsab", "created": 1570635855.0, "author_flair_text": null, "treatment_tags": [], "created_utc": 1570607055.0, "subreddit_name_prefixed": "r/statistics", "controversiality": 0, "depth": 0, "author_flair_background_color": null, "collapsed_because_crowd_control": null, "mod_reports": [], "mod_note": null, "distinguished": null, "_fetched": true}, {"_replies": ["f3375c6", "f32z7zs"], "_submission": "dfc6he", "_reddit": "_reddit", "total_awards_received": 0, "approved_at_utc": null, "ups": 12, "awarders": [], "mod_reason_by": null, "banned_by": null, "author_flair_type": "text", "removal_reason": null, "link_id": "t3_dfc6he", "author_flair_template_id": null, "likes": null, "user_reports": [], "saved": false, "id": "f32q1i2", "banned_at_utc": null, "mod_reason_title": null, "gilded": 0, "archived": true, "no_follow": false, "author": "webbed_feets", "can_mod_post": false, "send_replies": true, "parent_id": "t3_dfc6he", "score": 12, "author_fullname": "t2_aagg0", "report_reasons": null, "approved_by": null, "all_awardings": [], "subreddit_id": "t5_2qhfi", "body": "I really appreciate the contribution, but you should check with your professor. Some professors don\u2019t want their notes publicly available.", "edited": false, "downs": 0, "author_flair_css_class": null, "is_submitter": false, "collapsed": false, "author_flair_richtext": [], "author_patreon_flair": false, "body_html": "<div class=\"md\"><p>I really appreciate the contribution, but you should check with your professor. Some professors don\u2019t want their notes publicly available.</p>\n</div>", "gildings": {}, "collapsed_reason": null, "associated_award": null, "stickied": false, "author_premium": false, "subreddit_type": "public", "can_gild": true, "subreddit": "statistics", "author_flair_text_color": null, "score_hidden": false, "permalink": "/r/statistics/comments/dfc6he/e_online_lectures_notes_graduate_level/f32q1i2/", "num_reports": null, "locked": false, "name": "t1_f32q1i2", "created": 1570650976.0, "author_flair_text": null, "treatment_tags": [], "created_utc": 1570622176.0, "subreddit_name_prefixed": "r/statistics", "controversiality": 0, "depth": 0, "author_flair_background_color": null, "collapsed_because_crowd_control": null, "mod_reports": [], "mod_note": null, "distinguished": null, "_fetched": true}, {"_replies": [], "_submission": "dfc6he", "_reddit": "_reddit", "total_awards_received": 0, "approved_at_utc": null, "ups": 6, "awarders": [], "mod_reason_by": null, "banned_by": null, "author_flair_type": "text", "removal_reason": null, "link_id": "t3_dfc6he", "author_flair_template_id": null, "likes": null, "user_reports": [], "saved": false, "id": "f32bfyy", "banned_at_utc": null, "mod_reason_title": null, "gilded": 0, "archived": true, "no_follow": true, "author": "prateek_67", "can_mod_post": false, "send_replies": true, "parent_id": "t3_dfc6he", "score": 6, "author_fullname": "t2_3pcx1a7a", "report_reasons": null, "approved_by": null, "all_awardings": [], "subreddit_id": "t5_2qhfi", "body": "Thanks for these notes. They're gonna help me a lot.", "edited": false, "downs": 0, "author_flair_css_class": null, "is_submitter": false, "collapsed": false, "author_flair_richtext": [], "author_patreon_flair": false, "body_html": "<div class=\"md\"><p>Thanks for these notes. They&#39;re gonna help me a lot.</p>\n</div>", "gildings": {}, "collapsed_reason": null, "associated_award": null, "stickied": false, "author_premium": false, "subreddit_type": "public", "can_gild": true, "subreddit": "statistics", "author_flair_text_color": null, "score_hidden": false, "permalink": "/r/statistics/comments/dfc6he/e_online_lectures_notes_graduate_level/f32bfyy/", "num_reports": null, "locked": false, "name": "t1_f32bfyy", "created": 1570629593.0, "author_flair_text": null, "treatment_tags": [], "created_utc": 1570600793.0, "subreddit_name_prefixed": "r/statistics", "controversiality": 0, "depth": 0, "author_flair_background_color": null, "collapsed_because_crowd_control": null, "mod_reports": [], "mod_note": null, "distinguished": null, "_fetched": true}, {"_replies": [], "_submission": "dfc6he", "_reddit": "_reddit", "total_awards_received": 0, "approved_at_utc": null, "ups": 3, "awarders": [], "mod_reason_by": null, "banned_by": null, "author_flair_type": "text", "removal_reason": null, "link_id": "t3_dfc6he", "author_flair_template_id": null, "likes": null, "user_reports": [], "saved": false, "id": "f32910s", "banned_at_utc": null, "mod_reason_title": null, "gilded": 0, "archived": true, "no_follow": true, "author": "wakensky", "can_mod_post": false, "send_replies": true, "parent_id": "t3_dfc6he", "score": 3, "author_fullname": "t2_en9c7", "report_reasons": null, "approved_by": null, "all_awardings": [], "subreddit_id": "t5_2qhfi", "body": "really neat work you have done, thank you", "edited": false, "downs": 0, "author_flair_css_class": null, "is_submitter": false, "collapsed": false, "author_flair_richtext": [], "author_patreon_flair": false, "body_html": "<div class=\"md\"><p>really neat work you have done, thank you</p>\n</div>", "gildings": {}, "collapsed_reason": null, "associated_award": null, "stickied": false, "author_premium": false, "subreddit_type": "public", "can_gild": true, "subreddit": "statistics", "author_flair_text_color": null, "score_hidden": false, "permalink": "/r/statistics/comments/dfc6he/e_online_lectures_notes_graduate_level/f32910s/", "num_reports": null, "locked": false, "name": "t1_f32910s", "created": 1570626708.0, "author_flair_text": null, "treatment_tags": [], "created_utc": 1570597908.0, "subreddit_name_prefixed": "r/statistics", "controversiality": 0, "depth": 0, "author_flair_background_color": null, "collapsed_because_crowd_control": null, "mod_reports": [], "mod_note": null, "distinguished": null, "_fetched": true}, {"_replies": [], "_submission": "dfc6he", "_reddit": "_reddit", "total_awards_received": 0, "approved_at_utc": null, "ups": 4, "awarders": [], "mod_reason_by": null, "banned_by": null, "author_flair_type": "text", "removal_reason": null, "link_id": "t3_dfc6he", "author_flair_template_id": null, "likes": null, "user_reports": [], "saved": false, "id": "f32cf2d", "banned_at_utc": null, "mod_reason_title": null, "gilded": 0, "archived": true, "no_follow": true, "author": "stateofanarchy", "can_mod_post": false, "send_replies": true, "parent_id": "t3_dfc6he", "score": 4, "author_fullname": "t2_1jdyrgc8", "report_reasons": null, "approved_by": null, "all_awardings": [], "subreddit_id": "t5_2qhfi", "body": "Thank you for the notes! Would you also happen to have the syllabus for this course?", "edited": 1570602471.0, "downs": 0, "author_flair_css_class": null, "is_submitter": false, "collapsed": false, "author_flair_richtext": [], "author_patreon_flair": false, "body_html": "<div class=\"md\"><p>Thank you for the notes! Would you also happen to have the syllabus for this course?</p>\n</div>", "gildings": {}, "collapsed_reason": null, "associated_award": null, "stickied": false, "author_premium": false, "subreddit_type": "public", "can_gild": true, "subreddit": "statistics", "author_flair_text_color": null, "score_hidden": false, "permalink": "/r/statistics/comments/dfc6he/e_online_lectures_notes_graduate_level/f32cf2d/", "num_reports": null, "locked": false, "name": "t1_f32cf2d", "created": 1570630884.0, "author_flair_text": null, "treatment_tags": [], "created_utc": 1570602084.0, "subreddit_name_prefixed": "r/statistics", "controversiality": 0, "depth": 0, "author_flair_background_color": null, "collapsed_because_crowd_control": null, "mod_reports": [], "mod_note": null, "distinguished": null, "_fetched": true}, {"_replies": [], "_submission": "dfc6he", "_reddit": "_reddit", "total_awards_received": 0, "approved_at_utc": null, "ups": 3, "awarders": [], "mod_reason_by": null, "banned_by": null, "author_flair_type": "text", "removal_reason": null, "link_id": "t3_dfc6he", "author_flair_template_id": null, "likes": null, "user_reports": [], "saved": false, "id": "f32k642", "banned_at_utc": null, "mod_reason_title": null, "gilded": 0, "archived": true, "no_follow": true, "author": "krsid", "can_mod_post": false, "send_replies": true, "parent_id": "t3_dfc6he", "score": 3, "author_fullname": "t2_4qyr2hbc", "report_reasons": null, "approved_by": null, "all_awardings": [], "subreddit_id": "t5_2qhfi", "body": "It's a great comprehensive collection anyone can look at on the go. Thank you very much!", "edited": false, "downs": 0, "author_flair_css_class": null, "is_submitter": false, "collapsed": false, "author_flair_richtext": [], "author_patreon_flair": false, "body_html": "<div class=\"md\"><p>It&#39;s a great comprehensive collection anyone can look at on the go. Thank you very much!</p>\n</div>", "gildings": {}, "collapsed_reason": null, "associated_award": null, "stickied": false, "author_premium": false, "subreddit_type": "public", "can_gild": true, "subreddit": "statistics", "author_flair_text_color": null, "score_hidden": false, "permalink": "/r/statistics/comments/dfc6he/e_online_lectures_notes_graduate_level/f32k642/", "num_reports": null, "locked": false, "name": "t1_f32k642", "created": 1570643205.0, "author_flair_text": null, "treatment_tags": [], "created_utc": 1570614405.0, "subreddit_name_prefixed": "r/statistics", "controversiality": 0, "depth": 0, "author_flair_background_color": null, "collapsed_because_crowd_control": null, "mod_reports": [], "mod_note": null, "distinguished": null, "_fetched": true}, {"_replies": [], "_submission": "dfc6he", "_reddit": "_reddit", "total_awards_received": 0, "approved_at_utc": null, "ups": 3, "awarders": [], "mod_reason_by": null, "banned_by": null, "author_flair_type": "text", "removal_reason": null, "link_id": "t3_dfc6he", "author_flair_template_id": null, "likes": null, "user_reports": [], "saved": false, "id": "f32knas", "banned_at_utc": null, "mod_reason_title": null, "gilded": 0, "archived": true, "no_follow": true, "author": "Unnam", "can_mod_post": false, "send_replies": true, "parent_id": "t3_dfc6he", "score": 3, "author_fullname": "t2_wzpc6", "report_reasons": null, "approved_by": null, "all_awardings": [], "subreddit_id": "t5_2qhfi", "body": "Thanks a lot !!", "edited": false, "downs": 0, "author_flair_css_class": null, "is_submitter": false, "collapsed": false, "author_flair_richtext": [], "author_patreon_flair": false, "body_html": "<div class=\"md\"><p>Thanks a lot !!</p>\n</div>", "gildings": {}, "collapsed_reason": null, "associated_award": null, "stickied": false, "author_premium": false, "subreddit_type": "public", "can_gild": true, "subreddit": "statistics", "author_flair_text_color": null, "score_hidden": false, "permalink": "/r/statistics/comments/dfc6he/e_online_lectures_notes_graduate_level/f32knas/", "num_reports": null, "locked": false, "name": "t1_f32knas", "created": 1570643963.0, "author_flair_text": null, "treatment_tags": [], "created_utc": 1570615163.0, "subreddit_name_prefixed": "r/statistics", "controversiality": 0, "depth": 0, "author_flair_background_color": null, "collapsed_because_crowd_control": null, "mod_reports": [], "mod_note": null, "distinguished": null, "_fetched": true}, {"_replies": [], "_submission": "dfc6he", "_reddit": "_reddit", "total_awards_received": 0, "approved_at_utc": null, "ups": 2, "awarders": [], "mod_reason_by": null, "banned_by": null, "author_flair_type": "text", "removal_reason": null, "link_id": "t3_dfc6he", "author_flair_template_id": null, "likes": null, "user_reports": [], "saved": false, "id": "f348pyu", "banned_at_utc": null, "mod_reason_title": null, "gilded": 0, "archived": true, "no_follow": true, "author": "clintworth", "can_mod_post": false, "send_replies": true, "parent_id": "t3_dfc6he", "score": 2, "author_fullname": "t2_snnh2", "report_reasons": null, "approved_by": null, "all_awardings": [], "subreddit_id": "t5_2qhfi", "body": "Many thanks! Great to see graduate content being shared :)", "edited": false, "downs": 0, "author_flair_css_class": null, "is_submitter": false, "collapsed": false, "author_flair_richtext": [], "author_patreon_flair": false, "body_html": "<div class=\"md\"><p>Many thanks! Great to see graduate content being shared :)</p>\n</div>", "gildings": {}, "collapsed_reason": null, "associated_award": null, "stickied": false, "author_premium": false, "subreddit_type": "public", "can_gild": true, "subreddit": "statistics", "author_flair_text_color": null, "score_hidden": false, "permalink": "/r/statistics/comments/dfc6he/e_online_lectures_notes_graduate_level/f348pyu/", "num_reports": null, "locked": false, "name": "t1_f348pyu", "created": 1570680093.0, "author_flair_text": null, "treatment_tags": [], "created_utc": 1570651293.0, "subreddit_name_prefixed": "r/statistics", "controversiality": 0, "depth": 0, "author_flair_background_color": null, "collapsed_because_crowd_control": null, "mod_reports": [], "mod_note": null, "distinguished": null, "_fetched": true}, {"_replies": [], "_submission": "dfc6he", "_reddit": "_reddit", "total_awards_received": 0, "approved_at_utc": null, "ups": 2, "awarders": [], "mod_reason_by": null, "banned_by": null, "author_flair_type": "text", "removal_reason": null, "link_id": "t3_dfc6he", "author_flair_template_id": null, "likes": null, "user_reports": [], "saved": false, "id": "f34s553", "banned_at_utc": null, "mod_reason_title": null, "gilded": 0, "archived": true, "no_follow": true, "author": "c10do", "can_mod_post": false, "send_replies": true, "parent_id": "t3_dfc6he", "score": 2, "author_fullname": "t2_14gpc6", "report_reasons": null, "approved_by": null, "all_awardings": [], "subreddit_id": "t5_2qhfi", "body": "Thanks a lot for this", "edited": false, "downs": 0, "author_flair_css_class": null, "is_submitter": false, "collapsed": false, "author_flair_richtext": [], "author_patreon_flair": false, "body_html": "<div class=\"md\"><p>Thanks a lot for this</p>\n</div>", "gildings": {}, "collapsed_reason": null, "associated_award": null, "stickied": false, "author_premium": false, "subreddit_type": "public", "can_gild": true, "subreddit": "statistics", "author_flair_text_color": null, "score_hidden": false, "permalink": "/r/statistics/comments/dfc6he/e_online_lectures_notes_graduate_level/f34s553/", "num_reports": null, "locked": false, "name": "t1_f34s553", "created": 1570688207.0, "author_flair_text": null, "treatment_tags": [], "created_utc": 1570659407.0, "subreddit_name_prefixed": "r/statistics", "controversiality": 0, "depth": 0, "author_flair_background_color": null, "collapsed_because_crowd_control": null, "mod_reports": [], "mod_note": null, "distinguished": null, "_fetched": true}, {"_replies": [], "_submission": "dfc6he", "_reddit": "_reddit", "total_awards_received": 0, "approved_at_utc": null, "ups": 1, "awarders": [], "mod_reason_by": null, "banned_by": null, "author_flair_type": "text", "removal_reason": null, "link_id": "t3_dfc6he", "author_flair_template_id": null, "likes": null, "user_reports": [], "saved": false, "id": "f32g78m", "banned_at_utc": null, "mod_reason_title": null, "gilded": 0, "archived": true, "no_follow": true, "author": "Jamblamkins", "can_mod_post": false, "send_replies": true, "parent_id": "t3_dfc6he", "score": 1, "author_fullname": "t2_3nj457zz", "report_reasons": null, "approved_by": null, "all_awardings": [], "subreddit_id": "t5_2qhfi", "body": "Perfect. Dident wanna have to write these myself lol", "edited": false, "downs": 0, "author_flair_css_class": null, "is_submitter": false, "collapsed": false, "author_flair_richtext": [], "author_patreon_flair": false, "body_html": "<div class=\"md\"><p>Perfect. Dident wanna have to write these myself lol</p>\n</div>", "gildings": {}, "collapsed_reason": null, "associated_award": null, "stickied": false, "author_premium": false, "subreddit_type": "public", "can_gild": true, "subreddit": "statistics", "author_flair_text_color": null, "score_hidden": false, "permalink": "/r/statistics/comments/dfc6he/e_online_lectures_notes_graduate_level/f32g78m/", "num_reports": null, "locked": false, "name": "t1_f32g78m", "created": 1570636515.0, "author_flair_text": null, "treatment_tags": [], "created_utc": 1570607715.0, "subreddit_name_prefixed": "r/statistics", "controversiality": 1, "depth": 0, "author_flair_background_color": null, "collapsed_because_crowd_control": null, "mod_reports": [], "mod_note": null, "distinguished": null, "_fetched": true}, {"_replies": [], "_submission": "dfc6he", "_reddit": "_reddit", "total_awards_received": 0, "approved_at_utc": null, "ups": 1, "awarders": [], "mod_reason_by": null, "banned_by": null, "author_flair_type": "text", "removal_reason": null, "link_id": "t3_dfc6he", "author_flair_template_id": null, "likes": null, "user_reports": [], "saved": false, "id": "f3592jb", "banned_at_utc": null, "mod_reason_title": null, "gilded": 0, "archived": true, "no_follow": true, "author": "gardas603", "can_mod_post": false, "send_replies": true, "parent_id": "t3_dfc6he", "score": 1, "author_fullname": "t2_ni8vc6e", "report_reasons": null, "approved_by": null, "all_awardings": [], "subreddit_id": "t5_2qhfi", "body": "If you want to continue this, just send me a message. Don\u2019t you have multiple interests in your life?", "edited": false, "downs": 0, "author_flair_css_class": null, "is_submitter": true, "collapsed": false, "author_flair_richtext": [], "author_patreon_flair": false, "body_html": "<div class=\"md\"><p>If you want to continue this, just send me a message. Don\u2019t you have multiple interests in your life?</p>\n</div>", "gildings": {}, "collapsed_reason": null, "associated_award": null, "stickied": false, "author_premium": false, "subreddit_type": "public", "can_gild": true, "subreddit": "statistics", "author_flair_text_color": null, "score_hidden": false, "permalink": "/r/statistics/comments/dfc6he/e_online_lectures_notes_graduate_level/f3592jb/", "num_reports": null, "locked": false, "name": "t1_f3592jb", "created": 1570700276.0, "author_flair_text": null, "treatment_tags": [], "created_utc": 1570671476.0, "subreddit_name_prefixed": "r/statistics", "controversiality": 0, "depth": 0, "author_flair_background_color": null, "collapsed_because_crowd_control": null, "mod_reports": [], "mod_note": null, "distinguished": null, "_fetched": true}, {"_replies": ["f34so3c"], "_submission": "dfc6he", "_reddit": "_reddit", "total_awards_received": 0, "approved_at_utc": null, "ups": -13, "awarders": [], "mod_reason_by": null, "banned_by": null, "author_flair_type": "text", "removal_reason": null, "link_id": "t3_dfc6he", "author_flair_template_id": null, "likes": null, "user_reports": [], "saved": false, "id": "f34qqo8", "banned_at_utc": null, "mod_reason_title": null, "gilded": 0, "archived": true, "no_follow": true, "author": "midianite_rambler", "can_mod_post": false, "send_replies": true, "parent_id": "t3_dfc6he", "score": -13, "author_fullname": "t2_4za7z", "report_reasons": null, "approved_by": null, "all_awardings": [], "subreddit_id": "t5_2qhfi", "body": "Oh look, it's a spammer and his sock puppets. \"Great job! Keep up the good work.\" \"I love reading online leciture nots, especially at the graudate level.\" \"Greg job. Can u post some middle school level notes too?\" \"Thanks everybody. I appreciate your support.\"", "edited": false, "downs": 0, "author_flair_css_class": null, "is_submitter": false, "collapsed": true, "author_flair_richtext": [], "author_patreon_flair": false, "body_html": "<div class=\"md\"><p>Oh look, it&#39;s a spammer and his sock puppets. &quot;Great job! Keep up the good work.&quot; &quot;I love reading online leciture nots, especially at the graudate level.&quot; &quot;Greg job. Can u post some middle school level notes too?&quot; &quot;Thanks everybody. I appreciate your support.&quot;</p>\n</div>", "gildings": {}, "collapsed_reason": "comment score below threshold", "associated_award": null, "stickied": false, "author_premium": false, "subreddit_type": "public", "can_gild": true, "subreddit": "statistics", "author_flair_text_color": null, "score_hidden": false, "permalink": "/r/statistics/comments/dfc6he/e_online_lectures_notes_graduate_level/f34qqo8/", "num_reports": null, "locked": false, "name": "t1_f34qqo8", "created": 1570687262.0, "author_flair_text": null, "treatment_tags": [], "created_utc": 1570658462.0, "subreddit_name_prefixed": "r/statistics", "controversiality": 0, "depth": 0, "author_flair_background_color": null, "collapsed_because_crowd_control": null, "mod_reports": [], "mod_note": null, "distinguished": null, "_fetched": true}, {"_replies": ["f32xvst"], "_submission": "dfc6he", "_reddit": "_reddit", "total_awards_received": 0, "approved_at_utc": null, "ups": 6, "awarders": [], "mod_reason_by": null, "banned_by": null, "author_flair_type": "text", "removal_reason": null, "link_id": "t3_dfc6he", "author_flair_template_id": null, "likes": null, "user_reports": [], "saved": false, "id": "f32rmsl", "banned_at_utc": null, "mod_reason_title": null, "gilded": 0, "archived": true, "no_follow": false, "author": "manic_panic", "can_mod_post": false, "send_replies": true, "parent_id": "t1_f32fsab", "score": 6, "author_fullname": "t2_64hna", "report_reasons": null, "approved_by": null, "all_awardings": [], "subreddit_id": "t5_2qhfi", "collapsed": false, "body": "Yeah it\u2019s weird all comments with negative vote count...?", "edited": false, "author_flair_css_class": null, "is_submitter": false, "downs": 0, "author_flair_richtext": [], "author_patreon_flair": false, "body_html": "<div class=\"md\"><p>Yeah it\u2019s weird all comments with negative vote count...?</p>\n</div>", "gildings": {}, "collapsed_reason": null, "associated_award": null, "stickied": false, "author_premium": false, "subreddit_type": "public", "can_gild": true, "subreddit": "statistics", "author_flair_text_color": null, "score_hidden": false, "permalink": "/r/statistics/comments/dfc6he/e_online_lectures_notes_graduate_level/f32rmsl/", "num_reports": null, "locked": false, "name": "t1_f32rmsl", "created": 1570652583.0, "author_flair_text": null, "treatment_tags": [], "created_utc": 1570623783.0, "subreddit_name_prefixed": "r/statistics", "controversiality": 0, "depth": 1, "author_flair_background_color": null, "collapsed_because_crowd_control": null, "mod_reports": [], "mod_note": null, "distinguished": null, "_fetched": true}, {"_replies": ["f33cl0q", "f5gs1de"], "_submission": "dfc6he", "_reddit": "_reddit", "total_awards_received": 0, "approved_at_utc": null, "ups": 57, "awarders": [], "mod_reason_by": null, "banned_by": null, "author_flair_type": "text", "removal_reason": null, "link_id": "t3_dfc6he", "author_flair_template_id": null, "likes": null, "user_reports": [], "saved": false, "id": "f3375c6", "banned_at_utc": null, "mod_reason_title": null, "gilded": 0, "archived": true, "no_follow": false, "author": "gardas603", "can_mod_post": false, "send_replies": true, "parent_id": "t1_f32q1i2", "score": 57, "author_fullname": "t2_ni8vc6e", "report_reasons": null, "approved_by": null, "all_awardings": [], "subreddit_id": "t5_2qhfi", "collapsed": false, "body": "Sorry for not being clear. I am the prof ;)", "edited": false, "author_flair_css_class": null, "is_submitter": true, "downs": 0, "author_flair_richtext": [], "author_patreon_flair": false, "body_html": "<div class=\"md\"><p>Sorry for not being clear. I am the prof ;)</p>\n</div>", "gildings": {}, "collapsed_reason": null, "associated_award": null, "stickied": false, "author_premium": false, "subreddit_type": "public", "can_gild": true, "subreddit": "statistics", "author_flair_text_color": null, "score_hidden": false, "permalink": "/r/statistics/comments/dfc6he/e_online_lectures_notes_graduate_level/f3375c6/", "num_reports": null, "locked": false, "name": "t1_f3375c6", "created": 1570661864.0, "author_flair_text": null, "treatment_tags": [], "created_utc": 1570633064.0, "subreddit_name_prefixed": "r/statistics", "controversiality": 0, "depth": 1, "author_flair_background_color": null, "collapsed_because_crowd_control": null, "mod_reports": [], "mod_note": null, "distinguished": null, "_fetched": true}, {"_replies": [], "_submission": "dfc6he", "_reddit": "_reddit", "total_awards_received": 0, "approved_at_utc": null, "ups": 2, "awarders": [], "mod_reason_by": null, "banned_by": null, "author_flair_type": "text", "removal_reason": null, "link_id": "t3_dfc6he", "author_flair_template_id": null, "likes": null, "user_reports": [], "saved": false, "id": "f32z7zs", "banned_at_utc": null, "mod_reason_title": null, "gilded": 0, "archived": true, "no_follow": true, "author": "quatch", "can_mod_post": false, "send_replies": true, "parent_id": "t1_f32q1i2", "score": 2, "author_fullname": "t2_4q1em", "report_reasons": null, "approved_by": null, "all_awardings": [], "subreddit_id": "t5_2qhfi", "collapsed": false, "body": "it's possible this is the professor.", "edited": false, "author_flair_css_class": null, "is_submitter": false, "downs": 0, "author_flair_richtext": [], "author_patreon_flair": false, "body_html": "<div class=\"md\"><p>it&#39;s possible this is the professor.</p>\n</div>", "gildings": {}, "collapsed_reason": null, "associated_award": null, "stickied": false, "author_premium": false, "subreddit_type": "public", "can_gild": true, "subreddit": "statistics", "author_flair_text_color": null, "score_hidden": false, "permalink": "/r/statistics/comments/dfc6he/e_online_lectures_notes_graduate_level/f32z7zs/", "num_reports": null, "locked": false, "name": "t1_f32z7zs", "created": 1570657738.0, "author_flair_text": null, "treatment_tags": [], "created_utc": 1570628938.0, "subreddit_name_prefixed": "r/statistics", "controversiality": 0, "depth": 1, "author_flair_background_color": null, "collapsed_because_crowd_control": null, "mod_reports": [], "mod_note": null, "distinguished": null, "_fetched": true}, {"_replies": ["f35aki0"], "_submission": "dfc6he", "_reddit": "_reddit", "total_awards_received": 0, "approved_at_utc": null, "ups": 4, "awarders": [], "mod_reason_by": null, "banned_by": null, "author_flair_type": "text", "removal_reason": null, "link_id": "t3_dfc6he", "author_flair_template_id": null, "likes": null, "user_reports": [], "saved": false, "id": "f359541", "banned_at_utc": null, "mod_reason_title": null, "gilded": 0, "archived": true, "no_follow": false, "author": "gardas603", "can_mod_post": false, "send_replies": true, "parent_id": "t1_f3514km", "score": 4, "author_fullname": "t2_ni8vc6e", "report_reasons": null, "approved_by": null, "all_awardings": [], "subreddit_id": "t5_2qhfi", "collapsed": false, "body": "It\u2019s the standard curriculum for Econ graduate students.", "edited": false, "author_flair_css_class": null, "is_submitter": true, "downs": 0, "author_flair_richtext": [], "author_patreon_flair": false, "body_html": "<div class=\"md\"><p>It\u2019s the standard curriculum for Econ graduate students.</p>\n</div>", "gildings": {}, "collapsed_reason": null, "associated_award": null, "stickied": false, "author_premium": false, "subreddit_type": "public", "can_gild": true, "subreddit": "statistics", "author_flair_text_color": null, "score_hidden": false, "permalink": "/r/statistics/comments/dfc6he/e_online_lectures_notes_graduate_level/f359541/", "num_reports": null, "locked": false, "name": "t1_f359541", "created": 1570700325.0, "author_flair_text": null, "treatment_tags": [], "created_utc": 1570671525.0, "subreddit_name_prefixed": "r/statistics", "controversiality": 0, "depth": 1, "author_flair_background_color": null, "collapsed_because_crowd_control": null, "mod_reports": [], "mod_note": null, "distinguished": null, "_fetched": true}, {"_replies": ["f34tpfh"], "_submission": "dfc6he", "_reddit": "_reddit", "total_awards_received": 0, "approved_at_utc": null, "ups": 5, "awarders": [], "mod_reason_by": null, "banned_by": null, "author_flair_type": "text", "removal_reason": null, "link_id": "t3_dfc6he", "author_flair_template_id": null, "likes": null, "user_reports": [], "saved": false, "id": "f34so3c", "banned_at_utc": null, "mod_reason_title": null, "gilded": 0, "archived": true, "no_follow": false, "author": "gardas603", "can_mod_post": false, "send_replies": true, "parent_id": "t1_f34qqo8", "score": 5, "author_fullname": "t2_ni8vc6e", "report_reasons": null, "approved_by": null, "all_awardings": [], "subreddit_id": "t5_2qhfi", "collapsed": false, "body": "bad day, huh?", "edited": false, "author_flair_css_class": null, "is_submitter": true, "downs": 0, "author_flair_richtext": [], "author_patreon_flair": false, "body_html": "<div class=\"md\"><p>bad day, huh?</p>\n</div>", "gildings": {}, "collapsed_reason": null, "associated_award": null, "stickied": false, "author_premium": false, "subreddit_type": "public", "can_gild": true, "subreddit": "statistics", "author_flair_text_color": null, "score_hidden": false, "permalink": "/r/statistics/comments/dfc6he/e_online_lectures_notes_graduate_level/f34so3c/", "num_reports": null, "locked": false, "name": "t1_f34so3c", "created": 1570688559.0, "author_flair_text": null, "treatment_tags": [], "created_utc": 1570659759.0, "subreddit_name_prefixed": "r/statistics", "controversiality": 0, "depth": 1, "author_flair_background_color": null, "collapsed_because_crowd_control": null, "mod_reports": [], "mod_note": null, "distinguished": null, "_fetched": true}, {"_replies": [], "_submission": "dfc6he", "_reddit": "_reddit", "total_awards_received": 0, "approved_at_utc": null, "ups": 1, "awarders": [], "mod_reason_by": null, "banned_by": null, "author_flair_type": "text", "removal_reason": null, "link_id": "t3_dfc6he", "author_flair_template_id": null, "likes": null, "user_reports": [], "saved": false, "id": "f32xvst", "banned_at_utc": null, "mod_reason_title": null, "gilded": 0, "archived": true, "no_follow": true, "author": "DragonikOverlord", "can_mod_post": false, "created_utc": 1570628254.0, "send_replies": true, "parent_id": "t1_f32rmsl", "score": 1, "author_fullname": "t2_2n2jcmq5", "report_reasons": null, "approved_by": null, "all_awardings": [], "subreddit_id": "t5_2qhfi", "body": "There are some subreddits where people get really offensive for no reason.I asked a genuine question in one of the subreddits and all my comments generated negative karma lol.", "edited": false, "author_flair_css_class": null, "is_submitter": false, "downs": 0, "author_flair_richtext": [], "author_patreon_flair": false, "body_html": "<div class=\"md\"><p>There are some subreddits where people get really offensive for no reason.I asked a genuine question in one of the subreddits and all my comments generated negative karma lol.</p>\n</div>", "gildings": {}, "collapsed_reason": null, "associated_award": null, "stickied": false, "author_premium": false, "subreddit_type": "public", "can_gild": true, "subreddit": "statistics", "author_flair_text_color": null, "score_hidden": false, "permalink": "/r/statistics/comments/dfc6he/e_online_lectures_notes_graduate_level/f32xvst/", "num_reports": null, "locked": false, "name": "t1_f32xvst", "created": 1570657054.0, "author_flair_text": null, "treatment_tags": [], "collapsed": false, "subreddit_name_prefixed": "r/statistics", "controversiality": 0, "depth": 2, "author_flair_background_color": null, "collapsed_because_crowd_control": null, "mod_reports": [], "mod_note": null, "distinguished": null, "_fetched": true}, {"_replies": [], "_submission": "dfc6he", "_reddit": "_reddit", "total_awards_received": 0, "approved_at_utc": null, "ups": 7, "awarders": [], "mod_reason_by": null, "banned_by": null, "author_flair_type": "text", "removal_reason": null, "link_id": "t3_dfc6he", "author_flair_template_id": null, "likes": null, "user_reports": [], "saved": false, "id": "f33cl0q", "banned_at_utc": null, "mod_reason_title": null, "gilded": 0, "archived": true, "no_follow": false, "author": "webbed_feets", "can_mod_post": false, "created_utc": 1570636068.0, "send_replies": true, "parent_id": "t1_f3375c6", "score": 7, "author_fullname": "t2_aagg0", "report_reasons": null, "approved_by": null, "all_awardings": [], "subreddit_id": "t5_2qhfi", "body": "Got it. That\u2019s s really nice thing to do!", "edited": false, "author_flair_css_class": null, "is_submitter": false, "downs": 0, "author_flair_richtext": [], "author_patreon_flair": false, "body_html": "<div class=\"md\"><p>Got it. That\u2019s s really nice thing to do!</p>\n</div>", "gildings": {}, "collapsed_reason": null, "associated_award": null, "stickied": false, "author_premium": false, "subreddit_type": "public", "can_gild": true, "subreddit": "statistics", "author_flair_text_color": null, "score_hidden": false, "permalink": "/r/statistics/comments/dfc6he/e_online_lectures_notes_graduate_level/f33cl0q/", "num_reports": null, "locked": false, "name": "t1_f33cl0q", "created": 1570664868.0, "author_flair_text": null, "treatment_tags": [], "collapsed": false, "subreddit_name_prefixed": "r/statistics", "controversiality": 0, "depth": 2, "author_flair_background_color": null, "collapsed_because_crowd_control": null, "mod_reports": [], "mod_note": null, "distinguished": null, "_fetched": true}, {"_replies": [], "_submission": "dfc6he", "_reddit": "_reddit", "total_awards_received": 0, "approved_at_utc": null, "ups": 1, "awarders": [], "mod_reason_by": null, "banned_by": null, "author_flair_type": "text", "removal_reason": null, "link_id": "t3_dfc6he", "author_flair_template_id": null, "likes": null, "user_reports": [], "saved": false, "id": "f5gs1de", "banned_at_utc": null, "mod_reason_title": null, "gilded": 0, "archived": true, "no_follow": true, "author": "garenisfeeding", "can_mod_post": false, "created_utc": 1572196540.0, "send_replies": true, "parent_id": "t1_f3375c6", "score": 1, "author_fullname": "t2_2bupg10", "report_reasons": null, "approved_by": null, "all_awardings": [], "subreddit_id": "t5_2qhfi", "body": "Not all heroes wear capes. \n\nU da bom", "edited": false, "author_flair_css_class": null, "is_submitter": false, "downs": 0, "author_flair_richtext": [], "author_patreon_flair": false, "body_html": "<div class=\"md\"><p>Not all heroes wear capes. </p>\n\n<p>U da bom</p>\n</div>", "gildings": {}, "collapsed_reason": null, "associated_award": null, "stickied": false, "author_premium": true, "subreddit_type": "public", "can_gild": true, "subreddit": "statistics", "author_flair_text_color": null, "score_hidden": false, "permalink": "/r/statistics/comments/dfc6he/e_online_lectures_notes_graduate_level/f5gs1de/", "num_reports": null, "locked": false, "name": "t1_f5gs1de", "created": 1572225340.0, "author_flair_text": null, "treatment_tags": [], "collapsed": false, "subreddit_name_prefixed": "r/statistics", "controversiality": 0, "depth": 2, "author_flair_background_color": null, "collapsed_because_crowd_control": null, "mod_reports": [], "mod_note": null, "distinguished": null, "_fetched": true}, {"_replies": ["f34xxtu"], "_submission": "dfc6he", "_reddit": "_reddit", "total_awards_received": 0, "approved_at_utc": null, "ups": -7, "awarders": [], "mod_reason_by": null, "banned_by": null, "author_flair_type": "text", "removal_reason": null, "link_id": "t3_dfc6he", "author_flair_template_id": null, "likes": null, "user_reports": [], "saved": false, "id": "f34tpfh", "banned_at_utc": null, "mod_reason_title": null, "gilded": 0, "archived": true, "no_follow": true, "author": "midianite_rambler", "can_mod_post": false, "created_utc": 1570660461.0, "send_replies": true, "parent_id": "t1_f34so3c", "score": -7, "author_fullname": "t2_4za7z", "report_reasons": null, "approved_by": null, "all_awardings": [], "subreddit_id": "t5_2qhfi", "body": "What's your business model? I'm honestly curious.", "edited": false, "author_flair_css_class": null, "is_submitter": false, "downs": 0, "author_flair_richtext": [], "author_patreon_flair": false, "body_html": "<div class=\"md\"><p>What&#39;s your business model? I&#39;m honestly curious.</p>\n</div>", "gildings": {}, "collapsed_reason": "comment score below threshold", "associated_award": null, "stickied": false, "author_premium": false, "subreddit_type": "public", "can_gild": true, "subreddit": "statistics", "author_flair_text_color": null, "score_hidden": false, "permalink": "/r/statistics/comments/dfc6he/e_online_lectures_notes_graduate_level/f34tpfh/", "num_reports": null, "locked": false, "name": "t1_f34tpfh", "created": 1570689261.0, "author_flair_text": null, "treatment_tags": [], "collapsed": true, "subreddit_name_prefixed": "r/statistics", "controversiality": 0, "depth": 2, "author_flair_background_color": null, "collapsed_because_crowd_control": null, "mod_reports": [], "mod_note": null, "distinguished": null, "_fetched": true}, {"_replies": ["f36wffc", "f386qcx"], "_submission": "dfc6he", "_reddit": "_reddit", "total_awards_received": 0, "approved_at_utc": null, "ups": 8, "awarders": [], "mod_reason_by": null, "banned_by": null, "author_flair_type": "text", "removal_reason": null, "link_id": "t3_dfc6he", "author_flair_template_id": null, "likes": null, "user_reports": [], "saved": false, "id": "f35g7fr", "banned_at_utc": null, "mod_reason_title": null, "gilded": 0, "archived": true, "no_follow": false, "author": "gardas603", "can_mod_post": false, "send_replies": true, "parent_id": "t1_f35aki0", "score": 8, "author_fullname": "t2_ni8vc6e", "report_reasons": null, "approved_by": null, "all_awardings": [], "subreddit_id": "t5_2qhfi", "body": "Pattiii, let me use this opportunity to tell you more about the project.\n\nI actually did this because the first time I taught the course, I learned that Casella and Berger costed more than $100 a copy. Don't get me wrong, it's a great book. However, I thought this was  unfair, given how much graduate students have to live off.\n\nI contacted the publisher, and predictably, got no response. Apparently their business model is institutional selling. Any good university library around the world has a few copies, and then, some students do buy the book anyway.\n\nIf you look at the notes carefully, you'll find that I actually cover a good number of topics in touched upon Casella and Berger. That's actually the course's official book! However, the notes are light on proofs, because my main goal at this stage is to provide intuition. There are plenty of gradt students who are completely lost by year 2... Having said this, we do prove stuff all the time.\n\nHaving written this, I do sometimes go beyond Casella and Berger. For example, I explain why Leibniz rule can fail with improper integrals. Casella and Berger mention this but they don't explain why. I couldn't find a clear example online, although I'm sure they exist. Also, I was unhappy of how they explain sufficiency, and to be honest, of how I found it explained online (I'm sure there are great explanations too; the ones I found weren't great to use as introduction to the topic).\n\nOf course this was a ton of work, but hopefully it's more accessible than Casella and Berger. And for the best students, they can always look up some book, including CB, to learn more.\n\nFinally, I know of at least 2 top econ schools that teach curricula very similar to this. But it's true, there are also places where they go beyond.\n\nOk, time to move on to other stuff. Cheers.", "edited": false, "downs": 0, "author_flair_css_class": null, "is_submitter": true, "collapsed": false, "author_flair_richtext": [], "author_patreon_flair": false, "body_html": "<div class=\"md\"><p>Pattiii, let me use this opportunity to tell you more about the project.</p>\n\n<p>I actually did this because the first time I taught the course, I learned that Casella and Berger costed more than $100 a copy. Don&#39;t get me wrong, it&#39;s a great book. However, I thought this was  unfair, given how much graduate students have to live off.</p>\n\n<p>I contacted the publisher, and predictably, got no response. Apparently their business model is institutional selling. Any good university library around the world has a few copies, and then, some students do buy the book anyway.</p>\n\n<p>If you look at the notes carefully, you&#39;ll find that I actually cover a good number of topics in touched upon Casella and Berger. That&#39;s actually the course&#39;s official book! However, the notes are light on proofs, because my main goal at this stage is to provide intuition. There are plenty of gradt students who are completely lost by year 2... Having said this, we do prove stuff all the time.</p>\n\n<p>Having written this, I do sometimes go beyond Casella and Berger. For example, I explain why Leibniz rule can fail with improper integrals. Casella and Berger mention this but they don&#39;t explain why. I couldn&#39;t find a clear example online, although I&#39;m sure they exist. Also, I was unhappy of how they explain sufficiency, and to be honest, of how I found it explained online (I&#39;m sure there are great explanations too; the ones I found weren&#39;t great to use as introduction to the topic).</p>\n\n<p>Of course this was a ton of work, but hopefully it&#39;s more accessible than Casella and Berger. And for the best students, they can always look up some book, including CB, to learn more.</p>\n\n<p>Finally, I know of at least 2 top econ schools that teach curricula very similar to this. But it&#39;s true, there are also places where they go beyond.</p>\n\n<p>Ok, time to move on to other stuff. Cheers.</p>\n</div>", "gildings": {}, "collapsed_reason": null, "associated_award": null, "stickied": false, "author_premium": false, "subreddit_type": "public", "can_gild": true, "subreddit": "statistics", "author_flair_text_color": null, "score_hidden": false, "permalink": "/r/statistics/comments/dfc6he/e_online_lectures_notes_graduate_level/f35g7fr/", "num_reports": null, "locked": false, "name": "t1_f35g7fr", "created": 1570705631.0, "author_flair_text": null, "treatment_tags": [], "created_utc": 1570676831.0, "subreddit_name_prefixed": "r/statistics", "controversiality": 0, "depth": 3, "author_flair_background_color": null, "collapsed_because_crowd_control": null, "mod_reports": [], "mod_note": null, "distinguished": null, "_fetched": true}, {"_replies": ["f34ykhg"], "_submission": "dfc6he", "_reddit": "_reddit", "total_awards_received": 0, "approved_at_utc": null, "ups": 7, "awarders": [], "mod_reason_by": null, "banned_by": null, "author_flair_type": "text", "removal_reason": null, "link_id": "t3_dfc6he", "author_flair_template_id": null, "likes": null, "user_reports": [], "saved": false, "id": "f34xxtu", "banned_at_utc": null, "mod_reason_title": null, "gilded": 0, "archived": true, "no_follow": false, "author": "gardas603", "can_mod_post": false, "send_replies": true, "parent_id": "t1_f34tpfh", "score": 7, "author_fullname": "t2_ni8vc6e", "report_reasons": null, "approved_by": null, "all_awardings": [], "subreddit_id": "t5_2qhfi", "body": "Making sure I\u2019ve done even a small thing with my life.", "edited": 1570671603.0, "downs": 0, "author_flair_css_class": null, "is_submitter": true, "collapsed": false, "author_flair_richtext": [], "author_patreon_flair": false, "body_html": "<div class=\"md\"><p>Making sure I\u2019ve done even a small thing with my life.</p>\n</div>", "gildings": {}, "collapsed_reason": null, "associated_award": null, "stickied": false, "author_premium": false, "subreddit_type": "public", "can_gild": true, "subreddit": "statistics", "author_flair_text_color": null, "score_hidden": false, "permalink": "/r/statistics/comments/dfc6he/e_online_lectures_notes_graduate_level/f34xxtu/", "num_reports": null, "locked": false, "name": "t1_f34xxtu", "created": 1570692254.0, "author_flair_text": null, "treatment_tags": [], "created_utc": 1570663454.0, "subreddit_name_prefixed": "r/statistics", "controversiality": 0, "depth": 3, "author_flair_background_color": null, "collapsed_because_crowd_control": null, "mod_reports": [], "mod_note": null, "distinguished": null, "_fetched": true}, {"_replies": [], "_submission": "dfc6he", "_reddit": "_reddit", "total_awards_received": 0, "approved_at_utc": null, "ups": 2, "awarders": [], "mod_reason_by": null, "banned_by": null, "author_flair_type": "text", "removal_reason": null, "link_id": "t3_dfc6he", "author_flair_template_id": null, "likes": null, "user_reports": [], "saved": false, "id": "f36wffc", "banned_at_utc": null, "mod_reason_title": null, "gilded": 0, "archived": true, "no_follow": true, "author": "Feurbach_sock", "can_mod_post": false, "send_replies": true, "parent_id": "t1_f35g7fr", "score": 2, "author_fullname": "t2_aapgc", "report_reasons": null, "approved_by": null, "all_awardings": [], "subreddit_id": "t5_2qhfi", "collapsed": false, "body": "Hey, I think your notes are awesome - and nothing that I wouldn't find in either CB or (and probably closer to) Bain & Engelhardt. My master's program was in statistics but we could take 3 applied courses and I chose the PhD econometrics courses at my school. This material was in the first course of a 3 course sequence (to add to your point). The material was roughly indistinguishable from my mathematical stats and probs courses, though of course stats programs will dive a bit deeper into proofs by their nature.\n\nIn any case I appreciate what you are doing. Grad students have it tough already and if you can save them some money while teaching them then that's the way to go. Godspeed.", "edited": false, "author_flair_css_class": null, "is_submitter": false, "downs": 0, "author_flair_richtext": [], "author_patreon_flair": false, "body_html": "<div class=\"md\"><p>Hey, I think your notes are awesome - and nothing that I wouldn&#39;t find in either CB or (and probably closer to) Bain &amp; Engelhardt. My master&#39;s program was in statistics but we could take 3 applied courses and I chose the PhD econometrics courses at my school. This material was in the first course of a 3 course sequence (to add to your point). The material was roughly indistinguishable from my mathematical stats and probs courses, though of course stats programs will dive a bit deeper into proofs by their nature.</p>\n\n<p>In any case I appreciate what you are doing. Grad students have it tough already and if you can save them some money while teaching them then that&#39;s the way to go. Godspeed.</p>\n</div>", "gildings": {}, "collapsed_reason": null, "associated_award": null, "stickied": false, "author_premium": false, "subreddit_type": "public", "can_gild": true, "subreddit": "statistics", "author_flair_text_color": null, "score_hidden": false, "permalink": "/r/statistics/comments/dfc6he/e_online_lectures_notes_graduate_level/f36wffc/", "num_reports": null, "locked": false, "name": "t1_f36wffc", "created": 1570747274.0, "author_flair_text": null, "treatment_tags": [], "created_utc": 1570718474.0, "subreddit_name_prefixed": "r/statistics", "controversiality": 0, "depth": 4, "author_flair_background_color": null, "collapsed_because_crowd_control": null, "mod_reports": [], "mod_note": null, "distinguished": null, "_fetched": true}, {"_replies": [], "_submission": "dfc6he", "_reddit": "_reddit", "total_awards_received": 0, "approved_at_utc": null, "ups": 2, "awarders": [], "mod_reason_by": null, "banned_by": null, "author_flair_type": "text", "removal_reason": null, "link_id": "t3_dfc6he", "author_flair_template_id": null, "likes": null, "user_reports": [], "saved": false, "id": "f386qcx", "banned_at_utc": null, "mod_reason_title": null, "gilded": 0, "archived": true, "no_follow": true, "author": "quatch", "can_mod_post": false, "send_replies": true, "parent_id": "t1_f35g7fr", "score": 2, "author_fullname": "t2_4q1em", "report_reasons": null, "approved_by": null, "all_awardings": [], "subreddit_id": "t5_2qhfi", "collapsed": false, "body": "and here I thought caveat 2 would be unneeded..", "edited": false, "author_flair_css_class": null, "is_submitter": false, "downs": 0, "author_flair_richtext": [], "author_patreon_flair": false, "body_html": "<div class=\"md\"><p>and here I thought caveat 2 would be unneeded..</p>\n</div>", "gildings": {}, "collapsed_reason": null, "associated_award": null, "stickied": false, "author_premium": false, "subreddit_type": "public", "can_gild": true, "subreddit": "statistics", "author_flair_text_color": null, "score_hidden": false, "permalink": "/r/statistics/comments/dfc6he/e_online_lectures_notes_graduate_level/f386qcx/", "num_reports": null, "locked": false, "name": "t1_f386qcx", "created": 1570762693.0, "author_flair_text": null, "treatment_tags": [], "created_utc": 1570733893.0, "subreddit_name_prefixed": "r/statistics", "controversiality": 0, "depth": 4, "author_flair_background_color": null, "collapsed_because_crowd_control": null, "mod_reports": [], "mod_note": null, "distinguished": null, "_fetched": true}, {"_replies": ["f35h32g"], "_submission": "dfc6he", "_reddit": "_reddit", "total_awards_received": 0, "approved_at_utc": null, "ups": -9, "awarders": [], "mod_reason_by": null, "banned_by": null, "author_flair_type": "text", "removal_reason": null, "link_id": "t3_dfc6he", "author_flair_template_id": null, "likes": null, "user_reports": [], "saved": false, "id": "f34ykhg", "banned_at_utc": null, "mod_reason_title": null, "gilded": 0, "archived": true, "no_follow": true, "author": "midianite_rambler", "can_mod_post": false, "send_replies": true, "parent_id": "t1_f34xxtu", "score": -9, "author_fullname": "t2_4za7z", "report_reasons": null, "approved_by": null, "all_awardings": [], "subreddit_id": "t5_2qhfi", "collapsed": true, "body": "Such as gaming the system on Reddit? Your achievements will win you endless glory. \"Keep up the good work, I love online lecture notes on graduate level statistics, even though I'm really more interested in sports and video games, and I've never looked sideways at r/statistics until today.\"", "edited": false, "author_flair_css_class": null, "is_submitter": false, "downs": 0, "author_flair_richtext": [], "author_patreon_flair": false, "body_html": "<div class=\"md\"><p>Such as gaming the system on Reddit? Your achievements will win you endless glory. &quot;Keep up the good work, I love online lecture notes on graduate level statistics, even though I&#39;m really more interested in sports and video games, and I&#39;ve never looked sideways at <a href=\"/r/statistics\">r/statistics</a> until today.&quot;</p>\n</div>", "gildings": {}, "collapsed_reason": "comment score below threshold", "associated_award": null, "stickied": false, "author_premium": false, "subreddit_type": "public", "can_gild": true, "subreddit": "statistics", "author_flair_text_color": null, "score_hidden": false, "permalink": "/r/statistics/comments/dfc6he/e_online_lectures_notes_graduate_level/f34ykhg/", "num_reports": null, "locked": false, "name": "t1_f34ykhg", "created": 1570692715.0, "author_flair_text": null, "treatment_tags": [], "created_utc": 1570663915.0, "subreddit_name_prefixed": "r/statistics", "controversiality": 0, "depth": 4, "author_flair_background_color": null, "collapsed_because_crowd_control": null, "mod_reports": [], "mod_note": null, "distinguished": null, "_fetched": true}, {"_replies": ["f35kk2g"], "_submission": "dfc6he", "_reddit": "_reddit", "total_awards_received": 0, "approved_at_utc": null, "ups": 2, "awarders": [], "mod_reason_by": null, "banned_by": null, "author_flair_type": "text", "removal_reason": null, "link_id": "t3_dfc6he", "author_flair_template_id": null, "likes": null, "user_reports": [], "saved": false, "id": "f35h32g", "banned_at_utc": null, "mod_reason_title": null, "gilded": 0, "archived": true, "no_follow": true, "author": "aikijo", "can_mod_post": false, "created_utc": 1570677537.0, "send_replies": true, "parent_id": "t1_f34ykhg", "score": 2, "author_fullname": "t2_7o7pf", "report_reasons": null, "approved_by": null, "all_awardings": [], "subreddit_id": "t5_2qhfi", "body": "Is there room in this sub for people who are still learning statistics?", "edited": false, "author_flair_css_class": null, "is_submitter": false, "downs": 0, "author_flair_richtext": [], "author_patreon_flair": false, "body_html": "<div class=\"md\"><p>Is there room in this sub for people who are still learning statistics?</p>\n</div>", "gildings": {}, "collapsed_reason": null, "associated_award": null, "stickied": false, "author_premium": false, "subreddit_type": "public", "can_gild": true, "subreddit": "statistics", "author_flair_text_color": null, "score_hidden": false, "permalink": "/r/statistics/comments/dfc6he/e_online_lectures_notes_graduate_level/f35h32g/", "num_reports": null, "locked": false, "name": "t1_f35h32g", "created": 1570706337.0, "author_flair_text": null, "treatment_tags": [], "collapsed": false, "subreddit_name_prefixed": "r/statistics", "controversiality": 0, "depth": 5, "author_flair_background_color": null, "collapsed_because_crowd_control": null, "mod_reports": [], "mod_note": null, "distinguished": null, "_fetched": true}, {"_replies": ["f35l181"], "_submission": "dfc6he", "_reddit": "_reddit", "total_awards_received": 0, "approved_at_utc": null, "ups": 0, "awarders": [], "mod_reason_by": null, "banned_by": null, "author_flair_type": "text", "removal_reason": null, "link_id": "t3_dfc6he", "author_flair_template_id": null, "likes": null, "user_reports": [], "saved": false, "id": "f35kk2g", "banned_at_utc": null, "mod_reason_title": null, "gilded": 0, "archived": true, "no_follow": true, "author": "midianite_rambler", "can_mod_post": false, "send_replies": true, "parent_id": "t1_f35h32g", "score": 0, "author_fullname": "t2_4za7z", "report_reasons": null, "approved_by": null, "all_awardings": [], "subreddit_id": "t5_2qhfi", "body": "There's no room for spammers and sockpuppets, that's for sure.", "edited": false, "downs": 0, "author_flair_css_class": null, "is_submitter": false, "collapsed": false, "author_flair_richtext": [], "author_patreon_flair": false, "body_html": "<div class=\"md\"><p>There&#39;s no room for spammers and sockpuppets, that&#39;s for sure.</p>\n</div>", "gildings": {}, "collapsed_reason": null, "associated_award": null, "stickied": false, "author_premium": false, "subreddit_type": "public", "can_gild": true, "subreddit": "statistics", "author_flair_text_color": null, "score_hidden": false, "permalink": "/r/statistics/comments/dfc6he/e_online_lectures_notes_graduate_level/f35kk2g/", "num_reports": null, "locked": false, "name": "t1_f35kk2g", "created": 1570709241.0, "author_flair_text": null, "treatment_tags": [], "created_utc": 1570680441.0, "subreddit_name_prefixed": "r/statistics", "controversiality": 0, "depth": 6, "author_flair_background_color": null, "collapsed_because_crowd_control": null, "mod_reports": [], "mod_note": null, "distinguished": null, "_fetched": true}, {"_replies": [], "_submission": "dfc6he", "_reddit": "_reddit", "total_awards_received": 0, "approved_at_utc": null, "ups": 2, "awarders": [], "mod_reason_by": null, "banned_by": null, "author_flair_type": "text", "removal_reason": null, "link_id": "t3_dfc6he", "author_flair_template_id": null, "likes": null, "user_reports": [], "saved": false, "id": "f35l181", "banned_at_utc": null, "mod_reason_title": null, "gilded": 0, "archived": true, "no_follow": true, "author": "obsoletelearner", "can_mod_post": false, "send_replies": true, "parent_id": "t1_f35kk2g", "score": 2, "author_fullname": "t2_b86xu", "report_reasons": null, "approved_by": null, "all_awardings": [], "subreddit_id": "t5_2qhfi", "collapsed": false, "body": "How does this qualify as spam according to you, I see the notes are good and really helpful, looks the majority does too. Can you elaborate on your opinion?", "edited": false, "author_flair_css_class": null, "is_submitter": false, "downs": 0, "author_flair_richtext": [], "author_patreon_flair": false, "body_html": "<div class=\"md\"><p>How does this qualify as spam according to you, I see the notes are good and really helpful, looks the majority does too. Can you elaborate on your opinion?</p>\n</div>", "gildings": {}, "collapsed_reason": null, "associated_award": null, "stickied": false, "author_premium": false, "subreddit_type": "public", "can_gild": true, "subreddit": "statistics", "author_flair_text_color": null, "score_hidden": false, "permalink": "/r/statistics/comments/dfc6he/e_online_lectures_notes_graduate_level/f35l181/", "num_reports": null, "locked": false, "name": "t1_f35l181", "created": 1570709673.0, "author_flair_text": null, "treatment_tags": [], "created_utc": 1570680873.0, "subreddit_name_prefixed": "r/statistics", "controversiality": 0, "depth": 7, "author_flair_background_color": null, "collapsed_because_crowd_control": null, "mod_reports": [], "mod_note": null, "distinguished": null, "_fetched": true}]}