{"_reddit": "_reddit", "approved_at_utc": null, "subreddit": "statistics", "selftext": "Hi,\n\nThis is an idea that's been brewing in my head for several years now, and I finally got to implement it as a prototype. It is intended for the average joe like me, who only dabbles in statistics but has no formal education in it.\n\nThe calculator has many caveats and makes many assumptions. Most (if not all) are listed on the page.\n\nI would like to ask this community for expert feedback. Is anything the calculator does blatantly wrong?\n\nI'm willing to cut corners in order to make the calculator as beginner-friendly as possible. But I don't want to release something that is completely bullshit.\n\nHere's the prototype: [https://filiph.github.io/unsure/](https://filiph.github.io/unsure/)\n\nBe gentle, please.", "author_fullname": "t2_imyiw", "saved": false, "mod_reason_title": null, "gilded": 0, "clicked": false, "title": "[Software] Seeking early feedback on a statistics calculator \"for the masses\"", "link_flair_richtext": [], "subreddit_name_prefixed": "r/statistics", "hidden": false, "pwls": 6, "link_flair_css_class": null, "downs": 0, "hide_score": false, "name": "t3_fktw8f", "quarantine": false, "link_flair_text_color": "dark", "upvote_ratio": 0.95, "author_flair_background_color": null, "subreddit_type": "public", "ups": 42, "total_awards_received": 0, "media_embed": {}, "author_flair_template_id": null, "is_original_content": false, "user_reports": [], "secure_media": null, "is_reddit_media_domain": false, "is_meta": false, "category": null, "secure_media_embed": {}, "link_flair_text": "Software", "can_mod_post": false, "score": 42, "approved_by": null, "author_premium": true, "thumbnail": "", "edited": false, "author_flair_css_class": null, "author_flair_richtext": [], "gildings": {}, "content_categories": null, "is_self": true, "mod_note": null, "created": 1584583046.0, "link_flair_type": "text", "wls": 6, "removed_by_category": null, "banned_by": null, "author_flair_type": "text", "domain": "self.statistics", "allow_live_comments": false, "selftext_html": "<!-- SC_OFF --><div class=\"md\"><p>Hi,</p>\n\n<p>This is an idea that&#39;s been brewing in my head for several years now, and I finally got to implement it as a prototype. It is intended for the average joe like me, who only dabbles in statistics but has no formal education in it.</p>\n\n<p>The calculator has many caveats and makes many assumptions. Most (if not all) are listed on the page.</p>\n\n<p>I would like to ask this community for expert feedback. Is anything the calculator does blatantly wrong?</p>\n\n<p>I&#39;m willing to cut corners in order to make the calculator as beginner-friendly as possible. But I don&#39;t want to release something that is completely bullshit.</p>\n\n<p>Here&#39;s the prototype: <a href=\"https://filiph.github.io/unsure/\">https://filiph.github.io/unsure/</a></p>\n\n<p>Be gentle, please.</p>\n</div><!-- SC_ON -->", "likes": null, "suggested_sort": null, "banned_at_utc": null, "view_count": null, "archived": false, "no_follow": false, "is_crosspostable": true, "pinned": false, "over_18": false, "all_awardings": [], "awarders": [], "media_only": false, "can_gild": true, "spoiler": false, "locked": false, "author_flair_text": null, "treatment_tags": [], "visited": false, "removed_by": null, "num_reports": null, "distinguished": null, "subreddit_id": "t5_2qhfi", "mod_reason_by": null, "removal_reason": null, "link_flair_background_color": "", "id": "fktw8f", "is_robot_indexable": true, "report_reasons": null, "author": "fphat", "discussion_type": null, "num_comments": 16, "send_replies": true, "whitelist_status": "all_ads", "contest_mode": false, "mod_reports": [], "author_patreon_flair": false, "author_flair_text_color": null, "permalink": "/r/statistics/comments/fktw8f/software_seeking_early_feedback_on_a_statistics/", "parent_whitelist_status": "all_ads", "stickied": false, "url": "https://www.reddit.com/r/statistics/comments/fktw8f/software_seeking_early_feedback_on_a_statistics/", "subreddit_subscribers": 106209, "created_utc": 1584554246.0, "num_crossposts": 0, "media": null, "is_video": false, "_fetched": false, "comment_limit": 2048, "comment_sort": "best", "_comments_by_id": {}, "_comments": [{"_replies": ["fkuyh64"], "_submission": "fktw8f", "_reddit": "_reddit", "total_awards_received": 0, "approved_at_utc": null, "ups": 15, "awarders": [], "mod_reason_by": null, "banned_by": null, "author_flair_type": "text", "removal_reason": null, "link_id": "t3_fktw8f", "author_flair_template_id": null, "likes": null, "user_reports": [], "saved": false, "id": "fkuwzyr", "banned_at_utc": null, "mod_reason_title": null, "gilded": 0, "archived": false, "no_follow": false, "author": "CHICOHIO", "can_mod_post": false, "send_replies": true, "parent_id": "t3_fktw8f", "score": 15, "author_fullname": "t2_3ox0nh1b", "report_reasons": null, "approved_by": null, "all_awardings": [], "subreddit_id": "t5_2qhfi", "body": "My suggestion so far is to make the examples more fun or scary. Buying dishwashers...boring!", "edited": false, "downs": 0, "author_flair_css_class": null, "is_submitter": false, "collapsed": false, "author_flair_richtext": [], "author_patreon_flair": false, "body_html": "<div class=\"md\"><p>My suggestion so far is to make the examples more fun or scary. Buying dishwashers...boring!</p>\n</div>", "gildings": {}, "collapsed_reason": null, "associated_award": null, "stickied": false, "author_premium": true, "subreddit_type": "public", "can_gild": true, "subreddit": "statistics", "author_flair_text_color": null, "score_hidden": false, "permalink": "/r/statistics/comments/fktw8f/software_seeking_early_feedback_on_a_statistics/fkuwzyr/", "num_reports": null, "locked": false, "name": "t1_fkuwzyr", "created": 1584586515.0, "author_flair_text": null, "treatment_tags": [], "created_utc": 1584557715.0, "subreddit_name_prefixed": "r/statistics", "controversiality": 0, "depth": 0, "author_flair_background_color": null, "collapsed_because_crowd_control": null, "mod_reports": [], "mod_note": null, "distinguished": null, "_fetched": true}, {"_replies": ["fkv884h"], "_submission": "fktw8f", "_reddit": "_reddit", "total_awards_received": 0, "approved_at_utc": null, "ups": 2, "awarders": [], "mod_reason_by": null, "banned_by": null, "author_flair_type": "text", "removal_reason": null, "link_id": "t3_fktw8f", "author_flair_template_id": null, "likes": null, "user_reports": [], "saved": false, "id": "fkv6ysz", "banned_at_utc": null, "mod_reason_title": null, "gilded": 0, "archived": false, "no_follow": true, "author": "superotterman", "can_mod_post": false, "send_replies": true, "parent_id": "t3_fktw8f", "score": 2, "author_fullname": "t2_6whkf", "report_reasons": null, "approved_by": null, "all_awardings": [], "subreddit_id": "t5_2qhfi", "body": "I like it a lot!\n\nI'd take a look at your floating point formatting when numbers are really close to zero, such as `10 ^ (-10~-9)` because everything seems to then show way too many decimal places.\n\nAlso in the histogram, is the number in parentheses represents the mean? If so, is that from taking the mean of each range and substituting that in? Or from the MC estimation? It's a little unclear what it means in context (in some simulations, it looks like it could be the mode).\n\nGreat idea for a simple, intuitive demonstration! =\\]", "edited": false, "downs": 0, "author_flair_css_class": null, "is_submitter": false, "collapsed": false, "author_flair_richtext": [], "author_patreon_flair": false, "body_html": "<div class=\"md\"><p>I like it a lot!</p>\n\n<p>I&#39;d take a look at your floating point formatting when numbers are really close to zero, such as <code>10 ^ (-10~-9)</code> because everything seems to then show way too many decimal places.</p>\n\n<p>Also in the histogram, is the number in parentheses represents the mean? If so, is that from taking the mean of each range and substituting that in? Or from the MC estimation? It&#39;s a little unclear what it means in context (in some simulations, it looks like it could be the mode).</p>\n\n<p>Great idea for a simple, intuitive demonstration! =]</p>\n</div>", "gildings": {}, "collapsed_reason": null, "associated_award": null, "stickied": false, "author_premium": false, "subreddit_type": "public", "can_gild": true, "subreddit": "statistics", "author_flair_text_color": null, "score_hidden": false, "permalink": "/r/statistics/comments/fktw8f/software_seeking_early_feedback_on_a_statistics/fkv6ysz/", "num_reports": null, "locked": false, "name": "t1_fkv6ysz", "created": 1584592138.0, "author_flair_text": null, "treatment_tags": [], "created_utc": 1584563338.0, "subreddit_name_prefixed": "r/statistics", "controversiality": 0, "depth": 0, "author_flair_background_color": null, "collapsed_because_crowd_control": null, "mod_reports": [], "mod_note": null, "distinguished": null, "_fetched": true}, {"_replies": ["fkvg3xx"], "_submission": "fktw8f", "_reddit": "_reddit", "total_awards_received": 0, "approved_at_utc": null, "ups": 2, "awarders": [], "mod_reason_by": null, "banned_by": null, "author_flair_type": "text", "removal_reason": null, "link_id": "t3_fktw8f", "author_flair_template_id": null, "likes": null, "user_reports": [], "saved": false, "id": "fkv9eyk", "banned_at_utc": null, "mod_reason_title": null, "gilded": 0, "archived": false, "no_follow": true, "author": "t4YWqYUUgDDpShW2", "can_mod_post": false, "send_replies": true, "parent_id": "t3_fktw8f", "score": 2, "author_fullname": "t2_3ehlskt5", "report_reasons": null, "approved_by": null, "all_awardings": [], "subreddit_id": "t5_2qhfi", "body": "I love the idea, but don't think it's gonna be real useful.\n\nI gave up ages ago on the idea of doing this without a full fledged [PPL](https://en.wikipedia.org/wiki/Probabilistic_programming). Let's say x = 4~6. Then x \\* 5 should equal x \\* 3 + x \\* 2. But (4~6) \\* 5 = 20~30 while (4~6) \\* 3 + (4~6) \\* 2 = 21~29. It's fine for the kinds of things you might use the calculator on your phone for, but I mostly just use that for calculating tips. For everything else, I think you need something like a spreadsheet version of this or a PPL.", "edited": false, "downs": 0, "author_flair_css_class": null, "is_submitter": false, "collapsed": false, "author_flair_richtext": [], "author_patreon_flair": false, "body_html": "<div class=\"md\"><p>I love the idea, but don&#39;t think it&#39;s gonna be real useful.</p>\n\n<p>I gave up ages ago on the idea of doing this without a full fledged <a href=\"https://en.wikipedia.org/wiki/Probabilistic_programming\">PPL</a>. Let&#39;s say x = 4~6. Then x * 5 should equal x * 3 + x * 2. But (4~6) * 5 = 20~30 while (4~6) * 3 + (4~6) * 2 = 21~29. It&#39;s fine for the kinds of things you might use the calculator on your phone for, but I mostly just use that for calculating tips. For everything else, I think you need something like a spreadsheet version of this or a PPL.</p>\n</div>", "gildings": {}, "collapsed_reason": null, "associated_award": null, "stickied": false, "author_premium": false, "subreddit_type": "public", "can_gild": true, "subreddit": "statistics", "author_flair_text_color": null, "score_hidden": false, "permalink": "/r/statistics/comments/fktw8f/software_seeking_early_feedback_on_a_statistics/fkv9eyk/", "num_reports": null, "locked": false, "name": "t1_fkv9eyk", "created": 1584593514.0, "author_flair_text": null, "treatment_tags": [], "created_utc": 1584564714.0, "subreddit_name_prefixed": "r/statistics", "controversiality": 0, "depth": 0, "author_flair_background_color": null, "collapsed_because_crowd_control": null, "mod_reports": [], "mod_note": null, "distinguished": null, "_fetched": true}, {"_replies": [], "_submission": "fktw8f", "_reddit": "_reddit", "total_awards_received": 0, "approved_at_utc": null, "ups": 2, "awarders": [], "mod_reason_by": null, "banned_by": null, "author_flair_type": "text", "removal_reason": null, "link_id": "t3_fktw8f", "author_flair_template_id": null, "likes": null, "user_reports": [], "saved": false, "id": "fkwpgem", "banned_at_utc": null, "mod_reason_title": null, "gilded": 0, "archived": false, "no_follow": true, "author": "moxipudy", "can_mod_post": false, "send_replies": true, "parent_id": "t3_fktw8f", "score": 2, "author_fullname": "t2_15qe7x", "report_reasons": null, "approved_by": null, "all_awardings": [], "subreddit_id": "t5_2qhfi", "body": "Simple and intuitive tool. I like it.", "edited": false, "downs": 0, "author_flair_css_class": null, "is_submitter": false, "collapsed": false, "author_flair_richtext": [], "author_patreon_flair": false, "body_html": "<div class=\"md\"><p>Simple and intuitive tool. I like it.</p>\n</div>", "gildings": {}, "collapsed_reason": null, "associated_award": null, "stickied": false, "author_premium": false, "subreddit_type": "public", "can_gild": true, "subreddit": "statistics", "author_flair_text_color": null, "score_hidden": false, "permalink": "/r/statistics/comments/fktw8f/software_seeking_early_feedback_on_a_statistics/fkwpgem/", "num_reports": null, "locked": false, "name": "t1_fkwpgem", "created": 1584629171.0, "author_flair_text": null, "treatment_tags": [], "created_utc": 1584600371.0, "subreddit_name_prefixed": "r/statistics", "controversiality": 0, "depth": 0, "author_flair_background_color": null, "collapsed_because_crowd_control": null, "mod_reports": [], "mod_note": null, "distinguished": null, "_fetched": true}, {"_replies": ["fkxssqm"], "_submission": "fktw8f", "_reddit": "_reddit", "total_awards_received": 0, "approved_at_utc": null, "ups": 1, "awarders": [], "mod_reason_by": null, "banned_by": null, "author_flair_type": "text", "removal_reason": null, "link_id": "t3_fktw8f", "author_flair_template_id": null, "likes": null, "user_reports": [], "saved": false, "id": "fkwx3pg", "banned_at_utc": null, "mod_reason_title": null, "gilded": 0, "archived": false, "no_follow": true, "author": "wiwh404", "can_mod_post": false, "send_replies": true, "parent_id": "t3_fktw8f", "score": 1, "author_fullname": "t2_10ifny", "report_reasons": null, "approved_by": null, "all_awardings": [], "subreddit_id": "t5_2qhfi", "body": "That's quite a nice idea to implement uncertainty calculations in our daily lives.  \n\n\n1. Theory\n\nI assume every time you have the expression  \n\n\na \\~ b  \n\n\nyou are actually generating N pseudo-random numbers which are normally distributed with mean (a+b)/2 and variance\n\n&#x200B;\n\n((b - (a+b)/2)/1.96)\\^2  \n\n\nwhich would give you on average roughly 95% of generated numbers falling on (a,b), which is coherent with your interpretation. If this is what you did, I think it is fine.\n\nHowever, maybe a uniform distribution could be used in some cases. It could be nice to add this option, for instance using another sign: a \\_\\~\\_ b or whatever.\n\n&#x200B;\n\n2. Computations\n\n I guess that whenever you want to compute\n\n3\\*a\\~b + c\\~d\n\n&#x200B;\n\nyou first compute a vector of N observations for the first unsure number a\\~b and N observations from the second unsure number c\\~d, and then use the vectorized versions of the functions to carry out the computation, which you then represent graphically as a histogram.  \n\n\nI think that's a natural implementation but it can be slow, as you mention. For simple computations you could use theoretical derivations.\n\nWhat I would like to see is more information on the histogram. For instance, you should emphasize the 2.5% and 97.5% percentiles,as this is what you assume people think of when they say \"I'm unsure but this falls between a and b\".  \n\n\nThese should be shown in the percentile table as well.  \n\n\n&#x200B;\n\n&#x200B;\n\n3. Naming\n\nMaybe this is pedantic but this is a probabilistic tool, not a statistical tool.   \nElse, that's a very nice tool, really nicely implemented, too. I may use it later on!", "edited": false, "downs": 0, "author_flair_css_class": null, "is_submitter": false, "collapsed": false, "author_flair_richtext": [], "author_patreon_flair": false, "body_html": "<div class=\"md\"><p>That&#39;s quite a nice idea to implement uncertainty calculations in our daily lives.  </p>\n\n<ol>\n<li>Theory</li>\n</ol>\n\n<p>I assume every time you have the expression  </p>\n\n<p>a ~ b  </p>\n\n<p>you are actually generating N pseudo-random numbers which are normally distributed with mean (a+b)/2 and variance</p>\n\n<p>&#x200B;</p>\n\n<p>((b - (a+b)/2)/1.96)^2  </p>\n\n<p>which would give you on average roughly 95% of generated numbers falling on (a,b), which is coherent with your interpretation. If this is what you did, I think it is fine.</p>\n\n<p>However, maybe a uniform distribution could be used in some cases. It could be nice to add this option, for instance using another sign: a _~_ b or whatever.</p>\n\n<p>&#x200B;</p>\n\n<ol>\n<li><p>Computations</p>\n\n<p>I guess that whenever you want to compute</p></li>\n</ol>\n\n<p>3*a~b + c~d</p>\n\n<p>&#x200B;</p>\n\n<p>you first compute a vector of N observations for the first unsure number a~b and N observations from the second unsure number c~d, and then use the vectorized versions of the functions to carry out the computation, which you then represent graphically as a histogram.  </p>\n\n<p>I think that&#39;s a natural implementation but it can be slow, as you mention. For simple computations you could use theoretical derivations.</p>\n\n<p>What I would like to see is more information on the histogram. For instance, you should emphasize the 2.5% and 97.5% percentiles,as this is what you assume people think of when they say &quot;I&#39;m unsure but this falls between a and b&quot;.  </p>\n\n<p>These should be shown in the percentile table as well.  </p>\n\n<p>&#x200B;</p>\n\n<p>&#x200B;</p>\n\n<ol>\n<li>Naming</li>\n</ol>\n\n<p>Maybe this is pedantic but this is a probabilistic tool, not a statistical tool.<br/>\nElse, that&#39;s a very nice tool, really nicely implemented, too. I may use it later on!</p>\n</div>", "gildings": {}, "collapsed_reason": null, "associated_award": null, "stickied": false, "author_premium": false, "subreddit_type": "public", "can_gild": true, "subreddit": "statistics", "author_flair_text_color": null, "score_hidden": false, "permalink": "/r/statistics/comments/fktw8f/software_seeking_early_feedback_on_a_statistics/fkwx3pg/", "num_reports": null, "locked": false, "name": "t1_fkwx3pg", "created": 1584638520.0, "author_flair_text": null, "treatment_tags": [], "created_utc": 1584609720.0, "subreddit_name_prefixed": "r/statistics", "controversiality": 0, "depth": 0, "author_flair_background_color": null, "collapsed_because_crowd_control": null, "mod_reports": [], "mod_note": null, "distinguished": null, "_fetched": true}, {"_replies": ["fkxstv5"], "_submission": "fktw8f", "_reddit": "_reddit", "total_awards_received": 0, "approved_at_utc": null, "ups": 0, "awarders": [], "mod_reason_by": null, "banned_by": null, "author_flair_type": "text", "removal_reason": null, "link_id": "t3_fktw8f", "author_flair_template_id": null, "likes": null, "user_reports": [], "saved": false, "id": "fkv7fy3", "banned_at_utc": null, "mod_reason_title": null, "gilded": 0, "archived": false, "no_follow": true, "author": "wouldeye", "can_mod_post": false, "send_replies": true, "parent_id": "t3_fktw8f", "score": 0, "author_fullname": "t2_4fvx2", "report_reasons": null, "approved_by": null, "all_awardings": [], "subreddit_id": "t5_2qhfi", "body": "Dob\u0159e!!", "edited": false, "downs": 0, "author_flair_css_class": null, "is_submitter": false, "collapsed": false, "author_flair_richtext": [], "author_patreon_flair": false, "body_html": "<div class=\"md\"><p>Dob\u0159e!!</p>\n</div>", "gildings": {}, "collapsed_reason": null, "associated_award": null, "stickied": false, "author_premium": false, "subreddit_type": "public", "can_gild": true, "subreddit": "statistics", "author_flair_text_color": null, "score_hidden": false, "permalink": "/r/statistics/comments/fktw8f/software_seeking_early_feedback_on_a_statistics/fkv7fy3/", "num_reports": null, "locked": false, "name": "t1_fkv7fy3", "created": 1584592408.0, "author_flair_text": null, "treatment_tags": [], "created_utc": 1584563608.0, "subreddit_name_prefixed": "r/statistics", "controversiality": 0, "depth": 0, "author_flair_background_color": null, "collapsed_because_crowd_control": null, "mod_reports": [], "mod_note": null, "distinguished": null, "_fetched": true}, {"_replies": [], "_submission": "fktw8f", "_reddit": "_reddit", "total_awards_received": 0, "approved_at_utc": null, "ups": 3, "awarders": [], "mod_reason_by": null, "banned_by": null, "author_flair_type": "text", "removal_reason": null, "link_id": "t3_fktw8f", "author_flair_template_id": null, "likes": null, "user_reports": [], "saved": false, "id": "fkuyh64", "banned_at_utc": null, "mod_reason_title": null, "gilded": 0, "archived": false, "no_follow": true, "author": "fphat", "can_mod_post": false, "send_replies": true, "parent_id": "t1_fkuwzyr", "score": 3, "author_fullname": "t2_imyiw", "report_reasons": null, "approved_by": null, "all_awardings": [], "subreddit_id": "t5_2qhfi", "collapsed": false, "body": "Ooh, good point. I tried to make the main example as practical as possible. Maybe I overdid it.", "edited": false, "author_flair_css_class": null, "is_submitter": true, "downs": 0, "author_flair_richtext": [], "author_patreon_flair": false, "body_html": "<div class=\"md\"><p>Ooh, good point. I tried to make the main example as practical as possible. Maybe I overdid it.</p>\n</div>", "gildings": {}, "collapsed_reason": null, "associated_award": null, "stickied": false, "author_premium": true, "subreddit_type": "public", "can_gild": true, "subreddit": "statistics", "author_flair_text_color": null, "score_hidden": false, "permalink": "/r/statistics/comments/fktw8f/software_seeking_early_feedback_on_a_statistics/fkuyh64/", "num_reports": null, "locked": false, "name": "t1_fkuyh64", "created": 1584587308.0, "author_flair_text": null, "treatment_tags": [], "created_utc": 1584558508.0, "subreddit_name_prefixed": "r/statistics", "controversiality": 0, "depth": 1, "author_flair_background_color": null, "collapsed_because_crowd_control": null, "mod_reports": [], "mod_note": null, "distinguished": null, "_fetched": true}, {"_replies": [], "_submission": "fktw8f", "_reddit": "_reddit", "total_awards_received": 0, "approved_at_utc": null, "ups": 1, "awarders": [], "mod_reason_by": null, "banned_by": null, "author_flair_type": "text", "removal_reason": null, "link_id": "t3_fktw8f", "author_flair_template_id": null, "likes": null, "user_reports": [], "saved": false, "id": "fkv884h", "banned_at_utc": null, "mod_reason_title": null, "gilded": 0, "archived": false, "no_follow": true, "author": "fphat", "can_mod_post": false, "send_replies": true, "parent_id": "t1_fkv6ysz", "score": 1, "author_fullname": "t2_imyiw", "report_reasons": null, "approved_by": null, "all_awardings": [], "subreddit_id": "t5_2qhfi", "collapsed": false, "body": "Thanks!\n\nYes, I have some heuristics that try to make the number formatting as concise as possible, while still maintaining precision. But when I get to small numbers like 1e-9, I just throw my hands in the air and use the default formatter. That's pretty easy to fix.\n\nYes, the number in the parenthesis is the mean. I put it next to the histogram bar that contains it. In the prototype, I have limited graphical capabilities (basically, ASCII art only), so that's what I went with. In a more graphical implementation, it would be a horizontal line at the exact place of the mean.\n\nThat said, I'm not sure I want to highlight the mean too much. I'm afraid people will just look at the mean and ignore the real value that the range is giving them. I found myself doing that at first: just look at that one number. So simple.", "edited": false, "author_flair_css_class": null, "is_submitter": true, "downs": 0, "author_flair_richtext": [], "author_patreon_flair": false, "body_html": "<div class=\"md\"><p>Thanks!</p>\n\n<p>Yes, I have some heuristics that try to make the number formatting as concise as possible, while still maintaining precision. But when I get to small numbers like 1e-9, I just throw my hands in the air and use the default formatter. That&#39;s pretty easy to fix.</p>\n\n<p>Yes, the number in the parenthesis is the mean. I put it next to the histogram bar that contains it. In the prototype, I have limited graphical capabilities (basically, ASCII art only), so that&#39;s what I went with. In a more graphical implementation, it would be a horizontal line at the exact place of the mean.</p>\n\n<p>That said, I&#39;m not sure I want to highlight the mean too much. I&#39;m afraid people will just look at the mean and ignore the real value that the range is giving them. I found myself doing that at first: just look at that one number. So simple.</p>\n</div>", "gildings": {}, "collapsed_reason": null, "associated_award": null, "stickied": false, "author_premium": true, "subreddit_type": "public", "can_gild": true, "subreddit": "statistics", "author_flair_text_color": null, "score_hidden": false, "permalink": "/r/statistics/comments/fktw8f/software_seeking_early_feedback_on_a_statistics/fkv884h/", "num_reports": null, "locked": false, "name": "t1_fkv884h", "created": 1584592852.0, "author_flair_text": null, "treatment_tags": [], "created_utc": 1584564052.0, "subreddit_name_prefixed": "r/statistics", "controversiality": 0, "depth": 1, "author_flair_background_color": null, "collapsed_because_crowd_control": null, "mod_reports": [], "mod_note": null, "distinguished": null, "_fetched": true}, {"_replies": ["fkvk6jf"], "_submission": "fktw8f", "_reddit": "_reddit", "total_awards_received": 0, "approved_at_utc": null, "ups": 1, "awarders": [], "mod_reason_by": null, "banned_by": null, "author_flair_type": "text", "removal_reason": null, "link_id": "t3_fktw8f", "author_flair_template_id": null, "likes": null, "user_reports": [], "saved": false, "id": "fkvg3xx", "banned_at_utc": null, "mod_reason_title": null, "gilded": 0, "archived": false, "no_follow": true, "author": "fphat", "can_mod_post": false, "send_replies": true, "parent_id": "t1_fkv9eyk", "score": 1, "author_fullname": "t2_imyiw", "report_reasons": null, "approved_by": null, "all_awardings": [], "subreddit_id": "t5_2qhfi", "collapsed": false, "body": "Thanks! That particular problem is actually quite easy to fix for me. Right now, when the algorithm sees a multiplication (`4~6 * 5`), it just \"draws\" from `4~6` once, and then multiplies the draw by `5`. You are making a good point that, instead, I should \"draw\" 5 times. That should get closer to what you expect.\n\nThis brings a few questions, though. For example, I don't know how to do division this way. (But I also haven't put much thought into it yet.) Are there other problems like the one with multiplication? I'm especially looking for those that might have massive implications on the result.\n\nThanks again for the feedback, this is exactly what I was hoping for!", "edited": false, "author_flair_css_class": null, "is_submitter": true, "downs": 0, "author_flair_richtext": [], "author_patreon_flair": false, "body_html": "<div class=\"md\"><p>Thanks! That particular problem is actually quite easy to fix for me. Right now, when the algorithm sees a multiplication (<code>4~6 * 5</code>), it just &quot;draws&quot; from <code>4~6</code> once, and then multiplies the draw by <code>5</code>. You are making a good point that, instead, I should &quot;draw&quot; 5 times. That should get closer to what you expect.</p>\n\n<p>This brings a few questions, though. For example, I don&#39;t know how to do division this way. (But I also haven&#39;t put much thought into it yet.) Are there other problems like the one with multiplication? I&#39;m especially looking for those that might have massive implications on the result.</p>\n\n<p>Thanks again for the feedback, this is exactly what I was hoping for!</p>\n</div>", "gildings": {}, "collapsed_reason": null, "associated_award": null, "stickied": false, "author_premium": true, "subreddit_type": "public", "can_gild": true, "subreddit": "statistics", "author_flair_text_color": null, "score_hidden": false, "permalink": "/r/statistics/comments/fktw8f/software_seeking_early_feedback_on_a_statistics/fkvg3xx/", "num_reports": null, "locked": false, "name": "t1_fkvg3xx", "created": 1584597330.0, "author_flair_text": null, "treatment_tags": [], "created_utc": 1584568530.0, "subreddit_name_prefixed": "r/statistics", "controversiality": 0, "depth": 1, "author_flair_background_color": null, "collapsed_because_crowd_control": null, "mod_reports": [], "mod_note": null, "distinguished": null, "_fetched": true}, {"_replies": ["fkxurxj"], "_submission": "fktw8f", "_reddit": "_reddit", "total_awards_received": 0, "approved_at_utc": null, "ups": 1, "awarders": [], "mod_reason_by": null, "banned_by": null, "author_flair_type": "text", "removal_reason": null, "link_id": "t3_fktw8f", "author_flair_template_id": null, "likes": null, "user_reports": [], "saved": false, "id": "fkxssqm", "banned_at_utc": null, "mod_reason_title": null, "gilded": 0, "archived": false, "no_follow": true, "author": "fphat", "can_mod_post": false, "send_replies": true, "parent_id": "t1_fkwx3pg", "score": 1, "author_fullname": "t2_imyiw", "report_reasons": null, "approved_by": null, "all_awardings": [], "subreddit_id": "t5_2qhfi", "collapsed": false, "body": "Thanks!\n\nYou are correct about the theory. `a~b` will generate a number in the normal distribution with `a` and `b` being 2 sigma below and above the mean. I'm using the Monte Carlo method, so I'm not using vectors. Instead, I compute the formula many times (currently 250K on the web, 1M when using the command line version of this, which is much faster) and then work with the results.\n\nThe main reason I went with Monte Carlo instead of a more sophisticated method, is \u2014 let's be honest \u2014 the fact that it's easier to implement for me. But, it also gives me much flexibility. If I decide I want a very specific function (like `IF()`), I can just implement the basic computation and it will work. I don't need to worry about derivations.\n\nCan you give me examples of when a uniform distribution would be more useful for an average user? I like the idea of using `_` in the notation: it suggests flatness.\n\nReally good feedback on the histogram and the percentile table missing 2.5% and 97.5%. And of course, the naming. I think I will keep talking about statistics in the intro text (because it's more well-known of a term) but I will be sure to at least note that the tool is actually probabilistic.\n\nThanks again!", "edited": false, "author_flair_css_class": null, "is_submitter": true, "downs": 0, "author_flair_richtext": [], "author_patreon_flair": false, "body_html": "<div class=\"md\"><p>Thanks!</p>\n\n<p>You are correct about the theory. <code>a~b</code> will generate a number in the normal distribution with <code>a</code> and <code>b</code> being 2 sigma below and above the mean. I&#39;m using the Monte Carlo method, so I&#39;m not using vectors. Instead, I compute the formula many times (currently 250K on the web, 1M when using the command line version of this, which is much faster) and then work with the results.</p>\n\n<p>The main reason I went with Monte Carlo instead of a more sophisticated method, is \u2014 let&#39;s be honest \u2014 the fact that it&#39;s easier to implement for me. But, it also gives me much flexibility. If I decide I want a very specific function (like <code>IF()</code>), I can just implement the basic computation and it will work. I don&#39;t need to worry about derivations.</p>\n\n<p>Can you give me examples of when a uniform distribution would be more useful for an average user? I like the idea of using <code>_</code> in the notation: it suggests flatness.</p>\n\n<p>Really good feedback on the histogram and the percentile table missing 2.5% and 97.5%. And of course, the naming. I think I will keep talking about statistics in the intro text (because it&#39;s more well-known of a term) but I will be sure to at least note that the tool is actually probabilistic.</p>\n\n<p>Thanks again!</p>\n</div>", "gildings": {}, "collapsed_reason": null, "associated_award": null, "stickied": false, "author_premium": true, "subreddit_type": "public", "can_gild": true, "subreddit": "statistics", "author_flair_text_color": null, "score_hidden": false, "permalink": "/r/statistics/comments/fktw8f/software_seeking_early_feedback_on_a_statistics/fkxssqm/", "num_reports": null, "locked": false, "name": "t1_fkxssqm", "created": 1584663540.0, "author_flair_text": null, "treatment_tags": [], "created_utc": 1584634740.0, "subreddit_name_prefixed": "r/statistics", "controversiality": 0, "depth": 1, "author_flair_background_color": null, "collapsed_because_crowd_control": null, "mod_reports": [], "mod_note": null, "distinguished": null, "_fetched": true}, {"_replies": [], "_submission": "fktw8f", "_reddit": "_reddit", "total_awards_received": 0, "approved_at_utc": null, "ups": 2, "awarders": [], "mod_reason_by": null, "banned_by": null, "author_flair_type": "text", "removal_reason": null, "link_id": "t3_fktw8f", "author_flair_template_id": null, "likes": null, "user_reports": [], "saved": false, "id": "fkxstv5", "banned_at_utc": null, "mod_reason_title": null, "gilded": 0, "archived": false, "no_follow": true, "author": "fphat", "can_mod_post": false, "send_replies": true, "parent_id": "t1_fkv7fy3", "score": 2, "author_fullname": "t2_imyiw", "report_reasons": null, "approved_by": null, "all_awardings": [], "subreddit_id": "t5_2qhfi", "collapsed": false, "body": "D\u00edky!", "edited": false, "author_flair_css_class": null, "is_submitter": true, "downs": 0, "author_flair_richtext": [], "author_patreon_flair": false, "body_html": "<div class=\"md\"><p>D\u00edky!</p>\n</div>", "gildings": {}, "collapsed_reason": null, "associated_award": null, "stickied": false, "author_premium": true, "subreddit_type": "public", "can_gild": true, "subreddit": "statistics", "author_flair_text_color": null, "score_hidden": false, "permalink": "/r/statistics/comments/fktw8f/software_seeking_early_feedback_on_a_statistics/fkxstv5/", "num_reports": null, "locked": false, "name": "t1_fkxstv5", "created": 1584663557.0, "author_flair_text": null, "treatment_tags": [], "created_utc": 1584634757.0, "subreddit_name_prefixed": "r/statistics", "controversiality": 0, "depth": 1, "author_flair_background_color": null, "collapsed_because_crowd_control": null, "mod_reports": [], "mod_note": null, "distinguished": null, "_fetched": true}, {"_replies": ["fkvnrlz"], "_submission": "fktw8f", "_reddit": "_reddit", "total_awards_received": 0, "approved_at_utc": null, "ups": 2, "awarders": [], "mod_reason_by": null, "banned_by": null, "author_flair_type": "text", "removal_reason": null, "link_id": "t3_fktw8f", "author_flair_template_id": null, "likes": null, "user_reports": [], "saved": false, "id": "fkvk6jf", "banned_at_utc": null, "mod_reason_title": null, "gilded": 0, "archived": false, "no_follow": true, "author": "t4YWqYUUgDDpShW2", "can_mod_post": false, "created_utc": 1584570870.0, "send_replies": true, "parent_id": "t1_fkvg3xx", "score": 2, "author_fullname": "t2_3ehlskt5", "report_reasons": null, "approved_by": null, "all_awardings": [], "subreddit_id": "t5_2qhfi", "body": "I don't think it's so simple. The problem is communicating independence. Consider a new made up notation, `(x:A~B)` to denote that x is distributed as A~B according to your existing notation. Further assume that different variables are independent.\n\n    (x:4~6) * 5\n\nis the same as\n\n    (x:4~6) * 3 + (x:4~6) * 2\n\nwhich is different from\n\n    (x:4~6) * 3 + (y:4~6) * 2\n\nboth of which are different from your proposal of\n\n    (a:4~6) + (b:4~6) + (c:4~6) + (d:4~6) + (e:4~6)\n\nIt's not that one is correct while the other isn't. It's that they represent different things.\n\nYour proposal would have massive implications on the result. If you have some uncertain measurement with std dev sigma, like that I'm somewhere between 5~7 feet tall and you want it in inches, you'd multiply the whole thing by 12, to get an uncertainty of 12 sigma. But treating it like twelve independent draws, you'd get a variance of sqrt(12) sigma instead. They're two fundamentally different probability statements.\n\nFor an extreme example consider `(x:4~6) - (x:4~6)` versus `(x:4~6) - (y:4~6)`.", "edited": 1584571674.0, "author_flair_css_class": null, "is_submitter": false, "downs": 0, "author_flair_richtext": [], "author_patreon_flair": false, "body_html": "<div class=\"md\"><p>I don&#39;t think it&#39;s so simple. The problem is communicating independence. Consider a new made up notation, <code>(x:A~B)</code> to denote that x is distributed as A~B according to your existing notation. Further assume that different variables are independent.</p>\n\n<pre><code>(x:4~6) * 5\n</code></pre>\n\n<p>is the same as</p>\n\n<pre><code>(x:4~6) * 3 + (x:4~6) * 2\n</code></pre>\n\n<p>which is different from</p>\n\n<pre><code>(x:4~6) * 3 + (y:4~6) * 2\n</code></pre>\n\n<p>both of which are different from your proposal of</p>\n\n<pre><code>(a:4~6) + (b:4~6) + (c:4~6) + (d:4~6) + (e:4~6)\n</code></pre>\n\n<p>It&#39;s not that one is correct while the other isn&#39;t. It&#39;s that they represent different things.</p>\n\n<p>Your proposal would have massive implications on the result. If you have some uncertain measurement with std dev sigma, like that I&#39;m somewhere between 5~7 feet tall and you want it in inches, you&#39;d multiply the whole thing by 12, to get an uncertainty of 12 sigma. But treating it like twelve independent draws, you&#39;d get a variance of sqrt(12) sigma instead. They&#39;re two fundamentally different probability statements.</p>\n\n<p>For an extreme example consider <code>(x:4~6) - (x:4~6)</code> versus <code>(x:4~6) - (y:4~6)</code>.</p>\n</div>", "gildings": {}, "collapsed_reason": null, "associated_award": null, "stickied": false, "author_premium": false, "subreddit_type": "public", "can_gild": true, "subreddit": "statistics", "author_flair_text_color": null, "score_hidden": false, "permalink": "/r/statistics/comments/fktw8f/software_seeking_early_feedback_on_a_statistics/fkvk6jf/", "num_reports": null, "locked": false, "name": "t1_fkvk6jf", "created": 1584599670.0, "author_flair_text": null, "treatment_tags": [], "collapsed": false, "subreddit_name_prefixed": "r/statistics", "controversiality": 0, "depth": 2, "author_flair_background_color": null, "collapsed_because_crowd_control": null, "mod_reports": [], "mod_note": null, "distinguished": null, "_fetched": true}, {"_replies": [], "_submission": "fktw8f", "_reddit": "_reddit", "total_awards_received": 0, "approved_at_utc": null, "ups": 1, "awarders": [], "mod_reason_by": null, "banned_by": null, "author_flair_type": "text", "removal_reason": null, "link_id": "t3_fktw8f", "author_flair_template_id": null, "likes": null, "user_reports": [], "saved": false, "id": "fkxurxj", "banned_at_utc": null, "mod_reason_title": null, "gilded": 0, "archived": false, "no_follow": true, "author": "wiwh404", "can_mod_post": false, "created_utc": 1584635836.0, "send_replies": true, "parent_id": "t1_fkxssqm", "score": 1, "author_fullname": "t2_10ifny", "report_reasons": null, "approved_by": null, "all_awardings": [], "subreddit_id": "t5_2qhfi", "body": "I see. You should consider vectorizing the computations, your software is likely to be way faster on vectors of numbers rather than on a single number at a time.\n\nTake this example:\n\n-1.96 ~ 1.96\n\nWould result in generating 1 standard normal 250k times.\n\nWell, it is often the case that generating 250k standard normal 1 time is way faster.\n\nGiven independence, I see no reason why not to vectorize your implemented functions. \n\nWhat's more, if you find yourself scarce on CPU resource on your server, I would suggest drawing in advance , say 10 billion standard normal, and storing them somewhere. Then, simply choose an index (discrete uniform on the range of indices) and get 250k values from there. Simply multiply by the std Dev and add the mean to get the desired sample. This would save a lot of cpu resources.", "edited": false, "author_flair_css_class": null, "is_submitter": false, "downs": 0, "author_flair_richtext": [], "author_patreon_flair": false, "body_html": "<div class=\"md\"><p>I see. You should consider vectorizing the computations, your software is likely to be way faster on vectors of numbers rather than on a single number at a time.</p>\n\n<p>Take this example:</p>\n\n<p>-1.96 ~ 1.96</p>\n\n<p>Would result in generating 1 standard normal 250k times.</p>\n\n<p>Well, it is often the case that generating 250k standard normal 1 time is way faster.</p>\n\n<p>Given independence, I see no reason why not to vectorize your implemented functions. </p>\n\n<p>What&#39;s more, if you find yourself scarce on CPU resource on your server, I would suggest drawing in advance , say 10 billion standard normal, and storing them somewhere. Then, simply choose an index (discrete uniform on the range of indices) and get 250k values from there. Simply multiply by the std Dev and add the mean to get the desired sample. This would save a lot of cpu resources.</p>\n</div>", "gildings": {}, "collapsed_reason": null, "associated_award": null, "stickied": false, "author_premium": false, "subreddit_type": "public", "can_gild": true, "subreddit": "statistics", "author_flair_text_color": null, "score_hidden": false, "permalink": "/r/statistics/comments/fktw8f/software_seeking_early_feedback_on_a_statistics/fkxurxj/", "num_reports": null, "locked": false, "name": "t1_fkxurxj", "created": 1584664636.0, "author_flair_text": null, "treatment_tags": [], "collapsed": false, "subreddit_name_prefixed": "r/statistics", "controversiality": 0, "depth": 2, "author_flair_background_color": null, "collapsed_because_crowd_control": null, "mod_reports": [], "mod_note": null, "distinguished": null, "_fetched": true}, {"_replies": ["fkvosaq"], "_submission": "fktw8f", "_reddit": "_reddit", "total_awards_received": 0, "approved_at_utc": null, "ups": 1, "awarders": [], "mod_reason_by": null, "banned_by": null, "author_flair_type": "text", "removal_reason": null, "link_id": "t3_fktw8f", "author_flair_template_id": null, "likes": null, "user_reports": [], "saved": false, "id": "fkvnrlz", "banned_at_utc": null, "mod_reason_title": null, "gilded": 0, "archived": false, "no_follow": true, "author": "fphat", "can_mod_post": false, "send_replies": true, "parent_id": "t1_fkvk6jf", "score": 1, "author_fullname": "t2_imyiw", "report_reasons": null, "approved_by": null, "all_awardings": [], "subreddit_id": "t5_2qhfi", "body": "Oh, I think I understand. And I really like your notation (`(x:4~6)`). I might want to implement it as an advanced feature.\n\nIn any case, I'll have to default to _something_ for the ordinary user. Either the independent (sum of 5 draws) or the dependent (5 x one draw) case. I have a feeling that the independent case (the 5 draws) will be _usually_ the more correct approach for the kinds of problems for which people might be using the calculator. But I'll have to think about it some more.", "edited": false, "downs": 0, "author_flair_css_class": null, "is_submitter": true, "collapsed": false, "author_flair_richtext": [], "author_patreon_flair": false, "body_html": "<div class=\"md\"><p>Oh, I think I understand. And I really like your notation (<code>(x:4~6)</code>). I might want to implement it as an advanced feature.</p>\n\n<p>In any case, I&#39;ll have to default to <em>something</em> for the ordinary user. Either the independent (sum of 5 draws) or the dependent (5 x one draw) case. I have a feeling that the independent case (the 5 draws) will be <em>usually</em> the more correct approach for the kinds of problems for which people might be using the calculator. But I&#39;ll have to think about it some more.</p>\n</div>", "gildings": {}, "collapsed_reason": null, "associated_award": null, "stickied": false, "author_premium": true, "subreddit_type": "public", "can_gild": true, "subreddit": "statistics", "author_flair_text_color": null, "score_hidden": false, "permalink": "/r/statistics/comments/fktw8f/software_seeking_early_feedback_on_a_statistics/fkvnrlz/", "num_reports": null, "locked": false, "name": "t1_fkvnrlz", "created": 1584601788.0, "author_flair_text": null, "treatment_tags": [], "created_utc": 1584572988.0, "subreddit_name_prefixed": "r/statistics", "controversiality": 0, "depth": 3, "author_flair_background_color": null, "collapsed_because_crowd_control": null, "mod_reports": [], "mod_note": null, "distinguished": null, "_fetched": true}, {"_replies": ["fkwf4iq"], "_submission": "fktw8f", "_reddit": "_reddit", "total_awards_received": 0, "approved_at_utc": null, "ups": 2, "awarders": [], "mod_reason_by": null, "banned_by": null, "author_flair_type": "text", "removal_reason": null, "link_id": "t3_fktw8f", "author_flair_template_id": null, "likes": null, "user_reports": [], "saved": false, "id": "fkvosaq", "banned_at_utc": null, "mod_reason_title": null, "gilded": 0, "archived": false, "no_follow": true, "author": "t4YWqYUUgDDpShW2", "can_mod_post": false, "send_replies": true, "parent_id": "t1_fkvnrlz", "score": 2, "author_fullname": "t2_3ehlskt5", "report_reasons": null, "approved_by": null, "all_awardings": [], "subreddit_id": "t5_2qhfi", "collapsed": false, "body": "If i may suggest, I'd stick with what how you have it now for independence, so that an instance of A~B represents a nice simple draw from it. Then f(A~B) is just taking a bunch of draws and plugging them through f. Whether that's f(x) = x*5 or f(x) = x+1. \n\nI could imagine a convention where every interval expression without a variable is assumed independent, like you have it already, and interval expressions with variables are only treated differently when a variable is repeated.\n\nSo (in no-variable notation) 4~6 + 4~6 is (in variable based notation) x:4~6 + y:4~6, and 4~6 * 5 is (x:4~6) * 5, but (x:4~6) - (x:4~6) = 0~0", "edited": false, "author_flair_css_class": null, "is_submitter": false, "downs": 0, "author_flair_richtext": [], "author_patreon_flair": false, "body_html": "<div class=\"md\"><p>If i may suggest, I&#39;d stick with what how you have it now for independence, so that an instance of A~B represents a nice simple draw from it. Then f(A~B) is just taking a bunch of draws and plugging them through f. Whether that&#39;s f(x) = x*5 or f(x) = x+1. </p>\n\n<p>I could imagine a convention where every interval expression without a variable is assumed independent, like you have it already, and interval expressions with variables are only treated differently when a variable is repeated.</p>\n\n<p>So (in no-variable notation) 4~6 + 4~6 is (in variable based notation) x:4~6 + y:4~6, and 4~6 * 5 is (x:4~6) * 5, but (x:4~6) - (x:4~6) = 0~0</p>\n</div>", "gildings": {}, "collapsed_reason": null, "associated_award": null, "stickied": false, "author_premium": false, "subreddit_type": "public", "can_gild": true, "subreddit": "statistics", "author_flair_text_color": null, "score_hidden": false, "permalink": "/r/statistics/comments/fktw8f/software_seeking_early_feedback_on_a_statistics/fkvosaq/", "num_reports": null, "locked": false, "name": "t1_fkvosaq", "created": 1584602387.0, "author_flair_text": null, "treatment_tags": [], "created_utc": 1584573587.0, "subreddit_name_prefixed": "r/statistics", "controversiality": 0, "depth": 4, "author_flair_background_color": null, "collapsed_because_crowd_control": null, "mod_reports": [], "mod_note": null, "distinguished": null, "_fetched": true}, {"_replies": [], "_submission": "fktw8f", "_reddit": "_reddit", "total_awards_received": 0, "approved_at_utc": null, "ups": 1, "awarders": [], "mod_reason_by": null, "banned_by": null, "author_flair_type": "text", "removal_reason": null, "link_id": "t3_fktw8f", "author_flair_template_id": null, "likes": null, "user_reports": [], "saved": false, "id": "fkwf4iq", "banned_at_utc": null, "mod_reason_title": null, "gilded": 0, "archived": false, "no_follow": true, "author": "fphat", "can_mod_post": false, "created_utc": 1584590734.0, "send_replies": true, "parent_id": "t1_fkvosaq", "score": 1, "author_fullname": "t2_imyiw", "report_reasons": null, "approved_by": null, "all_awardings": [], "subreddit_id": "t5_2qhfi", "body": "Thanks, that is very helpful!", "edited": false, "author_flair_css_class": null, "is_submitter": true, "downs": 0, "author_flair_richtext": [], "author_patreon_flair": false, "body_html": "<div class=\"md\"><p>Thanks, that is very helpful!</p>\n</div>", "gildings": {}, "collapsed_reason": null, "associated_award": null, "stickied": false, "author_premium": true, "subreddit_type": "public", "can_gild": true, "subreddit": "statistics", "author_flair_text_color": null, "score_hidden": false, "permalink": "/r/statistics/comments/fktw8f/software_seeking_early_feedback_on_a_statistics/fkwf4iq/", "num_reports": null, "locked": false, "name": "t1_fkwf4iq", "created": 1584619534.0, "author_flair_text": null, "treatment_tags": [], "collapsed": false, "subreddit_name_prefixed": "r/statistics", "controversiality": 0, "depth": 5, "author_flair_background_color": null, "collapsed_because_crowd_control": null, "mod_reports": [], "mod_note": null, "distinguished": null, "_fetched": true}]}