{"_reddit": "_reddit", "approved_at_utc": null, "subreddit": "statistics", "selftext": "I've seen a lot of posts on this sub asking about stats because their high school teacher said stats is pointless now. Unless they are fresh out of the industry and retiring into high school ed, they do not know what's up. Don't listen to them and look for advice from people who are actually in the business.\n\n&#x200B;\n\nEDIT: Went a little hard with the wording here. I stand by my point but I definitely don't want to imply that ALL teachers know NOTHING. I'm more talking about the overwhelmingly negative or dismissive ones, who I've certainly encountered. Much love to the educators!", "author_fullname": "t2_ywtp0", "saved": false, "mod_reason_title": null, "gilded": 0, "clicked": false, "title": "[M] PSA: Your High School Teacher Likely Doesn't Know What They're Talking About", "link_flair_richtext": [], "subreddit_name_prefixed": "r/statistics", "hidden": false, "pwls": 6, "link_flair_css_class": null, "downs": 0, "hide_score": false, "name": "t3_gl3qwi", "quarantine": false, "link_flair_text_color": "dark", "upvote_ratio": 0.89, "author_flair_background_color": null, "subreddit_type": "public", "ups": 172, "total_awards_received": 0, "media_embed": {}, "author_flair_template_id": null, "is_original_content": false, "user_reports": [], "secure_media": null, "is_reddit_media_domain": false, "is_meta": false, "category": null, "secure_media_embed": {}, "link_flair_text": "Meta", "can_mod_post": false, "score": 172, "approved_by": null, "author_premium": false, "thumbnail": "", "edited": 1589680071.0, "author_flair_css_class": null, "author_flair_richtext": [], "gildings": {}, "content_categories": null, "is_self": true, "mod_note": null, "created": 1589696964.0, "link_flair_type": "text", "wls": 6, "removed_by_category": null, "banned_by": null, "author_flair_type": "text", "domain": "self.statistics", "allow_live_comments": true, "selftext_html": "<!-- SC_OFF --><div class=\"md\"><p>I&#39;ve seen a lot of posts on this sub asking about stats because their high school teacher said stats is pointless now. Unless they are fresh out of the industry and retiring into high school ed, they do not know what&#39;s up. Don&#39;t listen to them and look for advice from people who are actually in the business.</p>\n\n<p>&#x200B;</p>\n\n<p>EDIT: Went a little hard with the wording here. I stand by my point but I definitely don&#39;t want to imply that ALL teachers know NOTHING. I&#39;m more talking about the overwhelmingly negative or dismissive ones, who I&#39;ve certainly encountered. Much love to the educators!</p>\n</div><!-- SC_ON -->", "likes": null, "suggested_sort": null, "banned_at_utc": null, "view_count": null, "archived": false, "no_follow": false, "is_crosspostable": true, "pinned": false, "over_18": false, "all_awardings": [], "awarders": [], "media_only": false, "can_gild": true, "spoiler": false, "locked": false, "author_flair_text": null, "treatment_tags": [], "visited": false, "removed_by": null, "num_reports": null, "distinguished": null, "subreddit_id": "t5_2qhfi", "mod_reason_by": null, "removal_reason": null, "link_flair_background_color": "", "id": "gl3qwi", "is_robot_indexable": true, "report_reasons": null, "author": "BassandBows", "discussion_type": null, "num_comments": 31, "send_replies": true, "whitelist_status": "all_ads", "contest_mode": false, "mod_reports": [], "author_patreon_flair": false, "author_flair_text_color": null, "permalink": "/r/statistics/comments/gl3qwi/m_psa_your_high_school_teacher_likely_doesnt_know/", "parent_whitelist_status": "all_ads", "stickied": false, "url": "https://www.reddit.com/r/statistics/comments/gl3qwi/m_psa_your_high_school_teacher_likely_doesnt_know/", "subreddit_subscribers": 106208, "created_utc": 1589668164.0, "num_crossposts": 0, "media": null, "is_video": false, "_fetched": false, "comment_limit": 2048, "comment_sort": "best", "_comments_by_id": {}, "_comments": [{"_replies": ["fqv6i0l", "fqvbq89"], "_submission": "gl3qwi", "_reddit": "_reddit", "total_awards_received": 0, "approved_at_utc": null, "ups": 126, "awarders": [], "mod_reason_by": null, "banned_by": null, "author_flair_type": "text", "removal_reason": null, "link_id": "t3_gl3qwi", "author_flair_template_id": null, "likes": null, "user_reports": [], "saved": false, "id": "fqv5m2m", "banned_at_utc": null, "mod_reason_title": null, "gilded": 0, "archived": false, "no_follow": false, "author": "ruebs_13", "can_mod_post": false, "send_replies": true, "parent_id": "t3_gl3qwi", "score": 126, "author_fullname": "t2_4e1ncnlo", "report_reasons": null, "approved_by": null, "all_awardings": [], "subreddit_id": "t5_2qhfi", "body": "I\u2019m an AP Stats teacher that has a MS in biostatistics. I emphasize just how important stats is EVERYWHERE. I cannot believe teachers would say it doesn\u2019t have any importance. \n\nIt\u2019s the most relevant math and the foundation for data and information science. \n\nI agree with you, but I really hope teachers aren\u2019t saying this.", "edited": false, "downs": 0, "author_flair_css_class": null, "is_submitter": false, "collapsed": false, "author_flair_richtext": [], "author_patreon_flair": false, "body_html": "<div class=\"md\"><p>I\u2019m an AP Stats teacher that has a MS in biostatistics. I emphasize just how important stats is EVERYWHERE. I cannot believe teachers would say it doesn\u2019t have any importance. </p>\n\n<p>It\u2019s the most relevant math and the foundation for data and information science. </p>\n\n<p>I agree with you, but I really hope teachers aren\u2019t saying this.</p>\n</div>", "gildings": {}, "collapsed_reason": null, "associated_award": null, "stickied": false, "author_premium": false, "subreddit_type": "public", "can_gild": true, "subreddit": "statistics", "author_flair_text_color": null, "score_hidden": false, "permalink": "/r/statistics/comments/gl3qwi/m_psa_your_high_school_teacher_likely_doesnt_know/fqv5m2m/", "num_reports": null, "locked": false, "name": "t1_fqv5m2m", "created": 1589699136.0, "author_flair_text": null, "treatment_tags": [], "created_utc": 1589670336.0, "subreddit_name_prefixed": "r/statistics", "controversiality": 0, "depth": 0, "author_flair_background_color": null, "collapsed_because_crowd_control": null, "mod_reports": [], "mod_note": null, "distinguished": null, "_fetched": true}, {"_replies": ["fqvc0e7"], "_submission": "gl3qwi", "_reddit": "_reddit", "total_awards_received": 0, "approved_at_utc": null, "ups": 30, "awarders": [], "mod_reason_by": null, "banned_by": null, "author_flair_type": "text", "removal_reason": null, "link_id": "t3_gl3qwi", "author_flair_template_id": null, "likes": null, "user_reports": [], "saved": false, "id": "fqv6zd3", "banned_at_utc": null, "mod_reason_title": null, "gilded": 0, "archived": false, "no_follow": false, "author": "koplinsol", "can_mod_post": false, "send_replies": true, "parent_id": "t3_gl3qwi", "score": 30, "author_fullname": "t2_17evu8", "report_reasons": null, "approved_by": null, "all_awardings": [], "subreddit_id": "t5_2qhfi", "body": "As a math and stats teacher pursuing my masters in analytics, I see first hand the absolute ignorance of my colleagues when it comes to offering advice on ANY field, let alone stats. Don't let the haters get ya down.", "edited": false, "downs": 0, "author_flair_css_class": null, "is_submitter": false, "collapsed": false, "author_flair_richtext": [], "author_patreon_flair": false, "body_html": "<div class=\"md\"><p>As a math and stats teacher pursuing my masters in analytics, I see first hand the absolute ignorance of my colleagues when it comes to offering advice on ANY field, let alone stats. Don&#39;t let the haters get ya down.</p>\n</div>", "gildings": {}, "collapsed_reason": null, "associated_award": null, "stickied": false, "author_premium": false, "subreddit_type": "public", "can_gild": true, "subreddit": "statistics", "author_flair_text_color": null, "score_hidden": false, "permalink": "/r/statistics/comments/gl3qwi/m_psa_your_high_school_teacher_likely_doesnt_know/fqv6zd3/", "num_reports": null, "locked": false, "name": "t1_fqv6zd3", "created": 1589699932.0, "author_flair_text": null, "treatment_tags": [], "created_utc": 1589671132.0, "subreddit_name_prefixed": "r/statistics", "controversiality": 0, "depth": 0, "author_flair_background_color": null, "collapsed_because_crowd_control": null, "mod_reports": [], "mod_note": null, "distinguished": null, "_fetched": true}, {"_replies": ["fqvm3x8", "fqvlskl"], "_submission": "gl3qwi", "_reddit": "_reddit", "total_awards_received": 0, "approved_at_utc": null, "ups": 21, "awarders": [], "mod_reason_by": null, "banned_by": null, "author_flair_type": "text", "removal_reason": null, "link_id": "t3_gl3qwi", "author_flair_template_id": null, "likes": null, "user_reports": [], "saved": false, "id": "fqvbazi", "banned_at_utc": null, "mod_reason_title": null, "gilded": 0, "archived": false, "no_follow": false, "author": "lifeisgolden414", "can_mod_post": false, "send_replies": true, "parent_id": "t3_gl3qwi", "score": 21, "author_fullname": "t2_4z11sab9", "report_reasons": null, "approved_by": null, "all_awardings": [], "subreddit_id": "t5_2qhfi", "body": "I am an AP Stats teacher. I tell my students that apart from vocational courses, I think stats is the most relevant class taught at the school. I do not think you can take one or two posts about high school teachers and apply it to all of us. I love my students, and I love the subject of stats and I will always encourage my students to go into stats heavy fields.", "edited": false, "downs": 0, "author_flair_css_class": null, "is_submitter": false, "collapsed": false, "author_flair_richtext": [], "author_patreon_flair": false, "body_html": "<div class=\"md\"><p>I am an AP Stats teacher. I tell my students that apart from vocational courses, I think stats is the most relevant class taught at the school. I do not think you can take one or two posts about high school teachers and apply it to all of us. I love my students, and I love the subject of stats and I will always encourage my students to go into stats heavy fields.</p>\n</div>", "gildings": {}, "collapsed_reason": null, "associated_award": null, "stickied": false, "author_premium": false, "subreddit_type": "public", "can_gild": true, "subreddit": "statistics", "author_flair_text_color": null, "score_hidden": false, "permalink": "/r/statistics/comments/gl3qwi/m_psa_your_high_school_teacher_likely_doesnt_know/fqvbazi/", "num_reports": null, "locked": false, "name": "t1_fqvbazi", "created": 1589702447.0, "author_flair_text": null, "treatment_tags": [], "created_utc": 1589673647.0, "subreddit_name_prefixed": "r/statistics", "controversiality": 0, "depth": 0, "author_flair_background_color": null, "collapsed_because_crowd_control": null, "mod_reports": [], "mod_note": null, "distinguished": null, "_fetched": true}, {"_replies": ["fqvbabl"], "_submission": "gl3qwi", "_reddit": "_reddit", "total_awards_received": 0, "approved_at_utc": null, "ups": 13, "awarders": [], "mod_reason_by": null, "banned_by": null, "author_flair_type": "text", "removal_reason": null, "link_id": "t3_gl3qwi", "author_flair_template_id": null, "likes": null, "user_reports": [], "saved": false, "id": "fqv89um", "banned_at_utc": null, "mod_reason_title": null, "gilded": 0, "archived": false, "no_follow": false, "author": "gryphus-one", "can_mod_post": false, "send_replies": true, "parent_id": "t3_gl3qwi", "score": 13, "author_fullname": "t2_gncp9vb", "report_reasons": null, "approved_by": null, "all_awardings": [], "subreddit_id": "t5_2qhfi", "body": "Everyone hated on my AP Stats teacher because he was kinda clueless, but I have to hand it to him for bringing in people from industry for a few guest lectures. Got me super excited about the field and now I\u2019m doing my masters in stats.", "edited": false, "downs": 0, "author_flair_css_class": null, "is_submitter": false, "collapsed": false, "author_flair_richtext": [], "author_patreon_flair": false, "body_html": "<div class=\"md\"><p>Everyone hated on my AP Stats teacher because he was kinda clueless, but I have to hand it to him for bringing in people from industry for a few guest lectures. Got me super excited about the field and now I\u2019m doing my masters in stats.</p>\n</div>", "gildings": {}, "collapsed_reason": null, "associated_award": null, "stickied": false, "author_premium": false, "subreddit_type": "public", "can_gild": true, "subreddit": "statistics", "author_flair_text_color": null, "score_hidden": false, "permalink": "/r/statistics/comments/gl3qwi/m_psa_your_high_school_teacher_likely_doesnt_know/fqv89um/", "num_reports": null, "locked": false, "name": "t1_fqv89um", "created": 1589700686.0, "author_flair_text": null, "treatment_tags": [], "created_utc": 1589671886.0, "subreddit_name_prefixed": "r/statistics", "controversiality": 0, "depth": 0, "author_flair_background_color": null, "collapsed_because_crowd_control": null, "mod_reports": [], "mod_note": null, "distinguished": null, "_fetched": true}, {"_replies": [], "_submission": "gl3qwi", "_reddit": "_reddit", "total_awards_received": 0, "approved_at_utc": null, "ups": 9, "awarders": [], "mod_reason_by": null, "banned_by": null, "author_flair_type": "text", "removal_reason": null, "link_id": "t3_gl3qwi", "author_flair_template_id": null, "likes": null, "user_reports": [], "saved": false, "id": "fqvynrk", "banned_at_utc": null, "mod_reason_title": null, "gilded": 0, "archived": false, "no_follow": false, "author": "statswriter", "can_mod_post": false, "send_replies": true, "parent_id": "t3_gl3qwi", "score": 9, "author_fullname": "t2_69ec3b8s", "report_reasons": null, "approved_by": null, "all_awardings": [], "subreddit_id": "t5_2qhfi", "body": "I'm afraid the real villain is marketing. People are led to believe that 'data science' is a different animal from statistics. Sometimes there are 'data science' textbooks which ignore statistical assumptions completely or at best have them tucked away near the back in some type of appendix. I regret to say that therefore a lot of data scientists are hired knowing how to program (sorry, 'code') but do not really understand what they are doing. Stats are important.", "edited": false, "downs": 0, "author_flair_css_class": null, "is_submitter": false, "collapsed": false, "author_flair_richtext": [], "author_patreon_flair": false, "body_html": "<div class=\"md\"><p>I&#39;m afraid the real villain is marketing. People are led to believe that &#39;data science&#39; is a different animal from statistics. Sometimes there are &#39;data science&#39; textbooks which ignore statistical assumptions completely or at best have them tucked away near the back in some type of appendix. I regret to say that therefore a lot of data scientists are hired knowing how to program (sorry, &#39;code&#39;) but do not really understand what they are doing. Stats are important.</p>\n</div>", "gildings": {}, "collapsed_reason": null, "associated_award": null, "stickied": false, "author_premium": false, "subreddit_type": "public", "can_gild": true, "subreddit": "statistics", "author_flair_text_color": null, "score_hidden": false, "permalink": "/r/statistics/comments/gl3qwi/m_psa_your_high_school_teacher_likely_doesnt_know/fqvynrk/", "num_reports": null, "locked": false, "name": "t1_fqvynrk", "created": 1589717022.0, "author_flair_text": null, "treatment_tags": [], "created_utc": 1589688222.0, "subreddit_name_prefixed": "r/statistics", "controversiality": 0, "depth": 0, "author_flair_background_color": null, "collapsed_because_crowd_control": null, "mod_reports": [], "mod_note": null, "distinguished": null, "_fetched": true}, {"_replies": [], "_submission": "gl3qwi", "_reddit": "_reddit", "total_awards_received": 0, "approved_at_utc": null, "ups": 3, "awarders": [], "mod_reason_by": null, "banned_by": null, "author_flair_type": "text", "removal_reason": null, "link_id": "t3_gl3qwi", "author_flair_template_id": null, "likes": null, "user_reports": [], "saved": false, "id": "fqvsv5z", "banned_at_utc": null, "mod_reason_title": null, "gilded": 0, "archived": false, "no_follow": true, "author": "aussiebelle", "can_mod_post": false, "send_replies": true, "parent_id": "t3_gl3qwi", "score": 3, "author_fullname": "t2_ov1ju", "report_reasons": null, "approved_by": null, "all_awardings": [], "subreddit_id": "t5_2qhfi", "body": "I think part of the problem, here anyway, is that regardless of what area your original degree was in, if you get the post grad in teaching you can just choose which area you want to teach in. So you have people with no actual background in what they are teaching, or are teaching a broader subject than what they actually studied and we end up with issues like this.", "edited": false, "downs": 0, "author_flair_css_class": null, "is_submitter": false, "collapsed": false, "author_flair_richtext": [], "author_patreon_flair": false, "body_html": "<div class=\"md\"><p>I think part of the problem, here anyway, is that regardless of what area your original degree was in, if you get the post grad in teaching you can just choose which area you want to teach in. So you have people with no actual background in what they are teaching, or are teaching a broader subject than what they actually studied and we end up with issues like this.</p>\n</div>", "gildings": {}, "collapsed_reason": null, "associated_award": null, "stickied": false, "author_premium": false, "subreddit_type": "public", "can_gild": true, "subreddit": "statistics", "author_flair_text_color": null, "score_hidden": false, "permalink": "/r/statistics/comments/gl3qwi/m_psa_your_high_school_teacher_likely_doesnt_know/fqvsv5z/", "num_reports": null, "locked": false, "name": "t1_fqvsv5z", "created": 1589713212.0, "author_flair_text": null, "treatment_tags": [], "created_utc": 1589684412.0, "subreddit_name_prefixed": "r/statistics", "controversiality": 0, "depth": 0, "author_flair_background_color": null, "collapsed_because_crowd_control": null, "mod_reports": [], "mod_note": null, "distinguished": null, "_fetched": true}, {"_replies": ["fqx1pi6"], "_submission": "gl3qwi", "_reddit": "_reddit", "total_awards_received": 0, "approved_at_utc": null, "ups": 2, "awarders": [], "mod_reason_by": null, "banned_by": null, "author_flair_type": "text", "removal_reason": null, "link_id": "t3_gl3qwi", "author_flair_template_id": null, "likes": null, "user_reports": [], "saved": false, "id": "fqwh6hb", "banned_at_utc": null, "mod_reason_title": null, "gilded": 0, "archived": false, "no_follow": true, "author": "TyrannosaurusBrexit", "can_mod_post": false, "send_replies": true, "parent_id": "t3_gl3qwi", "score": 2, "author_fullname": "t2_21nqxgai", "report_reasons": null, "approved_by": null, "all_awardings": [], "subreddit_id": "t5_2qhfi", "body": "Where I am from (the Netherlands) formally you can\u2019t teach high schoolers without having both a bachelor and a master degree (and an extra year on top to get your teachers license) in the subject. Is this so different in other countries? Because I would think/hope that anyone with a masters in math isn\u2019t going to say that statistics is worthless because of computers.", "edited": false, "downs": 0, "author_flair_css_class": null, "is_submitter": false, "collapsed": false, "author_flair_richtext": [], "author_patreon_flair": false, "body_html": "<div class=\"md\"><p>Where I am from (the Netherlands) formally you can\u2019t teach high schoolers without having both a bachelor and a master degree (and an extra year on top to get your teachers license) in the subject. Is this so different in other countries? Because I would think/hope that anyone with a masters in math isn\u2019t going to say that statistics is worthless because of computers.</p>\n</div>", "gildings": {}, "collapsed_reason": null, "associated_award": null, "stickied": false, "author_premium": false, "subreddit_type": "public", "can_gild": true, "subreddit": "statistics", "author_flair_text_color": null, "score_hidden": false, "permalink": "/r/statistics/comments/gl3qwi/m_psa_your_high_school_teacher_likely_doesnt_know/fqwh6hb/", "num_reports": null, "locked": false, "name": "t1_fqwh6hb", "created": 1589733069.0, "author_flair_text": null, "treatment_tags": [], "created_utc": 1589704269.0, "subreddit_name_prefixed": "r/statistics", "controversiality": 0, "depth": 0, "author_flair_background_color": null, "collapsed_because_crowd_control": null, "mod_reports": [], "mod_note": null, "distinguished": null, "_fetched": true}, {"_replies": ["fqvm6z8"], "_submission": "gl3qwi", "_reddit": "_reddit", "total_awards_received": 0, "approved_at_utc": null, "ups": 3, "awarders": [], "mod_reason_by": null, "banned_by": null, "author_flair_type": "text", "removal_reason": null, "link_id": "t3_gl3qwi", "author_flair_template_id": null, "likes": null, "user_reports": [], "saved": false, "id": "fqv8eky", "banned_at_utc": null, "mod_reason_title": null, "gilded": 0, "archived": false, "no_follow": true, "author": "Karsticles", "can_mod_post": false, "send_replies": true, "parent_id": "t3_gl3qwi", "score": 3, "author_fullname": "t2_tcne0", "report_reasons": null, "approved_by": null, "all_awardings": [], "subreddit_id": "t5_2qhfi", "body": "It's more like people outside of any field likely don't know much about it.", "edited": false, "downs": 0, "author_flair_css_class": null, "is_submitter": false, "collapsed": false, "author_flair_richtext": [], "author_patreon_flair": false, "body_html": "<div class=\"md\"><p>It&#39;s more like people outside of any field likely don&#39;t know much about it.</p>\n</div>", "gildings": {}, "collapsed_reason": null, "associated_award": null, "stickied": false, "author_premium": false, "subreddit_type": "public", "can_gild": true, "subreddit": "statistics", "author_flair_text_color": null, "score_hidden": false, "permalink": "/r/statistics/comments/gl3qwi/m_psa_your_high_school_teacher_likely_doesnt_know/fqv8eky/", "num_reports": null, "locked": false, "name": "t1_fqv8eky", "created": 1589700763.0, "author_flair_text": null, "treatment_tags": [], "created_utc": 1589671963.0, "subreddit_name_prefixed": "r/statistics", "controversiality": 0, "depth": 0, "author_flair_background_color": null, "collapsed_because_crowd_control": null, "mod_reports": [], "mod_note": null, "distinguished": null, "_fetched": true}, {"_replies": ["fqvmbzd"], "_submission": "gl3qwi", "_reddit": "_reddit", "total_awards_received": 0, "approved_at_utc": null, "ups": 3, "awarders": [], "mod_reason_by": null, "banned_by": null, "author_flair_type": "text", "removal_reason": null, "link_id": "t3_gl3qwi", "author_flair_template_id": null, "likes": null, "user_reports": [], "saved": false, "id": "fqvcf0n", "banned_at_utc": null, "mod_reason_title": null, "gilded": 0, "archived": false, "no_follow": true, "author": "ascandalia", "can_mod_post": false, "send_replies": true, "parent_id": "t3_gl3qwi", "score": 3, "author_fullname": "t2_my5y3", "report_reasons": null, "approved_by": null, "all_awardings": [], "subreddit_id": "t5_2qhfi", "body": "There are exceptions, but in my fairly broad experience, most high school math teachers have little to no grasp of the subject matter's usefulness or importance. I had a brief year as a pure math major, most everyone in my class was a \"math as secondary ed\" major, and let's just say they were minimally interested in grasping the intricacies of number theory. Now I'm an engineer, I use stats, algebra, and geometry in my job every day. None of my high school math teachers could explain what I do with it, and none of those people I went to college with could either.\n\nIf this post annoys you, you're one of the exceptions.", "edited": false, "downs": 0, "author_flair_css_class": null, "is_submitter": false, "collapsed": false, "author_flair_richtext": [], "author_patreon_flair": false, "body_html": "<div class=\"md\"><p>There are exceptions, but in my fairly broad experience, most high school math teachers have little to no grasp of the subject matter&#39;s usefulness or importance. I had a brief year as a pure math major, most everyone in my class was a &quot;math as secondary ed&quot; major, and let&#39;s just say they were minimally interested in grasping the intricacies of number theory. Now I&#39;m an engineer, I use stats, algebra, and geometry in my job every day. None of my high school math teachers could explain what I do with it, and none of those people I went to college with could either.</p>\n\n<p>If this post annoys you, you&#39;re one of the exceptions.</p>\n</div>", "gildings": {}, "collapsed_reason": null, "associated_award": null, "stickied": false, "author_premium": false, "subreddit_type": "public", "can_gild": true, "subreddit": "statistics", "author_flair_text_color": null, "score_hidden": false, "permalink": "/r/statistics/comments/gl3qwi/m_psa_your_high_school_teacher_likely_doesnt_know/fqvcf0n/", "num_reports": null, "locked": false, "name": "t1_fqvcf0n", "created": 1589703114.0, "author_flair_text": null, "treatment_tags": [], "created_utc": 1589674314.0, "subreddit_name_prefixed": "r/statistics", "controversiality": 0, "depth": 0, "author_flair_background_color": null, "collapsed_because_crowd_control": null, "mod_reports": [], "mod_note": null, "distinguished": null, "_fetched": true}, {"_replies": [], "_submission": "gl3qwi", "_reddit": "_reddit", "total_awards_received": 0, "approved_at_utc": null, "ups": 1, "awarders": [], "mod_reason_by": null, "banned_by": null, "author_flair_type": "text", "removal_reason": null, "link_id": "t3_gl3qwi", "author_flair_template_id": null, "likes": null, "user_reports": [], "saved": false, "id": "fqvxsmo", "banned_at_utc": null, "mod_reason_title": null, "gilded": 0, "archived": false, "no_follow": true, "author": "Boo_Dough", "can_mod_post": false, "send_replies": true, "parent_id": "t3_gl3qwi", "score": 1, "author_fullname": "t2_ivmre2l", "report_reasons": null, "approved_by": null, "all_awardings": [], "subreddit_id": "t5_2qhfi", "body": "Im an AP stats student, I take my exam this friday. I doubt I will pass because I struggled and never took the class seriously. I am studying more than I have before. However the class taught me a lot of fundamentals that I think is necessary for life. I found it so valuable that despite me failing the AP stats test my goal now is to continue studying statistics in hopes it can help me in my life for my own career and or financial decisions.", "edited": false, "downs": 0, "author_flair_css_class": null, "is_submitter": false, "collapsed": false, "author_flair_richtext": [], "author_patreon_flair": false, "body_html": "<div class=\"md\"><p>Im an AP stats student, I take my exam this friday. I doubt I will pass because I struggled and never took the class seriously. I am studying more than I have before. However the class taught me a lot of fundamentals that I think is necessary for life. I found it so valuable that despite me failing the AP stats test my goal now is to continue studying statistics in hopes it can help me in my life for my own career and or financial decisions.</p>\n</div>", "gildings": {}, "collapsed_reason": null, "associated_award": null, "stickied": false, "author_premium": false, "subreddit_type": "public", "can_gild": true, "subreddit": "statistics", "author_flair_text_color": null, "score_hidden": false, "permalink": "/r/statistics/comments/gl3qwi/m_psa_your_high_school_teacher_likely_doesnt_know/fqvxsmo/", "num_reports": null, "locked": false, "name": "t1_fqvxsmo", "created": 1589716434.0, "author_flair_text": null, "treatment_tags": [], "created_utc": 1589687634.0, "subreddit_name_prefixed": "r/statistics", "controversiality": 0, "depth": 0, "author_flair_background_color": null, "collapsed_because_crowd_control": null, "mod_reports": [], "mod_note": null, "distinguished": null, "_fetched": true}, {"_replies": [], "_submission": "gl3qwi", "_reddit": "_reddit", "total_awards_received": 0, "approved_at_utc": null, "ups": 1, "awarders": [], "mod_reason_by": null, "banned_by": null, "author_flair_type": "text", "removal_reason": null, "link_id": "t3_gl3qwi", "author_flair_template_id": null, "likes": null, "user_reports": [], "saved": false, "id": "fqwq9nn", "banned_at_utc": null, "mod_reason_title": null, "gilded": 0, "archived": false, "no_follow": true, "author": "DeltaJuliett", "can_mod_post": false, "send_replies": true, "parent_id": "t3_gl3qwi", "score": 1, "author_fullname": "t2_bd7ai", "report_reasons": null, "approved_by": null, "all_awardings": [], "subreddit_id": "t5_2qhfi", "body": "In response to that I like to admit that I just hated statistics due to it being explained 'as is' without ever stating the practical applications.     \nWhen I wanted to learn a bit more about ML I found out that it is a lot of statistics. Opened my eyes.", "edited": false, "downs": 0, "author_flair_css_class": null, "is_submitter": false, "collapsed": false, "author_flair_richtext": [], "author_patreon_flair": false, "body_html": "<div class=\"md\"><p>In response to that I like to admit that I just hated statistics due to it being explained &#39;as is&#39; without ever stating the practical applications.<br/>\nWhen I wanted to learn a bit more about ML I found out that it is a lot of statistics. Opened my eyes.</p>\n</div>", "gildings": {}, "collapsed_reason": null, "associated_award": null, "stickied": false, "author_premium": false, "subreddit_type": "public", "can_gild": true, "subreddit": "statistics", "author_flair_text_color": null, "score_hidden": false, "permalink": "/r/statistics/comments/gl3qwi/m_psa_your_high_school_teacher_likely_doesnt_know/fqwq9nn/", "num_reports": null, "locked": false, "name": "t1_fqwq9nn", "created": 1589742714.0, "author_flair_text": null, "treatment_tags": [], "created_utc": 1589713914.0, "subreddit_name_prefixed": "r/statistics", "controversiality": 0, "depth": 0, "author_flair_background_color": null, "collapsed_because_crowd_control": null, "mod_reports": [], "mod_note": null, "distinguished": null, "_fetched": true}, {"_replies": [], "_submission": "gl3qwi", "_reddit": "_reddit", "total_awards_received": 0, "approved_at_utc": null, "ups": 1, "awarders": [], "mod_reason_by": null, "banned_by": null, "author_flair_type": "text", "removal_reason": null, "link_id": "t3_gl3qwi", "author_flair_template_id": null, "likes": null, "user_reports": [], "saved": false, "id": "fqybsgu", "banned_at_utc": null, "mod_reason_title": null, "gilded": 0, "archived": false, "no_follow": true, "author": "Prince_of_Statistics", "can_mod_post": false, "send_replies": true, "parent_id": "t3_gl3qwi", "score": 1, "author_fullname": "t2_2twclse3", "report_reasons": null, "approved_by": null, "all_awardings": [], "subreddit_id": "t5_2qhfi", "body": "Who the hell said that??? It's going to be the sexy field for years to come.", "edited": false, "downs": 0, "author_flair_css_class": null, "is_submitter": false, "collapsed": false, "author_flair_richtext": [], "author_patreon_flair": false, "body_html": "<div class=\"md\"><p>Who the hell said that??? It&#39;s going to be the sexy field for years to come.</p>\n</div>", "gildings": {}, "collapsed_reason": null, "associated_award": null, "stickied": false, "author_premium": false, "subreddit_type": "public", "can_gild": true, "subreddit": "statistics", "author_flair_text_color": null, "score_hidden": false, "permalink": "/r/statistics/comments/gl3qwi/m_psa_your_high_school_teacher_likely_doesnt_know/fqybsgu/", "num_reports": null, "locked": false, "name": "t1_fqybsgu", "created": 1589774843.0, "author_flair_text": null, "treatment_tags": [], "created_utc": 1589746043.0, "subreddit_name_prefixed": "r/statistics", "controversiality": 0, "depth": 0, "author_flair_background_color": null, "collapsed_because_crowd_control": null, "mod_reports": [], "mod_note": null, "distinguished": null, "_fetched": true}, {"_replies": [], "_submission": "gl3qwi", "_reddit": "_reddit", "total_awards_received": 0, "approved_at_utc": null, "ups": 1, "awarders": [], "mod_reason_by": null, "banned_by": null, "author_flair_type": "text", "removal_reason": null, "link_id": "t3_gl3qwi", "author_flair_template_id": null, "likes": null, "user_reports": [], "saved": false, "id": "fr8d57t", "banned_at_utc": null, "mod_reason_title": null, "gilded": 0, "archived": false, "no_follow": true, "author": "meowroarhiss", "can_mod_post": false, "send_replies": true, "parent_id": "t3_gl3qwi", "score": 1, "author_fullname": "t2_51xzw252", "report_reasons": null, "approved_by": null, "all_awardings": [], "subreddit_id": "t5_2qhfi", "body": "My elementary teacher once told me there are two ways to spell island. Island the long way and isle the abbreviation. She lied.", "edited": false, "downs": 0, "author_flair_css_class": null, "is_submitter": false, "collapsed": false, "author_flair_richtext": [], "author_patreon_flair": false, "body_html": "<div class=\"md\"><p>My elementary teacher once told me there are two ways to spell island. Island the long way and isle the abbreviation. She lied.</p>\n</div>", "gildings": {}, "collapsed_reason": null, "associated_award": null, "stickied": false, "author_premium": false, "subreddit_type": "public", "can_gild": true, "subreddit": "statistics", "author_flair_text_color": null, "score_hidden": false, "permalink": "/r/statistics/comments/gl3qwi/m_psa_your_high_school_teacher_likely_doesnt_know/fr8d57t/", "num_reports": null, "locked": false, "name": "t1_fr8d57t", "created": 1590004493.0, "author_flair_text": null, "treatment_tags": [], "created_utc": 1589975693.0, "subreddit_name_prefixed": "r/statistics", "controversiality": 0, "depth": 0, "author_flair_background_color": null, "collapsed_because_crowd_control": null, "mod_reports": [], "mod_note": null, "distinguished": null, "_fetched": true}, {"_replies": [], "_submission": "gl3qwi", "_reddit": "_reddit", "total_awards_received": 0, "approved_at_utc": null, "ups": 1, "awarders": [], "mod_reason_by": null, "banned_by": null, "author_flair_type": "text", "removal_reason": null, "link_id": "t3_gl3qwi", "author_flair_template_id": null, "likes": null, "user_reports": [], "saved": false, "id": "frl65j2", "banned_at_utc": null, "mod_reason_title": null, "gilded": 0, "archived": false, "no_follow": true, "author": "Jinairik", "can_mod_post": false, "send_replies": true, "parent_id": "t3_gl3qwi", "score": 1, "author_fullname": "t2_5vgaj", "report_reasons": null, "approved_by": null, "all_awardings": [], "subreddit_id": "t5_2qhfi", "body": "Definitely late to the party here, but where are high school teachers not promoting stats? At my high school we just saw the largest enrollment in Prob+Stats we've ever had. Ever.", "edited": false, "downs": 0, "author_flair_css_class": null, "is_submitter": false, "collapsed": false, "author_flair_richtext": [], "author_patreon_flair": false, "body_html": "<div class=\"md\"><p>Definitely late to the party here, but where are high school teachers not promoting stats? At my high school we just saw the largest enrollment in Prob+Stats we&#39;ve ever had. Ever.</p>\n</div>", "gildings": {}, "collapsed_reason": null, "associated_award": null, "stickied": false, "author_premium": false, "subreddit_type": "public", "can_gild": true, "subreddit": "statistics", "author_flair_text_color": null, "score_hidden": false, "permalink": "/r/statistics/comments/gl3qwi/m_psa_your_high_school_teacher_likely_doesnt_know/frl65j2/", "num_reports": null, "locked": false, "name": "t1_frl65j2", "created": 1590299131.0, "author_flair_text": null, "treatment_tags": [], "created_utc": 1590270331.0, "subreddit_name_prefixed": "r/statistics", "controversiality": 0, "depth": 0, "author_flair_background_color": null, "collapsed_because_crowd_control": null, "mod_reports": [], "mod_note": null, "distinguished": null, "_fetched": true}, {"_replies": ["fr302vx"], "_submission": "gl3qwi", "_reddit": "_reddit", "total_awards_received": 0, "approved_at_utc": null, "ups": 0, "awarders": [], "mod_reason_by": null, "banned_by": null, "author_flair_type": "text", "removal_reason": null, "link_id": "t3_gl3qwi", "author_flair_template_id": null, "likes": null, "user_reports": [], "saved": false, "id": "fr18rui", "banned_at_utc": null, "mod_reason_title": null, "gilded": 0, "archived": false, "no_follow": true, "author": "midianite_rambler", "can_mod_post": false, "send_replies": true, "parent_id": "t3_gl3qwi", "score": 0, "author_fullname": "t2_4za7z", "report_reasons": null, "approved_by": null, "all_awardings": [], "subreddit_id": "t5_2qhfi", "body": "Congratulations, you've hit the jackpot! r/statistics loves to talk about \"who doesn't really know statistics\". Today it's high school teachers. Who's next? Doctors? Lawyers? They're all a bunch of morons, let's face it. Did they even take measure theory? I rest my case.", "edited": false, "downs": 0, "author_flair_css_class": null, "is_submitter": false, "collapsed": false, "author_flair_richtext": [], "author_patreon_flair": false, "body_html": "<div class=\"md\"><p>Congratulations, you&#39;ve hit the jackpot! <a href=\"/r/statistics\">r/statistics</a> loves to talk about &quot;who doesn&#39;t really know statistics&quot;. Today it&#39;s high school teachers. Who&#39;s next? Doctors? Lawyers? They&#39;re all a bunch of morons, let&#39;s face it. Did they even take measure theory? I rest my case.</p>\n</div>", "gildings": {}, "collapsed_reason": null, "associated_award": null, "stickied": false, "author_premium": false, "subreddit_type": "public", "can_gild": true, "subreddit": "statistics", "author_flair_text_color": null, "score_hidden": false, "permalink": "/r/statistics/comments/gl3qwi/m_psa_your_high_school_teacher_likely_doesnt_know/fr18rui/", "num_reports": null, "locked": false, "name": "t1_fr18rui", "created": 1589844183.0, "author_flair_text": null, "treatment_tags": [], "created_utc": 1589815383.0, "subreddit_name_prefixed": "r/statistics", "controversiality": 0, "depth": 0, "author_flair_background_color": null, "collapsed_because_crowd_control": null, "mod_reports": [], "mod_note": null, "distinguished": null, "_fetched": true}, {"_replies": ["fqv995z"], "_submission": "gl3qwi", "_reddit": "_reddit", "total_awards_received": 0, "approved_at_utc": null, "ups": 23, "awarders": [], "mod_reason_by": null, "banned_by": null, "author_flair_type": "text", "removal_reason": null, "link_id": "t3_gl3qwi", "author_flair_template_id": null, "likes": null, "user_reports": [], "saved": false, "id": "fqv6i0l", "banned_at_utc": null, "mod_reason_title": null, "gilded": 0, "archived": false, "no_follow": false, "author": "richard_sympson", "can_mod_post": false, "send_replies": true, "parent_id": "t1_fqv5m2m", "score": 23, "author_fullname": "t2_gqlco", "report_reasons": null, "approved_by": null, "all_awardings": [], "subreddit_id": "t5_2qhfi", "collapsed": false, "body": "The most recent [post in question](https://www.reddit.com/r/statistics/comments/gksvwj/e_my_hs_mathstats_teacher_literally_laughed_at_me/?utm_source=share&utm_medium=ios_app&utm_name=iossmf) prompting this meta post seems to show such a teacher.  I\u2019m not sure I would agree with OP that teachers don\u2019t know what they\u2019re talking about, I think the skepticism of teachers like that can start in a much more superficial level: why would you take the advice of a teacher who belittles their own specialty when someone expresses interest in it?", "edited": false, "author_flair_css_class": null, "is_submitter": false, "downs": 0, "author_flair_richtext": [], "author_patreon_flair": false, "body_html": "<div class=\"md\"><p>The most recent <a href=\"https://www.reddit.com/r/statistics/comments/gksvwj/e_my_hs_mathstats_teacher_literally_laughed_at_me/?utm_source=share&amp;utm_medium=ios_app&amp;utm_name=iossmf\">post in question</a> prompting this meta post seems to show such a teacher.  I\u2019m not sure I would agree with OP that teachers don\u2019t know what they\u2019re talking about, I think the skepticism of teachers like that can start in a much more superficial level: why would you take the advice of a teacher who belittles their own specialty when someone expresses interest in it?</p>\n</div>", "gildings": {}, "collapsed_reason": null, "associated_award": null, "stickied": false, "author_premium": false, "subreddit_type": "public", "can_gild": true, "subreddit": "statistics", "author_flair_text_color": null, "score_hidden": false, "permalink": "/r/statistics/comments/gl3qwi/m_psa_your_high_school_teacher_likely_doesnt_know/fqv6i0l/", "num_reports": null, "locked": false, "name": "t1_fqv6i0l", "created": 1589699649.0, "author_flair_text": null, "treatment_tags": [], "created_utc": 1589670849.0, "subreddit_name_prefixed": "r/statistics", "controversiality": 0, "depth": 1, "author_flair_background_color": null, "collapsed_because_crowd_control": null, "mod_reports": [], "mod_note": null, "distinguished": null, "_fetched": true}, {"_replies": [], "_submission": "gl3qwi", "_reddit": "_reddit", "total_awards_received": 0, "approved_at_utc": null, "ups": 6, "awarders": [], "mod_reason_by": null, "banned_by": null, "author_flair_type": "text", "removal_reason": null, "link_id": "t3_gl3qwi", "author_flair_template_id": null, "likes": null, "user_reports": [], "saved": false, "id": "fqvbq89", "banned_at_utc": null, "mod_reason_title": null, "gilded": 0, "archived": false, "no_follow": false, "author": "efrique", "can_mod_post": false, "send_replies": true, "parent_id": "t1_fqv5m2m", "score": 6, "author_fullname": "t2_38629", "report_reasons": null, "approved_by": null, "all_awardings": [], "subreddit_id": "t5_2qhfi", "collapsed": false, "body": "Over the last year or so we've had a fair number of questions both here and at /r/AskStatistics  that had teachers saying it was pointless looking for a career in stats because it was all automated, or similar sentiments.", "edited": false, "author_flair_css_class": null, "is_submitter": false, "downs": 0, "author_flair_richtext": [], "author_patreon_flair": false, "body_html": "<div class=\"md\"><p>Over the last year or so we&#39;ve had a fair number of questions both here and at <a href=\"/r/AskStatistics\">/r/AskStatistics</a>  that had teachers saying it was pointless looking for a career in stats because it was all automated, or similar sentiments.</p>\n</div>", "gildings": {}, "collapsed_reason": null, "associated_award": null, "stickied": false, "author_premium": true, "subreddit_type": "public", "can_gild": true, "subreddit": "statistics", "author_flair_text_color": null, "score_hidden": false, "permalink": "/r/statistics/comments/gl3qwi/m_psa_your_high_school_teacher_likely_doesnt_know/fqvbq89/", "num_reports": null, "locked": false, "name": "t1_fqvbq89", "created": 1589702703.0, "author_flair_text": null, "treatment_tags": [], "created_utc": 1589673903.0, "subreddit_name_prefixed": "r/statistics", "controversiality": 0, "depth": 1, "author_flair_background_color": null, "collapsed_because_crowd_control": null, "mod_reports": [], "mod_note": null, "distinguished": null, "_fetched": true}, {"_replies": [], "_submission": "gl3qwi", "_reddit": "_reddit", "total_awards_received": 0, "approved_at_utc": null, "ups": 16, "awarders": [], "mod_reason_by": null, "banned_by": null, "author_flair_type": "text", "removal_reason": null, "link_id": "t3_gl3qwi", "author_flair_template_id": null, "likes": null, "user_reports": [], "saved": false, "id": "fqvc0e7", "banned_at_utc": null, "mod_reason_title": null, "gilded": 0, "archived": false, "no_follow": false, "author": "forever_erratic", "can_mod_post": false, "send_replies": true, "parent_id": "t1_fqv6zd3", "score": 16, "author_fullname": "t2_3p936", "report_reasons": null, "approved_by": null, "all_awardings": [], "subreddit_id": "t5_2qhfi", "collapsed": false, "body": "Im a biologist, and spent some time teaching about a decade ago, as a \"break\" between phd and postdoc. \n\nIt was crazy, what was going on in science ed. They were teaching teachers the scientific method is bunk, yet also pushing for \"authentic\" inquiry- based learning.\n\nIt was like they couldn't accept that the scientific method isn't a rigid thing always performed in sequence, and so threw the whole thing out for a rebranded \"inquiry\" approach which they continued to rigidly integrate, all while denigrating the \"old and busted\" scientific method.", "edited": false, "author_flair_css_class": null, "is_submitter": false, "downs": 0, "author_flair_richtext": [], "author_patreon_flair": false, "body_html": "<div class=\"md\"><p>Im a biologist, and spent some time teaching about a decade ago, as a &quot;break&quot; between phd and postdoc. </p>\n\n<p>It was crazy, what was going on in science ed. They were teaching teachers the scientific method is bunk, yet also pushing for &quot;authentic&quot; inquiry- based learning.</p>\n\n<p>It was like they couldn&#39;t accept that the scientific method isn&#39;t a rigid thing always performed in sequence, and so threw the whole thing out for a rebranded &quot;inquiry&quot; approach which they continued to rigidly integrate, all while denigrating the &quot;old and busted&quot; scientific method.</p>\n</div>", "gildings": {}, "collapsed_reason": null, "associated_award": null, "stickied": false, "author_premium": false, "subreddit_type": "public", "can_gild": true, "subreddit": "statistics", "author_flair_text_color": null, "score_hidden": false, "permalink": "/r/statistics/comments/gl3qwi/m_psa_your_high_school_teacher_likely_doesnt_know/fqvc0e7/", "num_reports": null, "locked": false, "name": "t1_fqvc0e7", "created": 1589702871.0, "author_flair_text": null, "treatment_tags": [], "created_utc": 1589674071.0, "subreddit_name_prefixed": "r/statistics", "controversiality": 0, "depth": 1, "author_flair_background_color": null, "collapsed_because_crowd_control": null, "mod_reports": [], "mod_note": null, "distinguished": null, "_fetched": true}, {"_replies": ["fqvnalo"], "_submission": "gl3qwi", "_reddit": "_reddit", "total_awards_received": 0, "approved_at_utc": null, "ups": 3, "awarders": [], "mod_reason_by": null, "banned_by": null, "author_flair_type": "text", "removal_reason": null, "link_id": "t3_gl3qwi", "author_flair_template_id": null, "likes": null, "user_reports": [], "saved": false, "id": "fqvm3x8", "banned_at_utc": null, "mod_reason_title": null, "gilded": 0, "archived": false, "no_follow": true, "author": "BassandBows", "can_mod_post": false, "send_replies": true, "parent_id": "t1_fqvbazi", "score": 3, "author_fullname": "t2_ywtp0", "report_reasons": null, "approved_by": null, "all_awardings": [], "subreddit_id": "t5_2qhfi", "collapsed": false, "body": "You sound like a great teacher. Thank you for the good you put into the lives of your students and therefore your community at large!", "edited": false, "author_flair_css_class": null, "is_submitter": true, "downs": 0, "author_flair_richtext": [], "author_patreon_flair": false, "body_html": "<div class=\"md\"><p>You sound like a great teacher. Thank you for the good you put into the lives of your students and therefore your community at large!</p>\n</div>", "gildings": {}, "collapsed_reason": null, "associated_award": null, "stickied": false, "author_premium": false, "subreddit_type": "public", "can_gild": true, "subreddit": "statistics", "author_flair_text_color": null, "score_hidden": false, "permalink": "/r/statistics/comments/gl3qwi/m_psa_your_high_school_teacher_likely_doesnt_know/fqvm3x8/", "num_reports": null, "locked": false, "name": "t1_fqvm3x8", "created": 1589708982.0, "author_flair_text": null, "treatment_tags": [], "created_utc": 1589680182.0, "subreddit_name_prefixed": "r/statistics", "controversiality": 0, "depth": 1, "author_flair_background_color": null, "collapsed_because_crowd_control": null, "mod_reports": [], "mod_note": null, "distinguished": null, "_fetched": true}, {"_replies": [], "_submission": "gl3qwi", "_reddit": "_reddit", "total_awards_received": 0, "approved_at_utc": null, "ups": 1, "awarders": [], "mod_reason_by": null, "banned_by": null, "author_flair_type": "text", "removal_reason": null, "link_id": "t3_gl3qwi", "author_flair_template_id": null, "likes": null, "user_reports": [], "saved": false, "id": "fqvlskl", "banned_at_utc": null, "mod_reason_title": null, "gilded": 0, "archived": false, "no_follow": true, "author": "praetoriangourd", "can_mod_post": false, "send_replies": true, "parent_id": "t1_fqvbazi", "score": 1, "author_fullname": "t2_1ezw0x5x", "report_reasons": null, "approved_by": null, "all_awardings": [], "subreddit_id": "t5_2qhfi", "collapsed": false, "body": "Thanks for the counterpoint. I\u2019m swayed. :)", "edited": false, "author_flair_css_class": null, "is_submitter": false, "downs": 0, "author_flair_richtext": [], "author_patreon_flair": false, "body_html": "<div class=\"md\"><p>Thanks for the counterpoint. I\u2019m swayed. :)</p>\n</div>", "gildings": {}, "collapsed_reason": null, "associated_award": null, "stickied": false, "author_premium": false, "subreddit_type": "public", "can_gild": true, "subreddit": "statistics", "author_flair_text_color": null, "score_hidden": false, "permalink": "/r/statistics/comments/gl3qwi/m_psa_your_high_school_teacher_likely_doesnt_know/fqvlskl/", "num_reports": null, "locked": false, "name": "t1_fqvlskl", "created": 1589708793.0, "author_flair_text": null, "treatment_tags": [], "created_utc": 1589679993.0, "subreddit_name_prefixed": "r/statistics", "controversiality": 0, "depth": 1, "author_flair_background_color": null, "collapsed_because_crowd_control": null, "mod_reports": [], "mod_note": null, "distinguished": null, "_fetched": true}, {"_replies": [], "_submission": "gl3qwi", "_reddit": "_reddit", "total_awards_received": 0, "approved_at_utc": null, "ups": 5, "awarders": [], "mod_reason_by": null, "banned_by": null, "author_flair_type": "text", "removal_reason": null, "link_id": "t3_gl3qwi", "author_flair_template_id": null, "likes": null, "user_reports": [], "saved": false, "id": "fqvbabl", "banned_at_utc": null, "mod_reason_title": null, "gilded": 0, "archived": false, "no_follow": false, "author": "efrique", "can_mod_post": false, "send_replies": true, "parent_id": "t1_fqv89um", "score": 5, "author_fullname": "t2_38629", "report_reasons": null, "approved_by": null, "all_awardings": [], "subreddit_id": "t5_2qhfi", "collapsed": false, "body": "That's a good move; at least you get to hear a little about it from an actual person in a position to know.", "edited": false, "author_flair_css_class": null, "is_submitter": false, "downs": 0, "author_flair_richtext": [], "author_patreon_flair": false, "body_html": "<div class=\"md\"><p>That&#39;s a good move; at least you get to hear a little about it from an actual person in a position to know.</p>\n</div>", "gildings": {}, "collapsed_reason": null, "associated_award": null, "stickied": false, "author_premium": true, "subreddit_type": "public", "can_gild": true, "subreddit": "statistics", "author_flair_text_color": null, "score_hidden": false, "permalink": "/r/statistics/comments/gl3qwi/m_psa_your_high_school_teacher_likely_doesnt_know/fqvbabl/", "num_reports": null, "locked": false, "name": "t1_fqvbabl", "created": 1589702436.0, "author_flair_text": null, "treatment_tags": [], "created_utc": 1589673636.0, "subreddit_name_prefixed": "r/statistics", "controversiality": 0, "depth": 1, "author_flair_background_color": null, "collapsed_because_crowd_control": null, "mod_reports": [], "mod_note": null, "distinguished": null, "_fetched": true}, {"_replies": [], "_submission": "gl3qwi", "_reddit": "_reddit", "total_awards_received": 0, "approved_at_utc": null, "ups": 1, "awarders": [], "mod_reason_by": null, "banned_by": null, "author_flair_type": "text", "removal_reason": null, "link_id": "t3_gl3qwi", "author_flair_template_id": null, "likes": null, "user_reports": [], "saved": false, "id": "fqx1pi6", "banned_at_utc": null, "mod_reason_title": null, "gilded": 0, "archived": false, "no_follow": true, "author": "oryx85", "can_mod_post": false, "send_replies": true, "parent_id": "t1_fqwh6hb", "score": 1, "author_fullname": "t2_b8msa", "report_reasons": null, "approved_by": null, "all_awardings": [], "subreddit_id": "t5_2qhfi", "collapsed": false, "body": "Yes it's different. I'm in the UK. Here, you need a degree and a teaching qualification to teach Hugh school, but these can be done at the same time in a teacher training degree. Typically, the first year is on the specialist subject, and the second and third years focus on in school experience. So it would seem (I have no direct experience so dint know for sure) that a teacher could have much less subject education than someone who just did a degree in that subject, and a masters certainly isn't required.", "edited": false, "author_flair_css_class": null, "is_submitter": false, "downs": 0, "author_flair_richtext": [], "author_patreon_flair": false, "body_html": "<div class=\"md\"><p>Yes it&#39;s different. I&#39;m in the UK. Here, you need a degree and a teaching qualification to teach Hugh school, but these can be done at the same time in a teacher training degree. Typically, the first year is on the specialist subject, and the second and third years focus on in school experience. So it would seem (I have no direct experience so dint know for sure) that a teacher could have much less subject education than someone who just did a degree in that subject, and a masters certainly isn&#39;t required.</p>\n</div>", "gildings": {}, "collapsed_reason": null, "associated_award": null, "stickied": false, "author_premium": false, "subreddit_type": "public", "can_gild": true, "subreddit": "statistics", "author_flair_text_color": null, "score_hidden": false, "permalink": "/r/statistics/comments/gl3qwi/m_psa_your_high_school_teacher_likely_doesnt_know/fqx1pi6/", "num_reports": null, "locked": false, "name": "t1_fqx1pi6", "created": 1589752511.0, "author_flair_text": null, "treatment_tags": [], "created_utc": 1589723711.0, "subreddit_name_prefixed": "r/statistics", "controversiality": 0, "depth": 1, "author_flair_background_color": null, "collapsed_because_crowd_control": null, "mod_reports": [], "mod_note": null, "distinguished": null, "_fetched": true}, {"_replies": [], "_submission": "gl3qwi", "_reddit": "_reddit", "total_awards_received": 0, "approved_at_utc": null, "ups": 1, "awarders": [], "mod_reason_by": null, "banned_by": null, "author_flair_type": "text", "removal_reason": null, "link_id": "t3_gl3qwi", "author_flair_template_id": null, "likes": null, "user_reports": [], "saved": false, "id": "fqvm6z8", "banned_at_utc": null, "mod_reason_title": null, "gilded": 0, "archived": false, "no_follow": true, "author": "BassandBows", "can_mod_post": false, "send_replies": true, "parent_id": "t1_fqv8eky", "score": 1, "author_fullname": "t2_ywtp0", "report_reasons": null, "approved_by": null, "all_awardings": [], "subreddit_id": "t5_2qhfi", "collapsed": false, "body": "And as usual, the issue comes when they advocate from the position of ignorance.", "edited": false, "author_flair_css_class": null, "is_submitter": true, "downs": 0, "author_flair_richtext": [], "author_patreon_flair": false, "body_html": "<div class=\"md\"><p>And as usual, the issue comes when they advocate from the position of ignorance.</p>\n</div>", "gildings": {}, "collapsed_reason": null, "associated_award": null, "stickied": false, "author_premium": false, "subreddit_type": "public", "can_gild": true, "subreddit": "statistics", "author_flair_text_color": null, "score_hidden": false, "permalink": "/r/statistics/comments/gl3qwi/m_psa_your_high_school_teacher_likely_doesnt_know/fqvm6z8/", "num_reports": null, "locked": false, "name": "t1_fqvm6z8", "created": 1589709033.0, "author_flair_text": null, "treatment_tags": [], "created_utc": 1589680233.0, "subreddit_name_prefixed": "r/statistics", "controversiality": 0, "depth": 1, "author_flair_background_color": null, "collapsed_because_crowd_control": null, "mod_reports": [], "mod_note": null, "distinguished": null, "_fetched": true}, {"_replies": ["fqvrav2"], "_submission": "gl3qwi", "_reddit": "_reddit", "total_awards_received": 0, "approved_at_utc": null, "ups": 3, "awarders": [], "mod_reason_by": null, "banned_by": null, "author_flair_type": "text", "removal_reason": null, "link_id": "t3_gl3qwi", "author_flair_template_id": null, "likes": null, "user_reports": [], "saved": false, "id": "fqvmbzd", "banned_at_utc": null, "mod_reason_title": null, "gilded": 0, "archived": false, "no_follow": true, "author": "BassandBows", "can_mod_post": false, "send_replies": true, "parent_id": "t1_fqvcf0n", "score": 3, "author_fullname": "t2_ywtp0", "report_reasons": null, "approved_by": null, "all_awardings": [], "subreddit_id": "t5_2qhfi", "collapsed": false, "body": "In my experience, the ex-industry teachers I had were often the best (though I did have plenty of great teachers who were solely in ed). They were typically people who made their money, and decided to go back and make a difference. It really showed!", "edited": false, "author_flair_css_class": null, "is_submitter": true, "downs": 0, "author_flair_richtext": [], "author_patreon_flair": false, "body_html": "<div class=\"md\"><p>In my experience, the ex-industry teachers I had were often the best (though I did have plenty of great teachers who were solely in ed). They were typically people who made their money, and decided to go back and make a difference. It really showed!</p>\n</div>", "gildings": {}, "collapsed_reason": null, "associated_award": null, "stickied": false, "author_premium": false, "subreddit_type": "public", "can_gild": true, "subreddit": "statistics", "author_flair_text_color": null, "score_hidden": false, "permalink": "/r/statistics/comments/gl3qwi/m_psa_your_high_school_teacher_likely_doesnt_know/fqvmbzd/", "num_reports": null, "locked": false, "name": "t1_fqvmbzd", "created": 1589709115.0, "author_flair_text": null, "treatment_tags": [], "created_utc": 1589680315.0, "subreddit_name_prefixed": "r/statistics", "controversiality": 0, "depth": 1, "author_flair_background_color": null, "collapsed_because_crowd_control": null, "mod_reports": [], "mod_note": null, "distinguished": null, "_fetched": true}, {"_replies": [], "_submission": "gl3qwi", "_reddit": "_reddit", "total_awards_received": 0, "approved_at_utc": null, "ups": 1, "awarders": [], "mod_reason_by": null, "banned_by": null, "author_flair_type": "text", "removal_reason": null, "link_id": "t3_gl3qwi", "author_flair_template_id": null, "likes": null, "user_reports": [], "saved": false, "id": "fr302vx", "banned_at_utc": null, "mod_reason_title": null, "gilded": 0, "archived": false, "no_follow": true, "author": "BassandBows", "can_mod_post": false, "send_replies": true, "parent_id": "t1_fr18rui", "score": 1, "author_fullname": "t2_ywtp0", "report_reasons": null, "approved_by": null, "all_awardings": [], "subreddit_id": "t5_2qhfi", "collapsed": false, "body": "I don't fuck with teachers being shitty to students. This isn't about statistical illiteracy, it's about inept educators dissuading students from pursuing their interests.", "edited": false, "author_flair_css_class": null, "is_submitter": true, "downs": 0, "author_flair_richtext": [], "author_patreon_flair": false, "body_html": "<div class=\"md\"><p>I don&#39;t fuck with teachers being shitty to students. This isn&#39;t about statistical illiteracy, it&#39;s about inept educators dissuading students from pursuing their interests.</p>\n</div>", "gildings": {}, "collapsed_reason": null, "associated_award": null, "stickied": false, "author_premium": false, "subreddit_type": "public", "can_gild": true, "subreddit": "statistics", "author_flair_text_color": null, "score_hidden": false, "permalink": "/r/statistics/comments/gl3qwi/m_psa_your_high_school_teacher_likely_doesnt_know/fr302vx/", "num_reports": null, "locked": false, "name": "t1_fr302vx", "created": 1589876051.0, "author_flair_text": null, "treatment_tags": [], "created_utc": 1589847251.0, "subreddit_name_prefixed": "r/statistics", "controversiality": 0, "depth": 1, "author_flair_background_color": null, "collapsed_because_crowd_control": null, "mod_reports": [], "mod_note": null, "distinguished": null, "_fetched": true}, {"_replies": ["fqwfdr8"], "_submission": "gl3qwi", "_reddit": "_reddit", "total_awards_received": 0, "approved_at_utc": null, "ups": 8, "awarders": [], "mod_reason_by": null, "banned_by": null, "author_flair_type": "text", "removal_reason": null, "link_id": "t3_gl3qwi", "author_flair_template_id": null, "likes": null, "user_reports": [], "saved": false, "id": "fqv995z", "banned_at_utc": null, "mod_reason_title": null, "gilded": 0, "archived": false, "no_follow": false, "author": "gryphus-one", "can_mod_post": false, "created_utc": 1589672446.0, "send_replies": true, "parent_id": "t1_fqv6i0l", "score": 8, "author_fullname": "t2_gncp9vb", "report_reasons": null, "approved_by": null, "all_awardings": [], "subreddit_id": "t5_2qhfi", "body": "I agree, the language in this post is a bit extreme. A good teacher at any level should get students excited about the material.\n\nMy high school stats teacher didn\u2019t know much about industry but he definitely got me interested in the material, so I kept my ears open. Now I\u2019m doing an MS in Stats after getting a related undergrad degree. So I\u2019d say the important thing is that your teachers are supportive and open minded, not that they\u2019re industry data science gurus.", "edited": false, "author_flair_css_class": null, "is_submitter": false, "downs": 0, "author_flair_richtext": [], "author_patreon_flair": false, "body_html": "<div class=\"md\"><p>I agree, the language in this post is a bit extreme. A good teacher at any level should get students excited about the material.</p>\n\n<p>My high school stats teacher didn\u2019t know much about industry but he definitely got me interested in the material, so I kept my ears open. Now I\u2019m doing an MS in Stats after getting a related undergrad degree. So I\u2019d say the important thing is that your teachers are supportive and open minded, not that they\u2019re industry data science gurus.</p>\n</div>", "gildings": {}, "collapsed_reason": null, "associated_award": null, "stickied": false, "author_premium": false, "subreddit_type": "public", "can_gild": true, "subreddit": "statistics", "author_flair_text_color": null, "score_hidden": false, "permalink": "/r/statistics/comments/gl3qwi/m_psa_your_high_school_teacher_likely_doesnt_know/fqv995z/", "num_reports": null, "locked": false, "name": "t1_fqv995z", "created": 1589701246.0, "author_flair_text": null, "treatment_tags": [], "collapsed": false, "subreddit_name_prefixed": "r/statistics", "controversiality": 0, "depth": 2, "author_flair_background_color": null, "collapsed_because_crowd_control": null, "mod_reports": [], "mod_note": null, "distinguished": null, "_fetched": true}, {"_replies": ["fqvzb6i"], "_submission": "gl3qwi", "_reddit": "_reddit", "total_awards_received": 0, "approved_at_utc": null, "ups": 5, "awarders": [], "mod_reason_by": null, "banned_by": null, "author_flair_type": "text", "removal_reason": null, "link_id": "t3_gl3qwi", "author_flair_template_id": null, "likes": null, "user_reports": [], "saved": false, "id": "fqvnalo", "banned_at_utc": null, "mod_reason_title": null, "gilded": 0, "archived": false, "no_follow": false, "author": "lifeisgolden414", "can_mod_post": false, "created_utc": 1589680894.0, "send_replies": true, "parent_id": "t1_fqvm3x8", "score": 5, "author_fullname": "t2_4z11sab9", "report_reasons": null, "approved_by": null, "all_awardings": [], "subreddit_id": "t5_2qhfi", "body": "Thank you very much. As soon as my children are in elementary school (one is 3 and one is due in a week), I would like to get a masters in stats or applied stats and go into the field. The problem is my husband is an aerospace engineer. His job is so specialized there are very few places we could live with opportunities for us both. Maybe one day!", "edited": false, "author_flair_css_class": null, "is_submitter": false, "downs": 0, "author_flair_richtext": [], "author_patreon_flair": false, "body_html": "<div class=\"md\"><p>Thank you very much. As soon as my children are in elementary school (one is 3 and one is due in a week), I would like to get a masters in stats or applied stats and go into the field. The problem is my husband is an aerospace engineer. His job is so specialized there are very few places we could live with opportunities for us both. Maybe one day!</p>\n</div>", "gildings": {}, "collapsed_reason": null, "associated_award": null, "stickied": false, "author_premium": false, "subreddit_type": "public", "can_gild": true, "subreddit": "statistics", "author_flair_text_color": null, "score_hidden": false, "permalink": "/r/statistics/comments/gl3qwi/m_psa_your_high_school_teacher_likely_doesnt_know/fqvnalo/", "num_reports": null, "locked": false, "name": "t1_fqvnalo", "created": 1589709694.0, "author_flair_text": null, "treatment_tags": [], "collapsed": false, "subreddit_name_prefixed": "r/statistics", "controversiality": 0, "depth": 2, "author_flair_background_color": null, "collapsed_because_crowd_control": null, "mod_reports": [], "mod_note": null, "distinguished": null, "_fetched": true}, {"_replies": [], "_submission": "gl3qwi", "_reddit": "_reddit", "total_awards_received": 0, "approved_at_utc": null, "ups": 1, "awarders": [], "mod_reason_by": null, "banned_by": null, "author_flair_type": "text", "removal_reason": null, "link_id": "t3_gl3qwi", "author_flair_template_id": null, "likes": null, "user_reports": [], "saved": false, "id": "fqvrav2", "banned_at_utc": null, "mod_reason_title": null, "gilded": 0, "archived": false, "no_follow": true, "author": "ascandalia", "can_mod_post": false, "created_utc": 1589683419.0, "send_replies": true, "parent_id": "t1_fqvmbzd", "score": 1, "author_fullname": "t2_my5y3", "report_reasons": null, "approved_by": null, "all_awardings": [], "subreddit_id": "t5_2qhfi", "body": "Agreed", "edited": false, "author_flair_css_class": null, "is_submitter": false, "downs": 0, "author_flair_richtext": [], "author_patreon_flair": false, "body_html": "<div class=\"md\"><p>Agreed</p>\n</div>", "gildings": {}, "collapsed_reason": null, "associated_award": null, "stickied": false, "author_premium": false, "subreddit_type": "public", "can_gild": true, "subreddit": "statistics", "author_flair_text_color": null, "score_hidden": false, "permalink": "/r/statistics/comments/gl3qwi/m_psa_your_high_school_teacher_likely_doesnt_know/fqvrav2/", "num_reports": null, "locked": false, "name": "t1_fqvrav2", "created": 1589712219.0, "author_flair_text": null, "treatment_tags": [], "collapsed": false, "subreddit_name_prefixed": "r/statistics", "controversiality": 0, "depth": 2, "author_flair_background_color": null, "collapsed_because_crowd_control": null, "mod_reports": [], "mod_note": null, "distinguished": null, "_fetched": true}, {"_replies": [], "_submission": "gl3qwi", "_reddit": "_reddit", "total_awards_received": 0, "approved_at_utc": null, "ups": 3, "awarders": [], "mod_reason_by": null, "banned_by": null, "author_flair_type": "text", "removal_reason": null, "link_id": "t3_gl3qwi", "author_flair_template_id": null, "likes": null, "user_reports": [], "saved": false, "id": "fqwfdr8", "banned_at_utc": null, "mod_reason_title": null, "gilded": 0, "archived": false, "no_follow": true, "author": "MTMD36", "can_mod_post": false, "send_replies": true, "parent_id": "t1_fqv995z", "score": 3, "author_fullname": "t2_l3u0i", "report_reasons": null, "approved_by": null, "all_awardings": [], "subreddit_id": "t5_2qhfi", "body": "> A good teacher at any level should get students excited about the material.\n\nThis is basically the whole reason I even want to become a teacher in the future (once I\u2019ve earned the money to live relatively comfortably). I\u2019m hoping I\u2019ll be able to get people to stop the whole \u201cugh maths is useless in real life\u201d since I\u2019d have some actual examples of how it is needed after working in industry. That\u2019s a LONG way down the line though, and not sure I\u2019m even smart enough lol", "edited": false, "downs": 0, "author_flair_css_class": null, "is_submitter": false, "collapsed": false, "author_flair_richtext": [], "author_patreon_flair": false, "body_html": "<div class=\"md\"><blockquote>\n<p>A good teacher at any level should get students excited about the material.</p>\n</blockquote>\n\n<p>This is basically the whole reason I even want to become a teacher in the future (once I\u2019ve earned the money to live relatively comfortably). I\u2019m hoping I\u2019ll be able to get people to stop the whole \u201cugh maths is useless in real life\u201d since I\u2019d have some actual examples of how it is needed after working in industry. That\u2019s a LONG way down the line though, and not sure I\u2019m even smart enough lol</p>\n</div>", "gildings": {}, "collapsed_reason": null, "associated_award": null, "stickied": false, "author_premium": false, "subreddit_type": "public", "can_gild": true, "subreddit": "statistics", "author_flair_text_color": null, "score_hidden": false, "permalink": "/r/statistics/comments/gl3qwi/m_psa_your_high_school_teacher_likely_doesnt_know/fqwfdr8/", "num_reports": null, "locked": false, "name": "t1_fqwfdr8", "created": 1589731247.0, "author_flair_text": null, "treatment_tags": [], "created_utc": 1589702447.0, "subreddit_name_prefixed": "r/statistics", "controversiality": 0, "depth": 3, "author_flair_background_color": null, "collapsed_because_crowd_control": null, "mod_reports": [], "mod_note": null, "distinguished": null, "_fetched": true}, {"_replies": ["fqwovkz"], "_submission": "gl3qwi", "_reddit": "_reddit", "total_awards_received": 0, "approved_at_utc": null, "ups": 2, "awarders": [], "mod_reason_by": null, "banned_by": null, "author_flair_type": "text", "removal_reason": null, "link_id": "t3_gl3qwi", "author_flair_template_id": null, "likes": null, "user_reports": [], "saved": false, "id": "fqvzb6i", "banned_at_utc": null, "mod_reason_title": null, "gilded": 0, "archived": false, "no_follow": true, "author": "Minowaman", "can_mod_post": false, "send_replies": true, "parent_id": "t1_fqvnalo", "score": 2, "author_fullname": "t2_jdk3a", "report_reasons": null, "approved_by": null, "all_awardings": [], "subreddit_id": "t5_2qhfi", "body": "Working remotely is becoming increasingly more viable for analytics roles (and covid has sped up this transition). That may help with your two-body problem.", "edited": false, "downs": 0, "author_flair_css_class": null, "is_submitter": false, "collapsed": false, "author_flair_richtext": [], "author_patreon_flair": false, "body_html": "<div class=\"md\"><p>Working remotely is becoming increasingly more viable for analytics roles (and covid has sped up this transition). That may help with your two-body problem.</p>\n</div>", "gildings": {}, "collapsed_reason": null, "associated_award": null, "stickied": false, "author_premium": false, "subreddit_type": "public", "can_gild": true, "subreddit": "statistics", "author_flair_text_color": null, "score_hidden": false, "permalink": "/r/statistics/comments/gl3qwi/m_psa_your_high_school_teacher_likely_doesnt_know/fqvzb6i/", "num_reports": null, "locked": false, "name": "t1_fqvzb6i", "created": 1589717482.0, "author_flair_text": null, "treatment_tags": [], "created_utc": 1589688682.0, "subreddit_name_prefixed": "r/statistics", "controversiality": 0, "depth": 3, "author_flair_background_color": null, "collapsed_because_crowd_control": null, "mod_reports": [], "mod_note": null, "distinguished": null, "_fetched": true}, {"_replies": [], "_submission": "gl3qwi", "_reddit": "_reddit", "total_awards_received": 0, "approved_at_utc": null, "ups": 1, "awarders": [], "mod_reason_by": null, "banned_by": null, "author_flair_type": "text", "removal_reason": null, "link_id": "t3_gl3qwi", "author_flair_template_id": null, "likes": null, "user_reports": [], "saved": false, "id": "fqwovkz", "banned_at_utc": null, "mod_reason_title": null, "gilded": 0, "archived": false, "no_follow": true, "author": "lifeisgolden414", "can_mod_post": false, "send_replies": true, "parent_id": "t1_fqvzb6i", "score": 1, "author_fullname": "t2_4z11sab9", "report_reasons": null, "approved_by": null, "all_awardings": [], "subreddit_id": "t5_2qhfi", "collapsed": false, "body": "That\u2019s true!", "edited": false, "author_flair_css_class": null, "is_submitter": false, "downs": 0, "author_flair_richtext": [], "author_patreon_flair": false, "body_html": "<div class=\"md\"><p>That\u2019s true!</p>\n</div>", "gildings": {}, "collapsed_reason": null, "associated_award": null, "stickied": false, "author_premium": false, "subreddit_type": "public", "can_gild": true, "subreddit": "statistics", "author_flair_text_color": null, "score_hidden": false, "permalink": "/r/statistics/comments/gl3qwi/m_psa_your_high_school_teacher_likely_doesnt_know/fqwovkz/", "num_reports": null, "locked": false, "name": "t1_fqwovkz", "created": 1589741264.0, "author_flair_text": null, "treatment_tags": [], "created_utc": 1589712464.0, "subreddit_name_prefixed": "r/statistics", "controversiality": 0, "depth": 4, "author_flair_background_color": null, "collapsed_because_crowd_control": null, "mod_reports": [], "mod_note": null, "distinguished": null, "_fetched": true}]}