{"_reddit": "_reddit", "approved_at_utc": null, "subreddit": "statistics", "selftext": "Lindley's  paradox states vaguely that a Bayesian and a frequentist can come to  very different conclusions based on a seemingly straightforward  analysis. The problem is generally set up that you have some parameter  \\[theta\\] and some data that inform that parameter. Wikipedia gives the  example of theta being female/male sex ratio in live births. A frequentist would  test the hypothesis that the ratio is 1.0 and come to the conclusion in  very large datasets that this hypothesis is unlikely due to the oft  observed phenomenon that more live births are female than male. A  Bayesian however would test the hypothesis that the observed result is  more likely than the null result by comparing the posterior density  under the observed frequency with the posterior density under the null  and conclude that that the evidence against the null hypothesis is  actually quite weak. In other words, for a frequentist p<<0.05 and  for a Bayesian p>>0.05.\n\nThis is dumb. Why do I still come across papers in which it is mentioned?\n\nWhy  is this dumb? As Lindley himself notes, the frequentist p-value is an  \"area under the curve\" (cumulative probability) measure while the  Bayesian p-value is a measure of the \"ordinate\" (probability density).  The frequentist is interested (apparently) in estimating the cumulative  proportion of similar studies that would produce results as extreme as  the data, were the null true. The Bayesian is interested (apparently) in estimating the evidence for the exact value obtained in the data at hand  versus the evidence for the exact value of the null hypothesis,  ignoring all other possibilities.  In other words, it's a comparison of a  CDF with a ratio of a PDF/PMF at two values. The only thing tying these two things together is the entirely arbitrary name of \"p-value.\" Lindley  (and nearly everyone else) admits this is not a real paradox.\n\nOK,  we admit it's not a real paradox. In fact, the comparison is bogus  because we are comparing CDFs with PDFs/PMFs. Why, then, don't we call it a  paradox when comparing a mean with a standard deviation - a mean can be  zero but a standard deviation is >0. But these are both called \"statistics.\" Must be a paradox! This applies  to any other two unlike things with labels in common.\n\nI'm  fired up about this because I keep seeing references to it as though  it's some important result. Lindley's original paper has 1140 citations!  Gelman has written about it twice on his blog ([https://statmodeling.stat.columbia.edu/2013/03/11/my-problem-with-the-lindley-paradox/](https://statmodeling.stat.columbia.edu/2013/03/11/my-problem-with-the-lindley-paradox/)).  It just keeps generating new papers, but I see nothing profound in it  other than the fact that the term \"p-value\" does not refer to something  that can be compared with other similarly labeled objects regardless of  how they were generated. There is nothing profound in the statement \"Language is sometimes imprecise.\" I would like to see this paper become verboten  as either a citation or as the basis for new arXiv papers.\n\nChange my view!\n\nWikipedia explanation\n\n[https://en.wikipedia.org/wiki/Lindley%27s\\_paradox](https://en.wikipedia.org/wiki/Lindley%27s_paradox)\n\nOriginal paper:\n\n[https://academic.oup.com/biomet/article-abstract/44/1-2/187/269805?redirectedFrom=PDF](https://academic.oup.com/biomet/article-abstract/44/1-2/187/269805?redirectedFrom=PDF)", "author_fullname": "t2_lzzlh", "saved": false, "mod_reason_title": null, "gilded": 0, "clicked": false, "title": "[Discussion] CMV: Lindley's paradox is uninteresting and we should forever stop discussing and citing it", "link_flair_richtext": [], "subreddit_name_prefixed": "r/statistics", "hidden": false, "pwls": 6, "link_flair_css_class": null, "downs": 0, "hide_score": false, "name": "t3_g7aoa8", "quarantine": false, "link_flair_text_color": "dark", "upvote_ratio": 0.96, "author_flair_background_color": null, "subreddit_type": "public", "ups": 64, "total_awards_received": 0, "media_embed": {}, "author_flair_template_id": null, "is_original_content": false, "user_reports": [], "secure_media": null, "is_reddit_media_domain": false, "is_meta": false, "category": null, "secure_media_embed": {}, "link_flair_text": "Discussion", "can_mod_post": false, "score": 64, "approved_by": null, "author_premium": false, "thumbnail": "", "edited": 1587753031.0, "author_flair_css_class": null, "author_flair_richtext": [], "gildings": {}, "content_categories": null, "is_self": true, "mod_note": null, "created": 1587771910.0, "link_flair_type": "text", "wls": 6, "removed_by_category": null, "banned_by": null, "author_flair_type": "text", "domain": "self.statistics", "allow_live_comments": false, "selftext_html": "<!-- SC_OFF --><div class=\"md\"><p>Lindley&#39;s  paradox states vaguely that a Bayesian and a frequentist can come to  very different conclusions based on a seemingly straightforward  analysis. The problem is generally set up that you have some parameter  [theta] and some data that inform that parameter. Wikipedia gives the  example of theta being female/male sex ratio in live births. A frequentist would  test the hypothesis that the ratio is 1.0 and come to the conclusion in  very large datasets that this hypothesis is unlikely due to the oft  observed phenomenon that more live births are female than male. A  Bayesian however would test the hypothesis that the observed result is  more likely than the null result by comparing the posterior density  under the observed frequency with the posterior density under the null  and conclude that that the evidence against the null hypothesis is  actually quite weak. In other words, for a frequentist p&lt;&lt;0.05 and  for a Bayesian p&gt;&gt;0.05.</p>\n\n<p>This is dumb. Why do I still come across papers in which it is mentioned?</p>\n\n<p>Why  is this dumb? As Lindley himself notes, the frequentist p-value is an  &quot;area under the curve&quot; (cumulative probability) measure while the  Bayesian p-value is a measure of the &quot;ordinate&quot; (probability density).  The frequentist is interested (apparently) in estimating the cumulative  proportion of similar studies that would produce results as extreme as  the data, were the null true. The Bayesian is interested (apparently) in estimating the evidence for the exact value obtained in the data at hand  versus the evidence for the exact value of the null hypothesis,  ignoring all other possibilities.  In other words, it&#39;s a comparison of a  CDF with a ratio of a PDF/PMF at two values. The only thing tying these two things together is the entirely arbitrary name of &quot;p-value.&quot; Lindley  (and nearly everyone else) admits this is not a real paradox.</p>\n\n<p>OK,  we admit it&#39;s not a real paradox. In fact, the comparison is bogus  because we are comparing CDFs with PDFs/PMFs. Why, then, don&#39;t we call it a  paradox when comparing a mean with a standard deviation - a mean can be  zero but a standard deviation is &gt;0. But these are both called &quot;statistics.&quot; Must be a paradox! This applies  to any other two unlike things with labels in common.</p>\n\n<p>I&#39;m  fired up about this because I keep seeing references to it as though  it&#39;s some important result. Lindley&#39;s original paper has 1140 citations!  Gelman has written about it twice on his blog (<a href=\"https://statmodeling.stat.columbia.edu/2013/03/11/my-problem-with-the-lindley-paradox/\">https://statmodeling.stat.columbia.edu/2013/03/11/my-problem-with-the-lindley-paradox/</a>).  It just keeps generating new papers, but I see nothing profound in it  other than the fact that the term &quot;p-value&quot; does not refer to something  that can be compared with other similarly labeled objects regardless of  how they were generated. There is nothing profound in the statement &quot;Language is sometimes imprecise.&quot; I would like to see this paper become verboten  as either a citation or as the basis for new arXiv papers.</p>\n\n<p>Change my view!</p>\n\n<p>Wikipedia explanation</p>\n\n<p><a href=\"https://en.wikipedia.org/wiki/Lindley%27s_paradox\">https://en.wikipedia.org/wiki/Lindley%27s_paradox</a></p>\n\n<p>Original paper:</p>\n\n<p><a href=\"https://academic.oup.com/biomet/article-abstract/44/1-2/187/269805?redirectedFrom=PDF\">https://academic.oup.com/biomet/article-abstract/44/1-2/187/269805?redirectedFrom=PDF</a></p>\n</div><!-- SC_ON -->", "likes": null, "suggested_sort": null, "banned_at_utc": null, "view_count": null, "archived": false, "no_follow": false, "is_crosspostable": true, "pinned": false, "over_18": false, "all_awardings": [], "awarders": [], "media_only": false, "can_gild": true, "spoiler": false, "locked": false, "author_flair_text": null, "treatment_tags": [], "visited": false, "removed_by": null, "num_reports": null, "distinguished": null, "subreddit_id": "t5_2qhfi", "mod_reason_by": null, "removal_reason": null, "link_flair_background_color": "", "id": "g7aoa8", "is_robot_indexable": true, "report_reasons": null, "author": "PuppySteaks", "discussion_type": null, "num_comments": 7, "send_replies": true, "whitelist_status": "all_ads", "contest_mode": false, "mod_reports": [], "author_patreon_flair": false, "author_flair_text_color": null, "permalink": "/r/statistics/comments/g7aoa8/discussion_cmv_lindleys_paradox_is_uninteresting/", "parent_whitelist_status": "all_ads", "stickied": false, "url": "https://www.reddit.com/r/statistics/comments/g7aoa8/discussion_cmv_lindleys_paradox_is_uninteresting/", "subreddit_subscribers": 106209, "created_utc": 1587743110.0, "num_crossposts": 0, "media": null, "is_video": false, "_fetched": false, "comment_limit": 2048, "comment_sort": "best", "_comments_by_id": {}, "_comments": [{"_replies": [], "_submission": "g7aoa8", "_reddit": "_reddit", "total_awards_received": 0, "approved_at_utc": null, "ups": 23, "awarders": [], "mod_reason_by": null, "banned_by": null, "author_flair_type": "text", "removal_reason": null, "link_id": "t3_g7aoa8", "author_flair_template_id": null, "likes": null, "user_reports": [], "saved": false, "id": "fog70jw", "banned_at_utc": null, "mod_reason_title": null, "gilded": 0, "archived": false, "no_follow": false, "author": "malenkydroog", "can_mod_post": false, "send_replies": true, "parent_id": "t3_g7aoa8", "score": 23, "author_fullname": "t2_issoz", "report_reasons": null, "approved_by": null, "all_awardings": [], "subreddit_id": "t5_2qhfi", "body": "I make no claim to change your view, but I might recommend taking a look at [this article](https://arxiv.org/abs/1303.5973) by Christian Robert. \n\nThe paper talks about the standard explanations for the \"paradox\", mentioning the same factors (essentially) as you do above. But he also makes the case that -- even if we accept the usual interpretation (frequentist and Bayes measure different things, so we don't need to care if they don't agree in the limit) for not caring -- Bayesians may still want to pay attention to the issue, since it highlights potential issues with improper priors and point-null hypotheses tests.", "edited": false, "downs": 0, "author_flair_css_class": null, "is_submitter": false, "collapsed": false, "author_flair_richtext": [], "author_patreon_flair": false, "body_html": "<div class=\"md\"><p>I make no claim to change your view, but I might recommend taking a look at <a href=\"https://arxiv.org/abs/1303.5973\">this article</a> by Christian Robert. </p>\n\n<p>The paper talks about the standard explanations for the &quot;paradox&quot;, mentioning the same factors (essentially) as you do above. But he also makes the case that -- even if we accept the usual interpretation (frequentist and Bayes measure different things, so we don&#39;t need to care if they don&#39;t agree in the limit) for not caring -- Bayesians may still want to pay attention to the issue, since it highlights potential issues with improper priors and point-null hypotheses tests.</p>\n</div>", "gildings": {}, "collapsed_reason": null, "associated_award": null, "stickied": false, "author_premium": false, "subreddit_type": "public", "can_gild": true, "subreddit": "statistics", "author_flair_text_color": null, "score_hidden": false, "permalink": "/r/statistics/comments/g7aoa8/discussion_cmv_lindleys_paradox_is_uninteresting/fog70jw/", "num_reports": null, "locked": false, "name": "t1_fog70jw", "created": 1587777535.0, "author_flair_text": null, "treatment_tags": [], "created_utc": 1587748735.0, "subreddit_name_prefixed": "r/statistics", "controversiality": 0, "depth": 0, "author_flair_background_color": null, "collapsed_because_crowd_control": null, "mod_reports": [], "mod_note": null, "distinguished": null, "_fetched": true}, {"_replies": ["fohkgom"], "_submission": "g7aoa8", "_reddit": "_reddit", "total_awards_received": 0, "approved_at_utc": null, "ups": 7, "awarders": [], "mod_reason_by": null, "banned_by": null, "author_flair_type": "text", "removal_reason": null, "link_id": "t3_g7aoa8", "author_flair_template_id": null, "likes": null, "user_reports": [], "saved": false, "id": "fogm10e", "banned_at_utc": null, "mod_reason_title": null, "gilded": 0, "archived": false, "no_follow": false, "author": "AllenDowney", "can_mod_post": false, "send_replies": true, "parent_id": "t3_g7aoa8", "score": 7, "author_fullname": "t2_4zfyx", "report_reasons": null, "approved_by": null, "all_awardings": [], "subreddit_id": "t5_2qhfi", "body": "I agree with you that it is not important in practice and does not deserve much air time in comparisons of frequentist and Bayesian approaches.\n\nIn particular, this version of \"Bayesian hypothesis testing\" is not particularly Bayesian.  A more Bayesian approach is to say \"Let's not do hypothesis testing of this kind at all; rather, let's use the data to compute a posterior distribution for the unknown parameter, and use that distribution to answer the questions we care about.  Computing a p-value is not one of those questions.\"", "edited": false, "downs": 0, "author_flair_css_class": null, "is_submitter": false, "collapsed": false, "author_flair_richtext": [], "author_patreon_flair": false, "body_html": "<div class=\"md\"><p>I agree with you that it is not important in practice and does not deserve much air time in comparisons of frequentist and Bayesian approaches.</p>\n\n<p>In particular, this version of &quot;Bayesian hypothesis testing&quot; is not particularly Bayesian.  A more Bayesian approach is to say &quot;Let&#39;s not do hypothesis testing of this kind at all; rather, let&#39;s use the data to compute a posterior distribution for the unknown parameter, and use that distribution to answer the questions we care about.  Computing a p-value is not one of those questions.&quot;</p>\n</div>", "gildings": {}, "collapsed_reason": null, "associated_award": null, "stickied": false, "author_premium": false, "subreddit_type": "public", "can_gild": true, "subreddit": "statistics", "author_flair_text_color": null, "score_hidden": false, "permalink": "/r/statistics/comments/g7aoa8/discussion_cmv_lindleys_paradox_is_uninteresting/fogm10e/", "num_reports": null, "locked": false, "name": "t1_fogm10e", "created": 1587783112.0, "author_flair_text": null, "treatment_tags": [], "created_utc": 1587754312.0, "subreddit_name_prefixed": "r/statistics", "controversiality": 0, "depth": 0, "author_flair_background_color": null, "collapsed_because_crowd_control": null, "mod_reports": [], "mod_note": null, "distinguished": null, "_fetched": true}, {"_replies": [], "_submission": "g7aoa8", "_reddit": "_reddit", "total_awards_received": 0, "approved_at_utc": null, "ups": 4, "awarders": [], "mod_reason_by": null, "banned_by": null, "author_flair_type": "text", "removal_reason": null, "link_id": "t3_g7aoa8", "author_flair_template_id": null, "likes": null, "user_reports": [], "saved": false, "id": "fog80wn", "banned_at_utc": null, "mod_reason_title": null, "gilded": 0, "archived": false, "no_follow": false, "author": "Rage314", "can_mod_post": false, "send_replies": true, "parent_id": "t3_g7aoa8", "score": 4, "author_fullname": "t2_vlc7x", "report_reasons": null, "approved_by": null, "all_awardings": [], "subreddit_id": "t5_2qhfi", "body": "I encourage you or someone else to include this considerations in the Wikipedia entry. Sadly, it is missing.", "edited": false, "downs": 0, "author_flair_css_class": null, "is_submitter": false, "collapsed": false, "author_flair_richtext": [], "author_patreon_flair": false, "body_html": "<div class=\"md\"><p>I encourage you or someone else to include this considerations in the Wikipedia entry. Sadly, it is missing.</p>\n</div>", "gildings": {}, "collapsed_reason": null, "associated_award": null, "stickied": false, "author_premium": false, "subreddit_type": "public", "can_gild": true, "subreddit": "statistics", "author_flair_text_color": null, "score_hidden": false, "permalink": "/r/statistics/comments/g7aoa8/discussion_cmv_lindleys_paradox_is_uninteresting/fog80wn/", "num_reports": null, "locked": false, "name": "t1_fog80wn", "created": 1587777921.0, "author_flair_text": null, "treatment_tags": [], "created_utc": 1587749121.0, "subreddit_name_prefixed": "r/statistics", "controversiality": 0, "depth": 0, "author_flair_background_color": null, "collapsed_because_crowd_control": null, "mod_reports": [], "mod_note": null, "distinguished": null, "_fetched": true}, {"_replies": ["foia541"], "_submission": "g7aoa8", "_reddit": "_reddit", "total_awards_received": 0, "approved_at_utc": null, "ups": 2, "awarders": [], "mod_reason_by": null, "banned_by": null, "author_flair_type": "text", "removal_reason": null, "link_id": "t3_g7aoa8", "author_flair_template_id": null, "likes": null, "user_reports": [], "saved": false, "id": "foi7wyf", "banned_at_utc": null, "mod_reason_title": null, "gilded": 0, "archived": false, "no_follow": true, "author": "NOTWorthless", "can_mod_post": false, "send_replies": true, "parent_id": "t3_g7aoa8", "score": 2, "author_fullname": "t2_7g746", "report_reasons": null, "approved_by": null, "all_awardings": [], "subreddit_id": "t5_2qhfi", "body": "I disagree. What follows is mostly stream of conscious.\n\n> The frequentist is interested (apparently) in estimating the cumulative proportion of similar studies that would produce results as extreme as the data, were the null true. The Bayesian is interested (apparently) in estimating the evidence for the exact value obtained in the data at hand versus the evidence for the exact value of the null hypothesis, ignoring all other possibilities.\n\nWell, really both are interested in determining (say) if a coin is fair or not, the only question is the method that they use to do that. Presumably, both would agree that the coin might be fair (otherwise, why bother doing a hypothesis test), which is fine for an idealization, and not essential because the phenomenon still occurs if we allow for \"almost fair\" coins. So I will take for granted that we agree the coin could be fair, with the understanding that I can modify what I'm about to say if you reply that \"coins are never exactly fair\" by replacing the discrete-continuous mixture with something like a horseshoe prior. Some problems in life really are like this, e.g., if I'm looking for whether a gene is differentially expressed across some phenotypes (i.e., either a medium/large effect or an effect which is very close to null).\n\nHow to decide if the coin is fair? A Frequentist computes a p-value as a measure of evidence that the coin is unfair, a Bayesian computes a posterior probability, and they arrive at drastically different answers. \n\nWho cares? Well, if you are a CEO whose bonus depends on the coin, and you have Bob and Frank coming to you with completely different answers, you need to decide who to believe. And this isn't just a matter of the two answers being on different scales, there really is no reconciling the different answers. If you interpret the p-value on its own terms (either in the Neyman-Pearson or Fisherian framework) you get a different answer than if you interpret the Bayesian p-value on its own terms. The point of the CEO is obviously not entirely serious, but keep in mind that important policy decisions are sometimes made on the basis of p-value-like things, and the decisions could change depending on whether someone does Bayesian-hypothesis-testing-like things instead.\n\nTo be clear, obviously there is no mathematical paradox. The reason why the two approaches give different answers is well understood mathematically.\n\n> In fact, the comparison is bogus because we are comparing CDFs with PDFs/PMFs. Why, then, don't we call it a paradox when comparing a mean with a standard deviation - a mean can be zero but a standard deviation is >0. But these are both called \"statistics.\" Must be a paradox! This applies to any other two unlike things with labels in common.\n\nThe difference is that p-values and Bayesian p-values are in-principle supposed to be measures of the same thing - the degree to which the data agrees with the null hypothesis. Sure, they might be on different scales or whatever, but on a philosophical level the goal is the same. To make things apples-to-apples, one could take the level of evidence required for a Bayesian to be who was a-priori 25% sure in the alternative (so skeptical but somewhat optimistic) to become 80% certain in the alternative (say that's your cutoff for making a decision) and map it to an equivalent p-value requirement for some specific models and sample sizes. The (Frequentist) p-value requirement is almost much more stringent for a Bayesian to be convinced of the alternative than you would think. This is useful for calibrating what a p-value of 0.05 might mean - even if we aren't Bayesian because we don't like picking priors, isn't it at least a little concerning if a Bayesian seems to find way less evidence for something regardless of what prior they choose?", "edited": 1587780786.0, "downs": 0, "author_flair_css_class": null, "is_submitter": false, "collapsed": false, "author_flair_richtext": [], "author_patreon_flair": false, "body_html": "<div class=\"md\"><p>I disagree. What follows is mostly stream of conscious.</p>\n\n<blockquote>\n<p>The frequentist is interested (apparently) in estimating the cumulative proportion of similar studies that would produce results as extreme as the data, were the null true. The Bayesian is interested (apparently) in estimating the evidence for the exact value obtained in the data at hand versus the evidence for the exact value of the null hypothesis, ignoring all other possibilities.</p>\n</blockquote>\n\n<p>Well, really both are interested in determining (say) if a coin is fair or not, the only question is the method that they use to do that. Presumably, both would agree that the coin might be fair (otherwise, why bother doing a hypothesis test), which is fine for an idealization, and not essential because the phenomenon still occurs if we allow for &quot;almost fair&quot; coins. So I will take for granted that we agree the coin could be fair, with the understanding that I can modify what I&#39;m about to say if you reply that &quot;coins are never exactly fair&quot; by replacing the discrete-continuous mixture with something like a horseshoe prior. Some problems in life really are like this, e.g., if I&#39;m looking for whether a gene is differentially expressed across some phenotypes (i.e., either a medium/large effect or an effect which is very close to null).</p>\n\n<p>How to decide if the coin is fair? A Frequentist computes a p-value as a measure of evidence that the coin is unfair, a Bayesian computes a posterior probability, and they arrive at drastically different answers. </p>\n\n<p>Who cares? Well, if you are a CEO whose bonus depends on the coin, and you have Bob and Frank coming to you with completely different answers, you need to decide who to believe. And this isn&#39;t just a matter of the two answers being on different scales, there really is no reconciling the different answers. If you interpret the p-value on its own terms (either in the Neyman-Pearson or Fisherian framework) you get a different answer than if you interpret the Bayesian p-value on its own terms. The point of the CEO is obviously not entirely serious, but keep in mind that important policy decisions are sometimes made on the basis of p-value-like things, and the decisions could change depending on whether someone does Bayesian-hypothesis-testing-like things instead.</p>\n\n<p>To be clear, obviously there is no mathematical paradox. The reason why the two approaches give different answers is well understood mathematically.</p>\n\n<blockquote>\n<p>In fact, the comparison is bogus because we are comparing CDFs with PDFs/PMFs. Why, then, don&#39;t we call it a paradox when comparing a mean with a standard deviation - a mean can be zero but a standard deviation is &gt;0. But these are both called &quot;statistics.&quot; Must be a paradox! This applies to any other two unlike things with labels in common.</p>\n</blockquote>\n\n<p>The difference is that p-values and Bayesian p-values are in-principle supposed to be measures of the same thing - the degree to which the data agrees with the null hypothesis. Sure, they might be on different scales or whatever, but on a philosophical level the goal is the same. To make things apples-to-apples, one could take the level of evidence required for a Bayesian to be who was a-priori 25% sure in the alternative (so skeptical but somewhat optimistic) to become 80% certain in the alternative (say that&#39;s your cutoff for making a decision) and map it to an equivalent p-value requirement for some specific models and sample sizes. The (Frequentist) p-value requirement is almost much more stringent for a Bayesian to be convinced of the alternative than you would think. This is useful for calibrating what a p-value of 0.05 might mean - even if we aren&#39;t Bayesian because we don&#39;t like picking priors, isn&#39;t it at least a little concerning if a Bayesian seems to find way less evidence for something regardless of what prior they choose?</p>\n</div>", "gildings": {}, "collapsed_reason": null, "associated_award": null, "stickied": false, "author_premium": false, "subreddit_type": "public", "can_gild": true, "subreddit": "statistics", "author_flair_text_color": null, "score_hidden": false, "permalink": "/r/statistics/comments/g7aoa8/discussion_cmv_lindleys_paradox_is_uninteresting/foi7wyf/", "num_reports": null, "locked": false, "name": "t1_foi7wyf", "created": 1587809378.0, "author_flair_text": null, "treatment_tags": [], "created_utc": 1587780578.0, "subreddit_name_prefixed": "r/statistics", "controversiality": 0, "depth": 0, "author_flair_background_color": null, "collapsed_because_crowd_control": null, "mod_reports": [], "mod_note": null, "distinguished": null, "_fetched": true}, {"_replies": [], "_submission": "g7aoa8", "_reddit": "_reddit", "total_awards_received": 0, "approved_at_utc": null, "ups": 1, "awarders": [], "mod_reason_by": null, "banned_by": null, "author_flair_type": "text", "removal_reason": null, "link_id": "t3_g7aoa8", "author_flair_template_id": null, "likes": null, "user_reports": [], "saved": false, "id": "forlv9k", "banned_at_utc": null, "mod_reason_title": null, "gilded": 0, "archived": false, "no_follow": true, "author": "1bpjc", "can_mod_post": false, "send_replies": true, "parent_id": "t3_g7aoa8", "score": 1, "author_fullname": "t2_5hy76ro5", "report_reasons": null, "approved_by": null, "all_awardings": [], "subreddit_id": "t5_2qhfi", "body": "\" A frequentist would  test the hypothesis that the ratio is 1.0 and come  to the conclusion in  very large datasets that this hypothesis is  unlikely \".\n\n&#x200B;\n\nThat is untrue and the reason is that a good statistician would know that some tests are not usable with very large data sets.", "edited": false, "downs": 0, "author_flair_css_class": null, "is_submitter": false, "collapsed": false, "author_flair_richtext": [], "author_patreon_flair": false, "body_html": "<div class=\"md\"><p>&quot; A frequentist would  test the hypothesis that the ratio is 1.0 and come  to the conclusion in  very large datasets that this hypothesis is  unlikely &quot;.</p>\n\n<p>&#x200B;</p>\n\n<p>That is untrue and the reason is that a good statistician would know that some tests are not usable with very large data sets.</p>\n</div>", "gildings": {}, "collapsed_reason": null, "associated_award": null, "stickied": false, "author_premium": false, "subreddit_type": "public", "can_gild": true, "subreddit": "statistics", "author_flair_text_color": null, "score_hidden": false, "permalink": "/r/statistics/comments/g7aoa8/discussion_cmv_lindleys_paradox_is_uninteresting/forlv9k/", "num_reports": null, "locked": false, "name": "t1_forlv9k", "created": 1588043224.0, "author_flair_text": null, "treatment_tags": [], "created_utc": 1588014424.0, "subreddit_name_prefixed": "r/statistics", "controversiality": 0, "depth": 0, "author_flair_background_color": null, "collapsed_because_crowd_control": null, "mod_reports": [], "mod_note": null, "distinguished": null, "_fetched": true}, {"_replies": [], "_submission": "g7aoa8", "_reddit": "_reddit", "total_awards_received": 0, "approved_at_utc": null, "ups": 6, "awarders": [], "mod_reason_by": null, "banned_by": null, "author_flair_type": "text", "removal_reason": null, "link_id": "t3_g7aoa8", "author_flair_template_id": null, "likes": null, "user_reports": [], "saved": false, "id": "fohkgom", "banned_at_utc": null, "mod_reason_title": null, "gilded": 0, "archived": false, "no_follow": false, "author": "midianite_rambler", "can_mod_post": false, "send_replies": true, "parent_id": "t1_fogm10e", "score": 6, "author_fullname": "t2_4za7z", "report_reasons": null, "approved_by": null, "all_awardings": [], "subreddit_id": "t5_2qhfi", "collapsed": false, "body": "Significance and hypothesis testing are decision theories which attempt to not require a loss (utility) function. A still more Bayesian approach should be to use the posterior distribution in combination with a utility function to get to a decision via the now-conventional expected utility decision theory.", "edited": false, "author_flair_css_class": null, "is_submitter": false, "downs": 0, "author_flair_richtext": [], "author_patreon_flair": false, "body_html": "<div class=\"md\"><p>Significance and hypothesis testing are decision theories which attempt to not require a loss (utility) function. A still more Bayesian approach should be to use the posterior distribution in combination with a utility function to get to a decision via the now-conventional expected utility decision theory.</p>\n</div>", "gildings": {}, "collapsed_reason": null, "associated_award": null, "stickied": false, "author_premium": false, "subreddit_type": "public", "can_gild": true, "subreddit": "statistics", "author_flair_text_color": null, "score_hidden": false, "permalink": "/r/statistics/comments/g7aoa8/discussion_cmv_lindleys_paradox_is_uninteresting/fohkgom/", "num_reports": null, "locked": false, "name": "t1_fohkgom", "created": 1587796254.0, "author_flair_text": null, "treatment_tags": [], "created_utc": 1587767454.0, "subreddit_name_prefixed": "r/statistics", "controversiality": 0, "depth": 1, "author_flair_background_color": null, "collapsed_because_crowd_control": null, "mod_reports": [], "mod_note": null, "distinguished": null, "_fetched": true}, {"_replies": [], "_submission": "g7aoa8", "_reddit": "_reddit", "total_awards_received": 0, "approved_at_utc": null, "ups": 2, "awarders": [], "mod_reason_by": null, "banned_by": null, "author_flair_type": "text", "removal_reason": null, "link_id": "t3_g7aoa8", "author_flair_template_id": null, "likes": null, "user_reports": [], "saved": false, "id": "foia541", "banned_at_utc": null, "mod_reason_title": null, "gilded": 0, "archived": false, "no_follow": true, "author": "efrique", "can_mod_post": false, "send_replies": true, "parent_id": "t1_foi7wyf", "score": 2, "author_fullname": "t2_38629", "report_reasons": null, "approved_by": null, "all_awardings": [], "subreddit_id": "t5_2qhfi", "collapsed": false, "body": "Just in relation to your specific example:\n\nA wiser frequentist might suggest an equivalence test for the coin situation (and indeed for most two-sided situations), rather than testing a null that has no realistic chance of being exactly true.\n\nMany people who publish using frequentist statistics seem to spend an inordinate amount of time and effort performing pointless tests.", "edited": false, "author_flair_css_class": null, "is_submitter": false, "downs": 0, "author_flair_richtext": [], "author_patreon_flair": false, "body_html": "<div class=\"md\"><p>Just in relation to your specific example:</p>\n\n<p>A wiser frequentist might suggest an equivalence test for the coin situation (and indeed for most two-sided situations), rather than testing a null that has no realistic chance of being exactly true.</p>\n\n<p>Many people who publish using frequentist statistics seem to spend an inordinate amount of time and effort performing pointless tests.</p>\n</div>", "gildings": {}, "collapsed_reason": null, "associated_award": null, "stickied": false, "author_premium": true, "subreddit_type": "public", "can_gild": true, "subreddit": "statistics", "author_flair_text_color": null, "score_hidden": false, "permalink": "/r/statistics/comments/g7aoa8/discussion_cmv_lindleys_paradox_is_uninteresting/foia541/", "num_reports": null, "locked": false, "name": "t1_foia541", "created": 1587810762.0, "author_flair_text": null, "treatment_tags": [], "created_utc": 1587781962.0, "subreddit_name_prefixed": "r/statistics", "controversiality": 0, "depth": 1, "author_flair_background_color": null, "collapsed_because_crowd_control": null, "mod_reports": [], "mod_note": null, "distinguished": null, "_fetched": true}]}