{"_reddit": "_reddit", "approved_at_utc": null, "subreddit": "statistics", "selftext": "", "user_reports": [], "saved": false, "mod_reason_title": null, "gilded": 0, "clicked": false, "title": "Randall Munroe understands multiple testing", "link_flair_richtext": [], "subreddit_name_prefixed": "r/statistics", "hidden": false, "pwls": 6, "link_flair_css_class": null, "downs": 0, "hide_score": false, "name": "t3_gk5wu", "quarantine": false, "link_flair_text_color": "dark", "upvote_ratio": 0.98, "author_flair_background_color": "", "subreddit_type": "public", "ups": 53, "total_awards_received": 0, "media_embed": {}, "author_flair_template_id": null, "is_original_content": false, "secure_media": null, "is_reddit_media_domain": false, "is_meta": false, "category": null, "secure_media_embed": {}, "link_flair_text": null, "can_mod_post": false, "score": 53, "approved_by": null, "thumbnail": "", "edited": false, "author_flair_css_class": null, "gildings": {}, "content_categories": null, "is_self": false, "mod_note": null, "created": 1302149077.0, "link_flair_type": "text", "wls": 6, "removed_by_category": null, "banned_by": null, "domain": "xkcd.com", "allow_live_comments": false, "selftext_html": null, "likes": null, "suggested_sort": null, "banned_at_utc": null, "view_count": null, "archived": true, "no_follow": false, "is_crosspostable": true, "pinned": false, "over_18": false, "all_awardings": [], "awarders": [], "media_only": false, "can_gild": false, "spoiler": false, "locked": false, "author_flair_text": null, "treatment_tags": [], "visited": false, "removed_by": null, "num_reports": null, "distinguished": null, "subreddit_id": "t5_2qhfi", "mod_reason_by": null, "removal_reason": null, "link_flair_background_color": "", "id": "gk5wu", "is_robot_indexable": true, "report_reasons": null, "author": "NA", "discussion_type": null, "media": null, "send_replies": true, "whitelist_status": "all_ads", "contest_mode": false, "mod_reports": [], "author_flair_text_color": "dark", "permalink": "/r/statistics/comments/gk5wu/randall_munroe_understands_multiple_testing/", "parent_whitelist_status": "all_ads", "stickied": false, "url": "http://www.xkcd.com/882/", "subreddit_subscribers": 106209, "created_utc": 1302120277.0, "num_crossposts": 0, "num_comments": 4, "is_video": false, "_fetched": false, "comment_limit": 2048, "comment_sort": "best", "_comments_by_id": {}, "_comments": [{"_replies": ["c1o6prb"], "_submission": "gk5wu", "_reddit": "_reddit", "total_awards_received": 0, "approved_at_utc": null, "ups": 12, "awarders": [], "mod_reason_by": null, "banned_by": null, "author_flair_type": "text", "removal_reason": null, "link_id": "t3_gk5wu", "author_flair_template_id": null, "likes": null, "user_reports": [], "saved": false, "id": "c1o69r6", "banned_at_utc": null, "mod_reason_title": null, "gilded": 0, "archived": true, "no_follow": false, "author": "rubes6", "can_mod_post": false, "send_replies": true, "parent_id": "t3_gk5wu", "score": 12, "author_fullname": "t2_4cr36", "report_reasons": null, "approved_by": null, "all_awardings": [], "subreddit_id": "t5_2qhfi", "body": "Indeed, this is what we refer to as alpha inflation, or that the more number of significance tests you conduct using an alpha level of .05 (let's say 20), you will make one Type I error (you find a significant relationship when in reality there isn't a significant relationship). Hence, scientists might recommend a conservative Bonferroni Correction to guard against this, which basically divides your alpha by the number of statistical tests you conducted. So an alpha of .05 becomes an alpha of .05/20=.0025 to establish more confidence in your findings, albeit while sacrificing power.", "edited": false, "downs": 0, "author_flair_css_class": null, "is_submitter": false, "collapsed": false, "author_flair_richtext": [], "author_patreon_flair": false, "body_html": "<div class=\"md\"><p>Indeed, this is what we refer to as alpha inflation, or that the more number of significance tests you conduct using an alpha level of .05 (let&#39;s say 20), you will make one Type I error (you find a significant relationship when in reality there isn&#39;t a significant relationship). Hence, scientists might recommend a conservative Bonferroni Correction to guard against this, which basically divides your alpha by the number of statistical tests you conducted. So an alpha of .05 becomes an alpha of .05/20=.0025 to establish more confidence in your findings, albeit while sacrificing power.</p>\n</div>", "gildings": {}, "collapsed_reason": null, "associated_award": null, "stickied": false, "author_premium": false, "subreddit_type": "public", "can_gild": true, "subreddit": "statistics", "author_flair_text_color": null, "score_hidden": false, "permalink": "/r/statistics/comments/gk5wu/randall_munroe_understands_multiple_testing/c1o69r6/", "num_reports": null, "locked": false, "name": "t1_c1o69r6", "created": 1302167817.0, "author_flair_text": null, "treatment_tags": [], "created_utc": 1302139017.0, "subreddit_name_prefixed": "r/statistics", "controversiality": 0, "depth": 0, "author_flair_background_color": null, "collapsed_because_crowd_control": null, "mod_reports": [], "mod_note": null, "distinguished": null, "_fetched": true}, {"_replies": ["c1o7bgk", "c1o8wik"], "_submission": "gk5wu", "_reddit": "_reddit", "total_awards_received": 0, "approved_at_utc": null, "ups": 3, "awarders": [], "mod_reason_by": null, "banned_by": null, "author_flair_type": "text", "removal_reason": null, "link_id": "t3_gk5wu", "author_flair_template_id": null, "likes": null, "user_reports": [], "saved": false, "id": "c1o6prb", "banned_at_utc": null, "mod_reason_title": null, "gilded": 0, "archived": true, "no_follow": true, "author": "thegabeman", "can_mod_post": false, "send_replies": true, "parent_id": "t1_c1o69r6", "score": 3, "author_fullname": "t2_3g29d", "report_reasons": null, "approved_by": null, "all_awardings": [], "subreddit_id": "t5_2qhfi", "collapsed": false, "body": "Lots of good info [here](http://en.wikipedia.org/wiki/Multiple_comparisons)\n\nWhen I covered multiple comparisons in my stats class we did Bonferroni correction and learned about the more advanced Benjamini-Hochberg correction, which is talked about briefly [here](http://en.wikipedia.org/wiki/False_discovery_rate)", "edited": false, "author_flair_css_class": null, "is_submitter": false, "downs": 0, "author_flair_richtext": [], "author_patreon_flair": false, "body_html": "<div class=\"md\"><p>Lots of good info <a href=\"http://en.wikipedia.org/wiki/Multiple_comparisons\">here</a></p>\n\n<p>When I covered multiple comparisons in my stats class we did Bonferroni correction and learned about the more advanced Benjamini-Hochberg correction, which is talked about briefly <a href=\"http://en.wikipedia.org/wiki/False_discovery_rate\">here</a></p>\n</div>", "gildings": {}, "collapsed_reason": null, "associated_award": null, "stickied": false, "author_premium": false, "subreddit_type": "public", "can_gild": true, "subreddit": "statistics", "author_flair_text_color": null, "score_hidden": false, "permalink": "/r/statistics/comments/gk5wu/randall_munroe_understands_multiple_testing/c1o6prb/", "num_reports": null, "locked": false, "name": "t1_c1o6prb", "created": 1302172992.0, "author_flair_text": null, "treatment_tags": [], "created_utc": 1302144192.0, "subreddit_name_prefixed": "r/statistics", "controversiality": 0, "depth": 1, "author_flair_background_color": null, "collapsed_because_crowd_control": null, "mod_reports": [], "mod_note": null, "distinguished": null, "_fetched": true}, {"_replies": [], "_submission": "gk5wu", "_reddit": "_reddit", "total_awards_received": 0, "approved_at_utc": null, "ups": 1, "awarders": [], "mod_reason_by": null, "banned_by": null, "author_flair_type": "text", "removal_reason": null, "link_id": "t3_gk5wu", "author_flair_template_id": null, "likes": null, "user_reports": [], "saved": false, "id": "c1o8wik", "banned_at_utc": null, "mod_reason_title": null, "gilded": 0, "archived": true, "no_follow": true, "author": "showmethedata", "can_mod_post": false, "created_utc": 1302183801.0, "send_replies": true, "parent_id": "t1_c1o6prb", "score": 1, "author_fullname": "t2_4lsw7", "report_reasons": null, "approved_by": null, "all_awardings": [], "subreddit_id": "t5_2qhfi", "body": "Definitely. I'll just to put multiple testing in context of some work in bioinformatics using microarray data (e.g. looking at differences in gene expression between a healthy individual versus one that is sick):\n\nSmall n, but many comparisons: few biological replicates from patients, but looking at many genes in a human (comparing gene 1 in healthy versus sick): ~15000 genes by 50 samples. Using a Bonferroni correction will effectively reduce your power to nothing since 0.05/15000. FDR helps, but we still need better ways to reduce false positives while maintaining confidence.", "edited": false, "author_flair_css_class": null, "is_submitter": false, "downs": 0, "author_flair_richtext": [], "author_patreon_flair": false, "body_html": "<div class=\"md\"><p>Definitely. I&#39;ll just to put multiple testing in context of some work in bioinformatics using microarray data (e.g. looking at differences in gene expression between a healthy individual versus one that is sick):</p>\n\n<p>Small n, but many comparisons: few biological replicates from patients, but looking at many genes in a human (comparing gene 1 in healthy versus sick): ~15000 genes by 50 samples. Using a Bonferroni correction will effectively reduce your power to nothing since 0.05/15000. FDR helps, but we still need better ways to reduce false positives while maintaining confidence.</p>\n</div>", "gildings": {}, "collapsed_reason": null, "associated_award": null, "stickied": false, "author_premium": false, "subreddit_type": "public", "can_gild": true, "subreddit": "statistics", "author_flair_text_color": null, "score_hidden": false, "permalink": "/r/statistics/comments/gk5wu/randall_munroe_understands_multiple_testing/c1o8wik/", "num_reports": null, "locked": false, "name": "t1_c1o8wik", "created": 1302212601.0, "author_flair_text": null, "treatment_tags": [], "collapsed": false, "subreddit_name_prefixed": "r/statistics", "controversiality": 0, "depth": 2, "author_flair_background_color": null, "collapsed_because_crowd_control": null, "mod_reports": [], "mod_note": null, "distinguished": null, "_fetched": true}]}