{"_reddit": "_reddit", "approved_at_utc": null, "subreddit": "statistics", "selftext": "... STATA. \n\n(because you can't pirate R)", "author_fullname": "t2_4x5r4", "saved": false, "mod_reason_title": null, "gilded": 0, "clicked": false, "title": "Whats a pirate's favorite command based statistics program...?", "link_flair_richtext": [], "subreddit_name_prefixed": "r/statistics", "hidden": false, "pwls": 6, "link_flair_css_class": null, "downs": 0, "hide_score": false, "name": "t3_hgyf4", "quarantine": false, "link_flair_text_color": "dark", "upvote_ratio": 0.86, "author_flair_background_color": null, "subreddit_type": "public", "ups": 43, "total_awards_received": 0, "media_embed": {}, "author_flair_template_id": null, "is_original_content": false, "user_reports": [], "secure_media": null, "is_reddit_media_domain": false, "is_meta": false, "category": null, "secure_media_embed": {}, "link_flair_text": null, "can_mod_post": false, "score": 43, "approved_by": null, "author_premium": false, "thumbnail": "", "edited": false, "author_flair_css_class": null, "author_flair_richtext": [], "gildings": {}, "content_categories": null, "is_self": true, "mod_note": null, "created": 1306047951.0, "link_flair_type": "text", "wls": 6, "removed_by_category": null, "banned_by": null, "author_flair_type": "text", "domain": "self.statistics", "allow_live_comments": false, "selftext_html": "<!-- SC_OFF --><div class=\"md\"><p>... STATA. </p>\n\n<p>(because you can&#39;t pirate R)</p>\n</div><!-- SC_ON -->", "likes": null, "suggested_sort": null, "banned_at_utc": null, "view_count": null, "archived": true, "no_follow": false, "is_crosspostable": true, "pinned": false, "over_18": false, "all_awardings": [], "awarders": [], "media_only": false, "can_gild": true, "spoiler": false, "locked": false, "author_flair_text": null, "treatment_tags": [], "visited": false, "removed_by": null, "num_reports": null, "distinguished": null, "subreddit_id": "t5_2qhfi", "mod_reason_by": null, "removal_reason": null, "link_flair_background_color": "", "id": "hgyf4", "is_robot_indexable": true, "report_reasons": null, "author": "latortilla", "discussion_type": null, "num_comments": 6, "send_replies": true, "whitelist_status": "all_ads", "contest_mode": false, "mod_reports": [], "author_patreon_flair": false, "author_flair_text_color": null, "permalink": "/r/statistics/comments/hgyf4/whats_a_pirates_favorite_command_based_statistics/", "parent_whitelist_status": "all_ads", "stickied": false, "url": "https://www.reddit.com/r/statistics/comments/hgyf4/whats_a_pirates_favorite_command_based_statistics/", "subreddit_subscribers": 106209, "created_utc": 1306019151.0, "num_crossposts": 0, "media": null, "is_video": false, "_fetched": false, "comment_limit": 2048, "comment_sort": "best", "_comments_by_id": {}, "_comments": [{"_replies": [], "_submission": "hgyf4", "_reddit": "_reddit", "total_awards_received": 0, "approved_at_utc": null, "ups": 18, "awarders": [], "mod_reason_by": null, "banned_by": null, "author_flair_type": "text", "removal_reason": null, "link_id": "t3_hgyf4", "author_flair_template_id": null, "likes": null, "user_reports": [], "saved": false, "id": "c1vb9cb", "banned_at_utc": null, "mod_reason_title": null, "gilded": 0, "archived": true, "no_follow": false, "author": "TraptInaCommentFctry", "can_mod_post": false, "send_replies": true, "parent_id": "t3_hgyf4", "score": 18, "author_fullname": "t2_4hif0", "report_reasons": null, "approved_by": null, "all_awardings": [], "subreddit_id": "t5_2qhfi", "body": "I thought for sure it was going to be ARRRRRRRRR", "edited": false, "downs": 0, "author_flair_css_class": null, "is_submitter": false, "collapsed": false, "author_flair_richtext": [], "author_patreon_flair": false, "body_html": "<div class=\"md\"><p>I thought for sure it was going to be ARRRRRRRRR</p>\n</div>", "gildings": {}, "collapsed_reason": null, "associated_award": null, "stickied": false, "author_premium": false, "subreddit_type": "public", "can_gild": true, "subreddit": "statistics", "author_flair_text_color": null, "score_hidden": false, "permalink": "/r/statistics/comments/hgyf4/whats_a_pirates_favorite_command_based_statistics/c1vb9cb/", "num_reports": null, "locked": false, "name": "t1_c1vb9cb", "created": 1306049035.0, "author_flair_text": null, "treatment_tags": [], "created_utc": 1306020235.0, "subreddit_name_prefixed": "r/statistics", "controversiality": 0, "depth": 0, "author_flair_background_color": null, "collapsed_because_crowd_control": null, "mod_reports": [], "mod_note": null, "distinguished": null, "_fetched": true}, {"_replies": [], "_submission": "hgyf4", "_reddit": "_reddit", "total_awards_received": 0, "approved_at_utc": null, "ups": 3, "awarders": [], "mod_reason_by": null, "banned_by": null, "author_flair_type": "text", "removal_reason": null, "link_id": "t3_hgyf4", "author_flair_template_id": null, "likes": null, "user_reports": [], "saved": false, "id": "c1vd8x0", "banned_at_utc": null, "mod_reason_title": null, "gilded": 0, "archived": true, "no_follow": true, "author": "slacker22", "can_mod_post": false, "send_replies": true, "parent_id": "t3_hgyf4", "score": 3, "author_fullname": "t2_38eyd", "report_reasons": null, "approved_by": null, "all_awardings": [], "subreddit_id": "t5_2qhfi", "body": "You SASsing me, boy?", "edited": false, "downs": 0, "author_flair_css_class": null, "is_submitter": false, "collapsed": false, "author_flair_richtext": [], "author_patreon_flair": false, "body_html": "<div class=\"md\"><p>You SASsing me, boy?</p>\n</div>", "gildings": {}, "collapsed_reason": null, "associated_award": null, "stickied": false, "author_premium": false, "subreddit_type": "public", "can_gild": true, "subreddit": "statistics", "author_flair_text_color": null, "score_hidden": false, "permalink": "/r/statistics/comments/hgyf4/whats_a_pirates_favorite_command_based_statistics/c1vd8x0/", "num_reports": null, "locked": false, "name": "t1_c1vd8x0", "created": 1306081071.0, "author_flair_text": null, "treatment_tags": [], "created_utc": 1306052271.0, "subreddit_name_prefixed": "r/statistics", "controversiality": 0, "depth": 0, "author_flair_background_color": null, "collapsed_because_crowd_control": null, "mod_reports": [], "mod_note": null, "distinguished": null, "_fetched": true}, {"_replies": [], "_submission": "hgyf4", "_reddit": "_reddit", "total_awards_received": 0, "approved_at_utc": null, "ups": 1, "awarders": [], "mod_reason_by": null, "banned_by": null, "author_flair_type": "text", "removal_reason": null, "link_id": "t3_hgyf4", "author_flair_template_id": null, "likes": null, "user_reports": [], "saved": false, "id": "c1vb9g1", "banned_at_utc": null, "mod_reason_title": null, "gilded": 0, "archived": true, "no_follow": true, "author": "rialtund", "can_mod_post": false, "send_replies": true, "parent_id": "t3_hgyf4", "score": 1, "author_fullname": "t2_4eu27", "report_reasons": null, "approved_by": null, "all_awardings": [], "subreddit_id": "t5_2qhfi", "body": "Well, you could technically pirate Revolution R.", "edited": false, "downs": 0, "author_flair_css_class": null, "is_submitter": false, "collapsed": false, "author_flair_richtext": [], "author_patreon_flair": false, "body_html": "<div class=\"md\"><p>Well, you could technically pirate Revolution R.</p>\n</div>", "gildings": {}, "collapsed_reason": null, "associated_award": null, "stickied": false, "author_premium": false, "subreddit_type": "public", "can_gild": true, "subreddit": "statistics", "author_flair_text_color": null, "score_hidden": false, "permalink": "/r/statistics/comments/hgyf4/whats_a_pirates_favorite_command_based_statistics/c1vb9g1/", "num_reports": null, "locked": false, "name": "t1_c1vb9g1", "created": 1306049070.0, "author_flair_text": null, "treatment_tags": [], "created_utc": 1306020270.0, "subreddit_name_prefixed": "r/statistics", "controversiality": 0, "depth": 0, "author_flair_background_color": null, "collapsed_because_crowd_control": null, "mod_reports": [], "mod_note": null, "distinguished": null, "_fetched": true}, {"_replies": [], "_submission": "hgyf4", "_reddit": "_reddit", "total_awards_received": 0, "approved_at_utc": null, "ups": 1, "awarders": [], "mod_reason_by": null, "banned_by": null, "author_flair_type": "text", "removal_reason": null, "link_id": "t3_hgyf4", "author_flair_template_id": null, "likes": null, "user_reports": [], "saved": false, "id": "c1wlk18", "banned_at_utc": null, "mod_reason_title": null, "gilded": 0, "archived": true, "no_follow": true, "author": "golden-boy", "can_mod_post": false, "send_replies": true, "parent_id": "t3_hgyf4", "score": 1, "author_fullname": "t2_4kt0l", "report_reasons": null, "approved_by": null, "all_awardings": [], "subreddit_id": "t5_2qhfi", "body": "If, by pirate, you mean reprobrate plunderer sailing the high seas, then I would say MATLAB. However, if you are implicitly advocating illicit procurement of stats software, I would say nothing. Nothing at all.", "edited": false, "downs": 0, "author_flair_css_class": null, "is_submitter": false, "collapsed": false, "author_flair_richtext": [], "author_patreon_flair": false, "body_html": "<div class=\"md\"><p>If, by pirate, you mean reprobrate plunderer sailing the high seas, then I would say MATLAB. However, if you are implicitly advocating illicit procurement of stats software, I would say nothing. Nothing at all.</p>\n</div>", "gildings": {}, "collapsed_reason": null, "associated_award": null, "stickied": false, "author_premium": false, "subreddit_type": "public", "can_gild": true, "subreddit": "statistics", "author_flair_text_color": null, "score_hidden": false, "permalink": "/r/statistics/comments/hgyf4/whats_a_pirates_favorite_command_based_statistics/c1wlk18/", "num_reports": null, "locked": false, "name": "t1_c1wlk18", "created": 1306671019.0, "author_flair_text": null, "treatment_tags": [], "created_utc": 1306642219.0, "subreddit_name_prefixed": "r/statistics", "controversiality": 0, "depth": 0, "author_flair_background_color": null, "collapsed_because_crowd_control": null, "mod_reports": [], "mod_note": null, "distinguished": null, "_fetched": true}]}