{"_reddit": "_reddit", "approved_at_utc": null, "subreddit": "statistics", "selftext": "", "author_fullname": "t2_1vrx", "saved": false, "mod_reason_title": null, "gilded": 0, "clicked": false, "title": "'Lucky' woman who won lottery four times outed as Stanford University statistics PhD", "link_flair_richtext": [], "subreddit_name_prefixed": "r/statistics", "hidden": false, "pwls": 6, "link_flair_css_class": null, "downs": 0, "hide_score": false, "name": "t3_jeowd", "quarantine": false, "link_flair_text_color": "dark", "upvote_ratio": 0.84, "author_flair_background_color": null, "subreddit_type": "public", "ups": 54, "total_awards_received": 0, "media_embed": {}, "author_flair_template_id": null, "is_original_content": false, "user_reports": [], "secure_media": null, "is_reddit_media_domain": false, "is_meta": false, "category": null, "secure_media_embed": {}, "link_flair_text": null, "can_mod_post": false, "score": 54, "approved_by": null, "author_premium": false, "thumbnail": "", "edited": false, "author_flair_css_class": null, "author_flair_richtext": [], "gildings": {}, "content_categories": null, "is_self": false, "mod_note": null, "created": 1313021220.0, "link_flair_type": "text", "wls": 6, "removed_by_category": null, "banned_by": null, "author_flair_type": "text", "domain": "dailymail.co.uk", "allow_live_comments": false, "selftext_html": null, "likes": null, "suggested_sort": null, "banned_at_utc": null, "view_count": null, "archived": true, "no_follow": false, "is_crosspostable": true, "pinned": false, "over_18": false, "all_awardings": [], "awarders": [], "media_only": false, "can_gild": true, "spoiler": false, "locked": false, "author_flair_text": null, "treatment_tags": [], "visited": false, "removed_by": null, "num_reports": null, "distinguished": null, "subreddit_id": "t5_2qhfi", "mod_reason_by": null, "removal_reason": null, "link_flair_background_color": "", "id": "jeowd", "is_robot_indexable": true, "report_reasons": null, "author": "cavedave", "discussion_type": null, "num_comments": 13, "send_replies": true, "whitelist_status": "all_ads", "contest_mode": false, "mod_reports": [], "author_patreon_flair": false, "author_flair_text_color": null, "permalink": "/r/statistics/comments/jeowd/lucky_woman_who_won_lottery_four_times_outed_as/", "parent_whitelist_status": "all_ads", "stickied": false, "url": "http://www.dailymail.co.uk/news/article-2023514/Joan-R-Ginther-won-lottery-4-times-Stanford-University-statistics-PhD.html#ixzz1UducAuc6", "subreddit_subscribers": 106209, "created_utc": 1312992420.0, "num_crossposts": 0, "media": null, "is_video": false, "_fetched": false, "comment_limit": 2048, "comment_sort": "best", "_comments_by_id": {}, "_comments": [{"_replies": ["c2bo01n"], "_submission": "jeowd", "_reddit": "_reddit", "total_awards_received": 0, "approved_at_utc": null, "ups": 27, "awarders": [], "mod_reason_by": null, "banned_by": null, "author_flair_type": "text", "removal_reason": null, "link_id": "t3_jeowd", "author_flair_template_id": null, "likes": null, "user_reports": [], "saved": false, "id": "c2bhqug", "banned_at_utc": null, "mod_reason_title": null, "gilded": 0, "archived": true, "no_follow": false, "author": "dontstalkmebro", "can_mod_post": false, "send_replies": true, "parent_id": "t3_jeowd", "score": 27, "author_fullname": "t2_3yiqi", "report_reasons": null, "approved_by": null, "all_awardings": [], "subreddit_id": "t5_2qhfi", "body": "That was about the worst journalism ever.", "edited": false, "downs": 0, "author_flair_css_class": null, "is_submitter": false, "collapsed": false, "author_flair_richtext": [], "author_patreon_flair": false, "body_html": "<div class=\"md\"><p>That was about the worst journalism ever.</p>\n</div>", "gildings": {}, "collapsed_reason": null, "associated_award": null, "stickied": false, "author_premium": false, "subreddit_type": "public", "can_gild": true, "subreddit": "statistics", "author_flair_text_color": null, "score_hidden": false, "permalink": "/r/statistics/comments/jeowd/lucky_woman_who_won_lottery_four_times_outed_as/c2bhqug/", "num_reports": null, "locked": false, "name": "t1_c2bhqug", "created": 1313026761.0, "author_flair_text": null, "treatment_tags": [], "created_utc": 1312997961.0, "subreddit_name_prefixed": "r/statistics", "controversiality": 0, "depth": 0, "author_flair_background_color": null, "collapsed_because_crowd_control": null, "mod_reports": [], "mod_note": null, "distinguished": null, "_fetched": true}, {"_replies": ["c2bkjqf", "c2cpyry", "c2oo3ar"], "_submission": "jeowd", "_reddit": "_reddit", "total_awards_received": 0, "approved_at_utc": null, "ups": 15, "awarders": [], "mod_reason_by": null, "banned_by": null, "author_flair_type": "text", "removal_reason": null, "link_id": "t3_jeowd", "author_flair_template_id": null, "likes": null, "user_reports": [], "saved": false, "id": "c2bk1qf", "banned_at_utc": null, "mod_reason_title": null, "gilded": 0, "archived": true, "no_follow": false, "author": "tatamovich", "can_mod_post": false, "send_replies": true, "parent_id": "t3_jeowd", "score": 15, "author_fullname": "t2_40lq5", "report_reasons": null, "approved_by": null, "all_awardings": [], "subreddit_id": "t5_2qhfi", "body": "> A professor at the **Institute for the Study of Gambling & Commercial Gaming** at the University of Nevada, Reno, told Mr Rich: 'When something this unlikely happens in a casino, you arrest \u2018em first and ask questions later.'\n\nWhat the fuck is that?", "edited": false, "downs": 0, "author_flair_css_class": null, "is_submitter": false, "collapsed": false, "author_flair_richtext": [], "author_patreon_flair": false, "body_html": "<div class=\"md\"><blockquote>\n<p>A professor at the <strong>Institute for the Study of Gambling &amp; Commercial Gaming</strong> at the University of Nevada, Reno, told Mr Rich: &#39;When something this unlikely happens in a casino, you arrest \u2018em first and ask questions later.&#39;</p>\n</blockquote>\n\n<p>What the fuck is that?</p>\n</div>", "gildings": {}, "collapsed_reason": null, "associated_award": null, "stickied": false, "author_premium": false, "subreddit_type": "public", "can_gild": true, "subreddit": "statistics", "author_flair_text_color": null, "score_hidden": false, "permalink": "/r/statistics/comments/jeowd/lucky_woman_who_won_lottery_four_times_outed_as/c2bk1qf/", "num_reports": null, "locked": false, "name": "t1_c2bk1qf", "created": 1313042458.0, "author_flair_text": null, "treatment_tags": [], "created_utc": 1313013658.0, "subreddit_name_prefixed": "r/statistics", "controversiality": 0, "depth": 0, "author_flair_background_color": null, "collapsed_because_crowd_control": null, "mod_reports": [], "mod_note": null, "distinguished": null, "_fetched": true}, {"_replies": [], "_submission": "jeowd", "_reddit": "_reddit", "total_awards_received": 0, "approved_at_utc": null, "ups": 18, "awarders": [], "mod_reason_by": null, "banned_by": null, "author_flair_type": "text", "removal_reason": null, "link_id": "t3_jeowd", "author_flair_template_id": null, "likes": null, "user_reports": [], "saved": false, "id": "c2bj2a3", "banned_at_utc": null, "mod_reason_title": null, "gilded": 0, "archived": true, "no_follow": false, "author": "Bitruder", "can_mod_post": false, "send_replies": true, "parent_id": "t3_jeowd", "score": 18, "author_fullname": "t2_4gur", "report_reasons": null, "approved_by": null, "all_awardings": [], "subreddit_id": "t5_2qhfi", "body": "Outed? That's like saying \"Pro-hockey player outed for practicing hockey when not playing games.\"\n\nJust because she figured out the system doesn't make her any less deserving of the prizes.", "edited": false, "downs": 0, "author_flair_css_class": null, "is_submitter": false, "collapsed": false, "author_flair_richtext": [], "author_patreon_flair": false, "body_html": "<div class=\"md\"><p>Outed? That&#39;s like saying &quot;Pro-hockey player outed for practicing hockey when not playing games.&quot;</p>\n\n<p>Just because she figured out the system doesn&#39;t make her any less deserving of the prizes.</p>\n</div>", "gildings": {}, "collapsed_reason": null, "associated_award": null, "stickied": false, "author_premium": false, "subreddit_type": "public", "can_gild": true, "subreddit": "statistics", "author_flair_text_color": null, "score_hidden": false, "permalink": "/r/statistics/comments/jeowd/lucky_woman_who_won_lottery_four_times_outed_as/c2bj2a3/", "num_reports": null, "locked": false, "name": "t1_c2bj2a3", "created": 1313035629.0, "author_flair_text": null, "treatment_tags": [], "created_utc": 1313006829.0, "subreddit_name_prefixed": "r/statistics", "controversiality": 0, "depth": 0, "author_flair_background_color": null, "collapsed_because_crowd_control": null, "mod_reports": [], "mod_note": null, "distinguished": null, "_fetched": true}, {"_replies": [], "_submission": "jeowd", "_reddit": "_reddit", "total_awards_received": 0, "approved_at_utc": null, "ups": 4, "awarders": [], "mod_reason_by": null, "banned_by": null, "author_flair_type": "text", "removal_reason": null, "link_id": "t3_jeowd", "author_flair_template_id": null, "likes": null, "user_reports": [], "saved": false, "id": "c2bl2fw", "banned_at_utc": null, "mod_reason_title": null, "gilded": 0, "archived": true, "no_follow": true, "author": "tavernkeeper", "can_mod_post": false, "send_replies": true, "parent_id": "t3_jeowd", "score": 4, "author_fullname": "t2_4bzyy", "report_reasons": null, "approved_by": null, "all_awardings": [], "subreddit_id": "t5_2qhfi", "body": "It would seem that whoever is in charge of making scratch-offs in Texas needs to come up with a better algorithm.", "edited": false, "downs": 0, "author_flair_css_class": null, "is_submitter": false, "collapsed": false, "author_flair_richtext": [], "author_patreon_flair": false, "body_html": "<div class=\"md\"><p>It would seem that whoever is in charge of making scratch-offs in Texas needs to come up with a better algorithm.</p>\n</div>", "gildings": {}, "collapsed_reason": null, "associated_award": null, "stickied": false, "author_premium": false, "subreddit_type": "public", "can_gild": true, "subreddit": "statistics", "author_flair_text_color": null, "score_hidden": false, "permalink": "/r/statistics/comments/jeowd/lucky_woman_who_won_lottery_four_times_outed_as/c2bl2fw/", "num_reports": null, "locked": false, "name": "t1_c2bl2fw", "created": 1313051032.0, "author_flair_text": null, "treatment_tags": [], "created_utc": 1313022232.0, "subreddit_name_prefixed": "r/statistics", "controversiality": 0, "depth": 0, "author_flair_background_color": null, "collapsed_because_crowd_control": null, "mod_reports": [], "mod_note": null, "distinguished": null, "_fetched": true}, {"_replies": ["c2bo01w"], "_submission": "jeowd", "_reddit": "_reddit", "total_awards_received": 0, "approved_at_utc": null, "ups": 2, "awarders": [], "mod_reason_by": null, "banned_by": null, "author_flair_type": "text", "removal_reason": null, "link_id": "t3_jeowd", "author_flair_template_id": null, "likes": null, "user_reports": [], "saved": false, "id": "c2bjq7i", "banned_at_utc": null, "mod_reason_title": null, "gilded": 0, "archived": true, "no_follow": true, "author": "zach_will", "can_mod_post": false, "send_replies": true, "parent_id": "t3_jeowd", "score": 2, "author_fullname": "t2_4am30", "report_reasons": null, "approved_by": null, "all_awardings": [], "subreddit_id": "t5_2qhfi", "body": "I really hope you don't read Daily Mail.", "edited": false, "downs": 0, "author_flair_css_class": null, "is_submitter": false, "collapsed": false, "author_flair_richtext": [], "author_patreon_flair": false, "body_html": "<div class=\"md\"><p>I really hope you don&#39;t read Daily Mail.</p>\n</div>", "gildings": {}, "collapsed_reason": null, "associated_award": null, "stickied": false, "author_premium": false, "subreddit_type": "public", "can_gild": true, "subreddit": "statistics", "author_flair_text_color": null, "score_hidden": false, "permalink": "/r/statistics/comments/jeowd/lucky_woman_who_won_lottery_four_times_outed_as/c2bjq7i/", "num_reports": null, "locked": false, "name": "t1_c2bjq7i", "created": 1313040113.0, "author_flair_text": null, "treatment_tags": [], "created_utc": 1313011313.0, "subreddit_name_prefixed": "r/statistics", "controversiality": 0, "depth": 0, "author_flair_background_color": null, "collapsed_because_crowd_control": null, "mod_reports": [], "mod_note": null, "distinguished": null, "_fetched": true}, {"_replies": [], "_submission": "jeowd", "_reddit": "_reddit", "total_awards_received": 0, "approved_at_utc": null, "ups": 1, "awarders": [], "mod_reason_by": null, "banned_by": null, "author_flair_type": "text", "removal_reason": null, "link_id": "t3_jeowd", "author_flair_template_id": null, "likes": null, "user_reports": [], "saved": false, "id": "c2ccmo5", "banned_at_utc": null, "mod_reason_title": null, "gilded": 0, "archived": true, "no_follow": true, "author": "notch22", "can_mod_post": false, "send_replies": true, "parent_id": "t3_jeowd", "score": 1, "author_fullname": "t2_4wfuy", "report_reasons": null, "approved_by": null, "all_awardings": [], "subreddit_id": "t5_2qhfi", "body": "i may be looking at this the wrong way, but does it really make any difference to the lottery commission who wins the lottery?? they still profit no matter who actually wins it. one person figuring out the system doesn't really make a difference, it only hurts other potential winners, right? ", "edited": false, "downs": 0, "author_flair_css_class": null, "is_submitter": false, "collapsed": false, "author_flair_richtext": [], "author_patreon_flair": false, "body_html": "<div class=\"md\"><p>i may be looking at this the wrong way, but does it really make any difference to the lottery commission who wins the lottery?? they still profit no matter who actually wins it. one person figuring out the system doesn&#39;t really make a difference, it only hurts other potential winners, right? </p>\n</div>", "gildings": {}, "collapsed_reason": null, "associated_award": null, "stickied": false, "author_premium": false, "subreddit_type": "public", "can_gild": true, "subreddit": "statistics", "author_flair_text_color": null, "score_hidden": false, "permalink": "/r/statistics/comments/jeowd/lucky_woman_who_won_lottery_four_times_outed_as/c2ccmo5/", "num_reports": null, "locked": false, "name": "t1_c2ccmo5", "created": 1313336001.0, "author_flair_text": null, "treatment_tags": [], "created_utc": 1313307201.0, "subreddit_name_prefixed": "r/statistics", "controversiality": 0, "depth": 0, "author_flair_background_color": null, "collapsed_because_crowd_control": null, "mod_reports": [], "mod_note": null, "distinguished": null, "_fetched": true}, {"_replies": [], "_submission": "jeowd", "_reddit": "_reddit", "total_awards_received": 0, "approved_at_utc": null, "ups": 1, "awarders": [], "mod_reason_by": null, "banned_by": null, "author_flair_type": "text", "removal_reason": null, "link_id": "t3_jeowd", "author_flair_template_id": null, "likes": null, "user_reports": [], "saved": false, "id": "c2czmp6", "banned_at_utc": null, "mod_reason_title": null, "gilded": 0, "archived": true, "no_follow": true, "author": "godless_communism", "can_mod_post": false, "send_replies": true, "parent_id": "t3_jeowd", "score": 1, "author_fullname": "t2_3kvxa", "report_reasons": null, "approved_by": null, "all_awardings": [], "subreddit_id": "t5_2qhfi", "body": "So... this means the lottery is non-random?  Whuuut?", "edited": false, "downs": 0, "author_flair_css_class": null, "is_submitter": false, "collapsed": false, "author_flair_richtext": [], "author_patreon_flair": false, "body_html": "<div class=\"md\"><p>So... this means the lottery is non-random?  Whuuut?</p>\n</div>", "gildings": {}, "collapsed_reason": null, "associated_award": null, "stickied": false, "author_premium": false, "subreddit_type": "public", "can_gild": true, "subreddit": "statistics", "author_flair_text_color": null, "score_hidden": false, "permalink": "/r/statistics/comments/jeowd/lucky_woman_who_won_lottery_four_times_outed_as/c2czmp6/", "num_reports": null, "locked": false, "name": "t1_c2czmp6", "created": 1313568636.0, "author_flair_text": null, "treatment_tags": [], "created_utc": 1313539836.0, "subreddit_name_prefixed": "r/statistics", "controversiality": 0, "depth": 0, "author_flair_background_color": null, "collapsed_because_crowd_control": null, "mod_reports": [], "mod_note": null, "distinguished": null, "_fetched": true}, {"_replies": [], "_submission": "jeowd", "_reddit": "_reddit", "total_awards_received": 0, "approved_at_utc": null, "ups": 1, "awarders": [], "mod_reason_by": null, "banned_by": null, "author_flair_type": "text", "removal_reason": null, "link_id": "t3_jeowd", "author_flair_template_id": null, "likes": null, "user_reports": [], "saved": false, "id": "c2bo01n", "banned_at_utc": null, "mod_reason_title": null, "gilded": 0, "archived": true, "no_follow": true, "author": "cavedave", "can_mod_post": false, "send_replies": true, "parent_id": "t1_c2bhqug", "score": 1, "author_fullname": "t2_1vrx", "report_reasons": null, "approved_by": null, "all_awardings": [], "subreddit_id": "t5_2qhfi", "collapsed": false, "body": "It is the Daily Mail which is a rag. But it is still a funny story.", "edited": false, "author_flair_css_class": null, "is_submitter": true, "downs": 0, "author_flair_richtext": [], "author_patreon_flair": false, "body_html": "<div class=\"md\"><p>It is the Daily Mail which is a rag. But it is still a funny story.</p>\n</div>", "gildings": {}, "collapsed_reason": null, "associated_award": null, "stickied": false, "author_premium": false, "subreddit_type": "public", "can_gild": true, "subreddit": "statistics", "author_flair_text_color": null, "score_hidden": false, "permalink": "/r/statistics/comments/jeowd/lucky_woman_who_won_lottery_four_times_outed_as/c2bo01n/", "num_reports": null, "locked": false, "name": "t1_c2bo01n", "created": 1313081674.0, "author_flair_text": null, "treatment_tags": [], "created_utc": 1313052874.0, "subreddit_name_prefixed": "r/statistics", "controversiality": 0, "depth": 1, "author_flair_background_color": null, "collapsed_because_crowd_control": null, "mod_reports": [], "mod_note": null, "distinguished": null, "_fetched": true}, {"_replies": [], "_submission": "jeowd", "_reddit": "_reddit", "total_awards_received": 0, "approved_at_utc": null, "ups": 4, "awarders": [], "mod_reason_by": null, "banned_by": null, "author_flair_type": "text", "removal_reason": null, "link_id": "t3_jeowd", "author_flair_template_id": null, "likes": null, "user_reports": [], "saved": false, "id": "c2bkjqf", "banned_at_utc": null, "mod_reason_title": null, "gilded": 0, "archived": true, "no_follow": false, "author": "elus", "can_mod_post": false, "send_replies": true, "parent_id": "t1_c2bk1qf", "score": 4, "author_fullname": "t2_2ck87", "report_reasons": null, "approved_by": null, "all_awardings": [], "subreddit_id": "t5_2qhfi", "collapsed": false, "body": "Looks like a faculty specializing in gambling related issues. Nevada would obviously be a perfect place to host such an institution.", "edited": false, "author_flair_css_class": null, "is_submitter": false, "downs": 0, "author_flair_richtext": [], "author_patreon_flair": false, "body_html": "<div class=\"md\"><p>Looks like a faculty specializing in gambling related issues. Nevada would obviously be a perfect place to host such an institution.</p>\n</div>", "gildings": {}, "collapsed_reason": null, "associated_award": null, "stickied": false, "author_premium": false, "subreddit_type": "public", "can_gild": true, "subreddit": "statistics", "author_flair_text_color": null, "score_hidden": false, "permalink": "/r/statistics/comments/jeowd/lucky_woman_who_won_lottery_four_times_outed_as/c2bkjqf/", "num_reports": null, "locked": false, "name": "t1_c2bkjqf", "created": 1313046496.0, "author_flair_text": null, "treatment_tags": [], "created_utc": 1313017696.0, "subreddit_name_prefixed": "r/statistics", "controversiality": 0, "depth": 1, "author_flair_background_color": null, "collapsed_because_crowd_control": null, "mod_reports": [], "mod_note": null, "distinguished": null, "_fetched": true}, {"_replies": [], "_submission": "jeowd", "_reddit": "_reddit", "total_awards_received": 0, "approved_at_utc": null, "ups": 1, "awarders": [], "mod_reason_by": null, "banned_by": null, "author_flair_type": "text", "removal_reason": null, "link_id": "t3_jeowd", "author_flair_template_id": null, "likes": null, "user_reports": [], "saved": false, "id": "c2cpyry", "banned_at_utc": null, "mod_reason_title": null, "gilded": 0, "archived": true, "no_follow": true, "author": "_delirium", "can_mod_post": false, "send_replies": true, "parent_id": "t1_c2bk1qf", "score": 1, "author_fullname": "t2_3je7v", "report_reasons": null, "approved_by": null, "all_awardings": [], "subreddit_id": "t5_2qhfi", "collapsed": false, "body": "Looks like it's part of the business school. A bit boring (sorta wish it was a mathematics institute), but no worse than many other sector-specific business-school centers.", "edited": false, "author_flair_css_class": null, "is_submitter": false, "downs": 0, "author_flair_richtext": [], "author_patreon_flair": false, "body_html": "<div class=\"md\"><p>Looks like it&#39;s part of the business school. A bit boring (sorta wish it was a mathematics institute), but no worse than many other sector-specific business-school centers.</p>\n</div>", "gildings": {}, "collapsed_reason": null, "associated_award": null, "stickied": false, "author_premium": false, "subreddit_type": "public", "can_gild": true, "subreddit": "statistics", "author_flair_text_color": null, "score_hidden": false, "permalink": "/r/statistics/comments/jeowd/lucky_woman_who_won_lottery_four_times_outed_as/c2cpyry/", "num_reports": null, "locked": false, "name": "t1_c2cpyry", "created": 1313482077.0, "author_flair_text": null, "treatment_tags": [], "created_utc": 1313453277.0, "subreddit_name_prefixed": "r/statistics", "controversiality": 0, "depth": 1, "author_flair_background_color": null, "collapsed_because_crowd_control": null, "mod_reports": [], "mod_note": null, "distinguished": null, "_fetched": true}, {"_replies": [], "_submission": "jeowd", "_reddit": "_reddit", "total_awards_received": 0, "approved_at_utc": null, "ups": 1, "awarders": [], "mod_reason_by": null, "banned_by": null, "author_flair_type": "text", "removal_reason": null, "link_id": "t3_jeowd", "author_flair_template_id": null, "likes": null, "user_reports": [], "saved": false, "id": "c2oo3ar", "banned_at_utc": null, "mod_reason_title": null, "gilded": 0, "archived": true, "no_follow": true, "author": "thavi", "can_mod_post": false, "send_replies": true, "parent_id": "t1_c2bk1qf", "score": 1, "author_fullname": "t2_3utx3", "report_reasons": null, "approved_by": null, "all_awardings": [], "subreddit_id": "t5_2qhfi", "collapsed": false, "body": "Looks like a system that allows people to arrest those smart enough to game their already questionable systems.", "edited": false, "author_flair_css_class": null, "is_submitter": false, "downs": 0, "author_flair_richtext": [], "author_patreon_flair": false, "body_html": "<div class=\"md\"><p>Looks like a system that allows people to arrest those smart enough to game their already questionable systems.</p>\n</div>", "gildings": {}, "collapsed_reason": null, "associated_award": null, "stickied": false, "author_premium": false, "subreddit_type": "public", "can_gild": true, "subreddit": "statistics", "author_flair_text_color": null, "score_hidden": false, "permalink": "/r/statistics/comments/jeowd/lucky_woman_who_won_lottery_four_times_outed_as/c2oo3ar/", "num_reports": null, "locked": false, "name": "t1_c2oo3ar", "created": 1317728084.0, "author_flair_text": null, "treatment_tags": [], "created_utc": 1317699284.0, "subreddit_name_prefixed": "r/statistics", "controversiality": 0, "depth": 1, "author_flair_background_color": null, "collapsed_because_crowd_control": null, "mod_reports": [], "mod_note": null, "distinguished": null, "_fetched": true}, {"_replies": [], "_submission": "jeowd", "_reddit": "_reddit", "total_awards_received": 0, "approved_at_utc": null, "ups": 1, "awarders": [], "mod_reason_by": null, "banned_by": null, "author_flair_type": "text", "removal_reason": null, "link_id": "t3_jeowd", "author_flair_template_id": null, "likes": null, "user_reports": [], "saved": false, "id": "c2bo01w", "banned_at_utc": null, "mod_reason_title": null, "gilded": 0, "archived": true, "no_follow": true, "author": "cavedave", "can_mod_post": false, "send_replies": true, "parent_id": "t1_c2bjq7i", "score": 1, "author_fullname": "t2_1vrx", "report_reasons": null, "approved_by": null, "all_awardings": [], "subreddit_id": "t5_2qhfi", "collapsed": false, "body": "I do not", "edited": false, "author_flair_css_class": null, "is_submitter": true, "downs": 0, "author_flair_richtext": [], "author_patreon_flair": false, "body_html": "<div class=\"md\"><p>I do not</p>\n</div>", "gildings": {}, "collapsed_reason": null, "associated_award": null, "stickied": false, "author_premium": false, "subreddit_type": "public", "can_gild": true, "subreddit": "statistics", "author_flair_text_color": null, "score_hidden": false, "permalink": "/r/statistics/comments/jeowd/lucky_woman_who_won_lottery_four_times_outed_as/c2bo01w/", "num_reports": null, "locked": false, "name": "t1_c2bo01w", "created": 1313081680.0, "author_flair_text": null, "treatment_tags": [], "created_utc": 1313052880.0, "subreddit_name_prefixed": "r/statistics", "controversiality": 0, "depth": 1, "author_flair_background_color": null, "collapsed_because_crowd_control": null, "mod_reports": [], "mod_note": null, "distinguished": null, "_fetched": true}]}