{"_reddit": "_reddit", "approved_at_utc": null, "subreddit": "statistics", "selftext": "", "author_fullname": "t2_5jcjm", "saved": false, "mod_reason_title": null, "gilded": 0, "clicked": false, "title": "Bayes' Theorem Lamp I made from wire", "link_flair_richtext": [], "subreddit_name_prefixed": "r/statistics", "hidden": false, "pwls": 6, "link_flair_css_class": null, "downs": 0, "hide_score": false, "name": "t3_rd2jk", "quarantine": false, "link_flair_text_color": "dark", "upvote_ratio": 0.89, "author_flair_background_color": null, "subreddit_type": "public", "ups": 51, "total_awards_received": 0, "media_embed": {}, "author_flair_template_id": null, "is_original_content": false, "user_reports": [], "secure_media": null, "is_reddit_media_domain": false, "is_meta": false, "category": null, "secure_media_embed": {}, "link_flair_text": null, "can_mod_post": false, "score": 51, "approved_by": null, "author_premium": false, "thumbnail": "", "edited": false, "author_flair_css_class": null, "author_flair_richtext": [], "gildings": {}, "content_categories": null, "is_self": false, "mod_note": null, "created": 1332734727.0, "link_flair_type": "text", "wls": 6, "removed_by_category": null, "banned_by": null, "author_flair_type": "text", "domain": "i.imgur.com", "allow_live_comments": false, "selftext_html": null, "likes": null, "suggested_sort": null, "banned_at_utc": null, "view_count": null, "archived": true, "no_follow": false, "is_crosspostable": true, "pinned": false, "over_18": false, "all_awardings": [], "awarders": [], "media_only": false, "can_gild": true, "spoiler": false, "locked": false, "author_flair_text": null, "treatment_tags": [], "visited": false, "removed_by": null, "num_reports": null, "distinguished": null, "subreddit_id": "t5_2qhfi", "mod_reason_by": null, "removal_reason": null, "link_flair_background_color": "", "id": "rd2jk", "is_robot_indexable": true, "report_reasons": null, "author": "maviegoes", "discussion_type": null, "num_comments": 4, "send_replies": true, "whitelist_status": "all_ads", "contest_mode": false, "mod_reports": [], "author_patreon_flair": false, "author_flair_text_color": null, "permalink": "/r/statistics/comments/rd2jk/bayes_theorem_lamp_i_made_from_wire/", "parent_whitelist_status": "all_ads", "stickied": false, "url": "http://i.imgur.com/9ozOt.jpg", "subreddit_subscribers": 106209, "created_utc": 1332705927.0, "num_crossposts": 0, "media": null, "is_video": false, "_fetched": false, "comment_limit": 2048, "comment_sort": "best", "_comments_by_id": {}, "_comments": [{"_replies": ["c44wiug"], "_submission": "rd2jk", "_reddit": "_reddit", "total_awards_received": 0, "approved_at_utc": null, "ups": 7, "awarders": [], "mod_reason_by": null, "banned_by": null, "author_flair_type": "text", "removal_reason": null, "link_id": "t3_rd2jk", "author_flair_template_id": null, "likes": null, "user_reports": [], "saved": false, "id": "c44w8nl", "banned_at_utc": null, "mod_reason_title": null, "gilded": 0, "archived": true, "no_follow": false, "author": "gmiwenht", "can_mod_post": false, "send_replies": true, "parent_id": "t3_rd2jk", "score": 7, "author_fullname": "t2_3z8s4", "report_reasons": null, "approved_by": null, "all_awardings": [], "subreddit_id": "t5_2qhfi", "body": "post this to ~~[/r/pics](/r/pics) , [/r/woahdude](/r/woahdude) , /r/math, [/r/shutupandtakemymoney](/r/shutupandtakemymoney)~~ ... actually post it everywhere, this is just plain awesome...", "edited": false, "downs": 0, "author_flair_css_class": null, "is_submitter": false, "collapsed": false, "author_flair_richtext": [], "author_patreon_flair": false, "body_html": "<div class=\"md\"><p>post this to <del><a href=\"/r/pics\">/r/pics</a> , <a href=\"/r/woahdude\">/r/woahdude</a> , <a href=\"/r/math\">/r/math</a>, <a href=\"/r/shutupandtakemymoney\">/r/shutupandtakemymoney</a></del> ... actually post it everywhere, this is just plain awesome...</p>\n</div>", "gildings": {}, "collapsed_reason": null, "associated_award": null, "stickied": false, "author_premium": true, "subreddit_type": "public", "can_gild": true, "subreddit": "statistics", "author_flair_text_color": null, "score_hidden": false, "permalink": "/r/statistics/comments/rd2jk/bayes_theorem_lamp_i_made_from_wire/c44w8nl/", "num_reports": null, "locked": false, "name": "t1_c44w8nl", "created": 1332748131.0, "author_flair_text": null, "treatment_tags": [], "created_utc": 1332719331.0, "subreddit_name_prefixed": "r/statistics", "controversiality": 0, "depth": 0, "author_flair_background_color": null, "collapsed_because_crowd_control": null, "mod_reports": [], "mod_note": null, "distinguished": null, "_fetched": true}, {"_replies": [], "_submission": "rd2jk", "_reddit": "_reddit", "total_awards_received": 0, "approved_at_utc": null, "ups": 4, "awarders": [], "mod_reason_by": null, "banned_by": null, "author_flair_type": "text", "removal_reason": null, "link_id": "t3_rd2jk", "author_flair_template_id": null, "likes": null, "user_reports": [], "saved": false, "id": "c44vdsn", "banned_at_utc": null, "mod_reason_title": null, "gilded": 0, "archived": true, "no_follow": false, "author": "prionattack", "can_mod_post": false, "send_replies": true, "parent_id": "t3_rd2jk", "score": 4, "author_fullname": "t2_3pgdc", "report_reasons": null, "approved_by": null, "all_awardings": [], "subreddit_id": "t5_2qhfi", "body": "Wow, that's pretty awesome.", "edited": false, "downs": 0, "author_flair_css_class": null, "is_submitter": false, "collapsed": false, "author_flair_richtext": [], "author_patreon_flair": false, "body_html": "<div class=\"md\"><p>Wow, that&#39;s pretty awesome.</p>\n</div>", "gildings": {}, "collapsed_reason": null, "associated_award": null, "stickied": false, "author_premium": false, "subreddit_type": "public", "can_gild": true, "subreddit": "statistics", "author_flair_text_color": null, "score_hidden": false, "permalink": "/r/statistics/comments/rd2jk/bayes_theorem_lamp_i_made_from_wire/c44vdsn/", "num_reports": null, "locked": false, "name": "t1_c44vdsn", "created": 1332743339.0, "author_flair_text": null, "treatment_tags": [], "created_utc": 1332714539.0, "subreddit_name_prefixed": "r/statistics", "controversiality": 0, "depth": 0, "author_flair_background_color": null, "collapsed_because_crowd_control": null, "mod_reports": [], "mod_note": null, "distinguished": null, "_fetched": true}, {"_replies": [], "_submission": "rd2jk", "_reddit": "_reddit", "total_awards_received": 0, "approved_at_utc": null, "ups": 1, "awarders": [], "mod_reason_by": null, "banned_by": null, "author_flair_type": "text", "removal_reason": null, "link_id": "t3_rd2jk", "author_flair_template_id": null, "likes": null, "user_reports": [], "saved": false, "id": "c45ag6v", "banned_at_utc": null, "mod_reason_title": null, "gilded": 0, "archived": true, "no_follow": true, "author": "Distance_Runner", "can_mod_post": false, "send_replies": true, "parent_id": "t3_rd2jk", "score": 1, "author_fullname": "t2_4nvnl", "report_reasons": null, "approved_by": null, "all_awardings": [], "subreddit_id": "t5_2qhfi", "body": "You might be a Statistician if...", "edited": false, "downs": 0, "author_flair_css_class": null, "is_submitter": false, "collapsed": false, "author_flair_richtext": [], "author_patreon_flair": false, "body_html": "<div class=\"md\"><p>You might be a Statistician if...</p>\n</div>", "gildings": {}, "collapsed_reason": null, "associated_award": null, "stickied": false, "author_premium": false, "subreddit_type": "public", "can_gild": true, "subreddit": "statistics", "author_flair_text_color": null, "score_hidden": false, "permalink": "/r/statistics/comments/rd2jk/bayes_theorem_lamp_i_made_from_wire/c45ag6v/", "num_reports": null, "locked": false, "name": "t1_c45ag6v", "created": 1332838370.0, "author_flair_text": null, "treatment_tags": [], "created_utc": 1332809570.0, "subreddit_name_prefixed": "r/statistics", "controversiality": 0, "depth": 0, "author_flair_background_color": null, "collapsed_because_crowd_control": null, "mod_reports": [], "mod_note": null, "distinguished": null, "_fetched": true}, {"_replies": [], "_submission": "rd2jk", "_reddit": "_reddit", "total_awards_received": 0, "approved_at_utc": null, "ups": 2, "awarders": [], "mod_reason_by": null, "banned_by": null, "author_flair_type": "text", "removal_reason": null, "link_id": "t3_rd2jk", "author_flair_template_id": null, "likes": null, "user_reports": [], "saved": false, "id": "c44wiug", "banned_at_utc": null, "mod_reason_title": null, "gilded": 0, "archived": true, "no_follow": true, "author": "maviegoes", "can_mod_post": false, "send_replies": true, "parent_id": "t1_c44w8nl", "score": 2, "author_fullname": "t2_5jcjm", "report_reasons": null, "approved_by": null, "all_awardings": [], "subreddit_id": "t5_2qhfi", "collapsed": false, "body": "Thank you! It took quite a bit of time.", "edited": false, "author_flair_css_class": null, "is_submitter": true, "downs": 0, "author_flair_richtext": [], "author_patreon_flair": false, "body_html": "<div class=\"md\"><p>Thank you! It took quite a bit of time.</p>\n</div>", "gildings": {}, "collapsed_reason": null, "associated_award": null, "stickied": false, "author_premium": false, "subreddit_type": "public", "can_gild": true, "subreddit": "statistics", "author_flair_text_color": null, "score_hidden": false, "permalink": "/r/statistics/comments/rd2jk/bayes_theorem_lamp_i_made_from_wire/c44wiug/", "num_reports": null, "locked": false, "name": "t1_c44wiug", "created": 1332749685.0, "author_flair_text": null, "treatment_tags": [], "created_utc": 1332720885.0, "subreddit_name_prefixed": "r/statistics", "controversiality": 0, "depth": 1, "author_flair_background_color": null, "collapsed_because_crowd_control": null, "mod_reports": [], "mod_note": null, "distinguished": null, "_fetched": true}]}